{
    "id": 10065,
    "range": [
        121.686804,
        30.832716,
        121.696804,
        30.822716
    ],
    "image_path": "CitySatellite\\Shanghai\\10065.jpg",
    "poi": [],
    "places": [],
    "transport": [],
    "traffic": [],
    "buildings": [],
    "landuse": [],
    "road_inner": [],
    "road_connect": {},
    "population": [
        0.0
    ],
    "transport_embedding": [
        -0.07594064623117447,
        -0.7333193421363831,
        0.3710572123527527,
        -0.8008540868759155,
        -0.48656925559043884,
        0.9629225134849548,
        0.9633107781410217,
        1.4989492893218994,
        0.44180017709732056,
        -0.34938666224479675
    ],
    "roadnet_embedding": [
        1.0330034494400024,
        -0.4504125118255615,
        0.08631584793329239,
        0.5346349477767944,
        -2.652385950088501,
        -0.31905490159988403,
        -0.008787118829786777,
        0.08816491812467575,
        -0.058916125446558,
        0.1792176067829132
    ],
    "function_embedding": [
        -0.5862756371498108,
        -0.3190130591392517,
        -0.07093099504709244,
        0.025539744645357132,
        -1.4101312160491943,
        -0.023082353174686432,
        -0.013175688683986664,
        -0.09330059587955475,
        -0.16494762897491455,
        0.2674475908279419
    ],
    "city_embedding": [
        -0.983723521232605,
        0.0036167511716485023,
        0.6694934964179993,
        1.3806318044662476,
        -0.5934169292449951,
        1.2560120820999146,
        0.1646505445241928,
        2.77662992477417,
        2.3926258087158203,
        3.5471549034118652
    ],
    "degree_embedding": [
        -0.9859232902526855,
        -0.14980502426624298,
        1.1363672018051147,
        1.3890211582183838,
        1.9668338298797607,
        -0.10017327964305878,
        -0.9014211297035217,
        -0.5218036770820618,
        0.12516868114471436,
        0.34269973635673523
    ]
}