{
    "id": 10064,
    "range": [
        121.686804,
        30.842716,
        121.696804,
        30.83271599999999
    ],
    "image_path": "CitySatellite\\Shanghai\\10064.jpg",
    "poi": [],
    "places": [],
    "transport": [],
    "traffic": [],
    "buildings": [],
    "landuse": [],
    "road_inner": [],
    "road_connect": {},
    "population": [
        0.0
    ],
    "transport_embedding": [
        -0.14214986562728882,
        -0.8061981201171875,
        0.5446586012840271,
        -0.5352125763893127,
        -0.07331610471010208,
        0.21247835457324982,
        0.43124568462371826,
        0.806272566318512,
        0.8752344250679016,
        -0.17648212611675262
    ],
    "roadnet_embedding": [
        1.094688892364502,
        -0.4190575182437897,
        0.06460212171077728,
        0.5304052829742432,
        -2.957785129547119,
        0.022271117195487022,
        0.011206629686057568,
        -0.11170144379138947,
        -0.04819435998797417,
        0.36540094017982483
    ],
    "function_embedding": [
        -0.6038351655006409,
        -0.28759467601776123,
        -0.05699457973241806,
        0.07353900372982025,
        -1.4637863636016846,
        -0.10414115339517593,
        0.041417140513658524,
        -0.12933874130249023,
        -0.1563609093427658,
        0.2757852375507355
    ],
    "city_embedding": [
        -0.983723521232605,
        0.0036167511716485023,
        0.6694934964179993,
        1.3806318044662476,
        -0.5934169292449951,
        1.2560120820999146,
        0.1646505445241928,
        2.77662992477417,
        2.3926258087158203,
        3.5471549034118652
    ],
    "degree_embedding": [
        -0.9859232902526855,
        -0.14980502426624298,
        1.1363672018051147,
        1.3890211582183838,
        1.9668338298797607,
        -0.10017327964305878,
        -0.9014211297035217,
        -0.5218036770820618,
        0.12516868114471436,
        0.34269973635673523
    ]
}