{
    "id": 10101,
    "range": [
        121.696804,
        31.672716,
        121.706804,
        31.662716
    ],
    "image_path": "CitySatellite\\Shanghai\\10101.jpg",
    "poi": [],
    "places": [],
    "transport": [],
    "traffic": [],
    "buildings": [],
    "landuse": [],
    "road_inner": [],
    "road_connect": {},
    "population": [
        0.0
    ],
    "transport_embedding": [
        -0.060543641448020935,
        -0.8612952828407288,
        0.35661447048187256,
        -0.6167232990264893,
        -0.36863887310028076,
        0.7601552605628967,
        0.7298673987388611,
        0.9580158591270447,
        0.9053449034690857,
        -0.2508338987827301
    ],
    "roadnet_embedding": [
        1.0721086263656616,
        -0.4275563955307007,
        0.08335044234991074,
        0.5116958022117615,
        -2.8425590991973877,
        -0.013817845843732357,
        0.005529087968170643,
        -0.13178250193595886,
        -0.032397180795669556,
        0.36668407917022705
    ],
    "function_embedding": [
        -0.6119870543479919,
        -0.31581026315689087,
        -0.05339743569493294,
        0.0827520564198494,
        -1.4400907754898071,
        -0.07052533328533173,
        -0.008417614735662937,
        -0.07699279487133026,
        -0.11222412437200546,
        0.29283344745635986
    ],
    "city_embedding": [
        -0.983723521232605,
        0.0036167511716485023,
        0.6694934964179993,
        1.3806318044662476,
        -0.5934169292449951,
        1.2560120820999146,
        0.1646505445241928,
        2.77662992477417,
        2.3926258087158203,
        3.5471549034118652
    ],
    "degree_embedding": [
        -0.9859232902526855,
        -0.14980502426624298,
        1.1363672018051147,
        1.3890211582183838,
        1.9668338298797607,
        -0.10017327964305878,
        -0.9014211297035217,
        -0.5218036770820618,
        0.12516868114471436,
        0.34269973635673523
    ]
}