{
    "id": 10185,
    "range": [
        121.696804,
        30.832716,
        121.706804,
        30.822716
    ],
    "image_path": "CitySatellite\\Shanghai\\10185.jpg",
    "poi": [],
    "places": [],
    "transport": [],
    "traffic": [],
    "buildings": [],
    "landuse": [],
    "road_inner": [],
    "road_connect": {},
    "population": [
        0.0
    ],
    "transport_embedding": [
        -0.18250302970409393,
        -0.7106176614761353,
        0.5960016846656799,
        -0.674018144607544,
        0.37345239520072937,
        0.44520077109336853,
        -0.6749404668807983,
        0.36403632164001465,
        0.28844061493873596,
        -0.2182357907295227
    ],
    "roadnet_embedding": [
        1.1668260097503662,
        -0.43245577812194824,
        0.02671249769628048,
        0.5650240778923035,
        -2.798410177230835,
        -0.10378476977348328,
        -0.04785547032952309,
        -0.10861075669527054,
        -0.07469702512025833,
        0.16532814502716064
    ],
    "function_embedding": [
        -0.620841920375824,
        -0.3180845379829407,
        -0.07273872196674347,
        0.0618150494992733,
        -1.3954224586486816,
        -0.06637956947088242,
        -0.010901556350290775,
        -0.015237906947731972,
        -0.10201730579137802,
        0.3285338878631592
    ],
    "city_embedding": [
        -0.983723521232605,
        0.0036167511716485023,
        0.6694934964179993,
        1.3806318044662476,
        -0.5934169292449951,
        1.2560120820999146,
        0.1646505445241928,
        2.77662992477417,
        2.3926258087158203,
        3.5471549034118652
    ],
    "degree_embedding": [
        -0.9859232902526855,
        -0.14980502426624298,
        1.1363672018051147,
        1.3890211582183838,
        1.9668338298797607,
        -0.10017327964305878,
        -0.9014211297035217,
        -0.5218036770820618,
        0.12516868114471436,
        0.34269973635673523
    ]
}