{
    "id": 10184,
    "range": [
        121.696804,
        30.842716,
        121.706804,
        30.83271599999999
    ],
    "image_path": "CitySatellite\\Shanghai\\10184.jpg",
    "poi": [],
    "places": [],
    "transport": [],
    "traffic": [],
    "buildings": [],
    "landuse": [],
    "road_inner": [],
    "road_connect": {},
    "population": [
        0.0
    ],
    "transport_embedding": [
        -0.19279474020004272,
        -0.7831819653511047,
        0.5277838110923767,
        -0.5740181803703308,
        0.6084569692611694,
        0.02946423552930355,
        -0.33995020389556885,
        0.7432255744934082,
        0.04380369186401367,
        -0.2319260686635971
    ],
    "roadnet_embedding": [
        1.0068252086639404,
        -0.4264649450778961,
        0.07852446287870407,
        0.5134240388870239,
        -2.912811279296875,
        -0.13198210299015045,
        0.051861077547073364,
        0.02140677161514759,
        -0.028775697574019432,
        0.2837662696838379
    ],
    "function_embedding": [
        -0.601952850818634,
        -0.2875102758407593,
        -0.10575703531503677,
        0.06006582826375961,
        -1.4488972425460815,
        -0.06371135264635086,
        0.025920063257217407,
        -0.09951850771903992,
        -0.0856582447886467,
        0.3371905982494354
    ],
    "city_embedding": [
        -0.983723521232605,
        0.0036167511716485023,
        0.6694934964179993,
        1.3806318044662476,
        -0.5934169292449951,
        1.2560120820999146,
        0.1646505445241928,
        2.77662992477417,
        2.3926258087158203,
        3.5471549034118652
    ],
    "degree_embedding": [
        -0.9859232902526855,
        -0.14980502426624298,
        1.1363672018051147,
        1.3890211582183838,
        1.9668338298797607,
        -0.10017327964305878,
        -0.9014211297035217,
        -0.5218036770820618,
        0.12516868114471436,
        0.34269973635673523
    ]
}