{
    "id": 10222,
    "range": [
        121.706804,
        31.662716,
        121.716804,
        31.652716
    ],
    "image_path": "CitySatellite\\Shanghai\\10222.jpg",
    "poi": [],
    "places": [],
    "transport": [],
    "traffic": [],
    "buildings": [],
    "landuse": [],
    "road_inner": [],
    "road_connect": {},
    "population": [
        0.0
    ],
    "transport_embedding": [
        -0.20360495150089264,
        -0.4623772203922272,
        0.5877593159675598,
        -1.1338589191436768,
        -0.2759850323200226,
        -0.6465210914611816,
        0.3892531394958496,
        2.2170779705047607,
        -1.0409773588180542,
        -0.4247015118598938
    ],
    "roadnet_embedding": [
        1.0741777420043945,
        -0.4282812178134918,
        0.08701886981725693,
        0.6342058181762695,
        -2.9761478900909424,
        0.10743697732686996,
        0.02326466329395771,
        -0.27228355407714844,
        -0.044752106070518494,
        0.40077731013298035
    ],
    "function_embedding": [
        -0.5898304581642151,
        -0.3221007287502289,
        -0.045911479741334915,
        0.04988648742437363,
        -1.425493597984314,
        -0.03318485990166664,
        0.0026074692141264677,
        -0.10278461873531342,
        -0.15864470601081848,
        0.20892198383808136
    ],
    "city_embedding": [
        -0.983723521232605,
        0.0036167511716485023,
        0.6694934964179993,
        1.3806318044662476,
        -0.5934169292449951,
        1.2560120820999146,
        0.1646505445241928,
        2.77662992477417,
        2.3926258087158203,
        3.5471549034118652
    ],
    "degree_embedding": [
        -0.9859232902526855,
        -0.14980502426624298,
        1.1363672018051147,
        1.3890211582183838,
        1.9668338298797607,
        -0.10017327964305878,
        -0.9014211297035217,
        -0.5218036770820618,
        0.12516868114471436,
        0.34269973635673523
    ]
}