{
    "id": 10224,
    "range": [
        121.706804,
        31.642716,
        121.716804,
        31.632716
    ],
    "image_path": "CitySatellite\\Shanghai\\10224.jpg",
    "poi": [],
    "places": [],
    "transport": [],
    "traffic": [],
    "buildings": [],
    "landuse": [],
    "road_inner": [],
    "road_connect": {},
    "population": [
        0.0
    ],
    "transport_embedding": [
        -0.14987854659557343,
        -0.6072667241096497,
        0.5109821557998657,
        -0.8873618841171265,
        -0.3053850531578064,
        0.47945353388786316,
        1.0092524290084839,
        1.914219856262207,
        -0.23965169489383698,
        -0.4193016588687897
    ],
    "roadnet_embedding": [
        1.0706067085266113,
        -0.42474356293678284,
        0.053103696554899216,
        0.613419771194458,
        -3.0979385375976562,
        0.05170473828911781,
        0.06338634341955185,
        -0.13076482713222504,
        -0.0777965858578682,
        0.3533645570278168
    ],
    "function_embedding": [
        -0.6376402974128723,
        -0.2793751060962677,
        -0.08041464537382126,
        -0.0284383837133646,
        -1.4028037786483765,
        -0.12222346663475037,
        0.04229489341378212,
        -0.15281188488006592,
        -0.20079642534255981,
        0.3536871671676636
    ],
    "city_embedding": [
        -0.983723521232605,
        0.0036167511716485023,
        0.6694934964179993,
        1.3806318044662476,
        -0.5934169292449951,
        1.2560120820999146,
        0.1646505445241928,
        2.77662992477417,
        2.3926258087158203,
        3.5471549034118652
    ],
    "degree_embedding": [
        -0.9859232902526855,
        -0.14980502426624298,
        1.1363672018051147,
        1.3890211582183838,
        1.9668338298797607,
        -0.10017327964305878,
        -0.9014211297035217,
        -0.5218036770820618,
        0.12516868114471436,
        0.34269973635673523
    ]
}