{
    "id": 10221,
    "range": [
        121.706804,
        31.672716,
        121.716804,
        31.662716
    ],
    "image_path": "CitySatellite\\Shanghai\\10221.jpg",
    "poi": [],
    "places": [],
    "transport": [],
    "traffic": [],
    "buildings": [],
    "landuse": [],
    "road_inner": [],
    "road_connect": {},
    "population": [
        0.0
    ],
    "transport_embedding": [
        -0.2986401915550232,
        -0.6440771222114563,
        0.906823456287384,
        -0.5711528062820435,
        1.179144263267517,
        0.4856399893760681,
        -1.4112590551376343,
        -0.4298555552959442,
        -0.6402873396873474,
        -0.11643876135349274
    ],
    "roadnet_embedding": [
        1.118904709815979,
        -0.4274798035621643,
        0.05463945493102074,
        0.5672987103462219,
        -2.8366189002990723,
        -0.0888524278998375,
        -0.04733461141586304,
        -0.08114060014486313,
        -0.02076948806643486,
        0.2779588997364044
    ],
    "function_embedding": [
        -0.6201573610305786,
        -0.2944265604019165,
        -0.056239064782857895,
        0.08139865100383759,
        -1.4812575578689575,
        -0.046328604221343994,
        -0.10196097195148468,
        -0.0707961916923523,
        -0.09637723118066788,
        0.2798018455505371
    ],
    "city_embedding": [
        -0.983723521232605,
        0.0036167511716485023,
        0.6694934964179993,
        1.3806318044662476,
        -0.5934169292449951,
        1.2560120820999146,
        0.1646505445241928,
        2.77662992477417,
        2.3926258087158203,
        3.5471549034118652
    ],
    "degree_embedding": [
        -0.9859232902526855,
        -0.14980502426624298,
        1.1363672018051147,
        1.3890211582183838,
        1.9668338298797607,
        -0.10017327964305878,
        -0.9014211297035217,
        -0.5218036770820618,
        0.12516868114471436,
        0.34269973635673523
    ]
}