{
    "id": 10239,
    "range": [
        121.706804,
        31.492716,
        121.716804,
        31.482716
    ],
    "image_path": "CitySatellite\\Shanghai\\10239.jpg",
    "poi": [],
    "places": [],
    "transport": [],
    "traffic": [],
    "buildings": [],
    "landuse": [],
    "road_inner": [],
    "road_connect": {},
    "population": [
        0.0
    ],
    "transport_embedding": [
        -0.22865207493305206,
        -0.6158316731452942,
        0.7093735933303833,
        -0.7674388289451599,
        0.4534025490283966,
        0.017773522064089775,
        -0.5809826850891113,
        0.8287957310676575,
        -0.42985671758651733,
        -0.22872969508171082
    ],
    "roadnet_embedding": [
        1.0629870891571045,
        -0.4304981529712677,
        0.07242535054683685,
        0.5952954888343811,
        -3.0087766647338867,
        -0.014310778118669987,
        0.04072726517915726,
        -0.08064727485179901,
        -0.07619807869195938,
        0.3694749176502228
    ],
    "function_embedding": [
        -0.6337435841560364,
        -0.28504717350006104,
        -0.0422586128115654,
        0.03642139583826065,
        -1.4630553722381592,
        -0.05483578145503998,
        -0.022558465600013733,
        -0.11367855221033096,
        -0.13071642816066742,
        0.2559763193130493
    ],
    "city_embedding": [
        -0.983723521232605,
        0.0036167511716485023,
        0.6694934964179993,
        1.3806318044662476,
        -0.5934169292449951,
        1.2560120820999146,
        0.1646505445241928,
        2.77662992477417,
        2.3926258087158203,
        3.5471549034118652
    ],
    "degree_embedding": [
        -0.9859232902526855,
        -0.14980502426624298,
        1.1363672018051147,
        1.3890211582183838,
        1.9668338298797607,
        -0.10017327964305878,
        -0.9014211297035217,
        -0.5218036770820618,
        0.12516868114471436,
        0.34269973635673523
    ]
}