{
    "id": 10304,
    "range": [
        121.706804,
        30.842716,
        121.716804,
        30.83271599999999
    ],
    "image_path": "CitySatellite\\Shanghai\\10304.jpg",
    "poi": [],
    "places": [],
    "transport": [],
    "traffic": [],
    "buildings": [],
    "landuse": [],
    "road_inner": [],
    "road_connect": {},
    "population": [
        0.0
    ],
    "transport_embedding": [
        -0.11635427922010422,
        -0.6820743680000305,
        0.3702087998390198,
        -0.8097764849662781,
        -0.03270590677857399,
        1.870754599571228,
        0.07258192449808121,
        0.11051162332296371,
        0.8043111562728882,
        -0.25403857231140137
    ],
    "roadnet_embedding": [
        1.0581830739974976,
        -0.4228360950946808,
        0.08384038507938385,
        0.5534533858299255,
        -2.8982625007629395,
        0.042676977813243866,
        0.01607290469110012,
        -0.20798806846141815,
        -0.015816302970051765,
        0.3389088809490204
    ],
    "function_embedding": [
        -0.6196783185005188,
        -0.2907320261001587,
        -0.03859104588627815,
        0.07397633790969849,
        -1.4528002738952637,
        -0.12023450434207916,
        -0.031421683728694916,
        -0.09589926153421402,
        -0.12033311277627945,
        0.23677535355091095
    ],
    "city_embedding": [
        -0.983723521232605,
        0.0036167511716485023,
        0.6694934964179993,
        1.3806318044662476,
        -0.5934169292449951,
        1.2560120820999146,
        0.1646505445241928,
        2.77662992477417,
        2.3926258087158203,
        3.5471549034118652
    ],
    "degree_embedding": [
        -0.9859232902526855,
        -0.14980502426624298,
        1.1363672018051147,
        1.3890211582183838,
        1.9668338298797607,
        -0.10017327964305878,
        -0.9014211297035217,
        -0.5218036770820618,
        0.12516868114471436,
        0.34269973635673523
    ]
}