{
    "id": 10342,
    "range": [
        121.716804,
        31.662716,
        121.726804,
        31.652716
    ],
    "image_path": "CitySatellite\\Shanghai\\10342.jpg",
    "poi": [],
    "places": [],
    "transport": [],
    "traffic": [],
    "buildings": [],
    "landuse": [],
    "road_inner": [],
    "road_connect": {},
    "population": [
        0.0
    ],
    "transport_embedding": [
        -0.0770578682422638,
        -0.8453997373580933,
        0.3400120139122009,
        -0.5511149764060974,
        -0.16988085210323334,
        1.737560510635376,
        0.9840598106384277,
        0.8869462609291077,
        1.0922319889068604,
        -0.29917970299720764
    ],
    "roadnet_embedding": [
        1.0289387702941895,
        -0.4486958980560303,
        0.06646836549043655,
        0.6532333493232727,
        -2.973173141479492,
        -0.050510331988334656,
        0.08828846365213394,
        -0.07928700000047684,
        -0.06852111965417862,
        0.3421570956707001
    ],
    "function_embedding": [
        -0.5873081088066101,
        -0.3120735287666321,
        -0.05110021308064461,
        0.07960651069879532,
        -1.4434925317764282,
        -0.06051348149776459,
        -0.0022444389760494232,
        -0.0906444862484932,
        -0.1407657116651535,
        0.2115052491426468
    ],
    "city_embedding": [
        -0.983723521232605,
        0.0036167511716485023,
        0.6694934964179993,
        1.3806318044662476,
        -0.5934169292449951,
        1.2560120820999146,
        0.1646505445241928,
        2.77662992477417,
        2.3926258087158203,
        3.5471549034118652
    ],
    "degree_embedding": [
        -0.9859232902526855,
        -0.14980502426624298,
        1.1363672018051147,
        1.3890211582183838,
        1.9668338298797607,
        -0.10017327964305878,
        -0.9014211297035217,
        -0.5218036770820618,
        0.12516868114471436,
        0.34269973635673523
    ]
}