{
    "id": 10344,
    "range": [
        121.716804,
        31.642716,
        121.726804,
        31.632716
    ],
    "image_path": "CitySatellite\\Shanghai\\10344.jpg",
    "poi": [],
    "places": [],
    "transport": [],
    "traffic": [],
    "buildings": [],
    "landuse": [],
    "road_inner": [],
    "road_connect": {},
    "population": [
        0.0
    ],
    "transport_embedding": [
        -0.1408231258392334,
        -0.8788796663284302,
        0.6073876023292542,
        -0.40586012601852417,
        -0.0753028467297554,
        -0.2724209427833557,
        0.5504394769668579,
        0.39047226309776306,
        1.1379897594451904,
        -0.014044507406651974
    ],
    "roadnet_embedding": [
        1.1017377376556396,
        -0.4162803590297699,
        0.03451584279537201,
        0.5978283286094666,
        -3.097799301147461,
        0.06915265321731567,
        0.038303472101688385,
        -0.14876613020896912,
        -0.05386565625667572,
        0.3127555847167969
    ],
    "function_embedding": [
        -0.6160252094268799,
        -0.2857567369937897,
        -0.056665148586034775,
        0.07390528917312622,
        -1.4910719394683838,
        -0.05729653686285019,
        -0.05769447609782219,
        -0.11051851511001587,
        -0.07867269963026047,
        0.2678922712802887
    ],
    "city_embedding": [
        -0.983723521232605,
        0.0036167511716485023,
        0.6694934964179993,
        1.3806318044662476,
        -0.5934169292449951,
        1.2560120820999146,
        0.1646505445241928,
        2.77662992477417,
        2.3926258087158203,
        3.5471549034118652
    ],
    "degree_embedding": [
        -0.9859232902526855,
        -0.14980502426624298,
        1.1363672018051147,
        1.3890211582183838,
        1.9668338298797607,
        -0.10017327964305878,
        -0.9014211297035217,
        -0.5218036770820618,
        0.12516868114471436,
        0.34269973635673523
    ]
}