{
    "id": 10343,
    "range": [
        121.716804,
        31.652716,
        121.726804,
        31.642716
    ],
    "image_path": "CitySatellite\\Shanghai\\10343.jpg",
    "poi": [],
    "places": [],
    "transport": [],
    "traffic": [],
    "buildings": [],
    "landuse": [],
    "road_inner": [],
    "road_connect": {},
    "population": [
        0.0
    ],
    "transport_embedding": [
        -0.06099328026175499,
        -0.949945867061615,
        0.36574336886405945,
        -0.39651063084602356,
        -0.1713661402463913,
        1.749165654182434,
        0.8473830223083496,
        0.23174777626991272,
        1.4184540510177612,
        -0.1914231777191162
    ],
    "roadnet_embedding": [
        1.0048396587371826,
        -0.44531023502349854,
        0.10397051274776459,
        0.6877204775810242,
        -2.940647840499878,
        0.0067971874959766865,
        0.09299074113368988,
        -0.19921362400054932,
        -0.08955343067646027,
        0.34708645939826965
    ],
    "function_embedding": [
        -0.5997676849365234,
        -0.31751322746276855,
        -0.07314334064722061,
        0.07742920517921448,
        -1.41865873336792,
        -0.07582730054855347,
        0.03312172740697861,
        -0.06865934282541275,
        -0.09296480566263199,
        0.25593599677085876
    ],
    "city_embedding": [
        -0.983723521232605,
        0.0036167511716485023,
        0.6694934964179993,
        1.3806318044662476,
        -0.5934169292449951,
        1.2560120820999146,
        0.1646505445241928,
        2.77662992477417,
        2.3926258087158203,
        3.5471549034118652
    ],
    "degree_embedding": [
        -0.9859232902526855,
        -0.14980502426624298,
        1.1363672018051147,
        1.3890211582183838,
        1.9668338298797607,
        -0.10017327964305878,
        -0.9014211297035217,
        -0.5218036770820618,
        0.12516868114471436,
        0.34269973635673523
    ]
}