{
    "id": 1035,
    "range": [
        120.936804,
        31.13271600000001,
        120.946804,
        31.122716
    ],
    "image_path": "CitySatellite\\Shanghai\\1035.jpg",
    "poi": [],
    "places": [],
    "transport": [],
    "traffic": [],
    "buildings": [],
    "landuse": [],
    "road_inner": [],
    "road_connect": {},
    "population": [
        0.0
    ],
    "transport_embedding": [
        -0.05533051863312721,
        -0.9165620803833008,
        0.3023194968700409,
        -0.4528912305831909,
        -0.03846257925033569,
        2.1214754581451416,
        0.8275456428527832,
        0.38033074140548706,
        1.4721840620040894,
        -0.24327413737773895
    ],
    "roadnet_embedding": [
        1.026976466178894,
        -0.44521692395210266,
        0.12306787818670273,
        0.48942235112190247,
        -2.6582980155944824,
        -0.16470618546009064,
        0.016408784314990044,
        -0.054467957466840744,
        -0.05241275578737259,
        0.3350578844547272
    ],
    "function_embedding": [
        -0.6040676236152649,
        -0.30028411746025085,
        -0.0840175449848175,
        0.11547235399484634,
        -1.4693430662155151,
        -0.06211162731051445,
        -0.01618756726384163,
        -0.05469375476241112,
        -0.07775253802537918,
        0.35171517729759216
    ],
    "city_embedding": [
        -0.983723521232605,
        0.0036167511716485023,
        0.6694934964179993,
        1.3806318044662476,
        -0.5934169292449951,
        1.2560120820999146,
        0.1646505445241928,
        2.77662992477417,
        2.3926258087158203,
        3.5471549034118652
    ],
    "degree_embedding": [
        -0.9859232902526855,
        -0.14980502426624298,
        1.1363672018051147,
        1.3890211582183838,
        1.9668338298797607,
        -0.10017327964305878,
        -0.9014211297035217,
        -0.5218036770820618,
        0.12516868114471436,
        0.34269973635673523
    ]
}