{
    "id": 1037,
    "range": [
        120.936804,
        31.112716,
        120.946804,
        31.102716
    ],
    "image_path": "CitySatellite\\Shanghai\\1037.jpg",
    "poi": [],
    "places": [],
    "transport": [],
    "traffic": [],
    "buildings": [],
    "landuse": [],
    "road_inner": [],
    "road_connect": {},
    "population": [
        0.0
    ],
    "transport_embedding": [
        -0.032420940697193146,
        -0.9049597382545471,
        0.3123619556427002,
        -0.5750229954719543,
        -0.4761008620262146,
        1.111618995666504,
        1.0813249349594116,
        0.96804279088974,
        1.0160588026046753,
        -0.24667517840862274
    ],
    "roadnet_embedding": [
        1.1325373649597168,
        -0.4231214225292206,
        0.0024015489034354687,
        0.5602046847343445,
        -2.9921793937683105,
        -0.05005529895424843,
        0.005214669741690159,
        -0.06602632999420166,
        -0.03684580326080322,
        0.20210683345794678
    ],
    "function_embedding": [
        -0.5671993494033813,
        -0.34656402468681335,
        -0.05053947493433952,
        0.05460524559020996,
        -1.4273394346237183,
        -0.028657004237174988,
        -0.16483141481876373,
        -0.006662463769316673,
        -0.04415765777230263,
        0.1324826329946518
    ],
    "city_embedding": [
        -0.983723521232605,
        0.0036167511716485023,
        0.6694934964179993,
        1.3806318044662476,
        -0.5934169292449951,
        1.2560120820999146,
        0.1646505445241928,
        2.77662992477417,
        2.3926258087158203,
        3.5471549034118652
    ],
    "degree_embedding": [
        -0.9859232902526855,
        -0.14980502426624298,
        1.1363672018051147,
        1.3890211582183838,
        1.9668338298797607,
        -0.10017327964305878,
        -0.9014211297035217,
        -0.5218036770820618,
        0.12516868114471436,
        0.34269973635673523
    ]
}