{
    "id": 1038,
    "range": [
        120.936804,
        31.102716,
        120.946804,
        31.092716
    ],
    "image_path": "CitySatellite\\Shanghai\\1038.jpg",
    "poi": [],
    "places": [],
    "transport": [],
    "traffic": [],
    "buildings": [],
    "landuse": [],
    "road_inner": [],
    "road_connect": {},
    "population": [
        0.0
    ],
    "transport_embedding": [
        -0.26785004138946533,
        -0.6968070268630981,
        0.763602614402771,
        -0.5587168335914612,
        1.5215429067611694,
        0.7403697371482849,
        -1.561371088027954,
        -0.6418827772140503,
        -0.4644392132759094,
        -0.08048215508460999
    ],
    "roadnet_embedding": [
        1.0690076351165771,
        -0.43573421239852905,
        0.061304233968257904,
        0.6817752718925476,
        -3.005153179168701,
        0.08214903622865677,
        0.036878298968076706,
        -0.2680826783180237,
        -0.03288472816348076,
        0.34645166993141174
    ],
    "function_embedding": [
        -0.6140259504318237,
        -0.280606210231781,
        -0.058004558086395264,
        0.10270974040031433,
        -1.515033483505249,
        -0.0683959499001503,
        -0.06390810757875443,
        -0.1025741845369339,
        -0.10188661515712738,
        0.2837240993976593
    ],
    "city_embedding": [
        -0.983723521232605,
        0.0036167511716485023,
        0.6694934964179993,
        1.3806318044662476,
        -0.5934169292449951,
        1.2560120820999146,
        0.1646505445241928,
        2.77662992477417,
        2.3926258087158203,
        3.5471549034118652
    ],
    "degree_embedding": [
        -0.9859232902526855,
        -0.14980502426624298,
        1.1363672018051147,
        1.3890211582183838,
        1.9668338298797607,
        -0.10017327964305878,
        -0.9014211297035217,
        -0.5218036770820618,
        0.12516868114471436,
        0.34269973635673523
    ]
}