{
    "id": 10425,
    "range": [
        121.716804,
        30.832716,
        121.726804,
        30.822716
    ],
    "image_path": "CitySatellite\\Shanghai\\10425.jpg",
    "poi": [],
    "places": [],
    "transport": [],
    "traffic": [],
    "buildings": [],
    "landuse": [],
    "road_inner": [],
    "road_connect": {},
    "population": [
        0.0
    ],
    "transport_embedding": [
        -0.05002652481198311,
        -0.952982485294342,
        0.3259199261665344,
        -0.4319692850112915,
        0.1139744222164154,
        1.7348109483718872,
        0.47871625423431396,
        0.23992177844047546,
        1.2885035276412964,
        -0.1967620849609375
    ],
    "roadnet_embedding": [
        0.9975783228874207,
        -0.4249064326286316,
        0.08749369531869888,
        0.5947515368461609,
        -2.9912326335906982,
        -0.03645766153931618,
        0.08659134805202484,
        -0.07580229640007019,
        -0.050875626504421234,
        0.31978511810302734
    ],
    "function_embedding": [
        -0.6083731055259705,
        -0.2870326638221741,
        -0.043912071734666824,
        0.07065535336732864,
        -1.4477897882461548,
        -0.09084761142730713,
        0.023173656314611435,
        -0.11763222515583038,
        -0.18591295182704926,
        0.23782473802566528
    ],
    "city_embedding": [
        -0.983723521232605,
        0.0036167511716485023,
        0.6694934964179993,
        1.3806318044662476,
        -0.5934169292449951,
        1.2560120820999146,
        0.1646505445241928,
        2.77662992477417,
        2.3926258087158203,
        3.5471549034118652
    ],
    "degree_embedding": [
        -0.9859232902526855,
        -0.14980502426624298,
        1.1363672018051147,
        1.3890211582183838,
        1.9668338298797607,
        -0.10017327964305878,
        -0.9014211297035217,
        -0.5218036770820618,
        0.12516868114471436,
        0.34269973635673523
    ]
}