{
    "id": 10421,
    "range": [
        121.716804,
        30.872716,
        121.726804,
        30.862716
    ],
    "image_path": "CitySatellite\\Shanghai\\10421.jpg",
    "poi": [
        [
            2901,
            1,
            0
        ]
    ],
    "places": [],
    "transport": [
        [
            5621,
            2,
            1
        ]
    ],
    "traffic": [],
    "buildings": [
        3,
        1932.488
    ],
    "landuse": [
        [
            7204,
            2,
            3,
            0.6532985
        ],
        [
            7202,
            1,
            0,
            0.1140215
        ],
        [
            7203,
            1,
            1,
            0.734265
        ]
    ],
    "road_inner": [
        [
            5115,
            1.0,
            3,
            579.2156666666666
        ],
        [
            5141,
            1.0,
            5,
            392.267
        ]
    ],
    "road_connect": {
        "10301": {
            "3": 1
        },
        "10541": {
            "3": 1,
            "5": 1
        }
    },
    "population": [
        1525.014158248901
    ],
    "transport_embedding": [
        0.1910836100578308,
        -2.063081741333008,
        -0.9521675705909729,
        0.1489650160074234,
        0.7177395224571228,
        0.5105359554290771,
        0.8750755786895752,
        -1.495189905166626,
        -1.5455925464630127,
        0.27704769372940063
    ],
    "roadnet_embedding": [
        1.060646653175354,
        -0.691246509552002,
        0.2548466920852661,
        0.284231960773468,
        -0.0003517974109854549,
        -1.6631574630737305,
        -0.329928457736969,
        0.5836811661720276,
        -0.3714689612388611,
        -0.15313172340393066
    ],
    "function_embedding": [
        -0.8257307410240173,
        -0.8373315334320068,
        -0.5596573352813721,
        -0.9930610656738281,
        0.6612082123756409,
        0.21042673289775848,
        2.306311845779419,
        -0.06920260936021805,
        0.014196188189089298,
        0.2949927747249603
    ],
    "city_embedding": [
        -0.9884108901023865,
        -0.0012691307347267866,
        0.4755823612213135,
        1.246046543121338,
        -0.643474280834198,
        1.085012674331665,
        0.3767143785953522,
        3.091987371444702,
        2.260873794555664,
        3.1270015239715576
    ],
    "degree_embedding": [
        -0.9838253259658813,
        -0.3755227029323578,
        0.5602200031280518,
        0.6112239360809326,
        1.403918981552124,
        0.3179176151752472,
        0.2982690632343292,
        -0.5866481065750122,
        0.7844404578208923,
        -1.8345129489898682
    ]
}