{
    "id": 10424,
    "range": [
        121.716804,
        30.842716,
        121.726804,
        30.83271599999999
    ],
    "image_path": "CitySatellite\\Shanghai\\10424.jpg",
    "poi": [],
    "places": [],
    "transport": [],
    "traffic": [],
    "buildings": [],
    "landuse": [],
    "road_inner": [],
    "road_connect": {},
    "population": [
        0.0
    ],
    "transport_embedding": [
        -0.10612461715936661,
        -0.8193570375442505,
        0.39742201566696167,
        -0.5700023174285889,
        0.34801241755485535,
        1.8558086156845093,
        -0.03323394060134888,
        -0.20339646935462952,
        1.0531888008117676,
        -0.1664714813232422
    ],
    "roadnet_embedding": [
        1.097467303276062,
        -0.4335649609565735,
        0.03598899021744728,
        0.6502469182014465,
        -3.038343667984009,
        0.05935440957546234,
        0.03685249760746956,
        -0.2030056118965149,
        -0.02935137040913105,
        0.3213396966457367
    ],
    "function_embedding": [
        -0.6021955609321594,
        -0.2914138436317444,
        -0.09184108674526215,
        0.11144264787435532,
        -1.4944692850112915,
        -0.06766258180141449,
        0.018283138051629066,
        -0.0896628201007843,
        -0.05177873373031616,
        0.3754439353942871
    ],
    "city_embedding": [
        -0.983723521232605,
        0.0036167511716485023,
        0.6694934964179993,
        1.3806318044662476,
        -0.5934169292449951,
        1.2560120820999146,
        0.1646505445241928,
        2.77662992477417,
        2.3926258087158203,
        3.5471549034118652
    ],
    "degree_embedding": [
        -0.9859232902526855,
        -0.14980502426624298,
        1.1363672018051147,
        1.3890211582183838,
        1.9668338298797607,
        -0.10017327964305878,
        -0.9014211297035217,
        -0.5218036770820618,
        0.12516868114471436,
        0.34269973635673523
    ]
}