{
    "id": 1043,
    "range": [
        120.936804,
        31.052716,
        120.946804,
        31.042716
    ],
    "image_path": "CitySatellite\\Shanghai\\1043.jpg",
    "poi": [],
    "places": [],
    "transport": [],
    "traffic": [],
    "buildings": [],
    "landuse": [],
    "road_inner": [
        [
            5121,
            3,
            4,
            1485.9925
        ]
    ],
    "road_connect": {
        "1044": {
            "4": 3
        },
        "1163": {
            "4": 2
        }
    },
    "population": [
        40.33333396911621
    ],
    "transport_embedding": [
        -0.047542668879032135,
        -0.9438517689704895,
        0.2687195837497711,
        -0.5170056819915771,
        -0.3421630859375,
        0.6283194422721863,
        1.2095730304718018,
        1.0118335485458374,
        1.06276273727417,
        -0.1940615475177765
    ],
    "roadnet_embedding": [
        0.6469221711158752,
        -0.9173961281776428,
        0.12821155786514282,
        -1.476604700088501,
        0.49466848373413086,
        -2.000218629837036,
        -0.05957126244902611,
        1.0152242183685303,
        0.40143606066703796,
        -0.3608444631099701
    ],
    "function_embedding": [
        -0.5778295993804932,
        -0.3333274722099304,
        -0.07460813224315643,
        0.022276639938354492,
        -1.375360369682312,
        -0.06025408208370209,
        0.09874136745929718,
        -0.08746255189180374,
        -0.1872197836637497,
        0.27326130867004395
    ],
    "city_embedding": [
        -0.9838525056838989,
        0.003310814267024398,
        0.6641247272491455,
        1.3750227689743042,
        -0.5941138863563538,
        1.2521055936813354,
        0.17095734179019928,
        2.782540798187256,
        2.389655828475952,
        3.536341667175293
    ],
    "degree_embedding": [
        -0.9765052199363708,
        -0.7700253129005432,
        -0.9365110397338867,
        0.5220141410827637,
        0.6804646253585815,
        0.12270206212997437,
        -0.5890962481498718,
        -1.4269518852233887,
        1.344650387763977,
        -1.5793713331222534
    ]
}