{
    "id": 10463,
    "range": [
        121.726804,
        31.652716,
        121.736804,
        31.642716
    ],
    "image_path": "CitySatellite\\Shanghai\\10463.jpg",
    "poi": [],
    "places": [],
    "transport": [],
    "traffic": [],
    "buildings": [],
    "landuse": [],
    "road_inner": [],
    "road_connect": {},
    "population": [
        0.0
    ],
    "transport_embedding": [
        -0.24881792068481445,
        -0.6734828948974609,
        0.7268114686012268,
        -0.6436585783958435,
        1.2815896272659302,
        0.6997475624084473,
        -1.569709062576294,
        -0.3552686870098114,
        -0.47855624556541443,
        -0.15438655018806458
    ],
    "roadnet_embedding": [
        1.0400049686431885,
        -0.423345685005188,
        0.07112058997154236,
        0.598644495010376,
        -2.9581451416015625,
        -0.05329224094748497,
        0.05237163230776787,
        -0.07184429466724396,
        -0.06786220520734787,
        0.26453736424446106
    ],
    "function_embedding": [
        -0.5775814056396484,
        -0.34070149064064026,
        -0.0662553682923317,
        0.06841858476400375,
        -1.416529655456543,
        -0.028495296835899353,
        -0.010373263619840145,
        -0.048753801733255386,
        -0.12562473118305206,
        0.22222578525543213
    ],
    "city_embedding": [
        -0.983723521232605,
        0.0036167511716485023,
        0.6694934964179993,
        1.3806318044662476,
        -0.5934169292449951,
        1.2560120820999146,
        0.1646505445241928,
        2.77662992477417,
        2.3926258087158203,
        3.5471549034118652
    ],
    "degree_embedding": [
        -0.9859232902526855,
        -0.14980502426624298,
        1.1363672018051147,
        1.3890211582183838,
        1.9668338298797607,
        -0.10017327964305878,
        -0.9014211297035217,
        -0.5218036770820618,
        0.12516868114471436,
        0.34269973635673523
    ]
}