{
    "id": 10462,
    "range": [
        121.726804,
        31.662716,
        121.736804,
        31.652716
    ],
    "image_path": "CitySatellite\\Shanghai\\10462.jpg",
    "poi": [],
    "places": [],
    "transport": [],
    "traffic": [],
    "buildings": [],
    "landuse": [],
    "road_inner": [],
    "road_connect": {},
    "population": [
        0.0
    ],
    "transport_embedding": [
        -0.24731174111366272,
        -0.4294520616531372,
        0.7291963696479797,
        -1.0960031747817993,
        0.06542858481407166,
        -0.5108689665794373,
        -0.07415278255939484,
        2.1460249423980713,
        -1.526220679283142,
        -0.47203049063682556
    ],
    "roadnet_embedding": [
        1.123618721961975,
        -0.425693154335022,
        0.046603012830019,
        0.6139202117919922,
        -2.928241491317749,
        -0.003514387644827366,
        0.002941146492958069,
        -0.16563190519809723,
        -0.08418551832437515,
        0.23924456536769867
    ],
    "function_embedding": [
        -0.6095582246780396,
        -0.31338435411453247,
        -0.052221931517124176,
        -0.014220834709703922,
        -1.3795806169509888,
        -0.057639677077531815,
        0.021381674334406853,
        -0.0961252972483635,
        -0.18192389607429504,
        0.20660646259784698
    ],
    "city_embedding": [
        -0.983723521232605,
        0.0036167511716485023,
        0.6694934964179993,
        1.3806318044662476,
        -0.5934169292449951,
        1.2560120820999146,
        0.1646505445241928,
        2.77662992477417,
        2.3926258087158203,
        3.5471549034118652
    ],
    "degree_embedding": [
        -0.9859232902526855,
        -0.14980502426624298,
        1.1363672018051147,
        1.3890211582183838,
        1.9668338298797607,
        -0.10017327964305878,
        -0.9014211297035217,
        -0.5218036770820618,
        0.12516868114471436,
        0.34269973635673523
    ]
}