{
    "id": 10464,
    "range": [
        121.726804,
        31.642716,
        121.736804,
        31.632716
    ],
    "image_path": "CitySatellite\\Shanghai\\10464.jpg",
    "poi": [],
    "places": [],
    "transport": [],
    "traffic": [],
    "buildings": [],
    "landuse": [],
    "road_inner": [],
    "road_connect": {},
    "population": [
        0.0
    ],
    "transport_embedding": [
        -0.062256570905447006,
        -0.9111567139625549,
        0.40525946021080017,
        -0.5031121373176575,
        -0.04380962997674942,
        1.3469234704971313,
        0.25123918056488037,
        -0.13949300348758698,
        1.1498520374298096,
        -0.09856999665498734
    ],
    "roadnet_embedding": [
        1.1085748672485352,
        -0.4359913468360901,
        0.036344725638628006,
        0.6538162231445312,
        -3.012765645980835,
        0.07951076328754425,
        0.021923482418060303,
        -0.2615521550178528,
        -0.02834385260939598,
        0.31928977370262146
    ],
    "function_embedding": [
        -0.5738921761512756,
        -0.31581416726112366,
        -0.04533136263489723,
        0.07717930525541306,
        -1.4410024881362915,
        -0.05019214749336243,
        0.012497968040406704,
        -0.08311717957258224,
        -0.18468935787677765,
        0.19479598104953766
    ],
    "city_embedding": [
        -0.983723521232605,
        0.0036167511716485023,
        0.6694934964179993,
        1.3806318044662476,
        -0.5934169292449951,
        1.2560120820999146,
        0.1646505445241928,
        2.77662992477417,
        2.3926258087158203,
        3.5471549034118652
    ],
    "degree_embedding": [
        -0.9859232902526855,
        -0.14980502426624298,
        1.1363672018051147,
        1.3890211582183838,
        1.9668338298797607,
        -0.10017327964305878,
        -0.9014211297035217,
        -0.5218036770820618,
        0.12516868114471436,
        0.34269973635673523
    ]
}