{
    "id": 10545,
    "range": [
        121.726804,
        30.832716,
        121.736804,
        30.822716
    ],
    "image_path": "CitySatellite\\Shanghai\\10545.jpg",
    "poi": [],
    "places": [],
    "transport": [],
    "traffic": [],
    "buildings": [],
    "landuse": [],
    "road_inner": [],
    "road_connect": {},
    "population": [
        0.0
    ],
    "transport_embedding": [
        -0.23451964557170868,
        -0.6211351752281189,
        0.6812928915023804,
        -0.7905699014663696,
        0.9493866562843323,
        0.3382354974746704,
        -0.8298975825309753,
        0.8330177068710327,
        -1.154151439666748,
        -0.2991013526916504
    ],
    "roadnet_embedding": [
        1.1187587976455688,
        -0.43811166286468506,
        0.04667304828763008,
        0.6051114797592163,
        -2.998528242111206,
        0.03773299604654312,
        0.020953431725502014,
        -0.1943027377128601,
        -0.10161634534597397,
        0.35710522532463074
    ],
    "function_embedding": [
        -0.618053138256073,
        -0.2923505902290344,
        -0.04858636111021042,
        0.08651426434516907,
        -1.4526886940002441,
        -0.11949236690998077,
        0.04195539653301239,
        -0.10314039885997772,
        -0.16250599920749664,
        0.28525498509407043
    ],
    "city_embedding": [
        -0.983723521232605,
        0.0036167511716485023,
        0.6694934964179993,
        1.3806318044662476,
        -0.5934169292449951,
        1.2560120820999146,
        0.1646505445241928,
        2.77662992477417,
        2.3926258087158203,
        3.5471549034118652
    ],
    "degree_embedding": [
        -0.9859232902526855,
        -0.14980502426624298,
        1.1363672018051147,
        1.3890211582183838,
        1.9668338298797607,
        -0.10017327964305878,
        -0.9014211297035217,
        -0.5218036770820618,
        0.12516868114471436,
        0.34269973635673523
    ]
}