{
    "id": 10586,
    "range": [
        121.736804,
        31.622716,
        121.746804,
        31.612716
    ],
    "image_path": "CitySatellite\\Shanghai\\10586.jpg",
    "poi": [],
    "places": [],
    "transport": [],
    "traffic": [],
    "buildings": [],
    "landuse": [
        [
            7229,
            1,
            5,
            2.2719972
        ]
    ],
    "road_inner": [
        [
            5121,
            1.0,
            4,
            652.2206666666667
        ]
    ],
    "road_connect": {
        "10466": {
            "4": 1
        },
        "10706": {
            "4": 1
        }
    },
    "population": [
        228.2541952133179
    ],
    "transport_embedding": [
        -0.3285129964351654,
        -0.719887912273407,
        0.9330034255981445,
        -0.402839332818985,
        0.8718982338905334,
        -1.4955228567123413,
        -0.8886345624923706,
        0.21044796705245972,
        0.0392562672495842,
        -0.015290298499166965
    ],
    "roadnet_embedding": [
        0.8157490491867065,
        -0.6997056007385254,
        0.12444190680980682,
        -0.4766978919506073,
        -0.3732481896877289,
        -2.0858664512634277,
        -0.14374712109565735,
        0.8559771776199341,
        0.431934118270874,
        -0.605032205581665
    ],
    "function_embedding": [
        -0.825517475605011,
        -0.9347409009933472,
        0.9749346375465393,
        -0.29417774081230164,
        0.7154881358146667,
        -1.2618902921676636,
        -0.18043003976345062,
        1.3574198484420776,
        -0.3974625766277313,
        -1.0141774415969849
    ],
    "city_embedding": [
        -0.9844526052474976,
        0.0019578742794692516,
        0.6391527056694031,
        1.3488579988479614,
        -0.5981333255767822,
        1.233904480934143,
        0.2000894844532013,
        2.8101909160614014,
        2.375847339630127,
        3.485686779022217
    ],
    "degree_embedding": [
        -0.9803432822227478,
        -0.4955008625984192,
        0.02320222556591034,
        0.8904775381088257,
        1.3509734869003296,
        0.22085069119930267,
        -0.2695158123970032,
        -1.039759874343872,
        0.8916219472885132,
        -1.264162540435791
    ]
}