{
    "id": 10583,
    "range": [
        121.736804,
        31.652716,
        121.746804,
        31.642716
    ],
    "image_path": "CitySatellite\\Shanghai\\10583.jpg",
    "poi": [],
    "places": [],
    "transport": [],
    "traffic": [],
    "buildings": [],
    "landuse": [],
    "road_inner": [],
    "road_connect": {},
    "population": [
        0.0
    ],
    "transport_embedding": [
        -0.22512991726398468,
        -0.6255419254302979,
        0.6239336133003235,
        -0.822424054145813,
        0.7062315344810486,
        0.1015285924077034,
        -0.6517429351806641,
        1.347679853439331,
        -1.178883671760559,
        -0.4080216884613037
    ],
    "roadnet_embedding": [
        1.0516196489334106,
        -0.4281649589538574,
        0.04185762256383896,
        0.44884636998176575,
        -2.815528631210327,
        -0.24759456515312195,
        0.008112763054668903,
        0.1034497395157814,
        0.0422409325838089,
        0.17299365997314453
    ],
    "function_embedding": [
        -0.6430575847625732,
        -0.269694447517395,
        -0.07018110901117325,
        -0.04469997063279152,
        -1.4277429580688477,
        -0.10741537064313889,
        -0.034121833741664886,
        -0.18193736672401428,
        -0.1562078446149826,
        0.32377395033836365
    ],
    "city_embedding": [
        -0.983723521232605,
        0.0036167511716485023,
        0.6694934964179993,
        1.3806318044662476,
        -0.5934169292449951,
        1.2560120820999146,
        0.1646505445241928,
        2.77662992477417,
        2.3926258087158203,
        3.5471549034118652
    ],
    "degree_embedding": [
        -0.9859232902526855,
        -0.14980502426624298,
        1.1363672018051147,
        1.3890211582183838,
        1.9668338298797607,
        -0.10017327964305878,
        -0.9014211297035217,
        -0.5218036770820618,
        0.12516868114471436,
        0.34269973635673523
    ]
}