{
    "id": 10585,
    "range": [
        121.736804,
        31.63271600000001,
        121.746804,
        31.622716
    ],
    "image_path": "CitySatellite\\Shanghai\\10585.jpg",
    "poi": [],
    "places": [],
    "transport": [],
    "traffic": [],
    "buildings": [],
    "landuse": [],
    "road_inner": [],
    "road_connect": {},
    "population": [
        1.251516714389288
    ],
    "transport_embedding": [
        -0.26942625641822815,
        -0.5686273574829102,
        0.7075534462928772,
        -0.868986964225769,
        0.8533924221992493,
        -0.3650914430618286,
        -1.081536054611206,
        1.359741449356079,
        -1.5132420063018799,
        -0.37675777077674866
    ],
    "roadnet_embedding": [
        1.0591611862182617,
        -0.4436294138431549,
        0.03630738705396652,
        0.6329249143600464,
        -2.947787046432495,
        -0.09559310972690582,
        0.060541871935129166,
        -0.08066343516111374,
        -0.06318993866443634,
        0.21237197518348694
    ],
    "function_embedding": [
        -0.6335267424583435,
        -0.28713807463645935,
        -0.06656923145055771,
        -0.008229808881878853,
        -1.4231314659118652,
        -0.08125905692577362,
        -0.06442958861589432,
        -0.12794700264930725,
        -0.1568906456232071,
        0.29633066058158875
    ],
    "city_embedding": [
        -0.9837274551391602,
        0.003613067325204611,
        0.6693333983421326,
        1.3804616928100586,
        -0.5934076309204102,
        1.2558951377868652,
        0.16484813392162323,
        2.776693344116211,
        2.3925750255584717,
        3.546848773956299
    ],
    "degree_embedding": [
        -0.9859232902526855,
        -0.14980502426624298,
        1.1363672018051147,
        1.3890211582183838,
        1.9668338298797607,
        -0.10017327964305878,
        -0.9014211297035217,
        -0.5218036770820618,
        0.12516868114471436,
        0.34269973635673523
    ]
}