{
    "id": 10582,
    "range": [
        121.736804,
        31.662716,
        121.746804,
        31.652716
    ],
    "image_path": "CitySatellite\\Shanghai\\10582.jpg",
    "poi": [],
    "places": [],
    "transport": [],
    "traffic": [],
    "buildings": [],
    "landuse": [],
    "road_inner": [],
    "road_connect": {},
    "population": [
        0.0
    ],
    "transport_embedding": [
        -0.14316892623901367,
        -0.855591356754303,
        0.4000053405761719,
        -0.5738241076469421,
        0.19388432800769806,
        -0.47495484352111816,
        0.09248097240924835,
        1.1240681409835815,
        0.3938766121864319,
        -0.2490248680114746
    ],
    "roadnet_embedding": [
        1.0672149658203125,
        -0.4350751042366028,
        0.04435765743255615,
        0.4319572448730469,
        -2.748375177383423,
        -0.21321475505828857,
        0.010185940191149712,
        0.041684381663799286,
        -0.028326116502285004,
        0.16269756853580475
    ],
    "function_embedding": [
        -0.6277239918708801,
        -0.30262473225593567,
        -0.08241859078407288,
        0.025847340002655983,
        -1.405248999595642,
        -0.057489823549985886,
        0.02869121916592121,
        -0.08687607198953629,
        -0.04354887083172798,
        0.28384074568748474
    ],
    "city_embedding": [
        -0.983723521232605,
        0.0036167511716485023,
        0.6694934964179993,
        1.3806318044662476,
        -0.5934169292449951,
        1.2560120820999146,
        0.1646505445241928,
        2.77662992477417,
        2.3926258087158203,
        3.5471549034118652
    ],
    "degree_embedding": [
        -0.9859232902526855,
        -0.14980502426624298,
        1.1363672018051147,
        1.3890211582183838,
        1.9668338298797607,
        -0.10017327964305878,
        -0.9014211297035217,
        -0.5218036770820618,
        0.12516868114471436,
        0.34269973635673523
    ]
}