{
    "id": 10654,
    "range": [
        121.736804,
        30.942716,
        121.746804,
        30.932716
    ],
    "image_path": "CitySatellite\\Shanghai\\10654.jpg",
    "poi": [],
    "places": [],
    "transport": [],
    "traffic": [],
    "buildings": [],
    "landuse": [],
    "road_inner": [],
    "road_connect": {},
    "population": [
        952.0689086914062
    ],
    "transport_embedding": [
        -0.1152460128068924,
        -0.8069537281990051,
        0.44357240200042725,
        -0.5825256705284119,
        -0.32472383975982666,
        1.3430380821228027,
        0.5165566205978394,
        0.28905412554740906,
        1.0183172225952148,
        -0.21775907278060913
    ],
    "roadnet_embedding": [
        1.029633641242981,
        -0.4497283697128296,
        0.07049958407878876,
        0.6708473563194275,
        -2.8609211444854736,
        -0.05926307290792465,
        0.08122143894433975,
        -0.19805480539798737,
        -0.07680166512727737,
        0.21698367595672607
    ],
    "function_embedding": [
        -0.5995384454727173,
        -0.2926079332828522,
        -0.09230992943048477,
        0.040809985250234604,
        -1.428236722946167,
        -0.07003440707921982,
        0.027076615020632744,
        -0.09396124631166458,
        -0.10435272753238678,
        0.31436455249786377
    ],
    "city_embedding": [
        -0.9867657423019409,
        -0.003597066504880786,
        0.5428689122200012,
        1.2473913431167603,
        -0.6102461218833923,
        1.1642969846725464,
        0.31207776069641113,
        2.917468309402466,
        2.327937602996826,
        3.291579484939575
    ],
    "degree_embedding": [
        -0.9859232902526855,
        -0.14980502426624298,
        1.1363672018051147,
        1.3890211582183838,
        1.9668338298797607,
        -0.10017327964305878,
        -0.9014211297035217,
        -0.5218036770820618,
        0.12516868114471436,
        0.34269973635673523
    ]
}