{
    "id": 10664,
    "range": [
        121.736804,
        30.842716,
        121.746804,
        30.83271599999999
    ],
    "image_path": "CitySatellite\\Shanghai\\10664.jpg",
    "poi": [],
    "places": [],
    "transport": [],
    "traffic": [],
    "buildings": [],
    "landuse": [],
    "road_inner": [],
    "road_connect": {},
    "population": [
        0.0
    ],
    "transport_embedding": [
        -0.17849358916282654,
        -0.8365402221679688,
        0.6856923699378967,
        -0.4045681953430176,
        0.39911553263664246,
        -0.07532218843698502,
        -0.3330594003200531,
        -0.029218707233667374,
        0.9936788082122803,
        -0.030391011387109756
    ],
    "roadnet_embedding": [
        1.0981872081756592,
        -0.4133740961551666,
        0.051639534533023834,
        0.5553110837936401,
        -2.9113495349884033,
        -0.013821519911289215,
        -0.031541381031274796,
        -0.12554997205734253,
        0.011771527118980885,
        0.2879061698913574
    ],
    "function_embedding": [
        -0.6071966290473938,
        -0.2962031364440918,
        -0.047366663813591,
        0.050009310245513916,
        -1.4229260683059692,
        -0.08710824698209763,
        -0.053771622478961945,
        -0.06229359284043312,
        -0.12465163320302963,
        0.21790139377117157
    ],
    "city_embedding": [
        -0.983723521232605,
        0.0036167511716485023,
        0.6694934964179993,
        1.3806318044662476,
        -0.5934169292449951,
        1.2560120820999146,
        0.1646505445241928,
        2.77662992477417,
        2.3926258087158203,
        3.5471549034118652
    ],
    "degree_embedding": [
        -0.9859232902526855,
        -0.14980502426624298,
        1.1363672018051147,
        1.3890211582183838,
        1.9668338298797607,
        -0.10017327964305878,
        -0.9014211297035217,
        -0.5218036770820618,
        0.12516868114471436,
        0.34269973635673523
    ]
}