{
    "id": 10704,
    "range": [
        121.746804,
        31.642716,
        121.756804,
        31.632716
    ],
    "image_path": "CitySatellite\\Shanghai\\10704.jpg",
    "poi": [],
    "places": [],
    "transport": [],
    "traffic": [],
    "buildings": [],
    "landuse": [],
    "road_inner": [],
    "road_connect": {},
    "population": [
        0.0
    ],
    "transport_embedding": [
        -0.13780181109905243,
        -0.7820521593093872,
        0.4647567868232727,
        -0.558017373085022,
        0.5177906155586243,
        1.9926462173461914,
        -0.22062000632286072,
        -0.3260290026664734,
        0.9700930714607239,
        -0.22516776621341705
    ],
    "roadnet_embedding": [
        1.0879257917404175,
        -0.41775134205818176,
        0.07057217508554459,
        0.6074630618095398,
        -3.063849925994873,
        0.08014488965272903,
        0.03751719370484352,
        -0.17359842360019684,
        -0.08789043873548508,
        0.36076098680496216
    ],
    "function_embedding": [
        -0.6157130599021912,
        -0.28256741166114807,
        -0.08065718412399292,
        0.036985449492931366,
        -1.4416004419326782,
        -0.08329559862613678,
        -0.07433246821165085,
        -0.07074829936027527,
        -0.10645885765552521,
        0.2908165752887726
    ],
    "city_embedding": [
        -0.983723521232605,
        0.0036167511716485023,
        0.6694934964179993,
        1.3806318044662476,
        -0.5934169292449951,
        1.2560120820999146,
        0.1646505445241928,
        2.77662992477417,
        2.3926258087158203,
        3.5471549034118652
    ],
    "degree_embedding": [
        -0.9859232902526855,
        -0.14980502426624298,
        1.1363672018051147,
        1.3890211582183838,
        1.9668338298797607,
        -0.10017327964305878,
        -0.9014211297035217,
        -0.5218036770820618,
        0.12516868114471436,
        0.34269973635673523
    ]
}