{
    "id": 10702,
    "range": [
        121.746804,
        31.662716,
        121.756804,
        31.652716
    ],
    "image_path": "CitySatellite\\Shanghai\\10702.jpg",
    "poi": [],
    "places": [],
    "transport": [],
    "traffic": [],
    "buildings": [],
    "landuse": [],
    "road_inner": [],
    "road_connect": {},
    "population": [
        0.0
    ],
    "transport_embedding": [
        -0.1198611631989479,
        -0.9434770345687866,
        0.5917682647705078,
        -0.26694539189338684,
        0.24902647733688354,
        1.3339225053787231,
        0.16825871169567108,
        -0.5342527627944946,
        1.465170979499817,
        -0.06252451986074448
    ],
    "roadnet_embedding": [
        1.1355794668197632,
        -0.4395935833454132,
        0.022948166355490685,
        0.6162511110305786,
        -2.991509437561035,
        -0.008848663419485092,
        0.0063920821994543076,
        -0.16105082631111145,
        -0.08549053966999054,
        0.28258851170539856
    ],
    "function_embedding": [
        -0.5805588960647583,
        -0.30823013186454773,
        -0.06661085039377213,
        0.033387601375579834,
        -1.4321320056915283,
        -0.05472485348582268,
        -0.01895369403064251,
        -0.09937378019094467,
        -0.128736674785614,
        0.211832195520401
    ],
    "city_embedding": [
        -0.983723521232605,
        0.0036167511716485023,
        0.6694934964179993,
        1.3806318044662476,
        -0.5934169292449951,
        1.2560120820999146,
        0.1646505445241928,
        2.77662992477417,
        2.3926258087158203,
        3.5471549034118652
    ],
    "degree_embedding": [
        -0.9859232902526855,
        -0.14980502426624298,
        1.1363672018051147,
        1.3890211582183838,
        1.9668338298797607,
        -0.10017327964305878,
        -0.9014211297035217,
        -0.5218036770820618,
        0.12516868114471436,
        0.34269973635673523
    ]
}