{
    "id": 10774,
    "range": [
        121.746804,
        30.942716,
        121.756804,
        30.932716
    ],
    "image_path": "CitySatellite\\Shanghai\\10774.jpg",
    "poi": [],
    "places": [],
    "transport": [],
    "traffic": [],
    "buildings": [],
    "landuse": [],
    "road_inner": [],
    "road_connect": {},
    "population": [
        331.2152452468872
    ],
    "transport_embedding": [
        -0.05039353668689728,
        -0.9136641621589661,
        0.3587738275527954,
        -0.5080865025520325,
        -0.1274123638868332,
        1.3391984701156616,
        0.5699409246444702,
        0.6241695284843445,
        1.110952377319336,
        -0.24773009121418
    ],
    "roadnet_embedding": [
        1.1184966564178467,
        -0.43982481956481934,
        0.04095077142119408,
        0.627656102180481,
        -2.85585355758667,
        -0.08352936059236526,
        -0.03861472010612488,
        -0.11498397588729858,
        -0.02056136541068554,
        0.2667253017425537
    ],
    "function_embedding": [
        -0.6063489317893982,
        -0.30981171131134033,
        -0.09437607228755951,
        0.0507967546582222,
        -1.419823169708252,
        -0.06085261330008507,
        -0.08395082503557205,
        -0.029763609170913696,
        -0.026656711474061012,
        0.28709501028060913
    ],
    "city_embedding": [
        -0.9847809076309204,
        0.0012137976009398699,
        0.6254963874816895,
        1.3345240354537964,
        -0.6000542640686035,
        1.2239480018615723,
        0.21603524684906006,
        2.8253836631774902,
        2.368485689163208,
        3.4580771923065186
    ],
    "degree_embedding": [
        -0.9859232902526855,
        -0.14980502426624298,
        1.1363672018051147,
        1.3890211582183838,
        1.9668338298797607,
        -0.10017327964305878,
        -0.9014211297035217,
        -0.5218036770820618,
        0.12516868114471436,
        0.34269973635673523
    ]
}