{
    "id": 10771,
    "range": [
        121.746804,
        30.972716,
        121.756804,
        30.962716
    ],
    "image_path": "CitySatellite\\Shanghai\\10771.jpg",
    "poi": [
        [
            2725,
            1,
            0
        ]
    ],
    "places": [],
    "transport": [
        [
            5621,
            2,
            1
        ]
    ],
    "traffic": [],
    "buildings": [],
    "landuse": [],
    "road_inner": [
        [
            5115,
            1,
            3,
            913.6705
        ]
    ],
    "road_connect": {
        "10891": {
            "3": 1
        },
        "10651": {
            "3": 1
        }
    },
    "population": [
        1187.707706451416
    ],
    "transport_embedding": [
        0.1726718246936798,
        -1.88161039352417,
        -0.6599772572517395,
        0.04465959593653679,
        0.5754612684249878,
        0.847907304763794,
        1.0064036846160889,
        -1.4956108331680298,
        -1.3233485221862793,
        0.18512481451034546
    ],
    "roadnet_embedding": [
        1.1657644510269165,
        -0.7758127450942993,
        0.35560959577560425,
        0.3188239634037018,
        0.7208055853843689,
        -1.786829948425293,
        -0.5009699463844299,
        0.722810685634613,
        -0.5101252198219299,
        0.42924007773399353
    ],
    "function_embedding": [
        -0.6636379957199097,
        -0.901324987411499,
        -0.5742081999778748,
        -0.6204444169998169,
        0.39717599749565125,
        0.29766789078712463,
        4.539975166320801,
        0.2514791786670685,
        0.2983020842075348,
        0.10867103934288025
    ],
    "city_embedding": [
        -0.9875136017799377,
        -0.005361614748835564,
        0.5117416977882385,
        1.2145572900772095,
        -0.6141173243522644,
        1.1418285369873047,
        0.3482952117919922,
        2.951981544494629,
        2.313147783279419,
        3.2289838790893555
    ],
    "degree_embedding": [
        -0.9858659505844116,
        -0.2600632905960083,
        0.5294933915138245,
        0.677148699760437,
        1.577477216720581,
        0.2665071189403534,
        0.08223344385623932,
        -0.5255464911460876,
        0.631521999835968,
        -1.5018965005874634
    ]
}