{
    "id": 10824,
    "range": [
        121.756804,
        31.642716,
        121.766804,
        31.632716
    ],
    "image_path": "CitySatellite\\Shanghai\\10824.jpg",
    "poi": [],
    "places": [],
    "transport": [],
    "traffic": [],
    "buildings": [],
    "landuse": [],
    "road_inner": [],
    "road_connect": {},
    "population": [
        0.0
    ],
    "transport_embedding": [
        -0.31480252742767334,
        -0.6020506024360657,
        0.5556795001029968,
        -0.8311271071434021,
        0.5898690223693848,
        -1.5801185369491577,
        -1.064620852470398,
        1.2000139951705933,
        -0.7396087646484375,
        -0.29074627161026
    ],
    "roadnet_embedding": [
        1.1121734380722046,
        -0.4413515627384186,
        0.03381730988621712,
        0.6365665793418884,
        -2.975478172302246,
        0.07249031960964203,
        0.014545840211212635,
        -0.24771267175674438,
        -0.022510837763547897,
        0.3618987500667572
    ],
    "function_embedding": [
        -0.6046313643455505,
        -0.3025372624397278,
        -0.05557119473814964,
        0.06396042555570602,
        -1.4580446481704712,
        -0.0437142588198185,
        -0.04419945925474167,
        -0.04018186777830124,
        -0.14810064435005188,
        0.27934011816978455
    ],
    "city_embedding": [
        -0.983723521232605,
        0.0036167511716485023,
        0.6694934964179993,
        1.3806318044662476,
        -0.5934169292449951,
        1.2560120820999146,
        0.1646505445241928,
        2.77662992477417,
        2.3926258087158203,
        3.5471549034118652
    ],
    "degree_embedding": [
        -0.9859232902526855,
        -0.14980502426624298,
        1.1363672018051147,
        1.3890211582183838,
        1.9668338298797607,
        -0.10017327964305878,
        -0.9014211297035217,
        -0.5218036770820618,
        0.12516868114471436,
        0.34269973635673523
    ]
}