{
    "id": 10822,
    "range": [
        121.756804,
        31.662716,
        121.766804,
        31.652716
    ],
    "image_path": "CitySatellite\\Shanghai\\10822.jpg",
    "poi": [],
    "places": [],
    "transport": [],
    "traffic": [],
    "buildings": [],
    "landuse": [],
    "road_inner": [],
    "road_connect": {},
    "population": [
        0.0
    ],
    "transport_embedding": [
        -0.13781161606311798,
        -0.7900227308273315,
        0.45422783493995667,
        -0.5598333477973938,
        0.434890478849411,
        1.6724778413772583,
        0.026575643569231033,
        0.12419019639492035,
        0.7704694271087646,
        -0.2860546112060547
    ],
    "roadnet_embedding": [
        1.048996090888977,
        -0.4353044033050537,
        0.06465509533882141,
        0.599463939666748,
        -3.042797803878784,
        0.038052305579185486,
        0.08810210227966309,
        -0.12859928607940674,
        -0.08755600452423096,
        0.3908897936344147
    ],
    "function_embedding": [
        -0.6235175132751465,
        -0.3064991235733032,
        -0.0402618832886219,
        -0.07846023887395859,
        -1.3441423177719116,
        -0.08843866735696793,
        0.03355317562818527,
        -0.11615652590990067,
        -0.23083311319351196,
        0.20583213865756989
    ],
    "city_embedding": [
        -0.983723521232605,
        0.0036167511716485023,
        0.6694934964179993,
        1.3806318044662476,
        -0.5934169292449951,
        1.2560120820999146,
        0.1646505445241928,
        2.77662992477417,
        2.3926258087158203,
        3.5471549034118652
    ],
    "degree_embedding": [
        -0.9859232902526855,
        -0.14980502426624298,
        1.1363672018051147,
        1.3890211582183838,
        1.9668338298797607,
        -0.10017327964305878,
        -0.9014211297035217,
        -0.5218036770820618,
        0.12516868114471436,
        0.34269973635673523
    ]
}