{
    "id": 10823,
    "range": [
        121.756804,
        31.652716,
        121.766804,
        31.642716
    ],
    "image_path": "CitySatellite\\Shanghai\\10823.jpg",
    "poi": [],
    "places": [],
    "transport": [],
    "traffic": [],
    "buildings": [],
    "landuse": [],
    "road_inner": [],
    "road_connect": {},
    "population": [
        0.0
    ],
    "transport_embedding": [
        -0.27761656045913696,
        -0.7366256713867188,
        0.8660589456558228,
        -0.4396512806415558,
        1.2009034156799316,
        0.20483136177062988,
        -1.0168801546096802,
        0.01394638977944851,
        -0.4846351444721222,
        -0.11574655771255493
    ],
    "roadnet_embedding": [
        1.0218011140823364,
        -0.44265568256378174,
        0.111501544713974,
        0.48819518089294434,
        -2.6966335773468018,
        -0.17589186131954193,
        0.017987865954637527,
        -0.016553550958633423,
        -0.03257066011428833,
        0.33459973335266113
    ],
    "function_embedding": [
        -0.5722054839134216,
        -0.3282969295978546,
        -0.051445748656988144,
        0.053853075951337814,
        -1.4352707862854004,
        -0.04354975372552872,
        -0.08893784880638123,
        -0.00863944087177515,
        -0.0796719565987587,
        0.1484270989894867
    ],
    "city_embedding": [
        -0.983723521232605,
        0.0036167511716485023,
        0.6694934964179993,
        1.3806318044662476,
        -0.5934169292449951,
        1.2560120820999146,
        0.1646505445241928,
        2.77662992477417,
        2.3926258087158203,
        3.5471549034118652
    ],
    "degree_embedding": [
        -0.9859232902526855,
        -0.14980502426624298,
        1.1363672018051147,
        1.3890211582183838,
        1.9668338298797607,
        -0.10017327964305878,
        -0.9014211297035217,
        -0.5218036770820618,
        0.12516868114471436,
        0.34269973635673523
    ]
}