{
    "id": 10905,
    "range": [
        121.756804,
        30.832716,
        121.766804,
        30.822716
    ],
    "image_path": "CitySatellite\\Shanghai\\10905.jpg",
    "poi": [],
    "places": [],
    "transport": [],
    "traffic": [],
    "buildings": [],
    "landuse": [],
    "road_inner": [],
    "road_connect": {},
    "population": [
        0.0
    ],
    "transport_embedding": [
        -0.07828480750322342,
        -0.8279377818107605,
        0.3804876506328583,
        -0.6276148557662964,
        -0.2860080897808075,
        0.8236794471740723,
        0.6922944188117981,
        1.0667872428894043,
        0.8681042790412903,
        -0.2807238698005676
    ],
    "roadnet_embedding": [
        1.0715194940567017,
        -0.43261972069740295,
        0.06672678142786026,
        0.5816462635993958,
        -2.758546829223633,
        -0.14079441130161285,
        -0.037618473172187805,
        -0.06372890621423721,
        0.0008993122610263526,
        0.24282674491405487
    ],
    "function_embedding": [
        -0.6240150332450867,
        -0.29644066095352173,
        -0.059173084795475006,
        0.0709945559501648,
        -1.4554272890090942,
        -0.060881298035383224,
        -0.10352393239736557,
        -0.05365406721830368,
        -0.13474158942699432,
        0.3002372086048126
    ],
    "city_embedding": [
        -0.983723521232605,
        0.0036167511716485023,
        0.6694934964179993,
        1.3806318044662476,
        -0.5934169292449951,
        1.2560120820999146,
        0.1646505445241928,
        2.77662992477417,
        2.3926258087158203,
        3.5471549034118652
    ],
    "degree_embedding": [
        -0.9859232902526855,
        -0.14980502426624298,
        1.1363672018051147,
        1.3890211582183838,
        1.9668338298797607,
        -0.10017327964305878,
        -0.9014211297035217,
        -0.5218036770820618,
        0.12516868114471436,
        0.34269973635673523
    ]
}