{
    "id": 10904,
    "range": [
        121.756804,
        30.842716,
        121.766804,
        30.83271599999999
    ],
    "image_path": "CitySatellite\\Shanghai\\10904.jpg",
    "poi": [],
    "places": [],
    "transport": [],
    "traffic": [],
    "buildings": [],
    "landuse": [],
    "road_inner": [],
    "road_connect": {},
    "population": [
        0.0
    ],
    "transport_embedding": [
        -0.29186710715293884,
        -0.7195692658424377,
        0.9230324625968933,
        -0.4135211706161499,
        1.191819667816162,
        0.377823144197464,
        -1.3371890783309937,
        -0.6337175965309143,
        -0.06860390305519104,
        -0.033030398190021515
    ],
    "roadnet_embedding": [
        1.0667880773544312,
        -0.4457238018512726,
        0.05793015658855438,
        0.6321024298667908,
        -2.8346166610717773,
        -0.1267629861831665,
        0.039918430149555206,
        -0.09024611860513687,
        -0.1013726145029068,
        0.18571335077285767
    ],
    "function_embedding": [
        -0.6093077063560486,
        -0.291558176279068,
        -0.049238141626119614,
        0.09244810789823532,
        -1.4813969135284424,
        -0.08615533262491226,
        -0.03836323693394661,
        -0.09312734007835388,
        -0.09754189103841782,
        0.2521056532859802
    ],
    "city_embedding": [
        -0.983723521232605,
        0.0036167511716485023,
        0.6694934964179993,
        1.3806318044662476,
        -0.5934169292449951,
        1.2560120820999146,
        0.1646505445241928,
        2.77662992477417,
        2.3926258087158203,
        3.5471549034118652
    ],
    "degree_embedding": [
        -0.9859232902526855,
        -0.14980502426624298,
        1.1363672018051147,
        1.3890211582183838,
        1.9668338298797607,
        -0.10017327964305878,
        -0.9014211297035217,
        -0.5218036770820618,
        0.12516868114471436,
        0.34269973635673523
    ]
}