{
    "id": 10944,
    "range": [
        121.766804,
        31.642716,
        121.776804,
        31.632716
    ],
    "image_path": "CitySatellite\\Shanghai\\10944.jpg",
    "poi": [],
    "places": [],
    "transport": [],
    "traffic": [],
    "buildings": [],
    "landuse": [],
    "road_inner": [],
    "road_connect": {},
    "population": [
        0.0
    ],
    "transport_embedding": [
        -0.18784812092781067,
        -0.6760221123695374,
        0.5956424474716187,
        -0.7443746328353882,
        0.300143301486969,
        0.17896637320518494,
        -0.6698073744773865,
        0.4852364659309387,
        0.15913550555706024,
        -0.18110018968582153
    ],
    "roadnet_embedding": [
        1.0497276782989502,
        -0.4192247688770294,
        0.07700830698013306,
        0.601212739944458,
        -3.0815892219543457,
        0.10163480043411255,
        0.0866144523024559,
        -0.18763943016529083,
        -0.07240350544452667,
        0.36826249957084656
    ],
    "function_embedding": [
        -0.5705421566963196,
        -0.3173040449619293,
        -0.07325084507465363,
        0.07479646801948547,
        -1.4761576652526855,
        -0.009539785794913769,
        -0.17104554176330566,
        -0.002574755810201168,
        -0.054104458540678024,
        0.22158552706241608
    ],
    "city_embedding": [
        -0.983723521232605,
        0.0036167511716485023,
        0.6694934964179993,
        1.3806318044662476,
        -0.5934169292449951,
        1.2560120820999146,
        0.1646505445241928,
        2.77662992477417,
        2.3926258087158203,
        3.5471549034118652
    ],
    "degree_embedding": [
        -0.9859232902526855,
        -0.14980502426624298,
        1.1363672018051147,
        1.3890211582183838,
        1.9668338298797607,
        -0.10017327964305878,
        -0.9014211297035217,
        -0.5218036770820618,
        0.12516868114471436,
        0.34269973635673523
    ]
}