{
    "id": 10946,
    "range": [
        121.766804,
        31.622716,
        121.776804,
        31.612716
    ],
    "image_path": "CitySatellite\\Shanghai\\10946.jpg",
    "poi": [],
    "places": [],
    "transport": [],
    "traffic": [],
    "buildings": [],
    "landuse": [
        [
            7229,
            2,
            5,
            4.4181837
        ]
    ],
    "road_inner": [],
    "road_connect": {},
    "population": [
        10.63011554327149
    ],
    "transport_embedding": [
        -0.1744551807641983,
        -0.8023333549499512,
        0.5812955498695374,
        -0.43562182784080505,
        0.22039830684661865,
        1.4021002054214478,
        0.0010474439477548003,
        -0.16352258622646332,
        1.1908998489379883,
        -0.1987716257572174
    ],
    "roadnet_embedding": [
        1.0249605178833008,
        -0.4206918478012085,
        0.07130193710327148,
        0.5078189373016357,
        -2.9225192070007324,
        -0.10493293404579163,
        0.04005402699112892,
        0.01440766267478466,
        -0.0007841405458748341,
        0.3005187511444092
    ],
    "function_embedding": [
        -1.1040881872177124,
        -0.6352612972259521,
        1.5167851448059082,
        0.6004065275192261,
        0.5827457308769226,
        -2.016112804412842,
        -0.05249660462141037,
        1.0636545419692993,
        -0.2825518250465393,
        -0.1376812607049942
    ],
    "city_embedding": [
        -0.9837574362754822,
        0.003534951712936163,
        0.6680843234062195,
        1.3791581392288208,
        -0.5936146974563599,
        1.2549762725830078,
        0.16630171239376068,
        2.778228759765625,
        2.3918380737304688,
        3.544402837753296
    ],
    "degree_embedding": [
        -0.9859232902526855,
        -0.14980502426624298,
        1.1363672018051147,
        1.3890211582183838,
        1.9668338298797607,
        -0.10017327964305878,
        -0.9014211297035217,
        -0.5218036770820618,
        0.12516868114471436,
        0.34269973635673523
    ]
}