{
    "id": 10985,
    "range": [
        121.766804,
        31.232716,
        121.776804,
        31.222716
    ],
    "image_path": "CitySatellite\\Shanghai\\10985.jpg",
    "poi": [],
    "places": [],
    "transport": [],
    "traffic": [],
    "buildings": [],
    "landuse": [],
    "road_inner": [
        [
            5154,
            1.0,
            5,
            591.8386666666667
        ]
    ],
    "road_connect": {
        "10866": {
            "5": 1
        },
        "10865": {
            "5": 1
        }
    },
    "population": [
        0.0
    ],
    "transport_embedding": [
        -0.045851293951272964,
        -0.9312610030174255,
        0.3836163580417633,
        -0.5037500858306885,
        -0.2616322338581085,
        0.9873415231704712,
        0.7118239402770996,
        0.3845447897911072,
        1.0853039026260376,
        -0.13310952484607697
    ],
    "roadnet_embedding": [
        1.3794231414794922,
        -0.6788800954818726,
        -0.19718801975250244,
        0.014464832842350006,
        -0.20738647878170013,
        -0.9936604499816895,
        0.12713773548603058,
        -0.12132415175437927,
        -0.49117085337638855,
        -1.4453877210617065
    ],
    "function_embedding": [
        -0.6097370386123657,
        -0.3038380444049835,
        -0.12713883817195892,
        0.015402579680085182,
        -1.4190082550048828,
        -0.05281001329421997,
        -0.06796646863222122,
        -0.06265942007303238,
        -0.009702365845441818,
        0.3533972203731537
    ],
    "city_embedding": [
        -0.983723521232605,
        0.0036167511716485023,
        0.6694934964179993,
        1.3806318044662476,
        -0.5934169292449951,
        1.2560120820999146,
        0.1646505445241928,
        2.77662992477417,
        2.3926258087158203,
        3.5471549034118652
    ],
    "degree_embedding": [
        -0.9813666343688965,
        -0.4224967956542969,
        1.1640962362289429,
        1.1915993690490723,
        1.5031216144561768,
        0.06068969517946243,
        -0.3323799669742584,
        -0.6514042615890503,
        0.49402618408203125,
        -0.5870565176010132
    ]
}