{
    "id": 11018,
    "range": [
        121.766804,
        30.902716,
        121.776804,
        30.892716
    ],
    "image_path": "CitySatellite\\Shanghai\\11018.jpg",
    "poi": [],
    "places": [],
    "transport": [],
    "traffic": [],
    "buildings": [],
    "landuse": [],
    "road_inner": [
        [
            5115,
            1.0,
            3,
            494.226
        ]
    ],
    "road_connect": {
        "10898": {
            "3": 1
        }
    },
    "population": [
        370.8358097076416
    ],
    "transport_embedding": [
        -0.14379605650901794,
        -0.7246373295783997,
        0.4875631332397461,
        -0.7464479207992554,
        -0.07053227722644806,
        -0.1897323727607727,
        0.3172394335269928,
        1.3127551078796387,
        0.20332524180412292,
        -0.23848532140254974
    ],
    "roadnet_embedding": [
        1.1269700527191162,
        -0.5112291574478149,
        0.13474000990390778,
        0.3974332809448242,
        -1.7616829872131348,
        -0.7501770853996277,
        -0.21151085197925568,
        0.222592294216156,
        -0.1132361963391304,
        0.11550885438919067
    ],
    "function_embedding": [
        -0.5882601141929626,
        -0.2880629897117615,
        -0.07425634562969208,
        0.11843294650316238,
        -1.5323017835617065,
        -0.04748675599694252,
        -0.14615105092525482,
        -0.047035809606313705,
        -0.06924982368946075,
        0.29277777671813965
    ],
    "city_embedding": [
        -0.9849081039428711,
        0.0009049548534676433,
        0.620203971862793,
        1.3289453983306885,
        -0.6006383895874023,
        1.2200833559036255,
        0.22222371399402618,
        2.831256866455078,
        2.365750789642334,
        3.4476070404052734
    ],
    "degree_embedding": [
        -0.9859307408332825,
        -0.2012253850698471,
        0.8380629420280457,
        1.047954797744751,
        1.7791718244552612,
        0.08375780284404755,
        -0.40790480375289917,
        -0.5231727957725525,
        0.37546655535697937,
        -0.5790208578109741
    ]
}