{
    "id": 11019,
    "range": [
        121.766804,
        30.892716,
        121.776804,
        30.882716
    ],
    "image_path": "CitySatellite\\Shanghai\\11019.jpg",
    "poi": [],
    "places": [],
    "transport": [],
    "traffic": [],
    "buildings": [],
    "landuse": [],
    "road_inner": [
        [
            5122,
            1.0,
            4,
            669.9136666666667
        ]
    ],
    "road_connect": {
        "10899": {
            "4": 1
        },
        "11139": {
            "4": 1
        }
    },
    "population": [
        48.5519323348999
    ],
    "transport_embedding": [
        -0.15936808288097382,
        -0.8851509690284729,
        0.6194296479225159,
        -0.30304837226867676,
        0.519618570804596,
        1.6381878852844238,
        -0.3667312264442444,
        -0.8652795553207397,
        1.3676722049713135,
        -0.10589483380317688
    ],
    "roadnet_embedding": [
        0.8160536885261536,
        -0.7522778511047363,
        0.09793730825185776,
        -0.8031683564186096,
        -0.042157549411058426,
        -2.3872153759002686,
        -0.17693395912647247,
        1.0982933044433594,
        0.5876083374023438,
        -0.6937215328216553
    ],
    "function_embedding": [
        -0.6153051853179932,
        -0.2987499237060547,
        -0.0346476249396801,
        0.03972253203392029,
        -1.450989007949829,
        -0.0650261640548706,
        -0.09892246872186661,
        -0.0825423151254654,
        -0.08501094579696655,
        0.18845458328723907
    ],
    "city_embedding": [
        -0.9838787317276001,
        0.0032542143017053604,
        0.6630293726921082,
        1.3738739490509033,
        -0.5944430232048035,
        1.2513153553009033,
        0.17219534516334534,
        2.7837116718292236,
        2.389069080352783,
        3.533928632736206
    ],
    "degree_embedding": [
        -0.9803432822227478,
        -0.4955008625984192,
        0.02320222556591034,
        0.8904775381088257,
        1.3509734869003296,
        0.22085069119930267,
        -0.2695158123970032,
        -1.039759874343872,
        0.8916219472885132,
        -1.264162540435791
    ]
}