{
    "id": 11025,
    "range": [
        121.766804,
        30.832716,
        121.776804,
        30.822716
    ],
    "image_path": "CitySatellite\\Shanghai\\11025.jpg",
    "poi": [],
    "places": [],
    "transport": [],
    "traffic": [],
    "buildings": [],
    "landuse": [],
    "road_inner": [],
    "road_connect": {},
    "population": [
        0.0
    ],
    "transport_embedding": [
        -0.1876295655965805,
        -0.7926011681556702,
        0.6343654990196228,
        -0.46643197536468506,
        0.599769651889801,
        0.6534084677696228,
        -0.4811408519744873,
        0.02093932218849659,
        0.7251123785972595,
        -0.15376779437065125
    ],
    "roadnet_embedding": [
        0.9758376479148865,
        -0.4404502213001251,
        0.10865920782089233,
        0.6028221845626831,
        -2.9109652042388916,
        0.006898940075188875,
        0.11197791993618011,
        -0.1768573671579361,
        -0.047028861939907074,
        0.38110870122909546
    ],
    "function_embedding": [
        -0.6335103511810303,
        -0.2644348740577698,
        -0.04412088170647621,
        0.07397697865962982,
        -1.476356863975525,
        -0.11131830513477325,
        -0.01526969950646162,
        -0.12753424048423767,
        -0.15341971814632416,
        0.2809963822364807
    ],
    "city_embedding": [
        -0.983723521232605,
        0.0036167511716485023,
        0.6694934964179993,
        1.3806318044662476,
        -0.5934169292449951,
        1.2560120820999146,
        0.1646505445241928,
        2.77662992477417,
        2.3926258087158203,
        3.5471549034118652
    ],
    "degree_embedding": [
        -0.9859232902526855,
        -0.14980502426624298,
        1.1363672018051147,
        1.3890211582183838,
        1.9668338298797607,
        -0.10017327964305878,
        -0.9014211297035217,
        -0.5218036770820618,
        0.12516868114471436,
        0.34269973635673523
    ]
}