{
    "id": 11024,
    "range": [
        121.766804,
        30.842716,
        121.776804,
        30.83271599999999
    ],
    "image_path": "CitySatellite\\Shanghai\\11024.jpg",
    "poi": [],
    "places": [],
    "transport": [],
    "traffic": [],
    "buildings": [],
    "landuse": [],
    "road_inner": [],
    "road_connect": {},
    "population": [
        0.0
    ],
    "transport_embedding": [
        -0.25564807653427124,
        -0.7448868751525879,
        0.7799441814422607,
        -0.47332894802093506,
        1.1967709064483643,
        0.3883737623691559,
        -1.0081324577331543,
        -0.05014272779226303,
        -0.31833121180534363,
        -0.12741202116012573
    ],
    "roadnet_embedding": [
        1.070317268371582,
        -0.4248534142971039,
        0.07097315788269043,
        0.6238797903060913,
        -3.0271494388580322,
        0.11395268142223358,
        0.06530076265335083,
        -0.2675972878932953,
        -0.06192689761519432,
        0.33560481667518616
    ],
    "function_embedding": [
        -0.5973507761955261,
        -0.3171175420284271,
        -0.055367372930049896,
        0.09093304723501205,
        -1.4550269842147827,
        -0.07945516705513,
        -0.03968290984630585,
        -0.06779590249061584,
        -0.12496182322502136,
        0.2982405126094818
    ],
    "city_embedding": [
        -0.983723521232605,
        0.0036167511716485023,
        0.6694934964179993,
        1.3806318044662476,
        -0.5934169292449951,
        1.2560120820999146,
        0.1646505445241928,
        2.77662992477417,
        2.3926258087158203,
        3.5471549034118652
    ],
    "degree_embedding": [
        -0.9859232902526855,
        -0.14980502426624298,
        1.1363672018051147,
        1.3890211582183838,
        1.9668338298797607,
        -0.10017327964305878,
        -0.9014211297035217,
        -0.5218036770820618,
        0.12516868114471436,
        0.34269973635673523
    ]
}