{
    "id": 11063,
    "range": [
        121.776804,
        31.652716,
        121.786804,
        31.642716
    ],
    "image_path": "CitySatellite\\Shanghai\\11063.jpg",
    "poi": [],
    "places": [],
    "transport": [],
    "traffic": [],
    "buildings": [],
    "landuse": [],
    "road_inner": [],
    "road_connect": {},
    "population": [
        0.0
    ],
    "transport_embedding": [
        -0.1174067035317421,
        -0.6074522137641907,
        0.4456968605518341,
        -0.9055121541023254,
        -0.5474197268486023,
        1.1223821640014648,
        1.376765251159668,
        1.9126330614089966,
        0.09895467758178711,
        -0.42761316895484924
    ],
    "roadnet_embedding": [
        1.0559418201446533,
        -0.4524776339530945,
        0.04664379730820656,
        0.6155353784561157,
        -2.825779914855957,
        -0.1836315542459488,
        0.04336073249578476,
        -0.03396831080317497,
        -0.09958755970001221,
        0.1730385720729828
    ],
    "function_embedding": [
        -0.5870016813278198,
        -0.3229273557662964,
        -0.055697839707136154,
        0.028058761730790138,
        -1.3962469100952148,
        -0.06505261361598969,
        0.021882344037294388,
        -0.11359339207410812,
        -0.123066246509552,
        0.188428595662117
    ],
    "city_embedding": [
        -0.983723521232605,
        0.0036167511716485023,
        0.6694934964179993,
        1.3806318044662476,
        -0.5934169292449951,
        1.2560120820999146,
        0.1646505445241928,
        2.77662992477417,
        2.3926258087158203,
        3.5471549034118652
    ],
    "degree_embedding": [
        -0.9859232902526855,
        -0.14980502426624298,
        1.1363672018051147,
        1.3890211582183838,
        1.9668338298797607,
        -0.10017327964305878,
        -0.9014211297035217,
        -0.5218036770820618,
        0.12516868114471436,
        0.34269973635673523
    ]
}