{
    "id": 11065,
    "range": [
        121.776804,
        31.63271600000001,
        121.786804,
        31.622716
    ],
    "image_path": "CitySatellite\\Shanghai\\11065.jpg",
    "poi": [],
    "places": [],
    "transport": [],
    "traffic": [],
    "buildings": [],
    "landuse": [],
    "road_inner": [],
    "road_connect": {},
    "population": [
        0.0
    ],
    "transport_embedding": [
        -0.20583081245422363,
        -0.4708477556705475,
        0.6735886335372925,
        -1.0334131717681885,
        -0.31053346395492554,
        -0.21185918152332306,
        0.9485617280006409,
        2.410731315612793,
        -1.019964337348938,
        -0.47172629833221436
    ],
    "roadnet_embedding": [
        1.1577388048171997,
        -0.417192667722702,
        0.023075653240084648,
        0.5631044507026672,
        -2.922807216644287,
        -8.752351277507842e-05,
        -0.024355147033929825,
        -0.14485058188438416,
        -0.04893802851438522,
        0.21733398735523224
    ],
    "function_embedding": [
        -0.5952885150909424,
        -0.3017309606075287,
        -0.0622137077152729,
        0.0792977586388588,
        -1.4612294435501099,
        -0.08319930732250214,
        -0.08286402374505997,
        -0.038883112370967865,
        -0.09020347148180008,
        0.24286498129367828
    ],
    "city_embedding": [
        -0.983723521232605,
        0.0036167511716485023,
        0.6694934964179993,
        1.3806318044662476,
        -0.5934169292449951,
        1.2560120820999146,
        0.1646505445241928,
        2.77662992477417,
        2.3926258087158203,
        3.5471549034118652
    ],
    "degree_embedding": [
        -0.9859232902526855,
        -0.14980502426624298,
        1.1363672018051147,
        1.3890211582183838,
        1.9668338298797607,
        -0.10017327964305878,
        -0.9014211297035217,
        -0.5218036770820618,
        0.12516868114471436,
        0.34269973635673523
    ]
}