{
    "id": 11066,
    "range": [
        121.776804,
        31.622716,
        121.786804,
        31.612716
    ],
    "image_path": "CitySatellite\\Shanghai\\11066.jpg",
    "poi": [],
    "places": [],
    "transport": [],
    "traffic": [],
    "buildings": [],
    "landuse": [
        [
            7229,
            1,
            5,
            1.7592565
        ]
    ],
    "road_inner": [],
    "road_connect": {},
    "population": [
        26.68506240844727
    ],
    "transport_embedding": [
        -0.13426470756530762,
        -0.8850489258766174,
        0.5631686449050903,
        -0.3366890549659729,
        0.14703261852264404,
        1.608974575996399,
        0.11149028688669205,
        -0.2953229248523712,
        1.4990506172180176,
        -0.1767587810754776
    ],
    "roadnet_embedding": [
        1.0888159275054932,
        -0.42044970393180847,
        0.027021633461117744,
        0.5414546132087708,
        -3.039647340774536,
        -0.017144767567515373,
        0.0348534993827343,
        -0.049681954085826874,
        -0.02617630735039711,
        0.3011181056499481
    ],
    "function_embedding": [
        -0.7198848128318787,
        -0.9977672100067139,
        0.7425076961517334,
        -0.6868493556976318,
        0.7499672770500183,
        -0.8930638432502747,
        -0.12867842614650726,
        1.4756861925125122,
        -0.4213227927684784,
        -1.2350735664367676
    ],
    "city_embedding": [
        -0.983808696269989,
        0.003411713754758239,
        0.6659469604492188,
        1.376930832862854,
        -0.5940381288528442,
        1.2534339427947998,
        0.16878493130207062,
        2.7805557250976562,
        2.390690565109253,
        3.5400516986846924
    ],
    "degree_embedding": [
        -0.9859232902526855,
        -0.14980502426624298,
        1.1363672018051147,
        1.3890211582183838,
        1.9668338298797607,
        -0.10017327964305878,
        -0.9014211297035217,
        -0.5218036770820618,
        0.12516868114471436,
        0.34269973635673523
    ]
}