{
    "id": 11106,
    "range": [
        121.776804,
        31.222716,
        121.786804,
        31.212716
    ],
    "image_path": "CitySatellite\\Shanghai\\11106.jpg",
    "poi": [],
    "places": [],
    "transport": [],
    "traffic": [],
    "buildings": [],
    "landuse": [],
    "road_inner": [],
    "road_connect": {},
    "population": [
        0.0
    ],
    "transport_embedding": [
        -0.28916481137275696,
        -0.4346044957637787,
        0.8589340448379517,
        -0.9545189738273621,
        -0.3391698896884918,
        -1.2987489700317383,
        0.7942173480987549,
        2.1742019653320312,
        -0.933626115322113,
        -0.33972296118736267
    ],
    "roadnet_embedding": [
        1.0642033815383911,
        -0.4119528532028198,
        0.07338199019432068,
        0.5695058107376099,
        -3.0390963554382324,
        0.037508774548769,
        0.03411717712879181,
        -0.09063362330198288,
        -0.04269722104072571,
        0.37227049469947815
    ],
    "function_embedding": [
        -0.5535454154014587,
        -0.3805719017982483,
        -0.09310635179281235,
        0.0035910140722990036,
        -1.304128646850586,
        -0.05493372306227684,
        0.08346936106681824,
        -0.06046787276864052,
        -0.07900920510292053,
        0.2544366121292114
    ],
    "city_embedding": [
        -0.983723521232605,
        0.0036167511716485023,
        0.6694934964179993,
        1.3806318044662476,
        -0.5934169292449951,
        1.2560120820999146,
        0.1646505445241928,
        2.77662992477417,
        2.3926258087158203,
        3.5471549034118652
    ],
    "degree_embedding": [
        -0.9859232902526855,
        -0.14980502426624298,
        1.1363672018051147,
        1.3890211582183838,
        1.9668338298797607,
        -0.10017327964305878,
        -0.9014211297035217,
        -0.5218036770820618,
        0.12516868114471436,
        0.34269973635673523
    ]
}