{
    "id": 11144,
    "range": [
        121.776804,
        30.842716,
        121.786804,
        30.83271599999999
    ],
    "image_path": "CitySatellite\\Shanghai\\11144.jpg",
    "poi": [],
    "places": [],
    "transport": [],
    "traffic": [],
    "buildings": [],
    "landuse": [],
    "road_inner": [],
    "road_connect": {},
    "population": [
        0.0
    ],
    "transport_embedding": [
        -0.18346430361270905,
        -0.7079605460166931,
        0.57505202293396,
        -0.6671754121780396,
        0.6271895170211792,
        1.0642884969711304,
        -1.061053991317749,
        -0.659968376159668,
        0.6086708903312683,
        -0.09147406369447708
    ],
    "roadnet_embedding": [
        1.0662822723388672,
        -0.41904497146606445,
        0.08155127614736557,
        0.5828588604927063,
        -2.9779224395751953,
        0.0941019132733345,
        0.022757718339562416,
        -0.2091732621192932,
        -0.027633821591734886,
        0.40366920828819275
    ],
    "function_embedding": [
        -0.5981231927871704,
        -0.29855260252952576,
        -0.055880267173051834,
        0.03310057893395424,
        -1.4488825798034668,
        -0.06919018179178238,
        0.00736522302031517,
        -0.1493527889251709,
        -0.13184677064418793,
        0.23119314014911652
    ],
    "city_embedding": [
        -0.983723521232605,
        0.0036167511716485023,
        0.6694934964179993,
        1.3806318044662476,
        -0.5934169292449951,
        1.2560120820999146,
        0.1646505445241928,
        2.77662992477417,
        2.3926258087158203,
        3.5471549034118652
    ],
    "degree_embedding": [
        -0.9859232902526855,
        -0.14980502426624298,
        1.1363672018051147,
        1.3890211582183838,
        1.9668338298797607,
        -0.10017327964305878,
        -0.9014211297035217,
        -0.5218036770820618,
        0.12516868114471436,
        0.34269973635673523
    ]
}