{
    "id": 11145,
    "range": [
        121.776804,
        30.832716,
        121.786804,
        30.822716
    ],
    "image_path": "CitySatellite\\Shanghai\\11145.jpg",
    "poi": [],
    "places": [],
    "transport": [],
    "traffic": [],
    "buildings": [],
    "landuse": [],
    "road_inner": [],
    "road_connect": {},
    "population": [
        0.0
    ],
    "transport_embedding": [
        -0.11305230110883713,
        -0.8411840796470642,
        0.40805450081825256,
        -0.49203523993492126,
        -0.29400306940078735,
        1.5934234857559204,
        0.7920098304748535,
        0.42705848813056946,
        1.371877670288086,
        -0.26027435064315796
    ],
    "roadnet_embedding": [
        0.933577299118042,
        -0.46235787868499756,
        0.13817088305950165,
        0.5180955529212952,
        -2.694857120513916,
        -0.20655249059200287,
        0.11097396910190582,
        -0.02218843251466751,
        -0.07809632271528244,
        0.3112948536872864
    ],
    "function_embedding": [
        -0.5664908289909363,
        -0.32982537150382996,
        -0.05054052919149399,
        0.04463457688689232,
        -1.4318870306015015,
        -0.020948978140950203,
        -0.08598256856203079,
        -0.016416402533650398,
        -0.09466737508773804,
        0.1345559060573578
    ],
    "city_embedding": [
        -0.983723521232605,
        0.0036167511716485023,
        0.6694934964179993,
        1.3806318044662476,
        -0.5934169292449951,
        1.2560120820999146,
        0.1646505445241928,
        2.77662992477417,
        2.3926258087158203,
        3.5471549034118652
    ],
    "degree_embedding": [
        -0.9859232902526855,
        -0.14980502426624298,
        1.1363672018051147,
        1.3890211582183838,
        1.9668338298797607,
        -0.10017327964305878,
        -0.9014211297035217,
        -0.5218036770820618,
        0.12516868114471436,
        0.34269973635673523
    ]
}