{
    "id": 11184,
    "range": [
        121.786804,
        31.642716,
        121.796804,
        31.632716
    ],
    "image_path": "CitySatellite\\Shanghai\\11184.jpg",
    "poi": [],
    "places": [],
    "transport": [],
    "traffic": [],
    "buildings": [],
    "landuse": [],
    "road_inner": [],
    "road_connect": {},
    "population": [
        0.0
    ],
    "transport_embedding": [
        -0.14878617227077484,
        -0.9000430703163147,
        0.6652113795280457,
        -0.31322962045669556,
        0.32514673471450806,
        1.2395869493484497,
        -0.35199064016342163,
        -0.8575544953346252,
        1.2026373147964478,
        -0.06212397292256355
    ],
    "roadnet_embedding": [
        1.1374105215072632,
        -0.4246477782726288,
        0.0355861634016037,
        0.6063481569290161,
        -2.9497487545013428,
        0.051383186131715775,
        -0.0001288341445615515,
        -0.23221278190612793,
        -0.0665724128484726,
        0.2569199502468109
    ],
    "function_embedding": [
        -0.6105432510375977,
        -0.3103000223636627,
        -0.06820565462112427,
        0.07384627312421799,
        -1.4135708808898926,
        -0.07524426281452179,
        0.040318503975868225,
        -0.08014930039644241,
        -0.14187653362751007,
        0.30836406350135803
    ],
    "city_embedding": [
        -0.983723521232605,
        0.0036167511716485023,
        0.6694934964179993,
        1.3806318044662476,
        -0.5934169292449951,
        1.2560120820999146,
        0.1646505445241928,
        2.77662992477417,
        2.3926258087158203,
        3.5471549034118652
    ],
    "degree_embedding": [
        -0.9859232902526855,
        -0.14980502426624298,
        1.1363672018051147,
        1.3890211582183838,
        1.9668338298797607,
        -0.10017327964305878,
        -0.9014211297035217,
        -0.5218036770820618,
        0.12516868114471436,
        0.34269973635673523
    ]
}