{
    "id": 11183,
    "range": [
        121.786804,
        31.652716,
        121.796804,
        31.642716
    ],
    "image_path": "CitySatellite\\Shanghai\\11183.jpg",
    "poi": [],
    "places": [],
    "transport": [],
    "traffic": [],
    "buildings": [],
    "landuse": [],
    "road_inner": [],
    "road_connect": {},
    "population": [
        0.0
    ],
    "transport_embedding": [
        -0.11313644051551819,
        -0.7381275296211243,
        0.4377876818180084,
        -0.7449265122413635,
        -0.0295473150908947,
        0.8899047374725342,
        -0.028306031599640846,
        0.744831919670105,
        0.5023994445800781,
        -0.29089125990867615
    ],
    "roadnet_embedding": [
        1.1402580738067627,
        -0.42565441131591797,
        0.01743009313941002,
        0.564364492893219,
        -2.935955286026001,
        -0.09610307961702347,
        -0.0376533679664135,
        -0.04220126196742058,
        -0.03922012075781822,
        0.2190200239419937
    ],
    "function_embedding": [
        -0.5787263512611389,
        -0.3350028991699219,
        -0.082099050283432,
        0.06953280419111252,
        -1.4234033823013306,
        6.833713086962234e-06,
        -0.07240373641252518,
        -0.02913188375532627,
        -0.08245791494846344,
        0.26141971349716187
    ],
    "city_embedding": [
        -0.983723521232605,
        0.0036167511716485023,
        0.6694934964179993,
        1.3806318044662476,
        -0.5934169292449951,
        1.2560120820999146,
        0.1646505445241928,
        2.77662992477417,
        2.3926258087158203,
        3.5471549034118652
    ],
    "degree_embedding": [
        -0.9859232902526855,
        -0.14980502426624298,
        1.1363672018051147,
        1.3890211582183838,
        1.9668338298797607,
        -0.10017327964305878,
        -0.9014211297035217,
        -0.5218036770820618,
        0.12516868114471436,
        0.34269973635673523
    ]
}