{
    "id": 11185,
    "range": [
        121.786804,
        31.63271600000001,
        121.796804,
        31.622716
    ],
    "image_path": "CitySatellite\\Shanghai\\11185.jpg",
    "poi": [],
    "places": [],
    "transport": [],
    "traffic": [],
    "buildings": [],
    "landuse": [],
    "road_inner": [],
    "road_connect": {},
    "population": [
        0.0
    ],
    "transport_embedding": [
        -0.07391587644815445,
        -0.7651786804199219,
        0.3354148864746094,
        -0.7490639090538025,
        -0.49900490045547485,
        1.3231110572814941,
        0.8694367408752441,
        0.8130362033843994,
        0.8272298574447632,
        -0.239947110414505
    ],
    "roadnet_embedding": [
        1.0972834825515747,
        -0.41569674015045166,
        0.037361107766628265,
        0.5845309495925903,
        -3.084094762802124,
        0.0467732809484005,
        0.028277887031435966,
        -0.10762832313776016,
        -0.039508841931819916,
        0.3356786072254181
    ],
    "function_embedding": [
        -0.59136962890625,
        -0.2912459373474121,
        -0.07215374708175659,
        0.05546761304140091,
        -1.4784910678863525,
        -0.044949375092983246,
        -0.060239631682634354,
        -0.10629791766405106,
        -0.09766250848770142,
        0.22673361003398895
    ],
    "city_embedding": [
        -0.983723521232605,
        0.0036167511716485023,
        0.6694934964179993,
        1.3806318044662476,
        -0.5934169292449951,
        1.2560120820999146,
        0.1646505445241928,
        2.77662992477417,
        2.3926258087158203,
        3.5471549034118652
    ],
    "degree_embedding": [
        -0.9859232902526855,
        -0.14980502426624298,
        1.1363672018051147,
        1.3890211582183838,
        1.9668338298797607,
        -0.10017327964305878,
        -0.9014211297035217,
        -0.5218036770820618,
        0.12516868114471436,
        0.34269973635673523
    ]
}