{
    "id": 11216,
    "range": [
        121.786804,
        31.322716,
        121.796804,
        31.312716
    ],
    "image_path": "CitySatellite\\Shanghai\\11216.jpg",
    "poi": [],
    "places": [],
    "transport": [],
    "traffic": [],
    "buildings": [],
    "landuse": [],
    "road_inner": [],
    "road_connect": {},
    "population": [
        0.0
    ],
    "transport_embedding": [
        -0.14373818039894104,
        -0.7568196654319763,
        0.4716717302799225,
        -0.6059979796409607,
        0.23485225439071655,
        1.5657250881195068,
        0.05848740041255951,
        0.23200668394565582,
        0.798475444316864,
        -0.28046995401382446
    ],
    "roadnet_embedding": [
        1.0796840190887451,
        -0.4202870726585388,
        0.051679953932762146,
        0.6386330127716064,
        -3.083707571029663,
        0.07757667452096939,
        0.04621950536966324,
        -0.17681680619716644,
        -0.03997915983200073,
        0.33616265654563904
    ],
    "function_embedding": [
        -0.6175140142440796,
        -0.28749626874923706,
        -0.03702455386519432,
        0.08048201352357864,
        -1.477882742881775,
        -0.05567528307437897,
        -0.08870913088321686,
        -0.07161102443933487,
        -0.16114072501659393,
        0.2792116105556488
    ],
    "city_embedding": [
        -0.983723521232605,
        0.0036167511716485023,
        0.6694934964179993,
        1.3806318044662476,
        -0.5934169292449951,
        1.2560120820999146,
        0.1646505445241928,
        2.77662992477417,
        2.3926258087158203,
        3.5471549034118652
    ],
    "degree_embedding": [
        -0.9859232902526855,
        -0.14980502426624298,
        1.1363672018051147,
        1.3890211582183838,
        1.9668338298797607,
        -0.10017327964305878,
        -0.9014211297035217,
        -0.5218036770820618,
        0.12516868114471436,
        0.34269973635673523
    ]
}