{
    "id": 11227,
    "range": [
        121.786804,
        31.212716,
        121.796804,
        31.202716
    ],
    "image_path": "CitySatellite\\Shanghai\\11227.jpg",
    "poi": [],
    "places": [],
    "transport": [],
    "traffic": [],
    "buildings": [],
    "landuse": [],
    "road_inner": [],
    "road_connect": {},
    "population": [
        0.0
    ],
    "transport_embedding": [
        -0.07891771197319031,
        -0.931496798992157,
        0.47264429926872253,
        -0.38562363386154175,
        0.07401228696107864,
        1.545757532119751,
        0.28427401185035706,
        -0.1906263679265976,
        1.376590371131897,
        -0.11693079769611359
    ],
    "roadnet_embedding": [
        1.1016987562179565,
        -0.42420846223831177,
        0.031178632751107216,
        0.5697692632675171,
        -2.9977691173553467,
        -0.08176948130130768,
        0.003304168814793229,
        -0.027366023510694504,
        -0.05537205561995506,
        0.24860267341136932
    ],
    "function_embedding": [
        -0.6088875532150269,
        -0.29814013838768005,
        -0.09096303582191467,
        0.08503805845975876,
        -1.4708609580993652,
        -0.03229965269565582,
        -0.040060341358184814,
        -0.0848793238401413,
        -0.12047512084245682,
        0.3845955729484558
    ],
    "city_embedding": [
        -0.983723521232605,
        0.0036167511716485023,
        0.6694934964179993,
        1.3806318044662476,
        -0.5934169292449951,
        1.2560120820999146,
        0.1646505445241928,
        2.77662992477417,
        2.3926258087158203,
        3.5471549034118652
    ],
    "degree_embedding": [
        -0.9859232902526855,
        -0.14980502426624298,
        1.1363672018051147,
        1.3890211582183838,
        1.9668338298797607,
        -0.10017327964305878,
        -0.9014211297035217,
        -0.5218036770820618,
        0.12516868114471436,
        0.34269973635673523
    ]
}