{
    "id": 11264,
    "range": [
        121.786804,
        30.842716,
        121.796804,
        30.83271599999999
    ],
    "image_path": "CitySatellite\\Shanghai\\11264.jpg",
    "poi": [],
    "places": [],
    "transport": [],
    "traffic": [],
    "buildings": [],
    "landuse": [],
    "road_inner": [],
    "road_connect": {},
    "population": [
        0.0
    ],
    "transport_embedding": [
        -0.12676745653152466,
        -0.6164649128913879,
        0.43871402740478516,
        -0.9823074340820312,
        -0.4396577477455139,
        -0.1325330287218094,
        0.8521470427513123,
        2.018826484680176,
        -0.3323473632335663,
        -0.3632188141345978
    ],
    "roadnet_embedding": [
        1.119505763053894,
        -0.41513592004776,
        0.04822840914130211,
        0.6152989864349365,
        -3.009336471557617,
        0.042019493877887726,
        -0.011760375462472439,
        -0.1581721305847168,
        -0.0463530458509922,
        0.3048911392688751
    ],
    "function_embedding": [
        -0.6142774224281311,
        -0.31930750608444214,
        -0.04222078621387482,
        0.06236378103494644,
        -1.4187419414520264,
        -0.0784064456820488,
        -0.0776878297328949,
        -0.038826700299978256,
        -0.11480628699064255,
        0.24399814009666443
    ],
    "city_embedding": [
        -0.983723521232605,
        0.0036167511716485023,
        0.6694934964179993,
        1.3806318044662476,
        -0.5934169292449951,
        1.2560120820999146,
        0.1646505445241928,
        2.77662992477417,
        2.3926258087158203,
        3.5471549034118652
    ],
    "degree_embedding": [
        -0.9859232902526855,
        -0.14980502426624298,
        1.1363672018051147,
        1.3890211582183838,
        1.9668338298797607,
        -0.10017327964305878,
        -0.9014211297035217,
        -0.5218036770820618,
        0.12516868114471436,
        0.34269973635673523
    ]
}