{
    "id": 11265,
    "range": [
        121.786804,
        30.832716,
        121.796804,
        30.822716
    ],
    "image_path": "CitySatellite\\Shanghai\\11265.jpg",
    "poi": [],
    "places": [],
    "transport": [],
    "traffic": [],
    "buildings": [],
    "landuse": [],
    "road_inner": [],
    "road_connect": {},
    "population": [
        0.0
    ],
    "transport_embedding": [
        -0.08736035227775574,
        -0.8650111556053162,
        0.46487852931022644,
        -0.5305622816085815,
        -0.06196783110499382,
        0.9175092577934265,
        0.20345860719680786,
        0.3085470497608185,
        1.0430270433425903,
        -0.16904181241989136
    ],
    "roadnet_embedding": [
        1.0112531185150146,
        -0.42826589941978455,
        0.07536417245864868,
        0.6146056056022644,
        -2.927593946456909,
        -0.03798959404230118,
        0.03945969045162201,
        -0.11222018301486969,
        0.001021839678287506,
        0.3280541002750397
    ],
    "function_embedding": [
        -0.6180510520935059,
        -0.2957867383956909,
        -0.05599595606327057,
        0.01194389071315527,
        -1.4017159938812256,
        -0.07100532948970795,
        0.04621477425098419,
        -0.12428402155637741,
        -0.21194986999034882,
        0.28296563029289246
    ],
    "city_embedding": [
        -0.983723521232605,
        0.0036167511716485023,
        0.6694934964179993,
        1.3806318044662476,
        -0.5934169292449951,
        1.2560120820999146,
        0.1646505445241928,
        2.77662992477417,
        2.3926258087158203,
        3.5471549034118652
    ],
    "degree_embedding": [
        -0.9859232902526855,
        -0.14980502426624298,
        1.1363672018051147,
        1.3890211582183838,
        1.9668338298797607,
        -0.10017327964305878,
        -0.9014211297035217,
        -0.5218036770820618,
        0.12516868114471436,
        0.34269973635673523
    ]
}