{
    "id": 11304,
    "range": [
        121.796804,
        31.642716,
        121.806804,
        31.632716
    ],
    "image_path": "CitySatellite\\Shanghai\\11304.jpg",
    "poi": [],
    "places": [],
    "transport": [],
    "traffic": [],
    "buildings": [],
    "landuse": [],
    "road_inner": [],
    "road_connect": {},
    "population": [
        0.0
    ],
    "transport_embedding": [
        -0.1806100457906723,
        -0.7133022546768188,
        0.5305145382881165,
        -0.6967849731445312,
        0.4968309998512268,
        0.7666427493095398,
        -0.01231247466057539,
        1.0266762971878052,
        -0.46831032633781433,
        -0.4107436537742615
    ],
    "roadnet_embedding": [
        1.103271484375,
        -0.4281988739967346,
        0.010748416185379028,
        0.5641330480575562,
        -2.979431629180908,
        -0.07941226661205292,
        0.026320572942495346,
        -0.04441862553358078,
        -0.023338155820965767,
        0.19882641732692719
    ],
    "function_embedding": [
        -0.5938301086425781,
        -0.3153633177280426,
        -0.06572860479354858,
        0.05651102960109711,
        -1.4162322282791138,
        -0.06721970438957214,
        0.011025236919522285,
        -0.057903315871953964,
        -0.1704733520746231,
        0.27865415811538696
    ],
    "city_embedding": [
        -0.983723521232605,
        0.0036167511716485023,
        0.6694934964179993,
        1.3806318044662476,
        -0.5934169292449951,
        1.2560120820999146,
        0.1646505445241928,
        2.77662992477417,
        2.3926258087158203,
        3.5471549034118652
    ],
    "degree_embedding": [
        -0.9859232902526855,
        -0.14980502426624298,
        1.1363672018051147,
        1.3890211582183838,
        1.9668338298797607,
        -0.10017327964305878,
        -0.9014211297035217,
        -0.5218036770820618,
        0.12516868114471436,
        0.34269973635673523
    ]
}