{
    "id": 11305,
    "range": [
        121.796804,
        31.63271600000001,
        121.806804,
        31.622716
    ],
    "image_path": "CitySatellite\\Shanghai\\11305.jpg",
    "poi": [],
    "places": [],
    "transport": [],
    "traffic": [],
    "buildings": [],
    "landuse": [],
    "road_inner": [],
    "road_connect": {},
    "population": [
        0.0
    ],
    "transport_embedding": [
        -0.18245700001716614,
        -0.6975773572921753,
        0.557596743106842,
        -0.7006365060806274,
        0.6290512681007385,
        1.1479905843734741,
        -0.29835057258605957,
        0.5661494731903076,
        -0.36377835273742676,
        -0.4047040343284607
    ],
    "roadnet_embedding": [
        1.0262752771377563,
        -0.44709688425064087,
        0.09352061152458191,
        0.5910301208496094,
        -2.805615186691284,
        -0.15169182419776917,
        0.041728634387254715,
        -0.009275030344724655,
        -0.056103114038705826,
        0.3208775222301483
    ],
    "function_embedding": [
        -0.5773401856422424,
        -0.3442043364048004,
        -0.07905096560716629,
        0.002168628852814436,
        -1.3565733432769775,
        -0.029559990391135216,
        -0.009071526117622852,
        -0.044723231345415115,
        -0.08969051390886307,
        0.1803770810365677
    ],
    "city_embedding": [
        -0.983723521232605,
        0.0036167511716485023,
        0.6694934964179993,
        1.3806318044662476,
        -0.5934169292449951,
        1.2560120820999146,
        0.1646505445241928,
        2.77662992477417,
        2.3926258087158203,
        3.5471549034118652
    ],
    "degree_embedding": [
        -0.9859232902526855,
        -0.14980502426624298,
        1.1363672018051147,
        1.3890211582183838,
        1.9668338298797607,
        -0.10017327964305878,
        -0.9014211297035217,
        -0.5218036770820618,
        0.12516868114471436,
        0.34269973635673523
    ]
}