{
    "id": 11384,
    "range": [
        121.796804,
        30.842716,
        121.806804,
        30.83271599999999
    ],
    "image_path": "CitySatellite\\Shanghai\\11384.jpg",
    "poi": [],
    "places": [],
    "transport": [],
    "traffic": [],
    "buildings": [],
    "landuse": [],
    "road_inner": [],
    "road_connect": {},
    "population": [
        0.0
    ],
    "transport_embedding": [
        -0.08116724342107773,
        -0.7518349289894104,
        0.35491999983787537,
        -0.7011423707008362,
        -0.5366684198379517,
        1.579917073249817,
        1.375539779663086,
        1.3375298976898193,
        0.9002252221107483,
        -0.34531646966934204
    ],
    "roadnet_embedding": [
        1.0503439903259277,
        -0.4264851212501526,
        0.10078758001327515,
        0.6174129247665405,
        -2.92832088470459,
        -0.012500133365392685,
        0.03173384815454483,
        -0.12409474700689316,
        -0.07927779853343964,
        0.3512263894081116
    ],
    "function_embedding": [
        -0.6370207071304321,
        -0.2524554431438446,
        -0.07855561375617981,
        0.09732799977064133,
        -1.5147905349731445,
        -0.08586012572050095,
        -0.05666108801960945,
        -0.11807145178318024,
        -0.11996340751647949,
        0.37720590829849243
    ],
    "city_embedding": [
        -0.983723521232605,
        0.0036167511716485023,
        0.6694934964179993,
        1.3806318044662476,
        -0.5934169292449951,
        1.2560120820999146,
        0.1646505445241928,
        2.77662992477417,
        2.3926258087158203,
        3.5471549034118652
    ],
    "degree_embedding": [
        -0.9859232902526855,
        -0.14980502426624298,
        1.1363672018051147,
        1.3890211582183838,
        1.9668338298797607,
        -0.10017327964305878,
        -0.9014211297035217,
        -0.5218036770820618,
        0.12516868114471436,
        0.34269973635673523
    ]
}