{
    "id": 11424,
    "range": [
        121.806804,
        31.642716,
        121.816804,
        31.632716
    ],
    "image_path": "CitySatellite\\Shanghai\\11424.jpg",
    "poi": [],
    "places": [],
    "transport": [],
    "traffic": [],
    "buildings": [],
    "landuse": [],
    "road_inner": [],
    "road_connect": {},
    "population": [
        0.0
    ],
    "transport_embedding": [
        -0.1833701729774475,
        -0.4008137583732605,
        0.6127127408981323,
        -1.1993917226791382,
        -0.6947849988937378,
        -0.28875067830085754,
        1.610654592514038,
        3.0140366554260254,
        -1.2459617853164673,
        -0.5305534601211548
    ],
    "roadnet_embedding": [
        1.0865784883499146,
        -0.4347347617149353,
        0.04625103622674942,
        0.6009106040000916,
        -3.01240611076355,
        -0.00017973879585042596,
        0.038679953664541245,
        -0.10238303989171982,
        -0.06569106876850128,
        0.35619252920150757
    ],
    "function_embedding": [
        -0.5814443826675415,
        -0.33423903584480286,
        -0.0942438468337059,
        0.07008440047502518,
        -1.4311617612838745,
        0.0015647218097001314,
        -0.027201157063245773,
        -0.042143505066633224,
        -0.036806780844926834,
        0.27471810579299927
    ],
    "city_embedding": [
        -0.983723521232605,
        0.0036167511716485023,
        0.6694934964179993,
        1.3806318044662476,
        -0.5934169292449951,
        1.2560120820999146,
        0.1646505445241928,
        2.77662992477417,
        2.3926258087158203,
        3.5471549034118652
    ],
    "degree_embedding": [
        -0.9859232902526855,
        -0.14980502426624298,
        1.1363672018051147,
        1.3890211582183838,
        1.9668338298797607,
        -0.10017327964305878,
        -0.9014211297035217,
        -0.5218036770820618,
        0.12516868114471436,
        0.34269973635673523
    ]
}