{
    "id": 11425,
    "range": [
        121.806804,
        31.63271600000001,
        121.816804,
        31.622716
    ],
    "image_path": "CitySatellite\\Shanghai\\11425.jpg",
    "poi": [],
    "places": [],
    "transport": [],
    "traffic": [],
    "buildings": [],
    "landuse": [],
    "road_inner": [],
    "road_connect": {},
    "population": [
        0.0
    ],
    "transport_embedding": [
        -0.17104634642601013,
        -0.4466409683227539,
        0.5708619952201843,
        -1.142615795135498,
        -0.6376211047172546,
        0.01459977962076664,
        1.6376943588256836,
        2.936631917953491,
        -1.1589653491973877,
        -0.5341201424598694
    ],
    "roadnet_embedding": [
        1.1083464622497559,
        -0.45962944626808167,
        0.06845131516456604,
        0.6015608906745911,
        -2.8281643390655518,
        -0.08293214440345764,
        0.012701920233666897,
        -0.16885970532894135,
        -0.11065247654914856,
        0.3178223967552185
    ],
    "function_embedding": [
        -0.5916768312454224,
        -0.3133421540260315,
        -0.04892212525010109,
        0.003054156666621566,
        -1.381072759628296,
        -0.07003479450941086,
        0.03700496256351471,
        -0.10090155154466629,
        -0.1875099390745163,
        0.20031383633613586
    ],
    "city_embedding": [
        -0.983723521232605,
        0.0036167511716485023,
        0.6694934964179993,
        1.3806318044662476,
        -0.5934169292449951,
        1.2560120820999146,
        0.1646505445241928,
        2.77662992477417,
        2.3926258087158203,
        3.5471549034118652
    ],
    "degree_embedding": [
        -0.9859232902526855,
        -0.14980502426624298,
        1.1363672018051147,
        1.3890211582183838,
        1.9668338298797607,
        -0.10017327964305878,
        -0.9014211297035217,
        -0.5218036770820618,
        0.12516868114471436,
        0.34269973635673523
    ]
}