{
    "id": 11505,
    "range": [
        121.806804,
        30.832716,
        121.816804,
        30.822716
    ],
    "image_path": "CitySatellite\\Shanghai\\11505.jpg",
    "poi": [],
    "places": [],
    "transport": [],
    "traffic": [],
    "buildings": [],
    "landuse": [],
    "road_inner": [],
    "road_connect": {},
    "population": [
        0.0
    ],
    "transport_embedding": [
        -0.22008292376995087,
        -0.6911640763282776,
        0.6629077792167664,
        -0.6704879999160767,
        0.8881489038467407,
        0.3541320562362671,
        -0.89827561378479,
        0.4644894003868103,
        -0.5090945959091187,
        -0.23356366157531738
    ],
    "roadnet_embedding": [
        1.0257517099380493,
        -0.4482569396495819,
        0.0791826844215393,
        0.6595636606216431,
        -2.8736140727996826,
        -0.003196124220266938,
        0.09377451241016388,
        -0.2659645080566406,
        -0.07681228965520859,
        0.25104767084121704
    ],
    "function_embedding": [
        -0.6020989418029785,
        -0.30543985962867737,
        -0.053084004670381546,
        0.0845404788851738,
        -1.4545971155166626,
        -0.08178538829088211,
        -0.03560802340507507,
        -0.06356135755777359,
        -0.13212232291698456,
        0.2582125663757324
    ],
    "city_embedding": [
        -0.983723521232605,
        0.0036167511716485023,
        0.6694934964179993,
        1.3806318044662476,
        -0.5934169292449951,
        1.2560120820999146,
        0.1646505445241928,
        2.77662992477417,
        2.3926258087158203,
        3.5471549034118652
    ],
    "degree_embedding": [
        -0.9859232902526855,
        -0.14980502426624298,
        1.1363672018051147,
        1.3890211582183838,
        1.9668338298797607,
        -0.10017327964305878,
        -0.9014211297035217,
        -0.5218036770820618,
        0.12516868114471436,
        0.34269973635673523
    ]
}