{
    "id": 11504,
    "range": [
        121.806804,
        30.842716,
        121.816804,
        30.83271599999999
    ],
    "image_path": "CitySatellite\\Shanghai\\11504.jpg",
    "poi": [],
    "places": [],
    "transport": [],
    "traffic": [],
    "buildings": [],
    "landuse": [],
    "road_inner": [],
    "road_connect": {},
    "population": [
        0.0
    ],
    "transport_embedding": [
        -0.15471088886260986,
        -0.7990393042564392,
        0.4855205714702606,
        -0.5246070623397827,
        0.5637120604515076,
        1.4535843133926392,
        -0.18233560025691986,
        -0.057356059551239014,
        0.771037757396698,
        -0.22669996321201324
    ],
    "roadnet_embedding": [
        1.1151763200759888,
        -0.41663339734077454,
        0.028589017689228058,
        0.5990374684333801,
        -3.0615835189819336,
        0.07176569849252701,
        0.02074938267469406,
        -0.17396780848503113,
        -0.02503220923244953,
        0.2978086769580841
    ],
    "function_embedding": [
        -0.5959879159927368,
        -0.32760587334632874,
        -0.03272330388426781,
        0.041062768548727036,
        -1.4057133197784424,
        -0.046165306121110916,
        -0.03867188096046448,
        -0.04717785120010376,
        -0.1428186595439911,
        0.1521337330341339
    ],
    "city_embedding": [
        -0.983723521232605,
        0.0036167511716485023,
        0.6694934964179993,
        1.3806318044662476,
        -0.5934169292449951,
        1.2560120820999146,
        0.1646505445241928,
        2.77662992477417,
        2.3926258087158203,
        3.5471549034118652
    ],
    "degree_embedding": [
        -0.9859232902526855,
        -0.14980502426624298,
        1.1363672018051147,
        1.3890211582183838,
        1.9668338298797607,
        -0.10017327964305878,
        -0.9014211297035217,
        -0.5218036770820618,
        0.12516868114471436,
        0.34269973635673523
    ]
}