{
    "id": 11544,
    "range": [
        121.816804,
        31.642716,
        121.826804,
        31.632716
    ],
    "image_path": "CitySatellite\\Shanghai\\11544.jpg",
    "poi": [],
    "places": [],
    "transport": [],
    "traffic": [],
    "buildings": [],
    "landuse": [],
    "road_inner": [],
    "road_connect": {},
    "population": [
        0.0
    ],
    "transport_embedding": [
        -0.15231919288635254,
        -0.5077698230743408,
        0.4671092629432678,
        -1.1387110948562622,
        -0.4782513976097107,
        -0.10985666513442993,
        0.6950181722640991,
        2.0440802574157715,
        -0.6590730547904968,
        -0.39843717217445374
    ],
    "roadnet_embedding": [
        1.0405268669128418,
        -0.42303702235221863,
        0.05589015781879425,
        0.4933027923107147,
        -2.857875108718872,
        -0.13746270537376404,
        0.03185402229428291,
        0.002096487209200859,
        0.029909024015069008,
        0.22517861425876617
    ],
    "function_embedding": [
        -0.5893923044204712,
        -0.29634127020835876,
        -0.058441851288080215,
        0.06570733338594437,
        -1.4585871696472168,
        -0.04927850142121315,
        -0.08284153044223785,
        -0.0648842379450798,
        -0.11605633795261383,
        0.2145770788192749
    ],
    "city_embedding": [
        -0.983723521232605,
        0.0036167511716485023,
        0.6694934964179993,
        1.3806318044662476,
        -0.5934169292449951,
        1.2560120820999146,
        0.1646505445241928,
        2.77662992477417,
        2.3926258087158203,
        3.5471549034118652
    ],
    "degree_embedding": [
        -0.9859232902526855,
        -0.14980502426624298,
        1.1363672018051147,
        1.3890211582183838,
        1.9668338298797607,
        -0.10017327964305878,
        -0.9014211297035217,
        -0.5218036770820618,
        0.12516868114471436,
        0.34269973635673523
    ]
}