{
    "id": 11545,
    "range": [
        121.816804,
        31.63271600000001,
        121.826804,
        31.622716
    ],
    "image_path": "CitySatellite\\Shanghai\\11545.jpg",
    "poi": [],
    "places": [],
    "transport": [],
    "traffic": [],
    "buildings": [],
    "landuse": [],
    "road_inner": [],
    "road_connect": {},
    "population": [
        0.0
    ],
    "transport_embedding": [
        -0.11663888394832611,
        -0.6670953631401062,
        0.41382914781570435,
        -0.8404666185379028,
        -0.08494771271944046,
        1.434621810913086,
        0.17928476631641388,
        0.735299825668335,
        0.4426017701625824,
        -0.329177588224411
    ],
    "roadnet_embedding": [
        1.1017388105392456,
        -0.41167858242988586,
        0.0356033518910408,
        0.567277729511261,
        -3.044032096862793,
        0.026005800813436508,
        0.027218682691454887,
        -0.10660210996866226,
        -0.04747157171368599,
        0.26997438073158264
    ],
    "function_embedding": [
        -0.6092644333839417,
        -0.29277488589286804,
        -0.0689922422170639,
        0.05702538415789604,
        -1.4306838512420654,
        -0.0637023001909256,
        -0.023346951231360435,
        -0.0719679668545723,
        -0.11281108111143112,
        0.25287365913391113
    ],
    "city_embedding": [
        -0.983723521232605,
        0.0036167511716485023,
        0.6694934964179993,
        1.3806318044662476,
        -0.5934169292449951,
        1.2560120820999146,
        0.1646505445241928,
        2.77662992477417,
        2.3926258087158203,
        3.5471549034118652
    ],
    "degree_embedding": [
        -0.9859232902526855,
        -0.14980502426624298,
        1.1363672018051147,
        1.3890211582183838,
        1.9668338298797607,
        -0.10017327964305878,
        -0.9014211297035217,
        -0.5218036770820618,
        0.12516868114471436,
        0.34269973635673523
    ]
}