{
    "id": 11547,
    "range": [
        121.816804,
        31.612716,
        121.826804,
        31.602716
    ],
    "image_path": "CitySatellite\\Shanghai\\11547.jpg",
    "poi": [],
    "places": [],
    "transport": [],
    "traffic": [],
    "buildings": [],
    "landuse": [],
    "road_inner": [],
    "road_connect": {},
    "population": [
        0.0
    ],
    "transport_embedding": [
        -0.0732329860329628,
        -0.7778918147087097,
        0.31806254386901855,
        -0.6942712068557739,
        -0.2351619005203247,
        2.264070987701416,
        0.8535708785057068,
        0.3591364324092865,
        0.869087278842926,
        -0.2784852981567383
    ],
    "roadnet_embedding": [
        1.0515947341918945,
        -0.4375007152557373,
        0.08875185996294022,
        0.5169128775596619,
        -2.654958724975586,
        -0.21520322561264038,
        -0.0051586078479886055,
        -0.001267936429940164,
        -0.07088980823755264,
        0.20998142659664154
    ],
    "function_embedding": [
        -0.6074785590171814,
        -0.2963012456893921,
        -0.08472447097301483,
        0.09733463823795319,
        -1.4712047576904297,
        -0.07477888464927673,
        -0.07766405493021011,
        -0.05801801010966301,
        -0.07755737751722336,
        0.3151007294654846
    ],
    "city_embedding": [
        -0.983723521232605,
        0.0036167511716485023,
        0.6694934964179993,
        1.3806318044662476,
        -0.5934169292449951,
        1.2560120820999146,
        0.1646505445241928,
        2.77662992477417,
        2.3926258087158203,
        3.5471549034118652
    ],
    "degree_embedding": [
        -0.9859232902526855,
        -0.14980502426624298,
        1.1363672018051147,
        1.3890211582183838,
        1.9668338298797607,
        -0.10017327964305878,
        -0.9014211297035217,
        -0.5218036770820618,
        0.12516868114471436,
        0.34269973635673523
    ]
}