{
    "id": 1155,
    "range": [
        120.946804,
        31.13271600000001,
        120.956804,
        31.122716
    ],
    "image_path": "CitySatellite\\Shanghai\\1155.jpg",
    "poi": [],
    "places": [],
    "transport": [],
    "traffic": [],
    "buildings": [],
    "landuse": [],
    "road_inner": [],
    "road_connect": {},
    "population": [
        0.0
    ],
    "transport_embedding": [
        -0.29748669266700745,
        -0.653704047203064,
        0.7756134867668152,
        -0.6366958618164062,
        0.5611917972564697,
        -1.6186197996139526,
        -0.744102954864502,
        0.877903163433075,
        -0.23566634953022003,
        -0.11649717390537262
    ],
    "roadnet_embedding": [
        1.0407897233963013,
        -0.4358111023902893,
        0.08966526389122009,
        0.6534866094589233,
        -2.895909547805786,
        0.007787653710693121,
        0.015525891445577145,
        -0.18169134855270386,
        -0.026537204161286354,
        0.3831171691417694
    ],
    "function_embedding": [
        -0.6052910685539246,
        -0.2951977252960205,
        -0.03691663593053818,
        0.059976544231176376,
        -1.4611254930496216,
        -0.06587663292884827,
        -0.05208694934844971,
        -0.11117841303348541,
        -0.14997737109661102,
        0.219691202044487
    ],
    "city_embedding": [
        -0.983723521232605,
        0.0036167511716485023,
        0.6694934964179993,
        1.3806318044662476,
        -0.5934169292449951,
        1.2560120820999146,
        0.1646505445241928,
        2.77662992477417,
        2.3926258087158203,
        3.5471549034118652
    ],
    "degree_embedding": [
        -0.9859232902526855,
        -0.14980502426624298,
        1.1363672018051147,
        1.3890211582183838,
        1.9668338298797607,
        -0.10017327964305878,
        -0.9014211297035217,
        -0.5218036770820618,
        0.12516868114471436,
        0.34269973635673523
    ]
}