{
    "id": 1156,
    "range": [
        120.946804,
        31.122716,
        120.956804,
        31.112716
    ],
    "image_path": "CitySatellite\\Shanghai\\1156.jpg",
    "poi": [],
    "places": [],
    "transport": [],
    "traffic": [],
    "buildings": [],
    "landuse": [],
    "road_inner": [],
    "road_connect": {},
    "population": [
        0.0
    ],
    "transport_embedding": [
        -0.24719250202178955,
        -0.7166271209716797,
        0.764011561870575,
        -0.5493296384811401,
        1.0428731441497803,
        0.16383236646652222,
        -1.413079857826233,
        -0.2521541714668274,
        -0.02589547075331211,
        -0.09300031512975693
    ],
    "roadnet_embedding": [
        1.0819370746612549,
        -0.4310622811317444,
        0.08126910775899887,
        0.6276772022247314,
        -2.8916995525360107,
        -0.04232434183359146,
        -0.0005689581739716232,
        -0.11519477516412735,
        -0.06771861761808395,
        0.3177904188632965
    ],
    "function_embedding": [
        -0.6291274428367615,
        -0.2847023904323578,
        -0.07133226096630096,
        0.02838430553674698,
        -1.4488455057144165,
        -0.046514224261045456,
        0.042724572122097015,
        -0.10896679759025574,
        -0.14628088474273682,
        0.29589393734931946
    ],
    "city_embedding": [
        -0.983723521232605,
        0.0036167511716485023,
        0.6694934964179993,
        1.3806318044662476,
        -0.5934169292449951,
        1.2560120820999146,
        0.1646505445241928,
        2.77662992477417,
        2.3926258087158203,
        3.5471549034118652
    ],
    "degree_embedding": [
        -0.9859232902526855,
        -0.14980502426624298,
        1.1363672018051147,
        1.3890211582183838,
        1.9668338298797607,
        -0.10017327964305878,
        -0.9014211297035217,
        -0.5218036770820618,
        0.12516868114471436,
        0.34269973635673523
    ]
}