{
    "id": 1157,
    "range": [
        120.946804,
        31.112716,
        120.956804,
        31.102716
    ],
    "image_path": "CitySatellite\\Shanghai\\1157.jpg",
    "poi": [],
    "places": [],
    "transport": [],
    "traffic": [],
    "buildings": [],
    "landuse": [],
    "road_inner": [],
    "road_connect": {},
    "population": [
        0.0
    ],
    "transport_embedding": [
        -0.23025746643543243,
        -0.6306766867637634,
        0.6067909598350525,
        -0.8204448819160461,
        0.6836346387863159,
        -0.012654371559619904,
        -0.5760679244995117,
        1.5076873302459717,
        -1.2652857303619385,
        -0.43127331137657166
    ],
    "roadnet_embedding": [
        1.0201265811920166,
        -0.4373542070388794,
        0.09041144698858261,
        0.6317560076713562,
        -2.984922170639038,
        -0.019708937034010887,
        0.08906498551368713,
        -0.12282757461071014,
        -0.10203984379768372,
        0.3329535722732544
    ],
    "function_embedding": [
        -0.5808889269828796,
        -0.32572445273399353,
        -0.10676024109125137,
        0.04744693264365196,
        -1.4163227081298828,
        -0.05616108328104019,
        -0.005000738892704248,
        -0.09649167209863663,
        -0.07186567783355713,
        0.3441045582294464
    ],
    "city_embedding": [
        -0.983723521232605,
        0.0036167511716485023,
        0.6694934964179993,
        1.3806318044662476,
        -0.5934169292449951,
        1.2560120820999146,
        0.1646505445241928,
        2.77662992477417,
        2.3926258087158203,
        3.5471549034118652
    ],
    "degree_embedding": [
        -0.9859232902526855,
        -0.14980502426624298,
        1.1363672018051147,
        1.3890211582183838,
        1.9668338298797607,
        -0.10017327964305878,
        -0.9014211297035217,
        -0.5218036770820618,
        0.12516868114471436,
        0.34269973635673523
    ]
}