{
    "id": 11603,
    "range": [
        121.816804,
        31.052716,
        121.826804,
        31.042716
    ],
    "image_path": "CitySatellite\\Shanghai\\11603.jpg",
    "poi": [],
    "places": [],
    "transport": [],
    "traffic": [],
    "buildings": [],
    "landuse": [],
    "road_inner": [
        [
            5121,
            1.0,
            4,
            402.5505
        ]
    ],
    "road_connect": {
        "11602": {
            "4": 1
        }
    },
    "population": [
        2050.736652374268
    ],
    "transport_embedding": [
        -0.24335621297359467,
        -0.3409481346607208,
        0.7224945425987244,
        -1.247946858406067,
        0.47418344020843506,
        0.8113725781440735,
        -0.4202474355697632,
        1.380999207496643,
        -2.0544815063476562,
        -0.48295748233795166
    ],
    "roadnet_embedding": [
        0.9806782603263855,
        -0.6479987502098083,
        0.09028609097003937,
        -0.41943714022636414,
        -0.6308515071868896,
        -2.0902204513549805,
        -0.24871642887592316,
        0.8893532156944275,
        0.4567997455596924,
        -0.7871236205101013
    ],
    "function_embedding": [
        -0.5796377658843994,
        -0.31379416584968567,
        -0.04914094880223274,
        0.08297890424728394,
        -1.462560772895813,
        -0.053951460868120193,
        -0.027095496654510498,
        -0.05120202526450157,
        -0.11465588212013245,
        0.20194923877716064
    ],
    "city_embedding": [
        -0.9902278184890747,
        -0.011271691881120205,
        0.39894193410873413,
        1.095747470855713,
        -0.6260665655136108,
        1.0605289936065674,
        0.48033636808395386,
        3.0725042819976807,
        2.2646214962005615,
        3.009056329727173
    ],
    "degree_embedding": [
        -0.9831920266151428,
        -0.3173981308937073,
        0.5776484608650208,
        1.1417187452316284,
        1.6773102283477783,
        0.05792992189526558,
        -0.5776814818382263,
        -0.7830755114555359,
        0.5181704163551331,
        -0.4565789997577667
    ]
}