{
    "id": 11612,
    "range": [
        121.816804,
        30.962716,
        121.826804,
        30.952716
    ],
    "image_path": "CitySatellite\\Shanghai\\11612.jpg",
    "poi": [],
    "places": [],
    "transport": [],
    "traffic": [],
    "buildings": [],
    "landuse": [],
    "road_inner": [],
    "road_connect": {},
    "population": [
        364.4384684562683
    ],
    "transport_embedding": [
        -0.3347581624984741,
        -0.43953582644462585,
        0.8330576419830322,
        -0.9636983871459961,
        0.3592798709869385,
        -1.057542324066162,
        -0.9900907278060913,
        1.1628696918487549,
        -1.1736825704574585,
        -0.26935315132141113
    ],
    "roadnet_embedding": [
        1.069030523300171,
        -0.4270183742046356,
        0.07875603437423706,
        0.6620873808860779,
        -3.061556816101074,
        0.07995202392339706,
        0.058141835033893585,
        -0.19644410908222198,
        -0.08791337162256241,
        0.36620229482650757
    ],
    "function_embedding": [
        -0.6130497455596924,
        -0.3187609016895294,
        -0.08712568879127502,
        0.037788502871990204,
        -1.3930985927581787,
        -0.0479038804769516,
        -0.006756600923836231,
        -0.06699869781732559,
        -0.05972800403833389,
        0.26970040798187256
    ],
    "city_embedding": [
        -0.9848876595497131,
        0.0009536860161460936,
        0.6210514903068542,
        1.3298447132110596,
        -0.6006569266319275,
        1.2207236289978027,
        0.2212267518043518,
        2.830247640609741,
        2.366257667541504,
        3.449049949645996
    ],
    "degree_embedding": [
        -0.9859232902526855,
        -0.14980502426624298,
        1.1363672018051147,
        1.3890211582183838,
        1.9668338298797607,
        -0.10017327964305878,
        -0.9014211297035217,
        -0.5218036770820618,
        0.12516868114471436,
        0.34269973635673523
    ]
}