{
    "id": 11613,
    "range": [
        121.816804,
        30.952716,
        121.826804,
        30.942716
    ],
    "image_path": "CitySatellite\\Shanghai\\11613.jpg",
    "poi": [],
    "places": [],
    "transport": [],
    "traffic": [],
    "buildings": [],
    "landuse": [],
    "road_inner": [
        [
            5122,
            1.0,
            4,
            1068.069
        ]
    ],
    "road_connect": {
        "11493": {
            "4": 2
        },
        "11733": {
            "4": 2
        }
    },
    "population": [
        418.3230924606323
    ],
    "transport_embedding": [
        -0.12026774138212204,
        -0.9414657354354858,
        0.5675479769706726,
        -0.3302842080593109,
        0.1211852878332138,
        0.04054392874240875,
        0.2787652313709259,
        -0.005117820575833321,
        1.3551442623138428,
        -0.0033808492589741945
    ],
    "roadnet_embedding": [
        0.7728183269500732,
        -0.8238136172294617,
        0.08700257539749146,
        -1.1505695581436157,
        0.22554759681224823,
        -2.461287498474121,
        -0.13043604791164398,
        1.239586353302002,
        0.6045961976051331,
        -0.7225884199142456
    ],
    "function_embedding": [
        -0.6011424660682678,
        -0.29220375418663025,
        -0.04646556079387665,
        0.07913129776716232,
        -1.477274775505066,
        -0.08373413234949112,
        -0.014161624014377594,
        -0.11750741302967072,
        -0.15623193979263306,
        0.24039533734321594
    ],
    "city_embedding": [
        -0.9850606322288513,
        0.0005261157057248056,
        0.6138478517532349,
        1.322244644165039,
        -0.6015517115592957,
        1.2155240774154663,
        0.22958870232105255,
        2.8384430408477783,
        2.362680673599243,
        3.4345593452453613
    ],
    "degree_embedding": [
        -0.977254331111908,
        -0.7047815918922424,
        -0.7088843584060669,
        0.6048552393913269,
        0.8860517144203186,
        0.22731485962867737,
        -0.3266783654689789,
        -1.3452101945877075,
        1.2692437171936035,
        -1.71815025806427
    ]
}