{
    "id": 11625,
    "range": [
        121.816804,
        30.832716,
        121.826804,
        30.822716
    ],
    "image_path": "CitySatellite\\Shanghai\\11625.jpg",
    "poi": [],
    "places": [],
    "transport": [],
    "traffic": [],
    "buildings": [],
    "landuse": [],
    "road_inner": [],
    "road_connect": {},
    "population": [
        0.0
    ],
    "transport_embedding": [
        -0.10665655136108398,
        -0.7069038152694702,
        0.42361605167388916,
        -0.7591672539710999,
        -0.42935386300086975,
        1.0772734880447388,
        1.1904847621917725,
        1.641507625579834,
        0.39213329553604126,
        -0.40907227993011475
    ],
    "roadnet_embedding": [
        1.0896934270858765,
        -0.449856162071228,
        0.06454809755086899,
        0.6147230267524719,
        -2.938832998275757,
        -0.038518473505973816,
        0.03639737144112587,
        -0.15297861397266388,
        -0.11622278392314911,
        0.33777734637260437
    ],
    "function_embedding": [
        -0.5924950242042542,
        -0.3008350729942322,
        -0.10802633315324783,
        0.012287959456443787,
        -1.4316562414169312,
        -0.06669861823320389,
        0.024260325357317924,
        -0.11084596812725067,
        -0.13057103753089905,
        0.37730127573013306
    ],
    "city_embedding": [
        -0.983723521232605,
        0.0036167511716485023,
        0.6694934964179993,
        1.3806318044662476,
        -0.5934169292449951,
        1.2560120820999146,
        0.1646505445241928,
        2.77662992477417,
        2.3926258087158203,
        3.5471549034118652
    ],
    "degree_embedding": [
        -0.9859232902526855,
        -0.14980502426624298,
        1.1363672018051147,
        1.3890211582183838,
        1.9668338298797607,
        -0.10017327964305878,
        -0.9014211297035217,
        -0.5218036770820618,
        0.12516868114471436,
        0.34269973635673523
    ]
}