{
    "id": 11624,
    "range": [
        121.816804,
        30.842716,
        121.826804,
        30.83271599999999
    ],
    "image_path": "CitySatellite\\Shanghai\\11624.jpg",
    "poi": [],
    "places": [],
    "transport": [],
    "traffic": [],
    "buildings": [],
    "landuse": [],
    "road_inner": [
        [
            5122,
            1,
            4,
            687.1859999999999
        ]
    ],
    "road_connect": {
        "11623": {
            "4": 2
        }
    },
    "population": [
        0.0
    ],
    "transport_embedding": [
        -0.1284070760011673,
        -0.9017649292945862,
        0.5904145836830139,
        -0.33715271949768066,
        -0.05235271900892258,
        0.7175593376159668,
        0.5444722175598145,
        -0.034812137484550476,
        1.4510385990142822,
        -0.06296654790639877
    ],
    "roadnet_embedding": [
        0.8157036304473877,
        -0.7539492845535278,
        0.06695006042718887,
        -0.7489089369773865,
        0.002172976965084672,
        -2.295982599258423,
        -0.15854285657405853,
        0.987371027469635,
        0.5391009449958801,
        -0.7347814440727234
    ],
    "function_embedding": [
        -0.6185111999511719,
        -0.2949925363063812,
        -0.057071130722761154,
        0.0024129601661115885,
        -1.4268451929092407,
        -0.05834108963608742,
        -0.10800448060035706,
        -0.09829061478376389,
        -0.15958616137504578,
        0.24853366613388062
    ],
    "city_embedding": [
        -0.983723521232605,
        0.0036167511716485023,
        0.6694934964179993,
        1.3806318044662476,
        -0.5934169292449951,
        1.2560120820999146,
        0.1646505445241928,
        2.77662992477417,
        2.3926258087158203,
        3.5471549034118652
    ],
    "degree_embedding": [
        -0.9803432822227478,
        -0.4955008625984192,
        0.02320222556591034,
        0.8904775381088257,
        1.3509734869003296,
        0.22085069119930267,
        -0.2695158123970032,
        -1.039759874343872,
        0.8916219472885132,
        -1.264162540435791
    ]
}