{
    "id": 11667,
    "range": [
        121.826804,
        31.612716,
        121.836804,
        31.602716
    ],
    "image_path": "CitySatellite\\Shanghai\\11667.jpg",
    "poi": [],
    "places": [],
    "transport": [],
    "traffic": [],
    "buildings": [],
    "landuse": [
        [
            7210,
            1,
            4,
            8.507403191780822
        ]
    ],
    "road_inner": [],
    "road_connect": {},
    "population": [
        0.0
    ],
    "transport_embedding": [
        -0.3440237045288086,
        -0.6917362213134766,
        0.9690302610397339,
        -0.41862738132476807,
        0.972013533115387,
        -1.270599365234375,
        -1.235190749168396,
        -0.2917589843273163,
        0.11165081709623337,
        0.053976692259311676
    ],
    "roadnet_embedding": [
        1.077844500541687,
        -0.42021477222442627,
        0.06283678859472275,
        0.6076436042785645,
        -2.965832471847534,
        -0.03239240497350693,
        0.010729863308370113,
        -0.08187910914421082,
        -0.03406989201903343,
        0.28783994913101196
    ],
    "function_embedding": [
        1.6669238805770874,
        -3.928614377975464,
        -0.6821833848953247,
        1.612326979637146,
        0.2654748260974884,
        0.4399229884147644,
        -0.3670608699321747,
        0.1497458517551422,
        -1.000825047492981,
        5.058014392852783
    ],
    "city_embedding": [
        -0.983723521232605,
        0.0036167511716485023,
        0.6694934964179993,
        1.3806318044662476,
        -0.5934169292449951,
        1.2560120820999146,
        0.1646505445241928,
        2.77662992477417,
        2.3926258087158203,
        3.5471549034118652
    ],
    "degree_embedding": [
        -0.9859232902526855,
        -0.14980502426624298,
        1.1363672018051147,
        1.3890211582183838,
        1.9668338298797607,
        -0.10017327964305878,
        -0.9014211297035217,
        -0.5218036770820618,
        0.12516868114471436,
        0.34269973635673523
    ]
}