{
    "id": 11665,
    "range": [
        121.826804,
        31.63271600000001,
        121.836804,
        31.622716
    ],
    "image_path": "CitySatellite\\Shanghai\\11665.jpg",
    "poi": [],
    "places": [],
    "transport": [],
    "traffic": [],
    "buildings": [],
    "landuse": [
        [
            7210,
            1,
            4,
            8.507403191780822
        ]
    ],
    "road_inner": [],
    "road_connect": {},
    "population": [
        0.0
    ],
    "transport_embedding": [
        -0.11141781508922577,
        -0.7220616340637207,
        0.41792675852775574,
        -0.7236297130584717,
        0.031504593789577484,
        1.6855472326278687,
        0.25336113572120667,
        0.5841946601867676,
        0.6926577687263489,
        -0.32724812626838684
    ],
    "roadnet_embedding": [
        0.973177433013916,
        -0.4506481885910034,
        0.08882993459701538,
        0.6517633199691772,
        -2.929025411605835,
        -0.09673812240362167,
        0.12037157267332077,
        -0.07433993369340897,
        -0.07115108519792557,
        0.3074938654899597
    ],
    "function_embedding": [
        1.6708178520202637,
        -3.933241367340088,
        -0.6351568698883057,
        1.6007226705551147,
        0.2624666392803192,
        0.40874868631362915,
        -0.3591189384460449,
        0.04846999794244766,
        -0.9867479205131531,
        4.89517879486084
    ],
    "city_embedding": [
        -0.983723521232605,
        0.0036167511716485023,
        0.6694934964179993,
        1.3806318044662476,
        -0.5934169292449951,
        1.2560120820999146,
        0.1646505445241928,
        2.77662992477417,
        2.3926258087158203,
        3.5471549034118652
    ],
    "degree_embedding": [
        -0.9859232902526855,
        -0.14980502426624298,
        1.1363672018051147,
        1.3890211582183838,
        1.9668338298797607,
        -0.10017327964305878,
        -0.9014211297035217,
        -0.5218036770820618,
        0.12516868114471436,
        0.34269973635673523
    ]
}