{
    "id": 11721,
    "range": [
        121.826804,
        31.072716,
        121.836804,
        31.062716
    ],
    "image_path": "CitySatellite\\Shanghai\\11721.jpg",
    "poi": [],
    "places": [],
    "transport": [],
    "traffic": [],
    "buildings": [],
    "landuse": [],
    "road_inner": [
        [
            5122,
            1.0,
            4,
            645.1426666666667
        ]
    ],
    "road_connect": {
        "11481": {
            "4": 1
        },
        "11601": {
            "4": 1
        }
    },
    "population": [
        1222.967460632324
    ],
    "transport_embedding": [
        -0.189830020070076,
        -0.7799286246299744,
        0.6281716823577881,
        -0.46605461835861206,
        0.43235889077186584,
        0.8904303908348083,
        -0.19782879948616028,
        -0.05163780599832535,
        0.905788004398346,
        -0.13893547654151917
    ],
    "roadnet_embedding": [
        0.9226445555686951,
        -0.702080249786377,
        0.07617168873548508,
        -0.6307641863822937,
        -0.2714850604534149,
        -2.2648918628692627,
        -0.24441751837730408,
        0.9818859100341797,
        0.5633801817893982,
        -0.7373573780059814
    ],
    "function_embedding": [
        -0.601565957069397,
        -0.3104049563407898,
        -0.051903773099184036,
        0.035878293216228485,
        -1.4235217571258545,
        -0.04054638370871544,
        -0.04759538546204567,
        -0.09723023325204849,
        -0.1620301455259323,
        0.24061468243598938
    ],
    "city_embedding": [
        -0.9876253008842468,
        -0.00562706682831049,
        0.5070947408676147,
        1.2096470594406128,
        -0.6147200465202332,
        1.138482689857483,
        0.35367217659950256,
        2.957237958908081,
        2.3109681606292725,
        3.2193360328674316
    ],
    "degree_embedding": [
        -0.9803432822227478,
        -0.4955008625984192,
        0.02320222556591034,
        0.8904775381088257,
        1.3509734869003296,
        0.22085069119930267,
        -0.2695158123970032,
        -1.039759874343872,
        0.8916219472885132,
        -1.264162540435791
    ]
}