{
    "id": 11745,
    "range": [
        121.826804,
        30.832716,
        121.836804,
        30.822716
    ],
    "image_path": "CitySatellite\\Shanghai\\11745.jpg",
    "poi": [],
    "places": [],
    "transport": [],
    "traffic": [],
    "buildings": [],
    "landuse": [],
    "road_inner": [],
    "road_connect": {},
    "population": [
        0.0
    ],
    "transport_embedding": [
        -0.054220329970121384,
        -0.7608821988105774,
        0.33419695496559143,
        -0.7288720607757568,
        -0.6371736526489258,
        1.9249544143676758,
        1.6281284093856812,
        1.4463692903518677,
        0.6893232464790344,
        -0.3550148606300354
    ],
    "roadnet_embedding": [
        1.1610722541809082,
        -0.43123236298561096,
        0.01190910954028368,
        0.6061224937438965,
        -2.910653591156006,
        0.011297534219920635,
        -0.03389744460582733,
        -0.21951881051063538,
        -0.02393319644033909,
        0.22187204658985138
    ],
    "function_embedding": [
        -0.5505080223083496,
        -0.34507399797439575,
        -0.07922793179750443,
        0.06861002743244171,
        -1.4221116304397583,
        0.00036116703995503485,
        -0.06628686934709549,
        -0.022259971126914024,
        -0.08009380847215652,
        0.20362421870231628
    ],
    "city_embedding": [
        -0.983723521232605,
        0.0036167511716485023,
        0.6694934964179993,
        1.3806318044662476,
        -0.5934169292449951,
        1.2560120820999146,
        0.1646505445241928,
        2.77662992477417,
        2.3926258087158203,
        3.5471549034118652
    ],
    "degree_embedding": [
        -0.9859232902526855,
        -0.14980502426624298,
        1.1363672018051147,
        1.3890211582183838,
        1.9668338298797607,
        -0.10017327964305878,
        -0.9014211297035217,
        -0.5218036770820618,
        0.12516868114471436,
        0.34269973635673523
    ]
}