{
    "id": 11784,
    "range": [
        121.836804,
        31.642716,
        121.846804,
        31.632716
    ],
    "image_path": "CitySatellite\\Shanghai\\11784.jpg",
    "poi": [],
    "places": [],
    "transport": [],
    "traffic": [],
    "buildings": [],
    "landuse": [
        [
            7210,
            1,
            4,
            8.507403191780822
        ]
    ],
    "road_inner": [],
    "road_connect": {},
    "population": [
        0.0
    ],
    "transport_embedding": [
        -0.1439140886068344,
        -0.8656230568885803,
        0.6037257313728333,
        -0.4235679805278778,
        -0.1533229500055313,
        -0.24804244935512543,
        0.6746824383735657,
        0.45301172137260437,
        1.1152747869491577,
        -0.022882455959916115
    ],
    "roadnet_embedding": [
        1.0485382080078125,
        -0.4407440423965454,
        0.07997386902570724,
        0.6325734257698059,
        -2.845123052597046,
        -0.12789303064346313,
        0.029619479551911354,
        -0.060567986220121384,
        -0.07494883984327316,
        0.24303117394447327
    ],
    "function_embedding": [
        1.668518304824829,
        -3.930508613586426,
        -0.6679562330245972,
        1.6083656549453735,
        0.2645556628704071,
        0.43086937069892883,
        -0.36475270986557007,
        0.1644992083311081,
        -0.9985557198524475,
        5.027010917663574
    ],
    "city_embedding": [
        -0.983723521232605,
        0.0036167511716485023,
        0.6694934964179993,
        1.3806318044662476,
        -0.5934169292449951,
        1.2560120820999146,
        0.1646505445241928,
        2.77662992477417,
        2.3926258087158203,
        3.5471549034118652
    ],
    "degree_embedding": [
        -0.9859232902526855,
        -0.14980502426624298,
        1.1363672018051147,
        1.3890211582183838,
        1.9668338298797607,
        -0.10017327964305878,
        -0.9014211297035217,
        -0.5218036770820618,
        0.12516868114471436,
        0.34269973635673523
    ]
}