{
    "id": 11865,
    "range": [
        121.836804,
        30.832716,
        121.846804,
        30.822716
    ],
    "image_path": "CitySatellite\\Shanghai\\11865.jpg",
    "poi": [],
    "places": [],
    "transport": [],
    "traffic": [],
    "buildings": [],
    "landuse": [],
    "road_inner": [],
    "road_connect": {},
    "population": [
        0.0
    ],
    "transport_embedding": [
        -0.14579208195209503,
        -0.9312503337860107,
        0.610808789730072,
        -0.2432548850774765,
        0.11017313599586487,
        1.7667639255523682,
        0.07644959539175034,
        -0.6087170243263245,
        1.3768106698989868,
        -0.24045820534229279
    ],
    "roadnet_embedding": [
        1.015931248664856,
        -0.4526606798171997,
        0.09424586594104767,
        0.546197235584259,
        -2.613865852355957,
        -0.25614067912101746,
        0.03450341522693634,
        -0.006056672893464565,
        -0.10369977355003357,
        0.1874029040336609
    ],
    "function_embedding": [
        -0.5900101661682129,
        -0.3146202564239502,
        -0.061072345823049545,
        0.0607156977057457,
        -1.4291694164276123,
        -0.05191472917795181,
        0.03145367279648781,
        -0.08670911192893982,
        -0.12750115990638733,
        0.20384858548641205
    ],
    "city_embedding": [
        -0.983723521232605,
        0.0036167511716485023,
        0.6694934964179993,
        1.3806318044662476,
        -0.5934169292449951,
        1.2560120820999146,
        0.1646505445241928,
        2.77662992477417,
        2.3926258087158203,
        3.5471549034118652
    ],
    "degree_embedding": [
        -0.9859232902526855,
        -0.14980502426624298,
        1.1363672018051147,
        1.3890211582183838,
        1.9668338298797607,
        -0.10017327964305878,
        -0.9014211297035217,
        -0.5218036770820618,
        0.12516868114471436,
        0.34269973635673523
    ]
}