{
    "id": 11906,
    "range": [
        121.846804,
        31.622716,
        121.856804,
        31.612716
    ],
    "image_path": "CitySatellite\\Shanghai\\11906.jpg",
    "poi": [],
    "places": [],
    "transport": [],
    "traffic": [],
    "buildings": [],
    "landuse": [
        [
            7210,
            2,
            4,
            16.573323866023244
        ]
    ],
    "road_inner": [],
    "road_connect": {},
    "population": [
        0.0
    ],
    "transport_embedding": [
        -0.14900383353233337,
        -0.6662799119949341,
        0.4460611045360565,
        -0.7423473596572876,
        -0.11381159722805023,
        1.6235122680664062,
        0.8373197913169861,
        0.800314724445343,
        0.5902451276779175,
        -0.3229328393936157
    ],
    "roadnet_embedding": [
        1.0925631523132324,
        -0.4267800748348236,
        0.06115534529089928,
        0.6350493431091309,
        -2.9479241371154785,
        -0.02831891179084778,
        0.010221177712082863,
        -0.11969120055437088,
        -0.06399555504322052,
        0.26992538571357727
    ],
    "function_embedding": [
        1.7376389503479004,
        -4.012640476226807,
        0.4709963798522949,
        1.3283196687698364,
        0.19502782821655273,
        -0.32324284315109253,
        -0.17258453369140625,
        -2.989361047744751,
        -0.6222274303436279,
        1.417453646659851
    ],
    "city_embedding": [
        -0.983723521232605,
        0.0036167511716485023,
        0.6694934964179993,
        1.3806318044662476,
        -0.5934169292449951,
        1.2560120820999146,
        0.1646505445241928,
        2.77662992477417,
        2.3926258087158203,
        3.5471549034118652
    ],
    "degree_embedding": [
        -0.9859232902526855,
        -0.14980502426624298,
        1.1363672018051147,
        1.3890211582183838,
        1.9668338298797607,
        -0.10017327964305878,
        -0.9014211297035217,
        -0.5218036770820618,
        0.12516868114471436,
        0.34269973635673523
    ]
}