{
    "id": 11904,
    "range": [
        121.846804,
        31.642716,
        121.856804,
        31.632716
    ],
    "image_path": "CitySatellite\\Shanghai\\11904.jpg",
    "poi": [],
    "places": [],
    "transport": [],
    "traffic": [],
    "buildings": [],
    "landuse": [
        [
            7210,
            1,
            4,
            8.507403191780822
        ]
    ],
    "road_inner": [],
    "road_connect": {},
    "population": [
        0.0
    ],
    "transport_embedding": [
        -0.1849658340215683,
        -0.5958597660064697,
        0.5593766570091248,
        -0.9265491962432861,
        -0.32348135113716125,
        -1.0168840885162354,
        0.47813382744789124,
        1.7108327150344849,
        -0.1947939395904541,
        -0.2415635734796524
    ],
    "roadnet_embedding": [
        1.0795176029205322,
        -0.43763431906700134,
        0.06099103018641472,
        0.6168949604034424,
        -3.043215274810791,
        0.10412704944610596,
        0.08069021254777908,
        -0.24207469820976257,
        -0.10535837709903717,
        0.3907610774040222
    ],
    "function_embedding": [
        1.673357605934143,
        -3.9362595081329346,
        -0.6062756180763245,
        1.5937179327011108,
        0.2605845332145691,
        0.3898644745349884,
        -0.35423851013183594,
        -0.041088130325078964,
        -0.9773209095001221,
        4.846612930297852
    ],
    "city_embedding": [
        -0.983723521232605,
        0.0036167511716485023,
        0.6694934964179993,
        1.3806318044662476,
        -0.5934169292449951,
        1.2560120820999146,
        0.1646505445241928,
        2.77662992477417,
        2.3926258087158203,
        3.5471549034118652
    ],
    "degree_embedding": [
        -0.9859232902526855,
        -0.14980502426624298,
        1.1363672018051147,
        1.3890211582183838,
        1.9668338298797607,
        -0.10017327964305878,
        -0.9014211297035217,
        -0.5218036770820618,
        0.12516868114471436,
        0.34269973635673523
    ]
}