{
    "id": 11907,
    "range": [
        121.846804,
        31.612716,
        121.856804,
        31.602716
    ],
    "image_path": "CitySatellite\\Shanghai\\11907.jpg",
    "poi": [],
    "places": [],
    "transport": [],
    "traffic": [],
    "buildings": [],
    "landuse": [
        [
            7210,
            2,
            4,
            16.573323866023244
        ]
    ],
    "road_inner": [],
    "road_connect": {},
    "population": [
        0.0
    ],
    "transport_embedding": [
        -0.1930808573961258,
        -0.7432572841644287,
        0.5989841818809509,
        -0.5936786532402039,
        0.6261870861053467,
        0.6236491203308105,
        -0.5679816007614136,
        0.33072543144226074,
        0.1416824758052826,
        -0.24860361218452454
    ],
    "roadnet_embedding": [
        1.103514552116394,
        -0.44166257977485657,
        0.053287066519260406,
        0.6200661659240723,
        -2.854963541030884,
        -0.0972210094332695,
        0.007846346125006676,
        -0.11327815800905228,
        -0.10856366157531738,
        0.21762660145759583
    ],
    "function_embedding": [
        1.7377511262893677,
        -4.0127739906311035,
        0.4854361116886139,
        1.3247358798980713,
        0.19425535202026367,
        -0.33291926980018616,
        -0.17015838623046875,
        -3.025411367416382,
        -0.6174404621124268,
        1.3418256044387817
    ],
    "city_embedding": [
        -0.983723521232605,
        0.0036167511716485023,
        0.6694934964179993,
        1.3806318044662476,
        -0.5934169292449951,
        1.2560120820999146,
        0.1646505445241928,
        2.77662992477417,
        2.3926258087158203,
        3.5471549034118652
    ],
    "degree_embedding": [
        -0.9859232902526855,
        -0.14980502426624298,
        1.1363672018051147,
        1.3890211582183838,
        1.9668338298797607,
        -0.10017327964305878,
        -0.9014211297035217,
        -0.5218036770820618,
        0.12516868114471436,
        0.34269973635673523
    ]
}