{
    "id": 11918,
    "range": [
        121.846804,
        31.502716,
        121.856804,
        31.49271599999999
    ],
    "image_path": "CitySatellite\\Shanghai\\11918.jpg",
    "poi": [],
    "places": [],
    "transport": [],
    "traffic": [],
    "buildings": [],
    "landuse": [
        [
            7229,
            4,
            5,
            8.4264883
        ]
    ],
    "road_inner": [
        [
            5121,
            1,
            4,
            1479.8653333333332
        ]
    ],
    "road_connect": {
        "11798": {
            "4": 2
        },
        "11797": {
            "4": 2
        }
    },
    "population": [
        0.0
    ],
    "transport_embedding": [
        -0.24103334546089172,
        -0.34477362036705017,
        0.7280304431915283,
        -1.241018295288086,
        0.5277205109596252,
        0.8952146172523499,
        -0.20784945785999298,
        1.4510799646377563,
        -2.224752902984619,
        -0.4962161183357239
    ],
    "roadnet_embedding": [
        0.6212701797485352,
        -0.9012936353683472,
        0.12507642805576324,
        -1.39615797996521,
        0.43737372756004333,
        -2.1664881706237793,
        -0.02645048126578331,
        1.1033450365066528,
        0.45301705598831177,
        -0.4874339699745178
    ],
    "function_embedding": [
        -1.4588475227355957,
        -0.21458448469638824,
        1.9494960308074951,
        1.0548853874206543,
        0.5482057929039001,
        -2.5140600204467773,
        0.12246928364038467,
        0.9424942135810852,
        -0.13481925427913666,
        0.5876115560531616
    ],
    "city_embedding": [
        -0.983723521232605,
        0.0036167511716485023,
        0.6694934964179993,
        1.3806318044662476,
        -0.5934169292449951,
        1.2560120820999146,
        0.1646505445241928,
        2.77662992477417,
        2.3926258087158203,
        3.5471549034118652
    ],
    "degree_embedding": [
        -0.977254331111908,
        -0.7047815918922424,
        -0.7088843584060669,
        0.6048552393913269,
        0.8860517144203186,
        0.22731485962867737,
        -0.3266783654689789,
        -1.3452101945877075,
        1.2692437171936035,
        -1.71815025806427
    ]
}