{
    "id": 11954,
    "range": [
        121.846804,
        31.142716,
        121.856804,
        31.132716
    ],
    "image_path": "CitySatellite\\Shanghai\\11954.jpg",
    "poi": [],
    "places": [],
    "transport": [],
    "traffic": [],
    "buildings": [],
    "landuse": [],
    "road_inner": [],
    "road_connect": {},
    "population": [
        0.0
    ],
    "transport_embedding": [
        -0.1215914636850357,
        -0.8232943415641785,
        0.4584895074367523,
        -0.558652937412262,
        0.05699571594595909,
        0.5641596913337708,
        0.3723645508289337,
        0.9081987738609314,
        0.7506016492843628,
        -0.25399675965309143
    ],
    "roadnet_embedding": [
        1.1565183401107788,
        -0.4361238181591034,
        0.038159728050231934,
        0.580665647983551,
        -2.816991090774536,
        -0.09024202823638916,
        -0.04381478950381279,
        -0.1312929093837738,
        -0.08233370631933212,
        0.20683588087558746
    ],
    "function_embedding": [
        -0.5789705514907837,
        -0.30535274744033813,
        -0.0851583480834961,
        0.07747222483158112,
        -1.4968669414520264,
        -0.0088991429656744,
        -0.15680882334709167,
        -0.03636297211050987,
        -0.06372735649347305,
        0.28506794571876526
    ],
    "city_embedding": [
        -0.983723521232605,
        0.0036167511716485023,
        0.6694934964179993,
        1.3806318044662476,
        -0.5934169292449951,
        1.2560120820999146,
        0.1646505445241928,
        2.77662992477417,
        2.3926258087158203,
        3.5471549034118652
    ],
    "degree_embedding": [
        -0.9859232902526855,
        -0.14980502426624298,
        1.1363672018051147,
        1.3890211582183838,
        1.9668338298797607,
        -0.10017327964305878,
        -0.9014211297035217,
        -0.5218036770820618,
        0.12516868114471436,
        0.34269973635673523
    ]
}