{
    "id": 11955,
    "range": [
        121.846804,
        31.13271600000001,
        121.856804,
        31.122716
    ],
    "image_path": "CitySatellite\\Shanghai\\11955.jpg",
    "poi": [],
    "places": [],
    "transport": [],
    "traffic": [],
    "buildings": [],
    "landuse": [],
    "road_inner": [],
    "road_connect": {},
    "population": [
        0.0
    ],
    "transport_embedding": [
        -0.09106218814849854,
        -0.7487373948097229,
        0.3998491168022156,
        -0.7259324789047241,
        -0.570867121219635,
        0.8553869724273682,
        1.3907148838043213,
        1.8231360912322998,
        0.4508937895298004,
        -0.3957657217979431
    ],
    "roadnet_embedding": [
        0.996379017829895,
        -0.4375688433647156,
        0.07371089607477188,
        0.49708592891693115,
        -2.8033602237701416,
        -0.2620869278907776,
        0.03544994071125984,
        0.1093389019370079,
        -0.008019606582820415,
        0.23055364191532135
    ],
    "function_embedding": [
        -0.6013067960739136,
        -0.3171879053115845,
        -0.07925932854413986,
        0.09256994724273682,
        -1.456822156906128,
        -0.04184374958276749,
        -0.0469653494656086,
        -0.03769407793879509,
        -0.10358214378356934,
        0.3635498583316803
    ],
    "city_embedding": [
        -0.983723521232605,
        0.0036167511716485023,
        0.6694934964179993,
        1.3806318044662476,
        -0.5934169292449951,
        1.2560120820999146,
        0.1646505445241928,
        2.77662992477417,
        2.3926258087158203,
        3.5471549034118652
    ],
    "degree_embedding": [
        -0.9859232902526855,
        -0.14980502426624298,
        1.1363672018051147,
        1.3890211582183838,
        1.9668338298797607,
        -0.10017327964305878,
        -0.9014211297035217,
        -0.5218036770820618,
        0.12516868114471436,
        0.34269973635673523
    ]
}