{
    "id": 11965,
    "range": [
        121.846804,
        31.032716,
        121.856804,
        31.022716
    ],
    "image_path": "CitySatellite\\Shanghai\\11965.jpg",
    "poi": [],
    "places": [],
    "transport": [
        [
            5621,
            2,
            1
        ]
    ],
    "traffic": [],
    "buildings": [
        1,
        111.371
    ],
    "landuse": [],
    "road_inner": [
        [
            5115,
            1.0,
            3,
            258.51366666666667
        ]
    ],
    "road_connect": {
        "11845": {
            "3": 1
        },
        "11966": {
            "3": 1
        }
    },
    "population": [
        1421.232730865479
    ],
    "transport_embedding": [
        0.17426078021526337,
        -1.9586608409881592,
        -0.7883855104446411,
        0.08420108258724213,
        0.7367056608200073,
        0.6300387382507324,
        0.9859353303909302,
        -1.6247817277908325,
        -1.5352859497070312,
        0.26104938983917236
    ],
    "roadnet_embedding": [
        1.0049121379852295,
        -0.44771191477775574,
        0.11574643850326538,
        0.5673110485076904,
        -2.637509822845459,
        -0.19036191701889038,
        0.009837615303695202,
        -0.05204392969608307,
        -0.03930555656552315,
        0.29952362179756165
    ],
    "function_embedding": [
        -0.610350489616394,
        -0.2839179039001465,
        -0.06815732270479202,
        0.031690508127212524,
        -1.4732145071029663,
        -0.05439628288149834,
        -0.10866829752922058,
        -0.09058953076601028,
        -0.055703990161418915,
        0.20515285432338715
    ],
    "city_embedding": [
        -0.9881390929222107,
        -0.0034782818984240294,
        0.48662570118904114,
        1.1887260675430298,
        -0.6224838495254517,
        1.1069916486740112,
        0.3751148581504822,
        3.005392074584961,
        2.276379346847534,
        3.1613380908966064
    ],
    "degree_embedding": [
        -0.9858659505844116,
        -0.2600632905960083,
        0.5294933915138245,
        0.677148699760437,
        1.577477216720581,
        0.2665071189403534,
        0.08223344385623932,
        -0.5255464911460876,
        0.631521999835968,
        -1.5018965005874634
    ]
}