{
    "id": 12027,
    "range": [
        121.856804,
        31.612716,
        121.866804,
        31.602716
    ],
    "image_path": "CitySatellite\\Shanghai\\12027.jpg",
    "poi": [],
    "places": [],
    "transport": [],
    "traffic": [],
    "buildings": [],
    "landuse": [
        [
            7210,
            2,
            4,
            16.573323866023244
        ]
    ],
    "road_inner": [],
    "road_connect": {},
    "population": [
        0.0
    ],
    "transport_embedding": [
        -0.04357948526740074,
        -0.9194782972335815,
        0.25672271847724915,
        -0.5843740701675415,
        -0.5814434289932251,
        0.532227635383606,
        1.551910638809204,
        1.350089430809021,
        0.7888385653495789,
        -0.2571992576122284
    ],
    "roadnet_embedding": [
        1.1172760725021362,
        -0.41347846388816833,
        0.030109213665127754,
        0.5410317182540894,
        -3.0133910179138184,
        0.04633628576993942,
        0.000231672398513183,
        -0.1257358193397522,
        -0.010465973988175392,
        0.326812207698822
    ],
    "function_embedding": [
        1.7376893758773804,
        -4.01270055770874,
        0.4960171580314636,
        1.3221155405044556,
        0.1937084197998047,
        -0.34004709124565125,
        -0.16837692260742188,
        -3.0374417304992676,
        -0.6146955490112305,
        1.3224455118179321
    ],
    "city_embedding": [
        -0.983723521232605,
        0.0036167511716485023,
        0.6694934964179993,
        1.3806318044662476,
        -0.5934169292449951,
        1.2560120820999146,
        0.1646505445241928,
        2.77662992477417,
        2.3926258087158203,
        3.5471549034118652
    ],
    "degree_embedding": [
        -0.9859232902526855,
        -0.14980502426624298,
        1.1363672018051147,
        1.3890211582183838,
        1.9668338298797607,
        -0.10017327964305878,
        -0.9014211297035217,
        -0.5218036770820618,
        0.12516868114471436,
        0.34269973635673523
    ]
}