{
    "id": 12026,
    "range": [
        121.856804,
        31.622716,
        121.866804,
        31.612716
    ],
    "image_path": "CitySatellite\\Shanghai\\12026.jpg",
    "poi": [],
    "places": [],
    "transport": [],
    "traffic": [],
    "buildings": [],
    "landuse": [
        [
            7210,
            2,
            4,
            16.573323866023244
        ]
    ],
    "road_inner": [],
    "road_connect": {},
    "population": [
        0.0
    ],
    "transport_embedding": [
        -0.1681414544582367,
        -0.8505553603172302,
        0.6538030505180359,
        -0.4418196380138397,
        0.24265243113040924,
        -0.5890085101127625,
        -0.24868692457675934,
        -0.05547666549682617,
        0.9904959201812744,
        0.03530660644173622
    ],
    "roadnet_embedding": [
        1.0611156225204468,
        -0.43062490224838257,
        0.05930360034108162,
        0.46310052275657654,
        -2.7886526584625244,
        -0.2088506817817688,
        -0.01310462411493063,
        0.0678345263004303,
        0.009646263904869556,
        0.25946325063705444
    ],
    "function_embedding": [
        1.7376331090927124,
        -4.012633800506592,
        0.48872292041778564,
        1.3239260911941528,
        0.19409894943237305,
        -0.33516281843185425,
        -0.1696014404296875,
        -3.0237998962402344,
        -0.6168644428253174,
        1.3381619453430176
    ],
    "city_embedding": [
        -0.983723521232605,
        0.0036167511716485023,
        0.6694934964179993,
        1.3806318044662476,
        -0.5934169292449951,
        1.2560120820999146,
        0.1646505445241928,
        2.77662992477417,
        2.3926258087158203,
        3.5471549034118652
    ],
    "degree_embedding": [
        -0.9859232902526855,
        -0.14980502426624298,
        1.1363672018051147,
        1.3890211582183838,
        1.9668338298797607,
        -0.10017327964305878,
        -0.9014211297035217,
        -0.5218036770820618,
        0.12516868114471436,
        0.34269973635673523
    ]
}