{
    "id": 12105,
    "range": [
        121.856804,
        30.832716,
        121.866804,
        30.822716
    ],
    "image_path": "CitySatellite\\Shanghai\\12105.jpg",
    "poi": [],
    "places": [],
    "transport": [],
    "traffic": [],
    "buildings": [],
    "landuse": [],
    "road_inner": [],
    "road_connect": {},
    "population": [
        0.0
    ],
    "transport_embedding": [
        -0.07226666808128357,
        -0.8487380743026733,
        0.3715621531009674,
        -0.6042758822441101,
        -0.5684916377067566,
        0.6342676281929016,
        1.161749005317688,
        1.1291266679763794,
        0.9937320947647095,
        -0.21982574462890625
    ],
    "roadnet_embedding": [
        0.9965729713439941,
        -0.43523189425468445,
        0.11753743886947632,
        0.6350619196891785,
        -2.973614454269409,
        0.035060055553913116,
        0.10301555693149567,
        -0.17869023978710175,
        -0.08336547017097473,
        0.3907814919948578
    ],
    "function_embedding": [
        -0.6416516900062561,
        -0.25245416164398193,
        -0.07448173314332962,
        0.08463379740715027,
        -1.5039104223251343,
        -0.09065230935811996,
        -0.10501255840063095,
        -0.10156343877315521,
        -0.11556969583034515,
        0.37400028109550476
    ],
    "city_embedding": [
        -0.983723521232605,
        0.0036167511716485023,
        0.6694934964179993,
        1.3806318044662476,
        -0.5934169292449951,
        1.2560120820999146,
        0.1646505445241928,
        2.77662992477417,
        2.3926258087158203,
        3.5471549034118652
    ],
    "degree_embedding": [
        -0.9859232902526855,
        -0.14980502426624298,
        1.1363672018051147,
        1.3890211582183838,
        1.9668338298797607,
        -0.10017327964305878,
        -0.9014211297035217,
        -0.5218036770820618,
        0.12516868114471436,
        0.34269973635673523
    ]
}