{
    "id": 12102,
    "range": [
        121.856804,
        30.862716,
        121.866804,
        30.852716
    ],
    "image_path": "CitySatellite\\Shanghai\\12102.jpg",
    "poi": [],
    "places": [],
    "transport": [],
    "traffic": [],
    "buildings": [],
    "landuse": [
        [
            7204,
            1,
            3,
            5.4437096190476195
        ]
    ],
    "road_inner": [],
    "road_connect": {},
    "population": [
        27.41307735443115
    ],
    "transport_embedding": [
        -0.2499166578054428,
        -0.5982115268707275,
        0.7495078444480896,
        -0.7603939771652222,
        0.4297763407230377,
        0.17221565544605255,
        -1.0316883325576782,
        0.09531949460506439,
        -0.15313193202018738,
        -0.14864814281463623
    ],
    "roadnet_embedding": [
        1.09084951877594,
        -0.4268663227558136,
        0.05854356661438942,
        0.6052854061126709,
        -2.992908239364624,
        0.029513491317629814,
        0.01813015714287758,
        -0.135099858045578,
        -0.04070168361067772,
        0.36841273307800293
    ],
    "function_embedding": [
        -1.5835633277893066,
        -0.06636563688516617,
        2.0091617107391357,
        0.47377660870552063,
        0.6178751587867737,
        2.5684475898742676,
        -0.2916530966758728,
        -0.4457070231437683,
        -0.042894940823316574,
        0.6544837355613708
    ],
    "city_embedding": [
        -0.98381108045578,
        0.00340931280516088,
        0.6658529043197632,
        1.3768295049667358,
        -0.5939160585403442,
        1.253346562385559,
        0.1689121127128601,
        2.780630588531494,
        2.3906354904174805,
        3.539743423461914
    ],
    "degree_embedding": [
        -0.9859232902526855,
        -0.14980502426624298,
        1.1363672018051147,
        1.3890211582183838,
        1.9668338298797607,
        -0.10017327964305878,
        -0.9014211297035217,
        -0.5218036770820618,
        0.12516868114471436,
        0.34269973635673523
    ]
}