{
    "id": 12146,
    "range": [
        121.866804,
        31.622716,
        121.876804,
        31.612716
    ],
    "image_path": "CitySatellite\\Shanghai\\12146.jpg",
    "poi": [],
    "places": [],
    "transport": [],
    "traffic": [],
    "buildings": [],
    "landuse": [
        [
            7210,
            2,
            4,
            16.573323866023244
        ]
    ],
    "road_inner": [],
    "road_connect": {},
    "population": [
        0.0
    ],
    "transport_embedding": [
        -0.10296808928251266,
        -0.7586616277694702,
        0.42612138390541077,
        -0.6851924061775208,
        -0.12088997662067413,
        1.2253152132034302,
        0.6830956339836121,
        1.2358163595199585,
        0.44197899103164673,
        -0.3968883156776428
    ],
    "roadnet_embedding": [
        0.9962828159332275,
        -0.45282238721847534,
        0.10569954663515091,
        0.48202934861183167,
        -2.5927367210388184,
        -0.35988080501556396,
        0.005768936593085527,
        0.12114682048559189,
        -0.04448121413588524,
        0.21454226970672607
    ],
    "function_embedding": [
        1.7376370429992676,
        -4.012638092041016,
        0.48697710037231445,
        1.3243590593338013,
        0.19419002532958984,
        -0.33398905396461487,
        -0.16989898681640625,
        -3.0172953605651855,
        -0.6175633072853088,
        1.333715558052063
    ],
    "city_embedding": [
        -0.983723521232605,
        0.0036167511716485023,
        0.6694934964179993,
        1.3806318044662476,
        -0.5934169292449951,
        1.2560120820999146,
        0.1646505445241928,
        2.77662992477417,
        2.3926258087158203,
        3.5471549034118652
    ],
    "degree_embedding": [
        -0.9859232902526855,
        -0.14980502426624298,
        1.1363672018051147,
        1.3890211582183838,
        1.9668338298797607,
        -0.10017327964305878,
        -0.9014211297035217,
        -0.5218036770820618,
        0.12516868114471436,
        0.34269973635673523
    ]
}