{
    "id": 12147,
    "range": [
        121.866804,
        31.612716,
        121.876804,
        31.602716
    ],
    "image_path": "CitySatellite\\Shanghai\\12147.jpg",
    "poi": [],
    "places": [],
    "transport": [],
    "traffic": [],
    "buildings": [],
    "landuse": [
        [
            7210,
            2,
            4,
            16.573323866023244
        ]
    ],
    "road_inner": [],
    "road_connect": {},
    "population": [
        0.0
    ],
    "transport_embedding": [
        -0.08704854547977448,
        -0.7514907717704773,
        0.4011174440383911,
        -0.7328992486000061,
        -0.4071361720561981,
        0.8966803550720215,
        1.0543015003204346,
        1.6536054611206055,
        0.44202733039855957,
        -0.39238208532333374
    ],
    "roadnet_embedding": [
        1.1000020503997803,
        -0.4283160865306854,
        0.08127753436565399,
        0.6141777634620667,
        -2.848010540008545,
        -0.023113593459129333,
        -0.0231948122382164,
        -0.16811548173427582,
        -0.06761154532432556,
        0.30692270398139954
    ],
    "function_embedding": [
        1.7377129793167114,
        -4.012728691101074,
        0.5064032673835754,
        1.3195405006408691,
        0.1931605339050293,
        -0.3470255434513092,
        -0.16662979125976562,
        -3.058885335922241,
        -0.6114897131919861,
        1.2481844425201416
    ],
    "city_embedding": [
        -0.983723521232605,
        0.0036167511716485023,
        0.6694934964179993,
        1.3806318044662476,
        -0.5934169292449951,
        1.2560120820999146,
        0.1646505445241928,
        2.77662992477417,
        2.3926258087158203,
        3.5471549034118652
    ],
    "degree_embedding": [
        -0.9859232902526855,
        -0.14980502426624298,
        1.1363672018051147,
        1.3890211582183838,
        1.9668338298797607,
        -0.10017327964305878,
        -0.9014211297035217,
        -0.5218036770820618,
        0.12516868114471436,
        0.34269973635673523
    ]
}