{
    "id": 12145,
    "range": [
        121.866804,
        31.63271600000001,
        121.876804,
        31.622716
    ],
    "image_path": "CitySatellite\\Shanghai\\12145.jpg",
    "poi": [],
    "places": [],
    "transport": [],
    "traffic": [],
    "buildings": [],
    "landuse": [
        [
            7210,
            2,
            4,
            16.573323866023244
        ]
    ],
    "road_inner": [],
    "road_connect": {},
    "population": [
        0.0
    ],
    "transport_embedding": [
        -0.22792381048202515,
        -0.7410464882850647,
        0.6499930620193481,
        -0.5780586004257202,
        0.6652742624282837,
        -0.34176871180534363,
        -0.4832453727722168,
        0.9550025463104248,
        -0.28765928745269775,
        -0.2637668251991272
    ],
    "roadnet_embedding": [
        0.9786210060119629,
        -0.4346922039985657,
        0.09465353190898895,
        0.5233708024024963,
        -2.7727153301239014,
        -0.16303019225597382,
        0.056473083794116974,
        -0.03132006525993347,
        -0.006851106882095337,
        0.27117422223091125
    ],
    "function_embedding": [
        1.737702488899231,
        -4.012716293334961,
        0.4799477458000183,
        1.3260986804962158,
        0.1945500373840332,
        -0.329244464635849,
        -0.17108154296875,
        -3.0138537883758545,
        -0.6191425323486328,
        1.3403112888336182
    ],
    "city_embedding": [
        -0.983723521232605,
        0.0036167511716485023,
        0.6694934964179993,
        1.3806318044662476,
        -0.5934169292449951,
        1.2560120820999146,
        0.1646505445241928,
        2.77662992477417,
        2.3926258087158203,
        3.5471549034118652
    ],
    "degree_embedding": [
        -0.9859232902526855,
        -0.14980502426624298,
        1.1363672018051147,
        1.3890211582183838,
        1.9668338298797607,
        -0.10017327964305878,
        -0.9014211297035217,
        -0.5218036770820618,
        0.12516868114471436,
        0.34269973635673523
    ]
}