{
    "id": 12153,
    "range": [
        121.866804,
        31.552716,
        121.876804,
        31.542716
    ],
    "image_path": "CitySatellite\\Shanghai\\12153.jpg",
    "poi": [],
    "places": [],
    "transport": [],
    "traffic": [],
    "buildings": [],
    "landuse": [
        [
            7229,
            1,
            5,
            2.852170857142857
        ]
    ],
    "road_inner": [],
    "road_connect": {},
    "population": [
        6.770512815160229
    ],
    "transport_embedding": [
        -0.1381072849035263,
        -0.6202218532562256,
        0.48281291127204895,
        -0.9013565182685852,
        -0.28881344199180603,
        0.49344950914382935,
        0.6836711764335632,
        1.5558087825775146,
        -0.023057283833622932,
        -0.3217684328556061
    ],
    "roadnet_embedding": [
        1.0782157182693481,
        -0.43916159868240356,
        0.06494385749101639,
        0.5892219543457031,
        -2.834688901901245,
        -0.16553960740566254,
        -0.002709242282435298,
        -0.01801680587232113,
        -0.08730714023113251,
        0.2296428084373474
    ],
    "function_embedding": [
        -0.893088161945343,
        -0.874029815196991,
        1.1250038146972656,
        0.011127514764666557,
        0.6663721203804016,
        -1.4939714670181274,
        -0.16366785764694214,
        1.2462347745895386,
        -0.3759663999080658,
        -0.7804197669029236
    ],
    "city_embedding": [
        -0.9837450981140137,
        0.00357154686935246,
        0.6686002016067505,
        1.3796961307525635,
        -0.593511164188385,
        1.2553547620773315,
        0.16571833193302155,
        2.777561664581299,
        2.3921146392822266,
        3.5454468727111816
    ],
    "degree_embedding": [
        -0.9859232902526855,
        -0.14980502426624298,
        1.1363672018051147,
        1.3890211582183838,
        1.9668338298797607,
        -0.10017327964305878,
        -0.9014211297035217,
        -0.5218036770820618,
        0.12516868114471436,
        0.34269973635673523
    ]
}