{
    "id": 12208,
    "range": [
        121.866804,
        31.002716,
        121.876804,
        30.99271599999999
    ],
    "image_path": "CitySatellite\\Shanghai\\12208.jpg",
    "poi": [],
    "places": [],
    "transport": [],
    "traffic": [],
    "buildings": [],
    "landuse": [],
    "road_inner": [
        [
            5112,
            2,
            1,
            1322.8509999999999
        ]
    ],
    "road_connect": {
        "12207": {
            "1": 2
        },
        "12328": {
            "1": 2
        }
    },
    "population": [
        931.3357419967651
    ],
    "transport_embedding": [
        -0.12648621201515198,
        -0.6854681968688965,
        0.4406532347202301,
        -0.7594466209411621,
        0.05601637437939644,
        1.7691419124603271,
        0.15190275013446808,
        0.440506249666214,
        0.630876362323761,
        -0.3323415219783783
    ],
    "roadnet_embedding": [
        0.8596753478050232,
        -0.8289485573768616,
        -0.6014772653579712,
        0.3601159155368805,
        0.4162801206111908,
        -1.6210826635360718,
        -0.8298887014389038,
        -0.6882224082946777,
        2.162637233734131,
        -0.008335757069289684
    ],
    "function_embedding": [
        -0.6180655360221863,
        -0.2986859679222107,
        -0.018828390166163445,
        0.03954347223043442,
        -1.4271248579025269,
        -0.0717974454164505,
        -0.010844393633306026,
        -0.0860842913389206,
        -0.22421418130397797,
        0.20931021869182587
    ],
    "city_embedding": [
        -0.9866997003555298,
        -0.003432468743994832,
        0.5456161499023438,
        1.2502936124801636,
        -0.6098412275314331,
        1.1662724018096924,
        0.3088570833206177,
        2.914456844329834,
        2.32930588722229,
        3.2968475818634033
    ],
    "degree_embedding": [
        -0.9925471544265747,
        -0.08640027046203613,
        0.9954628944396973,
        0.48016324639320374,
        1.2155604362487793,
        0.2256442904472351,
        -0.8471431732177734,
        -0.8691333532333374,
        0.2667416036128998,
        -1.4215588569641113
    ]
}