{
    "id": 12209,
    "range": [
        121.866804,
        30.992716,
        121.876804,
        30.982716
    ],
    "image_path": "CitySatellite\\Shanghai\\12209.jpg",
    "poi": [],
    "places": [],
    "transport": [
        [
            5621,
            2,
            1
        ]
    ],
    "traffic": [],
    "buildings": [],
    "landuse": [],
    "road_inner": [
        [
            5122,
            3,
            4,
            1322.7775
        ]
    ],
    "road_connect": {
        "12089": {
            "4": 2
        },
        "12210": {
            "4": 1
        }
    },
    "population": [
        1175.367554664612
    ],
    "transport_embedding": [
        0.165370911359787,
        -2.128934621810913,
        -1.0189369916915894,
        0.24190571904182434,
        0.49787774682044983,
        0.25188425183296204,
        0.628786563873291,
        -1.3130992650985718,
        -1.4836000204086304,
        0.19293621182441711
    ],
    "roadnet_embedding": [
        0.6387982964515686,
        -0.9012872576713562,
        0.12362781912088394,
        -1.4225397109985352,
        0.4323953688144684,
        -2.1618645191192627,
        -0.051247820258140564,
        1.1018840074539185,
        0.4882826507091522,
        -0.470675528049469
    ],
    "function_embedding": [
        -0.613634467124939,
        -0.2891013026237488,
        -0.02902285009622574,
        0.05995730310678482,
        -1.4363627433776855,
        -0.12988384068012238,
        0.01957838423550129,
        -0.13383348286151886,
        -0.13025715947151184,
        0.2120802402496338
    ],
    "city_embedding": [
        -0.9874743819236755,
        -0.005265973508358002,
        0.513379693031311,
        1.2162806987762451,
        -0.6139195561408997,
        1.143012523651123,
        0.34642401337623596,
        2.950190305709839,
        2.313941240310669,
        3.232346296310425
    ],
    "degree_embedding": [
        -0.978349506855011,
        -0.6245107054710388,
        -0.42773690819740295,
        0.7055791020393372,
        1.0935068130493164,
        0.2870301902294159,
        -0.16148746013641357,
        -1.2399414777755737,
        1.1425660848617554,
        -1.7059062719345093
    ]
}