{
    "id": 12204,
    "range": [
        121.866804,
        31.042716,
        121.876804,
        31.032716
    ],
    "image_path": "CitySatellite\\Shanghai\\12204.jpg",
    "poi": [],
    "places": [],
    "transport": [],
    "traffic": [],
    "buildings": [],
    "landuse": [
        [
            7204,
            1,
            3,
            6.074050136363636
        ]
    ],
    "road_inner": [],
    "road_connect": {},
    "population": [
        28.09462738037109
    ],
    "transport_embedding": [
        -0.2310008406639099,
        -0.5697805285453796,
        0.6331159472465515,
        -0.9026554226875305,
        0.9107696413993835,
        0.5583270788192749,
        -1.2633830308914185,
        0.4450407922267914,
        -0.978445291519165,
        -0.27021294832229614
    ],
    "roadnet_embedding": [
        1.0565074682235718,
        -0.42909929156303406,
        0.062332455068826675,
        0.630763590335846,
        -3.0748374462127686,
        0.03247152641415596,
        0.06808976829051971,
        -0.11709394305944443,
        -0.06904445588588715,
        0.36569157242774963
    ],
    "function_embedding": [
        -1.615172266960144,
        -0.028826963156461716,
        2.035334348678589,
        0.5905902981758118,
        0.6087738871574402,
        2.5970277786254883,
        -0.2682097554206848,
        -0.4502228796482086,
        -0.027778014540672302,
        0.7490745186805725
    ],
    "city_embedding": [
        -0.9838132858276367,
        0.0034031791146844625,
        0.665756344795227,
        1.3767269849777222,
        -0.5940381288528442,
        1.253294587135315,
        0.16903568804264069,
        2.780751943588257,
        2.390578031539917,
        3.5396578311920166
    ],
    "degree_embedding": [
        -0.9859232902526855,
        -0.14980502426624298,
        1.1363672018051147,
        1.3890211582183838,
        1.9668338298797607,
        -0.10017327964305878,
        -0.9014211297035217,
        -0.5218036770820618,
        0.12516868114471436,
        0.34269973635673523
    ]
}