{
    "id": 12202,
    "range": [
        121.866804,
        31.062716,
        121.876804,
        31.052716
    ],
    "image_path": "CitySatellite\\Shanghai\\12202.jpg",
    "poi": [],
    "places": [],
    "transport": [],
    "traffic": [],
    "buildings": [],
    "landuse": [
        [
            7204,
            1,
            3,
            6.074050136363636
        ]
    ],
    "road_inner": [],
    "road_connect": {},
    "population": [
        752.2614192962646
    ],
    "transport_embedding": [
        -0.1449582427740097,
        -0.6957635879516602,
        0.47612205147743225,
        -0.7061527967453003,
        -0.06424886733293533,
        1.4707674980163574,
        0.333364874124527,
        0.5148886442184448,
        0.7335646748542786,
        -0.27933990955352783
    ],
    "roadnet_embedding": [
        1.1278020143508911,
        -0.41520482301712036,
        0.024230150505900383,
        0.5322070717811584,
        -2.9386463165283203,
        -0.05970387905836105,
        -0.02148261107504368,
        -0.05396067351102829,
        -0.00210203742608428,
        0.22395549714565277
    ],
    "function_embedding": [
        -1.6210262775421143,
        -0.02187342569231987,
        2.040370225906372,
        0.6016902327537537,
        0.6081069111824036,
        2.5993242263793945,
        -0.2656795382499695,
        -0.45337656140327454,
        -0.025280514732003212,
        0.7666316032409668
    ],
    "city_embedding": [
        -0.986129105091095,
        -0.00207810802385211,
        0.5693618059158325,
        1.2753405570983887,
        -0.606977641582489,
        1.1834207773208618,
        0.28126806020736694,
        2.8879752159118652,
        2.3407340049743652,
        3.344897985458374
    ],
    "degree_embedding": [
        -0.9859232902526855,
        -0.14980502426624298,
        1.1363672018051147,
        1.3890211582183838,
        1.9668338298797607,
        -0.10017327964305878,
        -0.9014211297035217,
        -0.5218036770820618,
        0.12516868114471436,
        0.34269973635673523
    ]
}