{
    "id": 12212,
    "range": [
        121.866804,
        30.962716,
        121.876804,
        30.952716
    ],
    "image_path": "CitySatellite\\Shanghai\\12212.jpg",
    "poi": [],
    "places": [],
    "transport": [
        [
            5621,
            2,
            1
        ]
    ],
    "traffic": [],
    "buildings": [],
    "landuse": [],
    "road_inner": [
        [
            5115,
            1.0,
            3,
            709.3333333333334
        ]
    ],
    "road_connect": {
        "12092": {
            "3": 1
        },
        "12332": {
            "3": 1
        }
    },
    "population": [
        1596.094066619873
    ],
    "transport_embedding": [
        0.14767403900623322,
        -2.1925864219665527,
        -1.084323763847351,
        0.3220002055168152,
        0.40572383999824524,
        0.037879105657339096,
        0.34618666768074036,
        -1.2333440780639648,
        -1.443948745727539,
        0.15014147758483887
    ],
    "roadnet_embedding": [
        1.0527876615524292,
        -0.7227846384048462,
        0.3135167062282562,
        0.39532095193862915,
        0.1580527126789093,
        -1.6945924758911133,
        -0.3898976445198059,
        0.6135633587837219,
        -0.3752245604991913,
        0.13241684436798096
    ],
    "function_embedding": [
        -0.6055625677108765,
        -0.30658239126205444,
        -0.035707827657461166,
        0.07536767423152924,
        -1.4676140546798706,
        -0.03874791041016579,
        -0.07795163244009018,
        -0.07690335810184479,
        -0.12159793823957443,
        0.22606179118156433
    ],
    "city_embedding": [
        -0.9888037443161011,
        -0.00838544312864542,
        0.4580634534358978,
        1.1579784154891968,
        -0.6202881932258606,
        1.1031746864318848,
        0.4107414782047272,
        3.0111637115478516,
        2.288670063018799,
        3.1219706535339355
    ],
    "degree_embedding": [
        -0.9858659505844116,
        -0.2600632905960083,
        0.5294933915138245,
        0.677148699760437,
        1.577477216720581,
        0.2665071189403534,
        0.08223344385623932,
        -0.5255464911460876,
        0.631521999835968,
        -1.5018965005874634
    ]
}