{
    "id": 12224,
    "range": [
        121.866804,
        30.842716,
        121.876804,
        30.83271599999999
    ],
    "image_path": "CitySatellite\\Shanghai\\12224.jpg",
    "poi": [],
    "places": [],
    "transport": [],
    "traffic": [],
    "buildings": [],
    "landuse": [],
    "road_inner": [],
    "road_connect": {},
    "population": [
        0.0
    ],
    "transport_embedding": [
        -0.09312748908996582,
        -0.7506649494171143,
        0.37246623635292053,
        -0.6647958755493164,
        -0.23306725919246674,
        2.0605852603912354,
        1.0299620628356934,
        0.9114010334014893,
        0.9311058521270752,
        -0.3728618919849396
    ],
    "roadnet_embedding": [
        1.0765149593353271,
        -0.4244627058506012,
        0.0907309427857399,
        0.5662894248962402,
        -2.8274669647216797,
        -0.057771362364292145,
        -0.006425519473850727,
        -0.10235457867383957,
        -0.07016290724277496,
        0.3051873445510864
    ],
    "function_embedding": [
        -0.5990118384361267,
        -0.28241121768951416,
        -0.08326899260282516,
        0.09813042730093002,
        -1.493582010269165,
        -0.06450153142213821,
        -0.03381042182445526,
        -0.11037059128284454,
        -0.09196192771196365,
        0.29374951124191284
    ],
    "city_embedding": [
        -0.983723521232605,
        0.0036167511716485023,
        0.6694934964179993,
        1.3806318044662476,
        -0.5934169292449951,
        1.2560120820999146,
        0.1646505445241928,
        2.77662992477417,
        2.3926258087158203,
        3.5471549034118652
    ],
    "degree_embedding": [
        -0.9859232902526855,
        -0.14980502426624298,
        1.1363672018051147,
        1.3890211582183838,
        1.9668338298797607,
        -0.10017327964305878,
        -0.9014211297035217,
        -0.5218036770820618,
        0.12516868114471436,
        0.34269973635673523
    ]
}