{
    "id": 12225,
    "range": [
        121.866804,
        30.832716,
        121.876804,
        30.822716
    ],
    "image_path": "CitySatellite\\Shanghai\\12225.jpg",
    "poi": [],
    "places": [],
    "transport": [],
    "traffic": [],
    "buildings": [],
    "landuse": [],
    "road_inner": [],
    "road_connect": {},
    "population": [
        0.0
    ],
    "transport_embedding": [
        -0.1919110119342804,
        -0.789516806602478,
        0.6520230770111084,
        -0.4382782280445099,
        0.6331067681312561,
        1.1113097667694092,
        -0.5879536867141724,
        -0.4969347417354584,
        0.978969156742096,
        -0.10030527412891388
    ],
    "roadnet_embedding": [
        1.1408300399780273,
        -0.43601953983306885,
        0.008682078681886196,
        0.6184790134429932,
        -2.977860927581787,
        0.0015041772276163101,
        0.013791602104902267,
        -0.18767642974853516,
        -0.051308296620845795,
        0.21431128680706024
    ],
    "function_embedding": [
        -0.581512451171875,
        -0.3369784355163574,
        -0.09284594655036926,
        0.06212271377444267,
        -1.4225167036056519,
        0.008019406348466873,
        -0.14275725185871124,
        0.025114981457591057,
        -0.04167701303958893,
        0.2643224596977234
    ],
    "city_embedding": [
        -0.983723521232605,
        0.0036167511716485023,
        0.6694934964179993,
        1.3806318044662476,
        -0.5934169292449951,
        1.2560120820999146,
        0.1646505445241928,
        2.77662992477417,
        2.3926258087158203,
        3.5471549034118652
    ],
    "degree_embedding": [
        -0.9859232902526855,
        -0.14980502426624298,
        1.1363672018051147,
        1.3890211582183838,
        1.9668338298797607,
        -0.10017327964305878,
        -0.9014211297035217,
        -0.5218036770820618,
        0.12516868114471436,
        0.34269973635673523
    ]
}