{
    "id": 12265,
    "range": [
        121.876804,
        31.63271600000001,
        121.886804,
        31.622716
    ],
    "image_path": "CitySatellite\\Shanghai\\12265.jpg",
    "poi": [],
    "places": [],
    "transport": [],
    "traffic": [],
    "buildings": [],
    "landuse": [
        [
            7210,
            2,
            4,
            16.573323866023244
        ]
    ],
    "road_inner": [],
    "road_connect": {},
    "population": [
        0.0
    ],
    "transport_embedding": [
        -0.25357216596603394,
        -0.6133483052253723,
        0.6804184317588806,
        -0.8048484325408936,
        1.0556962490081787,
        0.1513776034116745,
        -0.8823840618133545,
        1.1212408542633057,
        -1.5531631708145142,
        -0.35997146368026733
    ],
    "roadnet_embedding": [
        1.1224250793457031,
        -0.4155702590942383,
        0.024208249524235725,
        0.5669670701026917,
        -2.9811482429504395,
        -0.015354239381849766,
        0.009685270488262177,
        -0.0909913033246994,
        -0.05143892019987106,
        0.2229686677455902
    ],
    "function_embedding": [
        1.7377686500549316,
        -4.012794494628906,
        0.5278611779212952,
        1.314218521118164,
        0.19202709197998047,
        -0.36143240332603455,
        -0.16302108764648438,
        -3.0926601886749268,
        -0.6054370999336243,
        1.1499207019805908
    ],
    "city_embedding": [
        -0.983723521232605,
        0.0036167511716485023,
        0.6694934964179993,
        1.3806318044662476,
        -0.5934169292449951,
        1.2560120820999146,
        0.1646505445241928,
        2.77662992477417,
        2.3926258087158203,
        3.5471549034118652
    ],
    "degree_embedding": [
        -0.9859232902526855,
        -0.14980502426624298,
        1.1363672018051147,
        1.3890211582183838,
        1.9668338298797607,
        -0.10017327964305878,
        -0.9014211297035217,
        -0.5218036770820618,
        0.12516868114471436,
        0.34269973635673523
    ]
}