{
    "id": 12267,
    "range": [
        121.876804,
        31.612716,
        121.886804,
        31.602716
    ],
    "image_path": "CitySatellite\\Shanghai\\12267.jpg",
    "poi": [],
    "places": [],
    "transport": [],
    "traffic": [],
    "buildings": [],
    "landuse": [
        [
            7210,
            2,
            4,
            16.573323866023244
        ]
    ],
    "road_inner": [],
    "road_connect": {},
    "population": [
        0.0
    ],
    "transport_embedding": [
        -0.2590388357639313,
        -0.6946539878845215,
        0.7116164565086365,
        -0.6033510565757751,
        1.401336908340454,
        0.7272858023643494,
        -1.1126521825790405,
        -0.06933456659317017,
        -0.8720541000366211,
        -0.21339111030101776
    ],
    "roadnet_embedding": [
        0.9575970768928528,
        -0.4715619683265686,
        0.12052442878484726,
        0.5862336754798889,
        -2.645552158355713,
        -0.29894861578941345,
        0.07354546338319778,
        0.051031194627285004,
        -0.07507890462875366,
        0.2617529630661011
    ],
    "function_embedding": [
        1.7375842332839966,
        -4.012575626373291,
        0.4490829408168793,
        1.3337544202804565,
        0.19618511199951172,
        -0.3085322976112366,
        -0.17626953125,
        -2.9543230533599854,
        -0.6284375786781311,
        1.4947597980499268
    ],
    "city_embedding": [
        -0.983723521232605,
        0.0036167511716485023,
        0.6694934964179993,
        1.3806318044662476,
        -0.5934169292449951,
        1.2560120820999146,
        0.1646505445241928,
        2.77662992477417,
        2.3926258087158203,
        3.5471549034118652
    ],
    "degree_embedding": [
        -0.9859232902526855,
        -0.14980502426624298,
        1.1363672018051147,
        1.3890211582183838,
        1.9668338298797607,
        -0.10017327964305878,
        -0.9014211297035217,
        -0.5218036770820618,
        0.12516868114471436,
        0.34269973635673523
    ]
}