{
    "id": 12266,
    "range": [
        121.876804,
        31.622716,
        121.886804,
        31.612716
    ],
    "image_path": "CitySatellite\\Shanghai\\12266.jpg",
    "poi": [],
    "places": [],
    "transport": [],
    "traffic": [],
    "buildings": [],
    "landuse": [
        [
            7210,
            2,
            4,
            16.573323866023244
        ]
    ],
    "road_inner": [],
    "road_connect": {},
    "population": [
        0.0
    ],
    "transport_embedding": [
        -0.14177563786506653,
        -0.7518895268440247,
        0.4901573657989502,
        -0.6499443054199219,
        -0.1344795823097229,
        0.49868088960647583,
        0.5118670463562012,
        0.9747616052627563,
        0.6224478483200073,
        -0.23129437863826752
    ],
    "roadnet_embedding": [
        0.9839831590652466,
        -0.43876969814300537,
        0.08935213834047318,
        0.49506253004074097,
        -2.7549221515655518,
        -0.2027123123407364,
        0.048650193959474564,
        0.025050457566976547,
        0.01468099094927311,
        0.2823773920536041
    ],
    "function_embedding": [
        1.7377941608428955,
        -4.012825012207031,
        0.5155237317085266,
        1.3172755241394043,
        0.1926712989807129,
        -0.35312730073928833,
        -0.16509628295898438,
        -3.068594455718994,
        -0.6091771125793457,
        1.2558770179748535
    ],
    "city_embedding": [
        -0.983723521232605,
        0.0036167511716485023,
        0.6694934964179993,
        1.3806318044662476,
        -0.5934169292449951,
        1.2560120820999146,
        0.1646505445241928,
        2.77662992477417,
        2.3926258087158203,
        3.5471549034118652
    ],
    "degree_embedding": [
        -0.9859232902526855,
        -0.14980502426624298,
        1.1363672018051147,
        1.3890211582183838,
        1.9668338298797607,
        -0.10017327964305878,
        -0.9014211297035217,
        -0.5218036770820618,
        0.12516868114471436,
        0.34269973635673523
    ]
}