{
    "id": 12271,
    "range": [
        121.876804,
        31.572716,
        121.886804,
        31.562716
    ],
    "image_path": "CitySatellite\\Shanghai\\12271.jpg",
    "poi": [],
    "places": [],
    "transport": [],
    "traffic": [],
    "buildings": [],
    "landuse": [
        [
            7229,
            2,
            5,
            5.809723166666666
        ]
    ],
    "road_inner": [
        [
            5142,
            1.0,
            5,
            1837.7903333333334
        ]
    ],
    "road_connect": {
        "12151": {
            "5": 3
        },
        "12391": {
            "5": 3
        }
    },
    "population": [
        0.0
    ],
    "transport_embedding": [
        -0.2786236107349396,
        -0.666929304599762,
        0.6880349516868591,
        -0.6686638593673706,
        1.3747961521148682,
        0.33719775080680847,
        -1.1053006649017334,
        0.526831328868866,
        -1.3459309339523315,
        -0.2783912122249603
    ],
    "roadnet_embedding": [
        1.5911548137664795,
        -0.8913993835449219,
        -0.5242388844490051,
        -0.10405755788087845,
        0.6811811923980713,
        0.42054659128189087,
        0.7732647061347961,
        -0.7750238180160522,
        -1.0397777557373047,
        -1.891845464706421
    ],
    "function_embedding": [
        -1.2562696933746338,
        -0.45519527792930603,
        1.7145036458969116,
        0.8607818484306335,
        0.5584286451339722,
        -2.254279851913452,
        0.03281047195196152,
        0.9824864268302917,
        -0.216873899102211,
        0.22416073083877563
    ],
    "city_embedding": [
        -0.983723521232605,
        0.0036167511716485023,
        0.6694934964179993,
        1.3806318044662476,
        -0.5934169292449951,
        1.2560120820999146,
        0.1646505445241928,
        2.77662992477417,
        2.3926258087158203,
        3.5471549034118652
    ],
    "degree_embedding": [
        -0.9732847213745117,
        -0.9305751323699951,
        1.4626542329788208,
        0.8528686761856079,
        0.533169686794281,
        0.2681710124015808,
        0.5346077084541321,
        -0.8522258996963501,
        1.0861718654632568,
        -1.9445594549179077
    ]
}