{
    "id": 12316,
    "range": [
        121.876804,
        31.122716,
        121.886804,
        31.112716
    ],
    "image_path": "CitySatellite\\Shanghai\\12316.jpg",
    "poi": [],
    "places": [],
    "transport": [],
    "traffic": [],
    "buildings": [],
    "landuse": [],
    "road_inner": [],
    "road_connect": {},
    "population": [
        0.0
    ],
    "transport_embedding": [
        -0.2763134241104126,
        -0.6583198308944702,
        0.6905510425567627,
        -0.6841123700141907,
        1.4463562965393066,
        0.5951014161109924,
        -0.9709548950195312,
        0.4019719064235687,
        -1.5125021934509277,
        -0.30674219131469727
    ],
    "roadnet_embedding": [
        1.1160742044448853,
        -0.43604519963264465,
        0.022999202832579613,
        0.4436856508255005,
        -2.653562068939209,
        -0.22705385088920593,
        -0.041975099593400955,
        -0.03323972597718239,
        0.07602537423372269,
        0.08944237232208252
    ],
    "function_embedding": [
        -0.6049660444259644,
        -0.2946915924549103,
        -0.036233216524124146,
        0.07887917757034302,
        -1.4721333980560303,
        -0.06648492813110352,
        -0.1093052476644516,
        -0.07318150997161865,
        -0.11765789240598679,
        0.20761273801326752
    ],
    "city_embedding": [
        -0.983723521232605,
        0.0036167511716485023,
        0.6694934964179993,
        1.3806318044662476,
        -0.5934169292449951,
        1.2560120820999146,
        0.1646505445241928,
        2.77662992477417,
        2.3926258087158203,
        3.5471549034118652
    ],
    "degree_embedding": [
        -0.9859232902526855,
        -0.14980502426624298,
        1.1363672018051147,
        1.3890211582183838,
        1.9668338298797607,
        -0.10017327964305878,
        -0.9014211297035217,
        -0.5218036770820618,
        0.12516868114471436,
        0.34269973635673523
    ]
}