{
    "id": 12344,
    "range": [
        121.876804,
        30.842716,
        121.886804,
        30.83271599999999
    ],
    "image_path": "CitySatellite\\Shanghai\\12344.jpg",
    "poi": [],
    "places": [],
    "transport": [],
    "traffic": [],
    "buildings": [],
    "landuse": [],
    "road_inner": [],
    "road_connect": {},
    "population": [
        0.0
    ],
    "transport_embedding": [
        -0.2627008557319641,
        -0.5212877988815308,
        0.6788029670715332,
        -0.96082603931427,
        0.46049070358276367,
        -0.6137170791625977,
        -0.525547981262207,
        1.9728684425354004,
        -1.5737327337265015,
        -0.4910973906517029
    ],
    "roadnet_embedding": [
        1.0560460090637207,
        -0.4470468759536743,
        0.04315229505300522,
        0.6133822798728943,
        -3.00783109664917,
        -0.021455397829413414,
        0.08885608613491058,
        -0.10802964121103287,
        -0.08963704854249954,
        0.33302828669548035
    ],
    "function_embedding": [
        -0.5740145444869995,
        -0.3350403606891632,
        -0.062344446778297424,
        0.05674954876303673,
        -1.4385013580322266,
        -0.02818649634718895,
        -0.13762272894382477,
        -0.017894724383950233,
        -0.08245840668678284,
        0.21676376461982727
    ],
    "city_embedding": [
        -0.983723521232605,
        0.0036167511716485023,
        0.6694934964179993,
        1.3806318044662476,
        -0.5934169292449951,
        1.2560120820999146,
        0.1646505445241928,
        2.77662992477417,
        2.3926258087158203,
        3.5471549034118652
    ],
    "degree_embedding": [
        -0.9859232902526855,
        -0.14980502426624298,
        1.1363672018051147,
        1.3890211582183838,
        1.9668338298797607,
        -0.10017327964305878,
        -0.9014211297035217,
        -0.5218036770820618,
        0.12516868114471436,
        0.34269973635673523
    ]
}