{
    "id": 12345,
    "range": [
        121.876804,
        30.832716,
        121.886804,
        30.822716
    ],
    "image_path": "CitySatellite\\Shanghai\\12345.jpg",
    "poi": [],
    "places": [],
    "transport": [],
    "traffic": [],
    "buildings": [],
    "landuse": [],
    "road_inner": [],
    "road_connect": {},
    "population": [
        0.0
    ],
    "transport_embedding": [
        -0.16796687245368958,
        -0.7790738344192505,
        0.4524248242378235,
        -0.6566059589385986,
        0.032639604061841965,
        -1.0284640789031982,
        0.4061144292354584,
        1.3684941530227661,
        0.3251567482948303,
        -0.2195834219455719
    ],
    "roadnet_embedding": [
        1.0040150880813599,
        -0.44000136852264404,
        0.08824905008077621,
        0.6571254730224609,
        -2.9056174755096436,
        -0.03750462085008621,
        0.0518866665661335,
        -0.12761637568473816,
        -0.03314504027366638,
        0.3610028028488159
    ],
    "function_embedding": [
        -0.5989202857017517,
        -0.3176518976688385,
        -0.0396144725382328,
        0.028720013797283173,
        -1.3992608785629272,
        -0.06024930253624916,
        0.012620681896805763,
        -0.10392747074365616,
        -0.18006357550621033,
        0.1872805655002594
    ],
    "city_embedding": [
        -0.983723521232605,
        0.0036167511716485023,
        0.6694934964179993,
        1.3806318044662476,
        -0.5934169292449951,
        1.2560120820999146,
        0.1646505445241928,
        2.77662992477417,
        2.3926258087158203,
        3.5471549034118652
    ],
    "degree_embedding": [
        -0.9859232902526855,
        -0.14980502426624298,
        1.1363672018051147,
        1.3890211582183838,
        1.9668338298797607,
        -0.10017327964305878,
        -0.9014211297035217,
        -0.5218036770820618,
        0.12516868114471436,
        0.34269973635673523
    ]
}