{
    "id": 12386,
    "range": [
        121.886804,
        31.622716,
        121.896804,
        31.612716
    ],
    "image_path": "CitySatellite\\Shanghai\\12386.jpg",
    "poi": [],
    "places": [],
    "transport": [],
    "traffic": [],
    "buildings": [],
    "landuse": [
        [
            7210,
            2,
            4,
            16.573323866023244
        ]
    ],
    "road_inner": [],
    "road_connect": {},
    "population": [
        0.0
    ],
    "transport_embedding": [
        -0.17067435383796692,
        -0.8040526509284973,
        0.5920873284339905,
        -0.4595998525619507,
        0.6054544448852539,
        1.2159581184387207,
        -0.46141335368156433,
        -0.3220805525779724,
        0.9467782974243164,
        -0.13638876378536224
    ],
    "roadnet_embedding": [
        1.1232633590698242,
        -0.44224461913108826,
        0.024426082149147987,
        0.44246482849121094,
        -2.520176649093628,
        -0.28718435764312744,
        -0.0819801464676857,
        -0.05900019407272339,
        0.0686468631029129,
        0.04652240872383118
    ],
    "function_embedding": [
        1.737648844718933,
        -4.012652397155762,
        0.48045992851257324,
        1.3259738683700562,
        0.19453001022338867,
        -0.32960245013237,
        -0.17099380493164062,
        -3.0096614360809326,
        -0.6192629933357239,
        1.4074758291244507
    ],
    "city_embedding": [
        -0.983723521232605,
        0.0036167511716485023,
        0.6694934964179993,
        1.3806318044662476,
        -0.5934169292449951,
        1.2560120820999146,
        0.1646505445241928,
        2.77662992477417,
        2.3926258087158203,
        3.5471549034118652
    ],
    "degree_embedding": [
        -0.9859232902526855,
        -0.14980502426624298,
        1.1363672018051147,
        1.3890211582183838,
        1.9668338298797607,
        -0.10017327964305878,
        -0.9014211297035217,
        -0.5218036770820618,
        0.12516868114471436,
        0.34269973635673523
    ]
}