{
    "id": 12388,
    "range": [
        121.886804,
        31.602716,
        121.896804,
        31.592716
    ],
    "image_path": "CitySatellite\\Shanghai\\12388.jpg",
    "poi": [],
    "places": [],
    "transport": [],
    "traffic": [],
    "buildings": [],
    "landuse": [
        [
            7210,
            2,
            4,
            16.573323866023244
        ]
    ],
    "road_inner": [],
    "road_connect": {},
    "population": [
        0.0
    ],
    "transport_embedding": [
        -0.19625751674175262,
        -0.7796230316162109,
        0.6639257669448853,
        -0.4338674247264862,
        0.3154592514038086,
        0.8899240493774414,
        -0.06571295857429504,
        -0.08818909525871277,
        1.0492756366729736,
        -0.1239430233836174
    ],
    "roadnet_embedding": [
        0.9857339859008789,
        -0.4357777237892151,
        0.1103576049208641,
        0.5288199782371521,
        -2.803922653198242,
        -0.09409882128238678,
        0.06765256822109222,
        -0.0885450541973114,
        -0.04749644920229912,
        0.3131541907787323
    ],
    "function_embedding": [
        1.7377341985702515,
        -4.012753486633301,
        0.48578906059265137,
        1.3246484994888306,
        0.19423913955688477,
        -0.33315879106521606,
        -0.17009735107421875,
        -3.018023729324341,
        -0.6177704930305481,
        1.370378851890564
    ],
    "city_embedding": [
        -0.983723521232605,
        0.0036167511716485023,
        0.6694934964179993,
        1.3806318044662476,
        -0.5934169292449951,
        1.2560120820999146,
        0.1646505445241928,
        2.77662992477417,
        2.3926258087158203,
        3.5471549034118652
    ],
    "degree_embedding": [
        -0.9859232902526855,
        -0.14980502426624298,
        1.1363672018051147,
        1.3890211582183838,
        1.9668338298797607,
        -0.10017327964305878,
        -0.9014211297035217,
        -0.5218036770820618,
        0.12516868114471436,
        0.34269973635673523
    ]
}