{
    "id": 12387,
    "range": [
        121.886804,
        31.612716,
        121.896804,
        31.602716
    ],
    "image_path": "CitySatellite\\Shanghai\\12387.jpg",
    "poi": [],
    "places": [],
    "transport": [],
    "traffic": [],
    "buildings": [],
    "landuse": [
        [
            7210,
            2,
            4,
            16.573323866023244
        ]
    ],
    "road_inner": [],
    "road_connect": {},
    "population": [
        0.0
    ],
    "transport_embedding": [
        -0.12605226039886475,
        -0.7823376655578613,
        0.45113396644592285,
        -0.687578022480011,
        0.10613387823104858,
        0.20801694691181183,
        -0.37930938601493835,
        0.4766186475753784,
        0.5874663591384888,
        -0.1838529258966446
    ],
    "roadnet_embedding": [
        0.9564748406410217,
        -0.4533531367778778,
        0.10282700508832932,
        0.4764823615550995,
        -2.6843109130859375,
        -0.3180168569087982,
        0.05715586990118027,
        0.11425218731164932,
        -0.015864118933677673,
        0.2566032409667969
    ],
    "function_embedding": [
        1.7377610206604004,
        -4.0127854347229,
        0.5098610520362854,
        1.318680763244629,
        0.19297266006469727,
        -0.3493329584598541,
        -0.16604995727539062,
        -3.0615596771240234,
        -0.6106694340705872,
        1.2119934558868408
    ],
    "city_embedding": [
        -0.983723521232605,
        0.0036167511716485023,
        0.6694934964179993,
        1.3806318044662476,
        -0.5934169292449951,
        1.2560120820999146,
        0.1646505445241928,
        2.77662992477417,
        2.3926258087158203,
        3.5471549034118652
    ],
    "degree_embedding": [
        -0.9859232902526855,
        -0.14980502426624298,
        1.1363672018051147,
        1.3890211582183838,
        1.9668338298797607,
        -0.10017327964305878,
        -0.9014211297035217,
        -0.5218036770820618,
        0.12516868114471436,
        0.34269973635673523
    ]
}