{
    "id": 12397,
    "range": [
        121.886804,
        31.512716,
        121.896804,
        31.502716
    ],
    "image_path": "CitySatellite\\Shanghai\\12397.jpg",
    "poi": [],
    "places": [],
    "transport": [],
    "traffic": [],
    "buildings": [],
    "landuse": [
        [
            7229,
            2,
            5,
            4.8420058571428575
        ]
    ],
    "road_inner": [],
    "road_connect": {},
    "population": [
        6.691420876301862
    ],
    "transport_embedding": [
        -0.23096077144145966,
        -0.6678898930549622,
        0.711944580078125,
        -0.6902275681495667,
        0.6971338391304016,
        -0.06944086402654648,
        -1.097095012664795,
        0.4396432936191559,
        -0.30410903692245483,
        -0.1910441815853119
    ],
    "roadnet_embedding": [
        1.1204922199249268,
        -0.41662320494651794,
        0.04295664280653,
        0.49757638573646545,
        -2.916627883911133,
        -0.04980072006583214,
        -0.028172269463539124,
        -0.06482037901878357,
        -0.043535683304071426,
        0.27371641993522644
    ],
    "function_embedding": [
        -1.1399035453796387,
        -0.5930148959159851,
        1.5588353872299194,
        0.6664106249809265,
        0.5762004852294922,
        -2.070486068725586,
        -0.03372610732913017,
        1.0407958030700684,
        -0.2687297761440277,
        -0.05095487833023071
    ],
    "city_embedding": [
        -0.9837448000907898,
        0.0035697217099368572,
        0.6686078310012817,
        1.3797075748443604,
        -0.593511164188385,
        1.2553571462631226,
        0.16570645570755005,
        2.7775652408599854,
        2.3920857906341553,
        3.545419931411743
    ],
    "degree_embedding": [
        -0.9859232902526855,
        -0.14980502426624298,
        1.1363672018051147,
        1.3890211582183838,
        1.9668338298797607,
        -0.10017327964305878,
        -0.9014211297035217,
        -0.5218036770820618,
        0.12516868114471436,
        0.34269973635673523
    ]
}