{
    "id": 12394,
    "range": [
        121.886804,
        31.54271600000001,
        121.896804,
        31.532716
    ],
    "image_path": "CitySatellite\\Shanghai\\12394.jpg",
    "poi": [],
    "places": [],
    "transport": [],
    "traffic": [],
    "buildings": [],
    "landuse": [
        [
            7229,
            2,
            5,
            6.35863275
        ]
    ],
    "road_inner": [],
    "road_connect": {},
    "population": [
        0.0
    ],
    "transport_embedding": [
        -0.22927573323249817,
        -0.689795970916748,
        0.6321234107017517,
        -0.6798591017723083,
        1.0417330265045166,
        0.6628007292747498,
        -0.6265671253204346,
        0.6081261038780212,
        -1.0052118301391602,
        -0.3406847417354584
    ],
    "roadnet_embedding": [
        1.0515786409378052,
        -0.450909823179245,
        0.05408347770571709,
        0.5860612392425537,
        -2.747730016708374,
        -0.24889956414699554,
        0.02478775754570961,
        0.022830968722701073,
        -0.07999038696289062,
        0.1371900737285614
    ],
    "function_embedding": [
        -1.3040392398834229,
        -0.3984963893890381,
        1.7815072536468506,
        0.9339609146118164,
        0.5521085262298584,
        -2.33009672164917,
        0.06109534204006195,
        0.9709279537200928,
        -0.1945144534111023,
        0.3391415476799011
    ],
    "city_embedding": [
        -0.983723521232605,
        0.0036167511716485023,
        0.6694934964179993,
        1.3806318044662476,
        -0.5934169292449951,
        1.2560120820999146,
        0.1646505445241928,
        2.77662992477417,
        2.3926258087158203,
        3.5471549034118652
    ],
    "degree_embedding": [
        -0.9859232902526855,
        -0.14980502426624298,
        1.1363672018051147,
        1.3890211582183838,
        1.9668338298797607,
        -0.10017327964305878,
        -0.9014211297035217,
        -0.5218036770820618,
        0.12516868114471436,
        0.34269973635673523
    ]
}