{
    "id": 12401,
    "range": [
        121.886804,
        31.472716,
        121.896804,
        31.462716
    ],
    "image_path": "CitySatellite\\Shanghai\\12401.jpg",
    "poi": [],
    "places": [],
    "transport": [],
    "traffic": [],
    "buildings": [
        1,
        886.139
    ],
    "landuse": [
        [
            7229,
            3,
            5,
            7.901855028571429
        ]
    ],
    "road_inner": [],
    "road_connect": {},
    "population": [
        0.0
    ],
    "transport_embedding": [
        -0.1585719734430313,
        -0.66241455078125,
        0.49309542775154114,
        -0.7496705651283264,
        0.14314357936382294,
        1.5323067903518677,
        0.2512076497077942,
        0.5353457927703857,
        0.38808536529541016,
        -0.32460880279541016
    ],
    "roadnet_embedding": [
        1.0330276489257812,
        -0.4406247138977051,
        0.09130647778511047,
        0.5726085901260376,
        -2.882655382156372,
        -0.100831039249897,
        0.050364550203084946,
        -0.026263849809765816,
        -0.06451713293790817,
        0.35499393939971924
    ],
    "function_embedding": [
        -1.4274903535842896,
        -0.25184208154678345,
        1.917807698249817,
        1.0387842655181885,
        0.5479322075843811,
        -2.479963541030884,
        0.11212047189474106,
        0.9448734521865845,
        -0.14607436954975128,
        0.5448593497276306
    ],
    "city_embedding": [
        -0.9836997985839844,
        0.004838339984416962,
        0.6705734133720398,
        1.4150322675704956,
        -0.6027176380157471,
        1.24972665309906,
        0.15702968835830688,
        2.8129096031188965,
        2.3882946968078613,
        3.5413880348205566
    ],
    "degree_embedding": [
        -0.9859232902526855,
        -0.14980502426624298,
        1.1363672018051147,
        1.3890211582183838,
        1.9668338298797607,
        -0.10017327964305878,
        -0.9014211297035217,
        -0.5218036770820618,
        0.12516868114471436,
        0.34269973635673523
    ]
}