{
    "id": 12402,
    "range": [
        121.886804,
        31.462716,
        121.896804,
        31.452716
    ],
    "image_path": "CitySatellite\\Shanghai\\12402.jpg",
    "poi": [],
    "places": [],
    "transport": [],
    "traffic": [],
    "buildings": [
        1,
        477.119
    ],
    "landuse": [
        [
            7229,
            1,
            5,
            3.2052974285714284
        ]
    ],
    "road_inner": [
        [
            5141,
            1.0,
            5,
            464.2915
        ]
    ],
    "road_connect": {
        "12282": {
            "5": 2
        }
    },
    "population": [
        0.0
    ],
    "transport_embedding": [
        -0.24394245445728302,
        -0.6926185488700867,
        0.7305120825767517,
        -0.6298558712005615,
        0.7867653965950012,
        -0.3673314154148102,
        -0.9510522484779358,
        0.6078057885169983,
        -0.3855312168598175,
        -0.17022596299648285
    ],
    "roadnet_embedding": [
        1.1848019361495972,
        -0.5540370941162109,
        -0.0255682822316885,
        0.3772481083869934,
        -1.443055272102356,
        -0.6718310117721558,
        0.06162869930267334,
        -0.07182858139276505,
        -0.3222183883190155,
        -0.6196078062057495
    ],
    "function_embedding": [
        -0.9383800625801086,
        -0.8248121738433838,
        1.2134039402008057,
        0.11732403188943863,
        0.6491290330886841,
        -1.6067109107971191,
        -0.15303851664066315,
        1.2151180505752563,
        -0.36226218938827515,
        -0.6721199154853821
    ],
    "city_embedding": [
        -0.9836522340774536,
        0.006080247461795807,
        0.6729801297187805,
        1.4003628492355347,
        -0.6001650094985962,
        1.2462153434753418,
        0.15635861456394196,
        2.803649663925171,
        2.3789360523223877,
        3.5412063598632812
    ],
    "degree_embedding": [
        -0.9813666343688965,
        -0.4224967956542969,
        1.1640962362289429,
        1.1915993690490723,
        1.5031216144561768,
        0.06068969517946243,
        -0.3323799669742584,
        -0.6514042615890503,
        0.49402618408203125,
        -0.5870565176010132
    ]
}