{
    "id": 12404,
    "range": [
        121.886804,
        31.442716,
        121.896804,
        31.432716
    ],
    "image_path": "CitySatellite\\Shanghai\\12404.jpg",
    "poi": [],
    "places": [],
    "transport": [],
    "traffic": [],
    "buildings": [],
    "landuse": [
        [
            7210,
            2,
            4,
            16.573323866023244
        ]
    ],
    "road_inner": [],
    "road_connect": {},
    "population": [
        0.0
    ],
    "transport_embedding": [
        -0.12377782166004181,
        -0.8387031555175781,
        0.4126504063606262,
        -0.46739497780799866,
        0.17379282414913177,
        1.9293488264083862,
        0.40906235575675964,
        0.057781364768743515,
        1.3364468812942505,
        -0.24717478454113007
    ],
    "roadnet_embedding": [
        1.0645732879638672,
        -0.4238065183162689,
        0.0602383092045784,
        0.5858869552612305,
        -2.9160425662994385,
        -0.038623906672000885,
        -0.00569023797288537,
        -0.08664295822381973,
        0.01419654581695795,
        0.33190569281578064
    ],
    "function_embedding": [
        1.737684965133667,
        -4.0126953125,
        0.49685147404670715,
        1.3219094276428223,
        0.1936655044555664,
        -0.34061357378959656,
        -0.16823577880859375,
        -3.0426785945892334,
        -0.614245593547821,
        1.2801322937011719
    ],
    "city_embedding": [
        -0.983723521232605,
        0.0036167511716485023,
        0.6694934964179993,
        1.3806318044662476,
        -0.5934169292449951,
        1.2560120820999146,
        0.1646505445241928,
        2.77662992477417,
        2.3926258087158203,
        3.5471549034118652
    ],
    "degree_embedding": [
        -0.9859232902526855,
        -0.14980502426624298,
        1.1363672018051147,
        1.3890211582183838,
        1.9668338298797607,
        -0.10017327964305878,
        -0.9014211297035217,
        -0.5218036770820618,
        0.12516868114471436,
        0.34269973635673523
    ]
}