{
    "id": 12414,
    "range": [
        121.886804,
        31.342716,
        121.896804,
        31.33271599999999
    ],
    "image_path": "CitySatellite\\Shanghai\\12414.jpg",
    "poi": [],
    "places": [],
    "transport": [],
    "traffic": [],
    "buildings": [],
    "landuse": [
        [
            7229,
            6,
            5,
            13.232592916666666
        ]
    ],
    "road_inner": [],
    "road_connect": {},
    "population": [
        0.0
    ],
    "transport_embedding": [
        -0.10198240727186203,
        -0.912362277507782,
        0.5584163665771484,
        -0.3914925754070282,
        -0.08983224630355835,
        0.5912407040596008,
        0.5051140785217285,
        0.12291209399700165,
        1.2396342754364014,
        -0.057661205530166626
    ],
    "roadnet_embedding": [
        1.0674924850463867,
        -0.4390098452568054,
        0.07146520167589188,
        0.6816385984420776,
        -3.006633758544922,
        0.07914482802152634,
        0.06471376121044159,
        -0.2681916058063507,
        -0.07297994941473007,
        0.3341715335845947
    ],
    "function_embedding": [
        -1.6407899856567383,
        0.0015981197357177734,
        2.081876039505005,
        1.0968363285064697,
        0.5589137077331543,
        -2.6716482639312744,
        0.16112136840820312,
        0.9168172478675842,
        -0.08109907060861588,
        0.7583205103874207
    ],
    "city_embedding": [
        -0.983723521232605,
        0.0036167511716485023,
        0.6694934964179993,
        1.3806318044662476,
        -0.5934169292449951,
        1.2560120820999146,
        0.1646505445241928,
        2.77662992477417,
        2.3926258087158203,
        3.5471549034118652
    ],
    "degree_embedding": [
        -0.9859232902526855,
        -0.14980502426624298,
        1.1363672018051147,
        1.3890211582183838,
        1.9668338298797607,
        -0.10017327964305878,
        -0.9014211297035217,
        -0.5218036770820618,
        0.12516868114471436,
        0.34269973635673523
    ]
}