{
    "id": 12416,
    "range": [
        121.886804,
        31.322716,
        121.896804,
        31.312716
    ],
    "image_path": "CitySatellite\\Shanghai\\12416.jpg",
    "poi": [],
    "places": [],
    "transport": [],
    "traffic": [],
    "buildings": [],
    "landuse": [
        [
            7229,
            4,
            5,
            9.19652505
        ]
    ],
    "road_inner": [],
    "road_connect": {},
    "population": [
        0.0
    ],
    "transport_embedding": [
        -0.24829736351966858,
        -0.5412253737449646,
        0.6970483064651489,
        -0.9319658279418945,
        0.92717045545578,
        0.25539618730545044,
        -1.2073413133621216,
        0.8477562665939331,
        -1.4479420185089111,
        -0.32347792387008667
    ],
    "roadnet_embedding": [
        1.0202581882476807,
        -0.43295130133628845,
        0.10416188091039658,
        0.5963818430900574,
        -2.8898704051971436,
        -0.08121062070131302,
        0.048630110919475555,
        -0.0577067993581295,
        -0.06833834946155548,
        0.3390151858329773
    ],
    "function_embedding": [
        -1.507712483406067,
        -0.1565239429473877,
        1.9883489608764648,
        1.073398470878601,
        0.5501044988632202,
        -2.5590832233428955,
        0.13500666618347168,
        0.9330384731292725,
        -0.11930357664823532,
        0.6405856013298035
    ],
    "city_embedding": [
        -0.983723521232605,
        0.0036167511716485023,
        0.6694934964179993,
        1.3806318044662476,
        -0.5934169292449951,
        1.2560120820999146,
        0.1646505445241928,
        2.77662992477417,
        2.3926258087158203,
        3.5471549034118652
    ],
    "degree_embedding": [
        -0.9859232902526855,
        -0.14980502426624298,
        1.1363672018051147,
        1.3890211582183838,
        1.9668338298797607,
        -0.10017327964305878,
        -0.9014211297035217,
        -0.5218036770820618,
        0.12516868114471436,
        0.34269973635673523
    ]
}