{
    "id": 12415,
    "range": [
        121.886804,
        31.332716,
        121.896804,
        31.322716
    ],
    "image_path": "CitySatellite\\Shanghai\\12415.jpg",
    "poi": [],
    "places": [],
    "transport": [],
    "traffic": [],
    "buildings": [],
    "landuse": [
        [
            7229,
            5,
            5,
            10.62695705
        ]
    ],
    "road_inner": [
        [
            5141,
            1.0,
            5,
            1427.091
        ]
    ],
    "road_connect": {
        "12295": {
            "5": 2
        },
        "12535": {
            "5": 2
        }
    },
    "population": [
        0.0
    ],
    "transport_embedding": [
        -0.30873826146125793,
        -0.6904857754707336,
        0.8315354585647583,
        -0.5299415588378906,
        0.9337520003318787,
        -1.2279609441757202,
        -1.141196370124817,
        0.5405069589614868,
        -0.30020296573638916,
        -0.10129645466804504
    ],
    "roadnet_embedding": [
        1.5386422872543335,
        -0.8421443104743958,
        -0.41030794382095337,
        -0.17870044708251953,
        0.6059432029724121,
        -0.3386968672275543,
        0.4784338176250458,
        -0.4338947534561157,
        -0.828964352607727,
        -1.792238712310791
    ],
    "function_embedding": [
        -1.5547757148742676,
        -0.10060369968414307,
        2.029017686843872,
        1.0880964994430542,
        0.5520021319389343,
        -2.60445499420166,
        0.14718255400657654,
        0.9316483736038208,
        -0.10420247912406921,
        0.6934921741485596
    ],
    "city_embedding": [
        -0.983723521232605,
        0.0036167511716485023,
        0.6694934964179993,
        1.3806318044662476,
        -0.5934169292449951,
        1.2560120820999146,
        0.1646505445241928,
        2.77662992477417,
        2.3926258087158203,
        3.5471549034118652
    ],
    "degree_embedding": [
        -0.9766588807106018,
        -0.7123689651489258,
        1.2383044958114624,
        0.9749292135238647,
        0.9776045680046082,
        0.21569499373435974,
        0.23452937602996826,
        -0.7780712246894836,
        0.8606979250907898,
        -1.500406265258789
    ]
}