{
    "id": 12425,
    "range": [
        121.886804,
        31.232716,
        121.896804,
        31.222716
    ],
    "image_path": "CitySatellite\\Shanghai\\12425.jpg",
    "poi": [],
    "places": [],
    "transport": [],
    "traffic": [],
    "buildings": [],
    "landuse": [
        [
            7210,
            2,
            4,
            21.001310270270274
        ]
    ],
    "road_inner": [],
    "road_connect": {},
    "population": [
        0.0
    ],
    "transport_embedding": [
        -0.16323305666446686,
        -0.8438385725021362,
        0.6327334642410278,
        -0.44140368700027466,
        0.13499587774276733,
        -0.5359718203544617,
        0.19266687333583832,
        0.5770689845085144,
        0.9120209813117981,
        -0.06386549025774002
    ],
    "roadnet_embedding": [
        1.0897687673568726,
        -0.43974173069000244,
        0.060529690235853195,
        0.5012712478637695,
        -2.598273754119873,
        -0.2717849314212799,
        -0.037854552268981934,
        0.009638363495469093,
        -0.020478736609220505,
        0.1102948859333992
    ],
    "function_embedding": [
        1.739585518836975,
        -4.01495361328125,
        0.801699161529541,
        1.24625563621521,
        0.17741727828979492,
        -0.5449302196502686,
        -0.11698532104492188,
        -3.627048969268799,
        -0.522731363773346,
        0.12046609073877335
    ],
    "city_embedding": [
        -0.983723521232605,
        0.0036167511716485023,
        0.6694934964179993,
        1.3806318044662476,
        -0.5934169292449951,
        1.2560120820999146,
        0.1646505445241928,
        2.77662992477417,
        2.3926258087158203,
        3.5471549034118652
    ],
    "degree_embedding": [
        -0.9859232902526855,
        -0.14980502426624298,
        1.1363672018051147,
        1.3890211582183838,
        1.9668338298797607,
        -0.10017327964305878,
        -0.9014211297035217,
        -0.5218036770820618,
        0.12516868114471436,
        0.34269973635673523
    ]
}