{
    "id": 12464,
    "range": [
        121.886804,
        30.842716,
        121.896804,
        30.83271599999999
    ],
    "image_path": "CitySatellite\\Shanghai\\12464.jpg",
    "poi": [],
    "places": [],
    "transport": [],
    "traffic": [],
    "buildings": [],
    "landuse": [],
    "road_inner": [],
    "road_connect": {},
    "population": [
        0.0
    ],
    "transport_embedding": [
        -0.1509322226047516,
        -0.7997239828109741,
        0.5615718960762024,
        -0.5516079664230347,
        -0.04339097440242767,
        -0.3227522075176239,
        0.44472721219062805,
        1.0452985763549805,
        0.707338273525238,
        -0.17547795176506042
    ],
    "roadnet_embedding": [
        1.1209847927093506,
        -0.4363080561161041,
        0.04373026266694069,
        0.5722285509109497,
        -2.875870943069458,
        -0.12994469702243805,
        -0.02665930800139904,
        -0.053618136793375015,
        -0.09319887310266495,
        0.2366047352552414
    ],
    "function_embedding": [
        -0.6235272884368896,
        -0.2973763048648834,
        -0.056921739131212234,
        0.05843520537018776,
        -1.4128296375274658,
        -0.10949808359146118,
        -0.023048480972647667,
        -0.07813666015863419,
        -0.10768888890743256,
        0.2610724866390228
    ],
    "city_embedding": [
        -0.983723521232605,
        0.0036167511716485023,
        0.6694934964179993,
        1.3806318044662476,
        -0.5934169292449951,
        1.2560120820999146,
        0.1646505445241928,
        2.77662992477417,
        2.3926258087158203,
        3.5471549034118652
    ],
    "degree_embedding": [
        -0.9859232902526855,
        -0.14980502426624298,
        1.1363672018051147,
        1.3890211582183838,
        1.9668338298797607,
        -0.10017327964305878,
        -0.9014211297035217,
        -0.5218036770820618,
        0.12516868114471436,
        0.34269973635673523
    ]
}