{
    "id": 12465,
    "range": [
        121.886804,
        30.832716,
        121.896804,
        30.822716
    ],
    "image_path": "CitySatellite\\Shanghai\\12465.jpg",
    "poi": [],
    "places": [],
    "transport": [],
    "traffic": [],
    "buildings": [],
    "landuse": [],
    "road_inner": [],
    "road_connect": {},
    "population": [
        0.0
    ],
    "transport_embedding": [
        -0.23748232424259186,
        -0.7208858132362366,
        0.7512255907058716,
        -0.5600147843360901,
        0.5492223501205444,
        -0.7053982019424438,
        -0.7523348331451416,
        0.26208996772766113,
        0.29953262209892273,
        -0.051057975739240646
    ],
    "roadnet_embedding": [
        1.049372911453247,
        -0.449550062417984,
        0.040168970823287964,
        0.6293206810951233,
        -2.869246482849121,
        -0.14128226041793823,
        0.06525827199220657,
        -0.07800612598657608,
        -0.06517000496387482,
        0.16616922616958618
    ],
    "function_embedding": [
        -0.6258193850517273,
        -0.2896808385848999,
        -0.062431223690509796,
        0.06410232186317444,
        -1.4271020889282227,
        -0.10053162276744843,
        -0.005757148843258619,
        -0.08902989327907562,
        -0.15185414254665375,
        0.31018784642219543
    ],
    "city_embedding": [
        -0.983723521232605,
        0.0036167511716485023,
        0.6694934964179993,
        1.3806318044662476,
        -0.5934169292449951,
        1.2560120820999146,
        0.1646505445241928,
        2.77662992477417,
        2.3926258087158203,
        3.5471549034118652
    ],
    "degree_embedding": [
        -0.9859232902526855,
        -0.14980502426624298,
        1.1363672018051147,
        1.3890211582183838,
        1.9668338298797607,
        -0.10017327964305878,
        -0.9014211297035217,
        -0.5218036770820618,
        0.12516868114471436,
        0.34269973635673523
    ]
}