{
    "id": 12507,
    "range": [
        121.896804,
        31.612716,
        121.906804,
        31.602716
    ],
    "image_path": "CitySatellite\\Shanghai\\12507.jpg",
    "poi": [],
    "places": [],
    "transport": [],
    "traffic": [],
    "buildings": [],
    "landuse": [
        [
            7210,
            2,
            4,
            16.573323866023244
        ]
    ],
    "road_inner": [],
    "road_connect": {},
    "population": [
        0.0
    ],
    "transport_embedding": [
        -0.09559682011604309,
        -1.0122432708740234,
        0.5596484541893005,
        -0.21918436884880066,
        0.2738206684589386,
        1.3414924144744873,
        0.2356230467557907,
        -0.7103036046028137,
        1.3196462392807007,
        -0.03682317957282066
    ],
    "roadnet_embedding": [
        1.100174069404602,
        -0.42677977681159973,
        0.046922992914915085,
        0.5613893866539001,
        -2.838557720184326,
        -0.0714511051774025,
        -0.05120287835597992,
        -0.10161939263343811,
        0.026805924251675606,
        0.30299094319343567
    ],
    "function_embedding": [
        1.7376552820205688,
        -4.012660026550293,
        0.5083886981010437,
        1.319050669670105,
        0.19306373596191406,
        -0.34838035702705383,
        -0.16629409790039062,
        -3.0600383281707764,
        -0.61102694272995,
        1.2056221961975098
    ],
    "city_embedding": [
        -0.983723521232605,
        0.0036167511716485023,
        0.6694934964179993,
        1.3806318044662476,
        -0.5934169292449951,
        1.2560120820999146,
        0.1646505445241928,
        2.77662992477417,
        2.3926258087158203,
        3.5471549034118652
    ],
    "degree_embedding": [
        -0.9859232902526855,
        -0.14980502426624298,
        1.1363672018051147,
        1.3890211582183838,
        1.9668338298797607,
        -0.10017327964305878,
        -0.9014211297035217,
        -0.5218036770820618,
        0.12516868114471436,
        0.34269973635673523
    ]
}