{
    "id": 12506,
    "range": [
        121.896804,
        31.622716,
        121.906804,
        31.612716
    ],
    "image_path": "CitySatellite\\Shanghai\\12506.jpg",
    "poi": [],
    "places": [],
    "transport": [],
    "traffic": [],
    "buildings": [],
    "landuse": [
        [
            7210,
            2,
            4,
            16.573323866023244
        ]
    ],
    "road_inner": [],
    "road_connect": {},
    "population": [
        0.0
    ],
    "transport_embedding": [
        -0.2475762665271759,
        -0.7105260491371155,
        0.5689747929573059,
        -0.6770785450935364,
        0.49874478578567505,
        -1.1124844551086426,
        -0.3247339725494385,
        1.6120737791061401,
        -0.6199979782104492,
        -0.3413713574409485
    ],
    "roadnet_embedding": [
        1.1308456659317017,
        -0.41545945405960083,
        0.029497994109988213,
        0.5542420148849487,
        -2.9889895915985107,
        -0.03740344196557999,
        -0.025414684787392616,
        -0.059695467352867126,
        -0.041065771132707596,
        0.26676231622695923
    ],
    "function_embedding": [
        1.7376359701156616,
        -4.012637138366699,
        0.46980735659599304,
        1.3286151885986328,
        0.19509077072143555,
        -0.3224495053291321,
        -0.17278671264648438,
        -2.9954264163970947,
        -0.6221315264701843,
        1.3945890665054321
    ],
    "city_embedding": [
        -0.983723521232605,
        0.0036167511716485023,
        0.6694934964179993,
        1.3806318044662476,
        -0.5934169292449951,
        1.2560120820999146,
        0.1646505445241928,
        2.77662992477417,
        2.3926258087158203,
        3.5471549034118652
    ],
    "degree_embedding": [
        -0.9859232902526855,
        -0.14980502426624298,
        1.1363672018051147,
        1.3890211582183838,
        1.9668338298797607,
        -0.10017327964305878,
        -0.9014211297035217,
        -0.5218036770820618,
        0.12516868114471436,
        0.34269973635673523
    ]
}