{
    "id": 12511,
    "range": [
        121.896804,
        31.572716,
        121.906804,
        31.562716
    ],
    "image_path": "CitySatellite\\Shanghai\\12511.jpg",
    "poi": [],
    "places": [],
    "transport": [],
    "traffic": [],
    "buildings": [],
    "landuse": [
        [
            7229,
            3,
            5,
            6.658079166666667
        ]
    ],
    "road_inner": [
        [
            5142,
            2,
            5,
            1856.9688333333334
        ]
    ],
    "road_connect": {
        "12391": {
            "5": 3
        },
        "12631": {
            "5": 2
        }
    },
    "population": [
        0.0
    ],
    "transport_embedding": [
        -0.17628848552703857,
        -0.6088858246803284,
        0.5926008224487305,
        -0.8399936556816101,
        -0.10734928399324417,
        0.28429192304611206,
        0.6950677633285522,
        1.77301025390625,
        -0.40414300560951233,
        -0.3967830240726471
    ],
    "roadnet_embedding": [
        1.5883716344833374,
        -0.8778585195541382,
        -0.5107463002204895,
        -0.1764708310365677,
        0.6513414978981018,
        0.16908134520053864,
        0.7090067267417908,
        -0.6440163254737854,
        -0.9844716191291809,
        -1.9033509492874146
    ],
    "function_embedding": [
        -1.3381290435791016,
        -0.3580048084259033,
        1.818172812461853,
        0.967195987701416,
        0.5505563020706177,
        -2.371018409729004,
        0.07568051666021347,
        0.9612904787063599,
        -0.18121437728405,
        0.397282212972641
    ],
    "city_embedding": [
        -0.983723521232605,
        0.0036167511716485023,
        0.6694934964179993,
        1.3806318044662476,
        -0.5934169292449951,
        1.2560120820999146,
        0.1646505445241928,
        2.77662992477417,
        2.3926258087158203,
        3.5471549034118652
    ],
    "degree_embedding": [
        -0.974645733833313,
        -0.8395147323608398,
        1.316695213317871,
        0.89039146900177,
        0.7325789928436279,
        0.2668350040912628,
        0.44316449761390686,
        -0.8280107378959656,
        1.0049004554748535,
        -1.8304977416992188
    ]
}