{
    "id": 12519,
    "range": [
        121.896804,
        31.492716,
        121.906804,
        31.482716
    ],
    "image_path": "CitySatellite\\Shanghai\\12519.jpg",
    "poi": [],
    "places": [],
    "transport": [],
    "traffic": [],
    "buildings": [],
    "landuse": [
        [
            7229,
            2,
            5,
            4.016484849999999
        ]
    ],
    "road_inner": [],
    "road_connect": {},
    "population": [
        0.0
    ],
    "transport_embedding": [
        -0.18420849740505219,
        -0.598916232585907,
        0.5899801850318909,
        -0.8271353244781494,
        -0.01150917075574398,
        1.0552607774734497,
        -0.25899866223335266,
        0.4309646487236023,
        0.31690409779548645,
        -0.27842530608177185
    ],
    "roadnet_embedding": [
        1.042789101600647,
        -0.44129806756973267,
        0.055375199764966965,
        0.48928016424179077,
        -2.6038055419921875,
        -0.22509780526161194,
        -0.010264018550515175,
        -0.06968223303556442,
        0.054108284413814545,
        0.12373073399066925
    ],
    "function_embedding": [
        -1.021215558052063,
        -0.7323979735374451,
        1.3953825235366821,
        0.43098539113998413,
        0.6026288866996765,
        -1.859982967376709,
        -0.09809519350528717,
        1.121167778968811,
        -0.3188320994377136,
        -0.3491913378238678
    ],
    "city_embedding": [
        -0.983723521232605,
        0.0036167511716485023,
        0.6694934964179993,
        1.3806318044662476,
        -0.5934169292449951,
        1.2560120820999146,
        0.1646505445241928,
        2.77662992477417,
        2.3926258087158203,
        3.5471549034118652
    ],
    "degree_embedding": [
        -0.9859232902526855,
        -0.14980502426624298,
        1.1363672018051147,
        1.3890211582183838,
        1.9668338298797607,
        -0.10017327964305878,
        -0.9014211297035217,
        -0.5218036770820618,
        0.12516868114471436,
        0.34269973635673523
    ]
}