{
    "id": 12521,
    "range": [
        121.896804,
        31.472716,
        121.906804,
        31.462716
    ],
    "image_path": "CitySatellite\\Shanghai\\12521.jpg",
    "poi": [],
    "places": [],
    "transport": [],
    "traffic": [],
    "buildings": [],
    "landuse": [
        [
            7229,
            2,
            5,
            6.651262428571428
        ]
    ],
    "road_inner": [],
    "road_connect": {},
    "population": [
        0.0
    ],
    "transport_embedding": [
        -0.16869011521339417,
        -0.7390854954719543,
        0.533490777015686,
        -0.6279154419898987,
        0.5430153012275696,
        1.301357626914978,
        -0.15638293325901031,
        0.40440091490745544,
        0.05700155720114708,
        -0.38223063945770264
    ],
    "roadnet_embedding": [
        1.0628739595413208,
        -0.4457091689109802,
        0.05105343088507652,
        0.6465796828269958,
        -2.98360276222229,
        -0.07119186967611313,
        0.05359552055597305,
        -0.07248147577047348,
        -0.06895636767148972,
        0.2976638376712799
    ],
    "function_embedding": [
        -1.321798324584961,
        -0.37741026282310486,
        1.8155041933059692,
        0.9671357870101929,
        0.5485286116600037,
        -2.3641040325164795,
        0.07498543709516525,
        0.9653740525245667,
        -0.18412408232688904,
        0.392080157995224
    ],
    "city_embedding": [
        -0.983723521232605,
        0.0036167511716485023,
        0.6694934964179993,
        1.3806318044662476,
        -0.5934169292449951,
        1.2560120820999146,
        0.1646505445241928,
        2.77662992477417,
        2.3926258087158203,
        3.5471549034118652
    ],
    "degree_embedding": [
        -0.9859232902526855,
        -0.14980502426624298,
        1.1363672018051147,
        1.3890211582183838,
        1.9668338298797607,
        -0.10017327964305878,
        -0.9014211297035217,
        -0.5218036770820618,
        0.12516868114471436,
        0.34269973635673523
    ]
}