{
    "id": 12524,
    "range": [
        121.896804,
        31.442716,
        121.906804,
        31.432716
    ],
    "image_path": "CitySatellite\\Shanghai\\12524.jpg",
    "poi": [],
    "places": [],
    "transport": [],
    "traffic": [],
    "buildings": [],
    "landuse": [
        [
            7210,
            2,
            4,
            16.573323866023244
        ]
    ],
    "road_inner": [],
    "road_connect": {},
    "population": [
        0.0
    ],
    "transport_embedding": [
        -0.09452713280916214,
        -0.9218555688858032,
        0.4160773754119873,
        -0.38857120275497437,
        0.010036286897957325,
        1.9477657079696655,
        0.40104424953460693,
        -0.16668134927749634,
        1.3503270149230957,
        -0.2357378751039505
    ],
    "roadnet_embedding": [
        1.0522921085357666,
        -0.4289553165435791,
        0.07798903435468674,
        0.6569249629974365,
        -3.027909994125366,
        0.08863489329814911,
        0.07562004774808884,
        -0.24801191687583923,
        -0.08092410862445831,
        0.3322620689868927
    ],
    "function_embedding": [
        1.7376368045806885,
        -4.012638092041016,
        0.48914074897766113,
        1.3238226175308228,
        0.1940760612487793,
        -0.3354465365409851,
        -0.16953277587890625,
        -3.0255959033966064,
        -0.6166855692863464,
        1.2831987142562866
    ],
    "city_embedding": [
        -0.983723521232605,
        0.0036167511716485023,
        0.6694934964179993,
        1.3806318044662476,
        -0.5934169292449951,
        1.2560120820999146,
        0.1646505445241928,
        2.77662992477417,
        2.3926258087158203,
        3.5471549034118652
    ],
    "degree_embedding": [
        -0.9859232902526855,
        -0.14980502426624298,
        1.1363672018051147,
        1.3890211582183838,
        1.9668338298797607,
        -0.10017327964305878,
        -0.9014211297035217,
        -0.5218036770820618,
        0.12516868114471436,
        0.34269973635673523
    ]
}