{
    "id": 12545,
    "range": [
        121.896804,
        31.232716,
        121.906804,
        31.222716
    ],
    "image_path": "CitySatellite\\Shanghai\\12545.jpg",
    "poi": [],
    "places": [],
    "transport": [],
    "traffic": [],
    "buildings": [],
    "landuse": [
        [
            7210,
            2,
            4,
            21.001310270270274
        ]
    ],
    "road_inner": [
        [
            5141,
            1.0,
            5,
            1067.293
        ]
    ],
    "road_connect": {
        "12546": {
            "5": 1
        }
    },
    "population": [
        0.0
    ],
    "transport_embedding": [
        -0.14865969121456146,
        -0.5991854071617126,
        0.5220503211021423,
        -0.8943006992340088,
        -0.09079441428184509,
        1.09085214138031,
        0.7317126393318176,
        1.6142821311950684,
        -0.4411333501338959,
        -0.4803963303565979
    ],
    "roadnet_embedding": [
        1.4522310495376587,
        -0.8001049757003784,
        -0.3348129689693451,
        -0.14933215081691742,
        0.40656691789627075,
        -0.710070013999939,
        0.3778877258300781,
        -0.22287283837795258,
        -0.7224676609039307,
        -1.7477319240570068
    ],
    "function_embedding": [
        1.739596962928772,
        -4.01496696472168,
        0.8066152930259705,
        1.2450366020202637,
        0.17715787887573242,
        -0.5482314825057983,
        -0.11615753173828125,
        -3.6338939666748047,
        -0.521393358707428,
        0.07110902667045593
    ],
    "city_embedding": [
        -0.983723521232605,
        0.0036167511716485023,
        0.6694934964179993,
        1.3806318044662476,
        -0.5934169292449951,
        1.2560120820999146,
        0.1646505445241928,
        2.77662992477417,
        2.3926258087158203,
        3.5471549034118652
    ],
    "degree_embedding": [
        -0.9837243556976318,
        -0.280023455619812,
        1.1482605934143066,
        1.295678973197937,
        1.7516933679580688,
        -0.024124333634972572,
        -0.6183432340621948,
        -0.5882564187049866,
        0.31030943989753723,
        -0.11135394126176834
    ]
}