{
    "id": 12559,
    "range": [
        121.896804,
        31.092716,
        121.906804,
        31.08271599999999
    ],
    "image_path": "CitySatellite\\Shanghai\\12559.jpg",
    "poi": [],
    "places": [],
    "transport": [],
    "traffic": [],
    "buildings": [],
    "landuse": [],
    "road_inner": [],
    "road_connect": {},
    "population": [
        0.0
    ],
    "transport_embedding": [
        -0.04242686554789543,
        -0.9283905029296875,
        0.3370986878871918,
        -0.5112659335136414,
        -0.3625291883945465,
        0.8518111109733582,
        1.0335716009140015,
        1.059335470199585,
        1.0899485349655151,
        -0.23886187374591827
    ],
    "roadnet_embedding": [
        1.0178302526474,
        -0.43302977085113525,
        0.07862092554569244,
        0.5887691974639893,
        -2.861227035522461,
        -0.05728564038872719,
        0.08452367782592773,
        -0.13882069289684296,
        -0.06842096149921417,
        0.22240637242794037
    ],
    "function_embedding": [
        -0.6048933863639832,
        -0.2720183730125427,
        -0.061069317162036896,
        0.06862354278564453,
        -1.5022430419921875,
        -0.06568872928619385,
        -0.02482469379901886,
        -0.14710336923599243,
        -0.15286904573440552,
        0.2865663766860962
    ],
    "city_embedding": [
        -0.983723521232605,
        0.0036167511716485023,
        0.6694934964179993,
        1.3806318044662476,
        -0.5934169292449951,
        1.2560120820999146,
        0.1646505445241928,
        2.77662992477417,
        2.3926258087158203,
        3.5471549034118652
    ],
    "degree_embedding": [
        -0.9859232902526855,
        -0.14980502426624298,
        1.1363672018051147,
        1.3890211582183838,
        1.9668338298797607,
        -0.10017327964305878,
        -0.9014211297035217,
        -0.5218036770820618,
        0.12516868114471436,
        0.34269973635673523
    ]
}