{
    "id": 12568,
    "range": [
        121.896804,
        31.002716,
        121.906804,
        30.99271599999999
    ],
    "image_path": "CitySatellite\\Shanghai\\12568.jpg",
    "poi": [],
    "places": [],
    "transport": [],
    "traffic": [],
    "buildings": [],
    "landuse": [
        [
            7229,
            1,
            5,
            2.8921371000000002
        ]
    ],
    "road_inner": [],
    "road_connect": {},
    "population": [
        46.03650665283203
    ],
    "transport_embedding": [
        -0.30039897561073303,
        -0.6128131747245789,
        0.8545336127281189,
        -0.6878212094306946,
        1.1362541913986206,
        -0.3066031336784363,
        -1.493906855583191,
        0.4562527537345886,
        -1.1129682064056396,
        -0.18144918978214264
    ],
    "roadnet_embedding": [
        1.0580073595046997,
        -0.43705183267593384,
        0.10358075797557831,
        0.5758200287818909,
        -2.8179543018341064,
        -0.10527677834033966,
        0.01447156723588705,
        -0.07685273885726929,
        -0.09964564442634583,
        0.31125447154045105
    ],
    "function_embedding": [
        -0.9188002943992615,
        -0.8434798121452332,
        1.1248689889907837,
        -0.009158316999673843,
        0.6678919792175293,
        -1.5040326118469238,
        -0.17111724615097046,
        1.2562979459762573,
        -0.3706810176372528,
        -0.7681162357330322
    ],
    "city_embedding": [
        -0.9838706254959106,
        0.0032757637090981007,
        0.6633724570274353,
        1.3742276430130005,
        -0.5944522619247437,
        1.251570701599121,
        0.17183157801628113,
        2.7833902835845947,
        2.3892500400543213,
        3.5346336364746094
    ],
    "degree_embedding": [
        -0.9859232902526855,
        -0.14980502426624298,
        1.1363672018051147,
        1.3890211582183838,
        1.9668338298797607,
        -0.10017327964305878,
        -0.9014211297035217,
        -0.5218036770820618,
        0.12516868114471436,
        0.34269973635673523
    ]
}