{
    "id": 12560,
    "range": [
        121.896804,
        31.082716,
        121.906804,
        31.072716
    ],
    "image_path": "CitySatellite\\Shanghai\\12560.jpg",
    "poi": [],
    "places": [],
    "transport": [],
    "traffic": [],
    "buildings": [],
    "landuse": [],
    "road_inner": [],
    "road_connect": {},
    "population": [
        0.0
    ],
    "transport_embedding": [
        -0.31557899713516235,
        -0.6296057105064392,
        0.5830365419387817,
        -0.7696405649185181,
        0.6541275978088379,
        -1.6174615621566772,
        -1.102746605873108,
        1.264517068862915,
        -0.7326517105102539,
        -0.3135570287704468
    ],
    "roadnet_embedding": [
        0.9674188494682312,
        -0.44081711769104004,
        0.08887510746717453,
        0.5031741261482239,
        -2.769697666168213,
        -0.25579366087913513,
        0.06002035737037659,
        0.07883433252573013,
        -0.017165018245577812,
        0.24349947273731232
    ],
    "function_embedding": [
        -0.620100736618042,
        -0.2920333743095398,
        -0.04066183790564537,
        0.08122973889112473,
        -1.4632397890090942,
        -0.07988554984331131,
        -0.08194655179977417,
        -0.08437173068523407,
        -0.11580782383680344,
        0.24663811922073364
    ],
    "city_embedding": [
        -0.983723521232605,
        0.0036167511716485023,
        0.6694934964179993,
        1.3806318044662476,
        -0.5934169292449951,
        1.2560120820999146,
        0.1646505445241928,
        2.77662992477417,
        2.3926258087158203,
        3.5471549034118652
    ],
    "degree_embedding": [
        -0.9859232902526855,
        -0.14980502426624298,
        1.1363672018051147,
        1.3890211582183838,
        1.9668338298797607,
        -0.10017327964305878,
        -0.9014211297035217,
        -0.5218036770820618,
        0.12516868114471436,
        0.34269973635673523
    ]
}