{
    "id": 12569,
    "range": [
        121.896804,
        30.992716,
        121.906804,
        30.982716
    ],
    "image_path": "CitySatellite\\Shanghai\\12569.jpg",
    "poi": [
        [
            2255,
            1,
            3
        ]
    ],
    "places": [],
    "transport": [],
    "traffic": [],
    "buildings": [],
    "landuse": [
        [
            7229,
            1,
            5,
            2.8921371000000002
        ]
    ],
    "road_inner": [],
    "road_connect": {},
    "population": [
        140.9982461929321
    ],
    "transport_embedding": [
        -0.27386051416397095,
        -0.6038656234741211,
        0.720647931098938,
        -0.7766649127006531,
        0.28334808349609375,
        -1.3406764268875122,
        -0.718758761882782,
        0.7059680223464966,
        -0.17681440711021423,
        -0.11781363189220428
    ],
    "roadnet_embedding": [
        1.117997169494629,
        -0.4402376711368561,
        0.019922584295272827,
        0.5482036471366882,
        -2.853989362716675,
        -0.21790550649166107,
        -0.038723960518836975,
        0.04086298495531082,
        -0.029022738337516785,
        0.17488396167755127
    ],
    "function_embedding": [
        -0.9073931574821472,
        -0.8592058420181274,
        1.1057536602020264,
        0.0466863214969635,
        0.661273717880249,
        -1.492998719215393,
        -0.1385623663663864,
        1.2409141063690186,
        -0.3806200921535492,
        -0.759958803653717
    ],
    "city_embedding": [
        -0.9841741323471069,
        0.0025865479838103056,
        0.6507390737533569,
        1.3609987497329712,
        -0.5961568355560303,
        1.2423560619354248,
        0.1865404099225998,
        2.7973649501800537,
        2.382201671600342,
        3.5092828273773193
    ],
    "degree_embedding": [
        -0.9859232902526855,
        -0.14980502426624298,
        1.1363672018051147,
        1.3890211582183838,
        1.9668338298797607,
        -0.10017327964305878,
        -0.9014211297035217,
        -0.5218036770820618,
        0.12516868114471436,
        0.34269973635673523
    ]
}