{
    "id": 12585,
    "range": [
        121.896804,
        30.832716,
        121.906804,
        30.822716
    ],
    "image_path": "CitySatellite\\Shanghai\\12585.jpg",
    "poi": [],
    "places": [],
    "transport": [],
    "traffic": [],
    "buildings": [],
    "landuse": [],
    "road_inner": [],
    "road_connect": {},
    "population": [
        0.0
    ],
    "transport_embedding": [
        -0.24274151027202606,
        -0.7608314752578735,
        0.7963624596595764,
        -0.4430691599845886,
        0.8226930499076843,
        -0.2734217345714569,
        -0.8846108913421631,
        -0.0723472312092781,
        0.3922936022281647,
        -0.026798097416758537
    ],
    "roadnet_embedding": [
        1.1215611696243286,
        -0.4225424528121948,
        0.04696064069867134,
        0.53099524974823,
        -2.840022087097168,
        -0.13073015213012695,
        -0.044345561414957047,
        -0.018522480502724648,
        -0.03248068317770958,
        0.22427013516426086
    ],
    "function_embedding": [
        -0.574151873588562,
        -0.31845635175704956,
        -0.05141828581690788,
        0.06388487666845322,
        -1.4573525190353394,
        -0.024455590173602104,
        -0.04381171241402626,
        -0.09536297619342804,
        -0.16236163675785065,
        0.24604792892932892
    ],
    "city_embedding": [
        -0.983723521232605,
        0.0036167511716485023,
        0.6694934964179993,
        1.3806318044662476,
        -0.5934169292449951,
        1.2560120820999146,
        0.1646505445241928,
        2.77662992477417,
        2.3926258087158203,
        3.5471549034118652
    ],
    "degree_embedding": [
        -0.9859232902526855,
        -0.14980502426624298,
        1.1363672018051147,
        1.3890211582183838,
        1.9668338298797607,
        -0.10017327964305878,
        -0.9014211297035217,
        -0.5218036770820618,
        0.12516868114471436,
        0.34269973635673523
    ]
}