{
    "id": 12584,
    "range": [
        121.896804,
        30.842716,
        121.906804,
        30.83271599999999
    ],
    "image_path": "CitySatellite\\Shanghai\\12584.jpg",
    "poi": [],
    "places": [],
    "transport": [],
    "traffic": [],
    "buildings": [],
    "landuse": [],
    "road_inner": [],
    "road_connect": {},
    "population": [
        0.0
    ],
    "transport_embedding": [
        -0.17870087921619415,
        -0.803539514541626,
        0.5112384557723999,
        -0.5742771029472351,
        0.2646109163761139,
        -0.8756165504455566,
        0.027576245367527008,
        1.0248143672943115,
        0.41032958030700684,
        -0.1783374398946762
    ],
    "roadnet_embedding": [
        1.0388574600219727,
        -0.4340916574001312,
        0.06234976276755333,
        0.6126914024353027,
        -3.0218095779418945,
        -0.03301522135734558,
        0.06900090724229813,
        -0.05727618187665939,
        -0.0526009239256382,
        0.3516957759857178
    ],
    "function_embedding": [
        -0.5931044220924377,
        -0.3171325623989105,
        -0.10218317806720734,
        0.11525410413742065,
        -1.478244423866272,
        -0.023480767384171486,
        -0.11529818922281265,
        -0.0110579002648592,
        -0.013761281035840511,
        0.3391900360584259
    ],
    "city_embedding": [
        -0.983723521232605,
        0.0036167511716485023,
        0.6694934964179993,
        1.3806318044662476,
        -0.5934169292449951,
        1.2560120820999146,
        0.1646505445241928,
        2.77662992477417,
        2.3926258087158203,
        3.5471549034118652
    ],
    "degree_embedding": [
        -0.9859232902526855,
        -0.14980502426624298,
        1.1363672018051147,
        1.3890211582183838,
        1.9668338298797607,
        -0.10017327964305878,
        -0.9014211297035217,
        -0.5218036770820618,
        0.12516868114471436,
        0.34269973635673523
    ]
}