{
    "id": 12629,
    "range": [
        121.906804,
        31.592716,
        121.916804,
        31.58271599999999
    ],
    "image_path": "CitySatellite\\Shanghai\\12629.jpg",
    "poi": [],
    "places": [],
    "transport": [],
    "traffic": [],
    "buildings": [],
    "landuse": [
        [
            7210,
            2,
            4,
            16.573323866023244
        ]
    ],
    "road_inner": [],
    "road_connect": {},
    "population": [
        0.0
    ],
    "transport_embedding": [
        -0.03143073618412018,
        -0.9937330484390259,
        0.30333635210990906,
        -0.42209044098854065,
        -0.2329573929309845,
        0.9458717703819275,
        1.2123037576675415,
        0.5492762327194214,
        1.2884517908096313,
        -0.09491688013076782
    ],
    "roadnet_embedding": [
        1.0582326650619507,
        -0.43248963356018066,
        0.062475454062223434,
        0.6511425971984863,
        -2.965424060821533,
        0.05674636736512184,
        0.057513609528541565,
        -0.25723376870155334,
        -0.04688581824302673,
        0.2869005501270294
    ],
    "function_embedding": [
        1.7376325130462646,
        -4.012632846832275,
        0.45438018441200256,
        1.3324390649795532,
        0.19590091705322266,
        -0.3120773136615753,
        -0.17538070678710938,
        -2.96482515335083,
        -0.6268309354782104,
        1.487236738204956
    ],
    "city_embedding": [
        -0.983723521232605,
        0.0036167511716485023,
        0.6694934964179993,
        1.3806318044662476,
        -0.5934169292449951,
        1.2560120820999146,
        0.1646505445241928,
        2.77662992477417,
        2.3926258087158203,
        3.5471549034118652
    ],
    "degree_embedding": [
        -0.9859232902526855,
        -0.14980502426624298,
        1.1363672018051147,
        1.3890211582183838,
        1.9668338298797607,
        -0.10017327964305878,
        -0.9014211297035217,
        -0.5218036770820618,
        0.12516868114471436,
        0.34269973635673523
    ]
}