{
    "id": 12627,
    "range": [
        121.906804,
        31.612716,
        121.916804,
        31.602716
    ],
    "image_path": "CitySatellite\\Shanghai\\12627.jpg",
    "poi": [],
    "places": [],
    "transport": [],
    "traffic": [],
    "buildings": [],
    "landuse": [
        [
            7210,
            2,
            4,
            16.573323866023244
        ]
    ],
    "road_inner": [],
    "road_connect": {},
    "population": [
        0.0
    ],
    "transport_embedding": [
        -0.2981606423854828,
        -0.6238566637039185,
        0.8331466317176819,
        -0.6622387766838074,
        1.164130449295044,
        -0.05689700320363045,
        -1.8110506534576416,
        -0.2337956726551056,
        -0.6055906414985657,
        -0.08983726054430008
    ],
    "roadnet_embedding": [
        1.1151691675186157,
        -0.4359903931617737,
        0.012503017671406269,
        0.567977786064148,
        -3.0296952724456787,
        -0.003225618740543723,
        0.0403851754963398,
        -0.13128215074539185,
        -0.08505218476057053,
        0.28848230838775635
    ],
    "function_embedding": [
        1.7377347946166992,
        -4.012754440307617,
        0.49902576208114624,
        1.3213682174682617,
        0.1935443878173828,
        -0.3420575261116028,
        -0.16787338256835938,
        -3.047671318054199,
        -0.6135537624359131,
        1.320712924003601
    ],
    "city_embedding": [
        -0.983723521232605,
        0.0036167511716485023,
        0.6694934964179993,
        1.3806318044662476,
        -0.5934169292449951,
        1.2560120820999146,
        0.1646505445241928,
        2.77662992477417,
        2.3926258087158203,
        3.5471549034118652
    ],
    "degree_embedding": [
        -0.9859232902526855,
        -0.14980502426624298,
        1.1363672018051147,
        1.3890211582183838,
        1.9668338298797607,
        -0.10017327964305878,
        -0.9014211297035217,
        -0.5218036770820618,
        0.12516868114471436,
        0.34269973635673523
    ]
}