{
    "id": 12628,
    "range": [
        121.906804,
        31.602716,
        121.916804,
        31.592716
    ],
    "image_path": "CitySatellite\\Shanghai\\12628.jpg",
    "poi": [],
    "places": [],
    "transport": [],
    "traffic": [],
    "buildings": [],
    "landuse": [
        [
            7210,
            2,
            4,
            16.573323866023244
        ]
    ],
    "road_inner": [],
    "road_connect": {},
    "population": [
        0.0
    ],
    "transport_embedding": [
        -0.16523504257202148,
        -0.7996494174003601,
        0.47476091980934143,
        -0.6257703304290771,
        0.31497740745544434,
        -0.4001852571964264,
        -0.4961016774177551,
        0.7528427243232727,
        0.3352523744106293,
        -0.2096874862909317
    ],
    "roadnet_embedding": [
        1.126706838607788,
        -0.4192822575569153,
        0.05571230500936508,
        0.5667354464530945,
        -2.96743106842041,
        0.038521651178598404,
        -0.016358954831957817,
        -0.15545515716075897,
        -0.05642596632242203,
        0.34728655219078064
    ],
    "function_embedding": [
        1.7377040386199951,
        -4.0127177238464355,
        0.48483559489250183,
        1.324886441230774,
        0.19429302215576172,
        -0.332527756690979,
        -0.170257568359375,
        -3.019601345062256,
        -0.6178677678108215,
        1.3505833148956299
    ],
    "city_embedding": [
        -0.983723521232605,
        0.0036167511716485023,
        0.6694934964179993,
        1.3806318044662476,
        -0.5934169292449951,
        1.2560120820999146,
        0.1646505445241928,
        2.77662992477417,
        2.3926258087158203,
        3.5471549034118652
    ],
    "degree_embedding": [
        -0.9859232902526855,
        -0.14980502426624298,
        1.1363672018051147,
        1.3890211582183838,
        1.9668338298797607,
        -0.10017327964305878,
        -0.9014211297035217,
        -0.5218036770820618,
        0.12516868114471436,
        0.34269973635673523
    ]
}