{
    "id": 12626,
    "range": [
        121.906804,
        31.622716,
        121.916804,
        31.612716
    ],
    "image_path": "CitySatellite\\Shanghai\\12626.jpg",
    "poi": [],
    "places": [],
    "transport": [],
    "traffic": [],
    "buildings": [],
    "landuse": [
        [
            7210,
            2,
            4,
            16.573323866023244
        ]
    ],
    "road_inner": [],
    "road_connect": {},
    "population": [
        0.0
    ],
    "transport_embedding": [
        -0.08452865481376648,
        -0.8126946091651917,
        0.35813963413238525,
        -0.6080726385116577,
        -0.08865812420845032,
        1.6123530864715576,
        0.7683891654014587,
        0.9003183245658875,
        0.8999426364898682,
        -0.324685662984848
    ],
    "roadnet_embedding": [
        0.990973711013794,
        -0.4543425440788269,
        0.0999770537018776,
        0.5534471869468689,
        -2.5326876640319824,
        -0.23704083263874054,
        0.0058647142723202705,
        -0.09336084872484207,
        -0.024499641731381416,
        0.193868950009346
    ],
    "function_embedding": [
        1.737640380859375,
        -4.0126423835754395,
        0.47513464093208313,
        1.3272939920425415,
        0.1948108673095703,
        -0.32602569460868835,
        -0.1718902587890625,
        -3.001298189163208,
        -0.6207639575004578,
        1.4046281576156616
    ],
    "city_embedding": [
        -0.983723521232605,
        0.0036167511716485023,
        0.6694934964179993,
        1.3806318044662476,
        -0.5934169292449951,
        1.2560120820999146,
        0.1646505445241928,
        2.77662992477417,
        2.3926258087158203,
        3.5471549034118652
    ],
    "degree_embedding": [
        -0.9859232902526855,
        -0.14980502426624298,
        1.1363672018051147,
        1.3890211582183838,
        1.9668338298797607,
        -0.10017327964305878,
        -0.9014211297035217,
        -0.5218036770820618,
        0.12516868114471436,
        0.34269973635673523
    ]
}