{
    "id": 12667,
    "range": [
        121.906804,
        31.212716,
        121.916804,
        31.202716
    ],
    "image_path": "CitySatellite\\Shanghai\\12667.jpg",
    "poi": [],
    "places": [],
    "transport": [],
    "traffic": [],
    "buildings": [],
    "landuse": [
        [
            7210,
            2,
            4,
            21.001310270270274
        ]
    ],
    "road_inner": [
        [
            5142,
            1,
            5,
            415.703
        ]
    ],
    "road_connect": {},
    "population": [
        0.0
    ],
    "transport_embedding": [
        -0.042922258377075195,
        -0.8801009058952332,
        0.2839614450931549,
        -0.5466764569282532,
        -0.3890402615070343,
        2.0533015727996826,
        1.25408935546875,
        0.8260124921798706,
        1.2467914819717407,
        -0.28935688734054565
    ],
    "roadnet_embedding": [
        1.2376629114151,
        -0.6064786911010742,
        -0.051930204033851624,
        0.2750197649002075,
        -0.8255359530448914,
        -0.8489737510681152,
        0.08060251921415329,
        -0.17638397216796875,
        -0.387523353099823,
        -1.0070180892944336
    ],
    "function_embedding": [
        1.7395926713943481,
        -4.0149617195129395,
        0.792868971824646,
        1.2484440803527832,
        0.17787933349609375,
        -0.5389910936355591,
        -0.11847305297851562,
        -3.611262559890747,
        -0.5253286957740784,
        0.18883490562438965
    ],
    "city_embedding": [
        -0.983723521232605,
        0.0036167511716485023,
        0.6694934964179993,
        1.3806318044662476,
        -0.5934169292449951,
        1.2560120820999146,
        0.1646505445241928,
        2.77662992477417,
        2.3926258087158203,
        3.5471549034118652
    ],
    "degree_embedding": [
        -0.9859232902526855,
        -0.14980502426624298,
        1.1363672018051147,
        1.3890211582183838,
        1.9668338298797607,
        -0.10017327964305878,
        -0.9014211297035217,
        -0.5218036770820618,
        0.12516868114471436,
        0.34269973635673523
    ]
}