{
    "id": 12666,
    "range": [
        121.906804,
        31.222716,
        121.916804,
        31.212716
    ],
    "image_path": "CitySatellite\\Shanghai\\12666.jpg",
    "poi": [],
    "places": [],
    "transport": [],
    "traffic": [],
    "buildings": [],
    "landuse": [
        [
            7210,
            2,
            4,
            21.001310270270274
        ]
    ],
    "road_inner": [],
    "road_connect": {},
    "population": [
        0.0
    ],
    "transport_embedding": [
        -0.2672143280506134,
        -0.4649222195148468,
        0.6841223239898682,
        -1.0601729154586792,
        0.22265009582042694,
        -0.9226546287536621,
        -0.7003816366195679,
        1.763768196105957,
        -1.3169273138046265,
        -0.41951969265937805
    ],
    "roadnet_embedding": [
        1.113410234451294,
        -0.42583468556404114,
        0.02539961040019989,
        0.42783060669898987,
        -2.8078525066375732,
        -0.16301728785037994,
        -0.027405863627791405,
        0.014460992999374866,
        -0.0074995653703808784,
        0.1812005341053009
    ],
    "function_embedding": [
        1.7396270036697388,
        -4.015002727508545,
        0.843772828578949,
        1.2358248233795166,
        0.17520427703857422,
        -0.5732026696205139,
        -0.1099090576171875,
        -3.695981025695801,
        -0.5107088685035706,
        -0.12656471133232117
    ],
    "city_embedding": [
        -0.983723521232605,
        0.0036167511716485023,
        0.6694934964179993,
        1.3806318044662476,
        -0.5934169292449951,
        1.2560120820999146,
        0.1646505445241928,
        2.77662992477417,
        2.3926258087158203,
        3.5471549034118652
    ],
    "degree_embedding": [
        -0.9859232902526855,
        -0.14980502426624298,
        1.1363672018051147,
        1.3890211582183838,
        1.9668338298797607,
        -0.10017327964305878,
        -0.9014211297035217,
        -0.5218036770820618,
        0.12516868114471436,
        0.34269973635673523
    ]
}