{
    "id": 12665,
    "range": [
        121.906804,
        31.232716,
        121.916804,
        31.222716
    ],
    "image_path": "CitySatellite\\Shanghai\\12665.jpg",
    "poi": [],
    "places": [],
    "transport": [],
    "traffic": [],
    "buildings": [],
    "landuse": [
        [
            7210,
            2,
            4,
            21.001310270270274
        ]
    ],
    "road_inner": [],
    "road_connect": {},
    "population": [
        0.0
    ],
    "transport_embedding": [
        -0.347619891166687,
        -0.6288668513298035,
        0.9331831336021423,
        -0.5621163845062256,
        0.971865713596344,
        -1.1761726140975952,
        -1.4111316204071045,
        0.3795474171638489,
        -0.542370617389679,
        -0.08953831344842911
    ],
    "roadnet_embedding": [
        1.1102486848831177,
        -0.43212005496025085,
        0.035029761493206024,
        0.5190019011497498,
        -2.699256658554077,
        -0.18913571536540985,
        -0.08436446636915207,
        -0.06746815145015717,
        0.06581899523735046,
        0.1877167671918869
    ],
    "function_embedding": [
        1.7396296262741089,
        -4.015006065368652,
        0.8426476120948792,
        1.2361037731170654,
        0.1752629280090332,
        -0.5724448561668396,
        -0.11009979248046875,
        -3.692927122116089,
        -0.5110965371131897,
        -0.1309768706560135
    ],
    "city_embedding": [
        -0.983723521232605,
        0.0036167511716485023,
        0.6694934964179993,
        1.3806318044662476,
        -0.5934169292449951,
        1.2560120820999146,
        0.1646505445241928,
        2.77662992477417,
        2.3926258087158203,
        3.5471549034118652
    ],
    "degree_embedding": [
        -0.9859232902526855,
        -0.14980502426624298,
        1.1363672018051147,
        1.3890211582183838,
        1.9668338298797607,
        -0.10017327964305878,
        -0.9014211297035217,
        -0.5218036770820618,
        0.12516868114471436,
        0.34269973635673523
    ]
}