{
    "id": 12679,
    "range": [
        121.906804,
        31.092716,
        121.916804,
        31.08271599999999
    ],
    "image_path": "CitySatellite\\Shanghai\\12679.jpg",
    "poi": [],
    "places": [],
    "transport": [],
    "traffic": [],
    "buildings": [],
    "landuse": [],
    "road_inner": [],
    "road_connect": {},
    "population": [
        0.0
    ],
    "transport_embedding": [
        -0.12815017998218536,
        -0.8652329444885254,
        0.36700353026390076,
        -0.5574852824211121,
        0.08537284284830093,
        -0.0844447910785675,
        0.4008449614048004,
        1.066899299621582,
        0.5859585404396057,
        -0.24406127631664276
    ],
    "roadnet_embedding": [
        1.0146409273147583,
        -0.4450324773788452,
        0.07834496349096298,
        0.4734392464160919,
        -2.6542859077453613,
        -0.2540351450443268,
        0.04069296270608902,
        0.025286439806222916,
        -0.05617528408765793,
        0.16443105041980743
    ],
    "function_embedding": [
        -0.5673487782478333,
        -0.33992999792099,
        -0.07395390421152115,
        0.050704073160886765,
        -1.400494933128357,
        -0.008096541278064251,
        -0.05060041695833206,
        -0.018018385395407677,
        -0.07746309041976929,
        0.19158431887626648
    ],
    "city_embedding": [
        -0.983723521232605,
        0.0036167511716485023,
        0.6694934964179993,
        1.3806318044662476,
        -0.5934169292449951,
        1.2560120820999146,
        0.1646505445241928,
        2.77662992477417,
        2.3926258087158203,
        3.5471549034118652
    ],
    "degree_embedding": [
        -0.9859232902526855,
        -0.14980502426624298,
        1.1363672018051147,
        1.3890211582183838,
        1.9668338298797607,
        -0.10017327964305878,
        -0.9014211297035217,
        -0.5218036770820618,
        0.12516868114471436,
        0.34269973635673523
    ]
}