{
    "id": 12680,
    "range": [
        121.906804,
        31.082716,
        121.916804,
        31.072716
    ],
    "image_path": "CitySatellite\\Shanghai\\12680.jpg",
    "poi": [],
    "places": [],
    "transport": [],
    "traffic": [],
    "buildings": [],
    "landuse": [],
    "road_inner": [],
    "road_connect": {},
    "population": [
        0.0
    ],
    "transport_embedding": [
        -0.3230744004249573,
        -0.6062276363372803,
        0.8701704740524292,
        -0.6769760251045227,
        1.1458468437194824,
        -0.6584689617156982,
        -1.5196521282196045,
        0.6759629845619202,
        -1.211836338043213,
        -0.19029498100280762
    ],
    "roadnet_embedding": [
        1.1262376308441162,
        -0.42501798272132874,
        0.0333397202193737,
        0.5654740333557129,
        -2.9205987453460693,
        0.04933572933077812,
        0.0006826135795563459,
        -0.24128122627735138,
        -0.025082839652895927,
        0.2542688250541687
    ],
    "function_embedding": [
        -0.6074079275131226,
        -0.27230238914489746,
        -0.038676921278238297,
        0.058761466294527054,
        -1.4749647378921509,
        -0.1002158373594284,
        -0.02035229280591011,
        -0.11800000816583633,
        -0.1628628969192505,
        0.22889696061611176
    ],
    "city_embedding": [
        -0.983723521232605,
        0.0036167511716485023,
        0.6694934964179993,
        1.3806318044662476,
        -0.5934169292449951,
        1.2560120820999146,
        0.1646505445241928,
        2.77662992477417,
        2.3926258087158203,
        3.5471549034118652
    ],
    "degree_embedding": [
        -0.9859232902526855,
        -0.14980502426624298,
        1.1363672018051147,
        1.3890211582183838,
        1.9668338298797607,
        -0.10017327964305878,
        -0.9014211297035217,
        -0.5218036770820618,
        0.12516868114471436,
        0.34269973635673523
    ]
}