{
    "id": 12682,
    "range": [
        121.906804,
        31.062716,
        121.916804,
        31.052716
    ],
    "image_path": "CitySatellite\\Shanghai\\12682.jpg",
    "poi": [],
    "places": [],
    "transport": [],
    "traffic": [],
    "buildings": [],
    "landuse": [],
    "road_inner": [],
    "road_connect": {},
    "population": [
        0.0
    ],
    "transport_embedding": [
        -0.2681167721748352,
        -0.6509666442871094,
        0.6710200905799866,
        -0.7201129794120789,
        1.3472903966903687,
        0.4664734899997711,
        -0.9281381964683533,
        0.6626516580581665,
        -1.5626972913742065,
        -0.31453651189804077
    ],
    "roadnet_embedding": [
        1.0577822923660278,
        -0.42748308181762695,
        0.07359804213047028,
        0.5630683302879333,
        -2.902850389480591,
        0.020600318908691406,
        0.01785373128950596,
        -0.14965945482254028,
        -0.0013379754964262247,
        0.3924482464790344
    ],
    "function_embedding": [
        -0.63417649269104,
        -0.2659778892993927,
        -0.0497124083340168,
        0.05809943005442619,
        -1.4688462018966675,
        -0.08568796515464783,
        -0.05916754528880119,
        -0.11363361775875092,
        -0.1628805547952652,
        0.3047868013381958
    ],
    "city_embedding": [
        -0.983723521232605,
        0.0036167511716485023,
        0.6694934964179993,
        1.3806318044662476,
        -0.5934169292449951,
        1.2560120820999146,
        0.1646505445241928,
        2.77662992477417,
        2.3926258087158203,
        3.5471549034118652
    ],
    "degree_embedding": [
        -0.9859232902526855,
        -0.14980502426624298,
        1.1363672018051147,
        1.3890211582183838,
        1.9668338298797607,
        -0.10017327964305878,
        -0.9014211297035217,
        -0.5218036770820618,
        0.12516868114471436,
        0.34269973635673523
    ]
}