{
    "id": 12689,
    "range": [
        121.906804,
        30.992716,
        121.916804,
        30.982716
    ],
    "image_path": "CitySatellite\\Shanghai\\12689.jpg",
    "poi": [],
    "places": [],
    "transport": [],
    "traffic": [],
    "buildings": [],
    "landuse": [
        [
            7229,
            1,
            5,
            2.8921371000000002
        ]
    ],
    "road_inner": [],
    "road_connect": {},
    "population": [
        0.0
    ],
    "transport_embedding": [
        -0.17826156318187714,
        -0.8036319017410278,
        0.657084047794342,
        -0.4518139064311981,
        0.48776569962501526,
        0.49982336163520813,
        -0.46943357586860657,
        -0.035030316561460495,
        0.8951966166496277,
        -0.11288391053676605
    ],
    "roadnet_embedding": [
        1.0650720596313477,
        -0.4166405498981476,
        0.08567333966493607,
        0.625867486000061,
        -3.0459511280059814,
        0.0907612219452858,
        0.05111341178417206,
        -0.19343620538711548,
        -0.08076153695583344,
        0.3596609830856323
    ],
    "function_embedding": [
        -0.8829780220985413,
        -0.8849788904190063,
        1.1051160097122192,
        -0.020763985812664032,
        0.6677738428115845,
        -1.4618109464645386,
        -0.17416280508041382,
        1.2796378135681152,
        -0.3832457363605499,
        -0.7958393096923828
    ],
    "city_embedding": [
        -0.983723521232605,
        0.0036167511716485023,
        0.6694934964179993,
        1.3806318044662476,
        -0.5934169292449951,
        1.2560120820999146,
        0.1646505445241928,
        2.77662992477417,
        2.3926258087158203,
        3.5471549034118652
    ],
    "degree_embedding": [
        -0.9859232902526855,
        -0.14980502426624298,
        1.1363672018051147,
        1.3890211582183838,
        1.9668338298797607,
        -0.10017327964305878,
        -0.9014211297035217,
        -0.5218036770820618,
        0.12516868114471436,
        0.34269973635673523
    ]
}