{
    "id": 12681,
    "range": [
        121.906804,
        31.072716,
        121.916804,
        31.062716
    ],
    "image_path": "CitySatellite\\Shanghai\\12681.jpg",
    "poi": [],
    "places": [],
    "transport": [],
    "traffic": [],
    "buildings": [],
    "landuse": [],
    "road_inner": [],
    "road_connect": {},
    "population": [
        0.0
    ],
    "transport_embedding": [
        -0.1936979442834854,
        -0.8821410536766052,
        0.7782493829727173,
        -0.263830304145813,
        0.24915960431098938,
        -0.13986477255821228,
        0.033348869532346725,
        -0.4233987033367157,
        1.26680588722229,
        0.060105279088020325
    ],
    "roadnet_embedding": [
        1.0244131088256836,
        -0.4370478391647339,
        0.08527646213769913,
        0.6426329016685486,
        -2.852731466293335,
        -0.015832921490073204,
        0.057789236307144165,
        -0.2163267433643341,
        -0.06122773885726929,
        0.26342514157295227
    ],
    "function_embedding": [
        -0.6189284324645996,
        -0.29689934849739075,
        -0.0659661814570427,
        0.08864408731460571,
        -1.4855225086212158,
        -0.04773607477545738,
        -0.049990661442279816,
        -0.07394833862781525,
        -0.05593710020184517,
        0.3048599064350128
    ],
    "city_embedding": [
        -0.983723521232605,
        0.0036167511716485023,
        0.6694934964179993,
        1.3806318044662476,
        -0.5934169292449951,
        1.2560120820999146,
        0.1646505445241928,
        2.77662992477417,
        2.3926258087158203,
        3.5471549034118652
    ],
    "degree_embedding": [
        -0.9859232902526855,
        -0.14980502426624298,
        1.1363672018051147,
        1.3890211582183838,
        1.9668338298797607,
        -0.10017327964305878,
        -0.9014211297035217,
        -0.5218036770820618,
        0.12516868114471436,
        0.34269973635673523
    ]
}