{
    "id": 12694,
    "range": [
        121.906804,
        30.942716,
        121.916804,
        30.932716
    ],
    "image_path": "CitySatellite\\Shanghai\\12694.jpg",
    "poi": [],
    "places": [],
    "transport": [],
    "traffic": [],
    "buildings": [],
    "landuse": [],
    "road_inner": [],
    "road_connect": {},
    "population": [
        128.4342479705811
    ],
    "transport_embedding": [
        -0.14706209301948547,
        -0.8536132574081421,
        0.618168830871582,
        -0.46658074855804443,
        0.18458938598632812,
        0.10332643985748291,
        -0.3395383656024933,
        -0.3142474889755249,
        0.9868201613426208,
        0.00043344072764739394
    ],
    "roadnet_embedding": [
        1.0685656070709229,
        -0.4295184016227722,
        0.0698600709438324,
        0.5607131123542786,
        -2.9564924240112305,
        -0.05298304930329323,
        0.02321266196668148,
        -0.04615095257759094,
        -0.06273721158504486,
        0.3527661859989166
    ],
    "function_embedding": [
        -0.612766444683075,
        -0.2785611152648926,
        -0.06435223668813705,
        0.10583821684122086,
        -1.5083879232406616,
        -0.07439596205949783,
        -0.07455865293741226,
        -0.09637551009654999,
        -0.0891358032822609,
        0.3078438341617584
    ],
    "city_embedding": [
        -0.9841341376304626,
        0.00267580128274858,
        0.65240877866745,
        1.3627378940582275,
        -0.5960810780525208,
        1.2435773611068726,
        0.18462596833705902,
        2.795501708984375,
        2.3831748962402344,
        3.5125460624694824
    ],
    "degree_embedding": [
        -0.9859232902526855,
        -0.14980502426624298,
        1.1363672018051147,
        1.3890211582183838,
        1.9668338298797607,
        -0.10017327964305878,
        -0.9014211297035217,
        -0.5218036770820618,
        0.12516868114471436,
        0.34269973635673523
    ]
}