{
    "id": 12704,
    "range": [
        121.906804,
        30.842716,
        121.916804,
        30.83271599999999
    ],
    "image_path": "CitySatellite\\Shanghai\\12704.jpg",
    "poi": [],
    "places": [],
    "transport": [],
    "traffic": [],
    "buildings": [],
    "landuse": [],
    "road_inner": [],
    "road_connect": {},
    "population": [
        0.0
    ],
    "transport_embedding": [
        -0.33266621828079224,
        -0.5504469275474548,
        0.7938083410263062,
        -0.7970883250236511,
        0.7660859227180481,
        -1.2209064960479736,
        -1.3880752325057983,
        0.8933749198913574,
        -0.9525760412216187,
        -0.2086942195892334
    ],
    "roadnet_embedding": [
        1.1054508686065674,
        -0.44587162137031555,
        0.03743326663970947,
        0.6283829808235168,
        -2.861398696899414,
        -0.1449880301952362,
        -0.004514643922448158,
        -0.058073434978723526,
        -0.05282497778534889,
        0.188383087515831
    ],
    "function_embedding": [
        -0.5987371206283569,
        -0.30119577050209045,
        -0.09078795462846756,
        0.029726168140769005,
        -1.4335911273956299,
        -0.0697198435664177,
        -0.03357655555009842,
        -0.11862540990114212,
        -0.12111642956733704,
        0.3229540288448334
    ],
    "city_embedding": [
        -0.983723521232605,
        0.0036167511716485023,
        0.6694934964179993,
        1.3806318044662476,
        -0.5934169292449951,
        1.2560120820999146,
        0.1646505445241928,
        2.77662992477417,
        2.3926258087158203,
        3.5471549034118652
    ],
    "degree_embedding": [
        -0.9859232902526855,
        -0.14980502426624298,
        1.1363672018051147,
        1.3890211582183838,
        1.9668338298797607,
        -0.10017327964305878,
        -0.9014211297035217,
        -0.5218036770820618,
        0.12516868114471436,
        0.34269973635673523
    ]
}