{
    "id": 12705,
    "range": [
        121.906804,
        30.832716,
        121.916804,
        30.822716
    ],
    "image_path": "CitySatellite\\Shanghai\\12705.jpg",
    "poi": [],
    "places": [],
    "transport": [],
    "traffic": [],
    "buildings": [],
    "landuse": [],
    "road_inner": [],
    "road_connect": {},
    "population": [
        0.0
    ],
    "transport_embedding": [
        -0.08588626235723495,
        -0.8844661116600037,
        0.38865959644317627,
        -0.6009983420372009,
        -0.41559478640556335,
        0.18182703852653503,
        0.7891371250152588,
        0.3407600522041321,
        0.6550160646438599,
        -0.07221132516860962
    ],
    "roadnet_embedding": [
        1.0780647993087769,
        -0.4301792085170746,
        0.048768624663352966,
        0.5910619497299194,
        -3.051499366760254,
        0.03789050504565239,
        0.05591616779565811,
        -0.12173542380332947,
        -0.07395034283399582,
        0.37341392040252686
    ],
    "function_embedding": [
        -0.5902193784713745,
        -0.3324066400527954,
        -0.04612186923623085,
        0.01215543132275343,
        -1.3939517736434937,
        -0.04302779585123062,
        -0.007703558076173067,
        -0.07666464895009995,
        -0.059727076441049576,
        0.13688309490680695
    ],
    "city_embedding": [
        -0.983723521232605,
        0.0036167511716485023,
        0.6694934964179993,
        1.3806318044662476,
        -0.5934169292449951,
        1.2560120820999146,
        0.1646505445241928,
        2.77662992477417,
        2.3926258087158203,
        3.5471549034118652
    ],
    "degree_embedding": [
        -0.9859232902526855,
        -0.14980502426624298,
        1.1363672018051147,
        1.3890211582183838,
        1.9668338298797607,
        -0.10017327964305878,
        -0.9014211297035217,
        -0.5218036770820618,
        0.12516868114471436,
        0.34269973635673523
    ]
}