{
    "id": 12747,
    "range": [
        121.916804,
        31.612716,
        121.926804,
        31.602716
    ],
    "image_path": "CitySatellite\\Shanghai\\12747.jpg",
    "poi": [],
    "places": [],
    "transport": [],
    "traffic": [],
    "buildings": [],
    "landuse": [
        [
            7210,
            2,
            4,
            16.573323866023244
        ]
    ],
    "road_inner": [],
    "road_connect": {},
    "population": [
        0.0
    ],
    "transport_embedding": [
        -0.27297723293304443,
        -0.6865113973617554,
        0.732701301574707,
        -0.5894842147827148,
        1.4784984588623047,
        0.7681316137313843,
        -1.2078462839126587,
        -0.15278124809265137,
        -0.8897473812103271,
        -0.21983003616333008
    ],
    "roadnet_embedding": [
        1.0694048404693604,
        -0.42982935905456543,
        0.06846048682928085,
        0.632865846157074,
        -3.0273470878601074,
        0.046609729528427124,
        0.049589868634939194,
        -0.139471635222435,
        -0.05907709151506424,
        0.38918355107307434
    ],
    "function_embedding": [
        1.7376691102981567,
        -4.012676239013672,
        0.4864181876182556,
        1.3244959115982056,
        0.1942148208618164,
        -0.33360639214515686,
        -0.16999053955078125,
        -3.0209813117980957,
        -0.6174760460853577,
        1.2790414094924927
    ],
    "city_embedding": [
        -0.983723521232605,
        0.0036167511716485023,
        0.6694934964179993,
        1.3806318044662476,
        -0.5934169292449951,
        1.2560120820999146,
        0.1646505445241928,
        2.77662992477417,
        2.3926258087158203,
        3.5471549034118652
    ],
    "degree_embedding": [
        -0.9859232902526855,
        -0.14980502426624298,
        1.1363672018051147,
        1.3890211582183838,
        1.9668338298797607,
        -0.10017327964305878,
        -0.9014211297035217,
        -0.5218036770820618,
        0.12516868114471436,
        0.34269973635673523
    ]
}