{
    "id": 12748,
    "range": [
        121.916804,
        31.602716,
        121.926804,
        31.592716
    ],
    "image_path": "CitySatellite\\Shanghai\\12748.jpg",
    "poi": [],
    "places": [],
    "transport": [],
    "traffic": [],
    "buildings": [],
    "landuse": [
        [
            7210,
            2,
            4,
            16.573323866023244
        ]
    ],
    "road_inner": [],
    "road_connect": {},
    "population": [
        0.0
    ],
    "transport_embedding": [
        -0.22406451404094696,
        -0.6956353783607483,
        0.6701894402503967,
        -0.6374648809432983,
        1.0584145784378052,
        0.8166801333427429,
        -1.2413115501403809,
        -0.13281726837158203,
        -0.27503153681755066,
        -0.2222842127084732
    ],
    "roadnet_embedding": [
        1.090476632118225,
        -0.42085137963294983,
        0.07674655318260193,
        0.6247025728225708,
        -2.932267904281616,
        0.044565632939338684,
        -0.006678365170955658,
        -0.20781151950359344,
        -0.05522376671433449,
        0.32427144050598145
    ],
    "function_embedding": [
        1.7377787828445435,
        -4.012806415557861,
        0.5157196521759033,
        1.317227840423584,
        0.19266319274902344,
        -0.3532670736312866,
        -0.16506576538085938,
        -3.0763325691223145,
        -0.6087155938148499,
        1.2166775465011597
    ],
    "city_embedding": [
        -0.983723521232605,
        0.0036167511716485023,
        0.6694934964179993,
        1.3806318044662476,
        -0.5934169292449951,
        1.2560120820999146,
        0.1646505445241928,
        2.77662992477417,
        2.3926258087158203,
        3.5471549034118652
    ],
    "degree_embedding": [
        -0.9859232902526855,
        -0.14980502426624298,
        1.1363672018051147,
        1.3890211582183838,
        1.9668338298797607,
        -0.10017327964305878,
        -0.9014211297035217,
        -0.5218036770820618,
        0.12516868114471436,
        0.34269973635673523
    ]
}