{
    "id": 12749,
    "range": [
        121.916804,
        31.592716,
        121.926804,
        31.58271599999999
    ],
    "image_path": "CitySatellite\\Shanghai\\12749.jpg",
    "poi": [],
    "places": [],
    "transport": [],
    "traffic": [],
    "buildings": [],
    "landuse": [
        [
            7210,
            2,
            4,
            16.573323866023244
        ]
    ],
    "road_inner": [],
    "road_connect": {},
    "population": [
        0.0
    ],
    "transport_embedding": [
        -0.04060457646846771,
        -0.9346218109130859,
        0.35100266337394714,
        -0.5153560638427734,
        -0.1736476570367813,
        1.1836868524551392,
        0.5260888934135437,
        0.27582448720932007,
        1.0977811813354492,
        -0.1437564641237259
    ],
    "roadnet_embedding": [
        1.1152982711791992,
        -0.44278424978256226,
        0.027510158717632294,
        0.6181902289390564,
        -3.000270366668701,
        -0.024414660409092903,
        0.024804435670375824,
        -0.13169017434120178,
        -0.08890669792890549,
        0.29843342304229736
    ],
    "function_embedding": [
        1.7376896142959595,
        -4.01270055770874,
        0.4740898013114929,
        1.3275508880615234,
        0.19485902786254883,
        -0.3253099024295807,
        -0.17206573486328125,
        -3.0017952919006348,
        -0.6209497451782227,
        1.4003669023513794
    ],
    "city_embedding": [
        -0.983723521232605,
        0.0036167511716485023,
        0.6694934964179993,
        1.3806318044662476,
        -0.5934169292449951,
        1.2560120820999146,
        0.1646505445241928,
        2.77662992477417,
        2.3926258087158203,
        3.5471549034118652
    ],
    "degree_embedding": [
        -0.9859232902526855,
        -0.14980502426624298,
        1.1363672018051147,
        1.3890211582183838,
        1.9668338298797607,
        -0.10017327964305878,
        -0.9014211297035217,
        -0.5218036770820618,
        0.12516868114471436,
        0.34269973635673523
    ]
}