{
    "id": 1275,
    "range": [
        120.956804,
        31.13271600000001,
        120.966804,
        31.122716
    ],
    "image_path": "CitySatellite\\Shanghai\\1275.jpg",
    "poi": [],
    "places": [],
    "transport": [],
    "traffic": [],
    "buildings": [],
    "landuse": [],
    "road_inner": [],
    "road_connect": {},
    "population": [
        0.0
    ],
    "transport_embedding": [
        -0.08737928420305252,
        -0.8500622510910034,
        0.4086334705352783,
        -0.5949670076370239,
        -0.2560979723930359,
        0.3466757535934448,
        0.588721752166748,
        0.992667555809021,
        0.85374516248703,
        -0.21959973871707916
    ],
    "roadnet_embedding": [
        1.0303313732147217,
        -0.4368760287761688,
        0.08926292508840561,
        0.6363599300384521,
        -3.033116340637207,
        0.0697333812713623,
        0.11302495747804642,
        -0.20942671597003937,
        -0.09941907972097397,
        0.36957600712776184
    ],
    "function_embedding": [
        -0.6072520613670349,
        -0.29824745655059814,
        -0.09905647486448288,
        0.056339919567108154,
        -1.4435772895812988,
        -0.053491998463869095,
        0.0010850349208340049,
        -0.10432986915111542,
        -0.1293894201517105,
        0.36651602387428284
    ],
    "city_embedding": [
        -0.983723521232605,
        0.0036167511716485023,
        0.6694934964179993,
        1.3806318044662476,
        -0.5934169292449951,
        1.2560120820999146,
        0.1646505445241928,
        2.77662992477417,
        2.3926258087158203,
        3.5471549034118652
    ],
    "degree_embedding": [
        -0.9859232902526855,
        -0.14980502426624298,
        1.1363672018051147,
        1.3890211582183838,
        1.9668338298797607,
        -0.10017327964305878,
        -0.9014211297035217,
        -0.5218036770820618,
        0.12516868114471436,
        0.34269973635673523
    ]
}