{
    "id": 12755,
    "range": [
        121.916804,
        31.532716,
        121.926804,
        31.522716
    ],
    "image_path": "CitySatellite\\Shanghai\\12755.jpg",
    "poi": [],
    "places": [],
    "transport": [],
    "traffic": [],
    "buildings": [],
    "landuse": [
        [
            7229,
            2,
            5,
            4.9159205
        ]
    ],
    "road_inner": [],
    "road_connect": {},
    "population": [
        0.0
    ],
    "transport_embedding": [
        -0.14782583713531494,
        -0.7876912355422974,
        0.46588584780693054,
        -0.5782104730606079,
        0.58603435754776,
        1.667335033416748,
        -0.5677401423454285,
        -0.8501694798469543,
        0.9377793669700623,
        -0.07888896018266678
    ],
    "roadnet_embedding": [
        1.0742062330245972,
        -0.4373449981212616,
        0.07484104484319687,
        0.4692481458187103,
        -2.7206456661224365,
        -0.07630407065153122,
        -0.0231015682220459,
        -0.1521492749452591,
        0.009149683639407158,
        0.31056609749794006
    ],
    "function_embedding": [
        -1.1502935886383057,
        -0.580755889415741,
        1.5778319835662842,
        0.6974590420722961,
        0.5726885199546814,
        -2.0935091972351074,
        -0.02478746511042118,
        1.0405797958374023,
        -0.2627776265144348,
        -0.013545658439397812
    ],
    "city_embedding": [
        -0.983723521232605,
        0.0036167511716485023,
        0.6694934964179993,
        1.3806318044662476,
        -0.5934169292449951,
        1.2560120820999146,
        0.1646505445241928,
        2.77662992477417,
        2.3926258087158203,
        3.5471549034118652
    ],
    "degree_embedding": [
        -0.9859232902526855,
        -0.14980502426624298,
        1.1363672018051147,
        1.3890211582183838,
        1.9668338298797607,
        -0.10017327964305878,
        -0.9014211297035217,
        -0.5218036770820618,
        0.12516868114471436,
        0.34269973635673523
    ]
}