{
    "id": 12754,
    "range": [
        121.916804,
        31.54271600000001,
        121.926804,
        31.532716
    ],
    "image_path": "CitySatellite\\Shanghai\\12754.jpg",
    "poi": [],
    "places": [],
    "transport": [],
    "traffic": [],
    "buildings": [],
    "landuse": [
        [
            7229,
            3,
            5,
            6.987697166666667
        ]
    ],
    "road_inner": [],
    "road_connect": {},
    "population": [
        0.0
    ],
    "transport_embedding": [
        -0.21675434708595276,
        -0.6325641870498657,
        0.6842793226242065,
        -0.7584632039070129,
        0.6943674087524414,
        0.5548081994056702,
        -1.1281675100326538,
        0.18907354772090912,
        -0.28175657987594604,
        -0.21470217406749725
    ],
    "roadnet_embedding": [
        0.9936990737915039,
        -0.46864786744117737,
        0.11847195774316788,
        0.6134127378463745,
        -2.695918083190918,
        -0.23740673065185547,
        0.06008955463767052,
        -0.01540104765444994,
        -0.10552360862493515,
        0.2769449055194855
    ],
    "function_embedding": [
        -1.3662008047103882,
        -0.32465770840644836,
        1.849306344985962,
        0.9884729981422424,
        0.5498385429382324,
        -2.405620813369751,
        0.08679235726594925,
        0.9560057520866394,
        -0.1703069508075714,
        0.44221216440200806
    ],
    "city_embedding": [
        -0.983723521232605,
        0.0036167511716485023,
        0.6694934964179993,
        1.3806318044662476,
        -0.5934169292449951,
        1.2560120820999146,
        0.1646505445241928,
        2.77662992477417,
        2.3926258087158203,
        3.5471549034118652
    ],
    "degree_embedding": [
        -0.9859232902526855,
        -0.14980502426624298,
        1.1363672018051147,
        1.3890211582183838,
        1.9668338298797607,
        -0.10017327964305878,
        -0.9014211297035217,
        -0.5218036770820618,
        0.12516868114471436,
        0.34269973635673523
    ]
}