{
    "id": 1276,
    "range": [
        120.956804,
        31.122716,
        120.966804,
        31.112716
    ],
    "image_path": "CitySatellite\\Shanghai\\1276.jpg",
    "poi": [],
    "places": [],
    "transport": [],
    "traffic": [],
    "buildings": [],
    "landuse": [],
    "road_inner": [],
    "road_connect": {},
    "population": [
        0.0
    ],
    "transport_embedding": [
        -0.029413297772407532,
        -0.9467915892601013,
        0.24563582241535187,
        -0.5709841847419739,
        -0.5109021663665771,
        0.6198209524154663,
        1.4652507305145264,
        1.1327062845230103,
        0.7559109926223755,
        -0.213508740067482
    ],
    "roadnet_embedding": [
        1.1197797060012817,
        -0.4398882985115051,
        0.005550588481128216,
        0.5989739894866943,
        -2.944841146469116,
        -0.10894742608070374,
        0.009274809621274471,
        -0.06430406868457794,
        -0.061139579862356186,
        0.1734965294599533
    ],
    "function_embedding": [
        -0.6250293254852295,
        -0.28910374641418457,
        -0.04547582566738129,
        0.08410761505365372,
        -1.4581483602523804,
        -0.11167651414871216,
        0.006635032128542662,
        -0.07160360366106033,
        -0.14813265204429626,
        0.29203861951828003
    ],
    "city_embedding": [
        -0.983723521232605,
        0.0036167511716485023,
        0.6694934964179993,
        1.3806318044662476,
        -0.5934169292449951,
        1.2560120820999146,
        0.1646505445241928,
        2.77662992477417,
        2.3926258087158203,
        3.5471549034118652
    ],
    "degree_embedding": [
        -0.9859232902526855,
        -0.14980502426624298,
        1.1363672018051147,
        1.3890211582183838,
        1.9668338298797607,
        -0.10017327964305878,
        -0.9014211297035217,
        -0.5218036770820618,
        0.12516868114471436,
        0.34269973635673523
    ]
}