{
    "id": 12763,
    "range": [
        121.916804,
        31.452716,
        121.926804,
        31.442716
    ],
    "image_path": "CitySatellite\\Shanghai\\12763.jpg",
    "poi": [],
    "places": [],
    "transport": [],
    "traffic": [],
    "buildings": [],
    "landuse": [
        [
            7210,
            2,
            4,
            16.573323866023244
        ]
    ],
    "road_inner": [],
    "road_connect": {},
    "population": [
        0.0
    ],
    "transport_embedding": [
        -0.29359742999076843,
        -0.538935124874115,
        0.775554358959198,
        -0.867016077041626,
        0.7723618745803833,
        -0.752875030040741,
        -0.9270297288894653,
        1.4953792095184326,
        -1.5444022417068481,
        -0.3376539945602417
    ],
    "roadnet_embedding": [
        1.0097638368606567,
        -0.43471449613571167,
        0.10920506715774536,
        0.620812714099884,
        -2.9342541694641113,
        -0.024395735934376717,
        0.08211164176464081,
        -0.12246093153953552,
        -0.09831565618515015,
        0.34791362285614014
    ],
    "function_embedding": [
        1.7376195192337036,
        -4.012617588043213,
        0.4961853623390198,
        1.3220773935317993,
        0.1937088966369629,
        -0.3401861786842346,
        -0.16834640502929688,
        -3.03869366645813,
        -0.6145844459533691,
        1.2926604747772217
    ],
    "city_embedding": [
        -0.983723521232605,
        0.0036167511716485023,
        0.6694934964179993,
        1.3806318044662476,
        -0.5934169292449951,
        1.2560120820999146,
        0.1646505445241928,
        2.77662992477417,
        2.3926258087158203,
        3.5471549034118652
    ],
    "degree_embedding": [
        -0.9859232902526855,
        -0.14980502426624298,
        1.1363672018051147,
        1.3890211582183838,
        1.9668338298797607,
        -0.10017327964305878,
        -0.9014211297035217,
        -0.5218036770820618,
        0.12516868114471436,
        0.34269973635673523
    ]
}