{
    "id": 1277,
    "range": [
        120.956804,
        31.112716,
        120.966804,
        31.102716
    ],
    "image_path": "CitySatellite\\Shanghai\\1277.jpg",
    "poi": [],
    "places": [],
    "transport": [],
    "traffic": [],
    "buildings": [],
    "landuse": [],
    "road_inner": [],
    "road_connect": {},
    "population": [
        0.0
    ],
    "transport_embedding": [
        -0.16785204410552979,
        -0.6833926439285278,
        0.5231893062591553,
        -0.7114628553390503,
        0.34209272265434265,
        1.3944880962371826,
        -0.09995304048061371,
        0.3907332718372345,
        0.26996099948883057,
        -0.31933218240737915
    ],
    "roadnet_embedding": [
        1.1265537738800049,
        -0.41293779015541077,
        0.04923532158136368,
        0.5466353297233582,
        -2.9782955646514893,
        0.022109340876340866,
        -0.019479157403111458,
        -0.11964057385921478,
        -0.05113929882645607,
        0.3191467821598053
    ],
    "function_embedding": [
        -0.6016687750816345,
        -0.2766272723674774,
        -0.08410513401031494,
        0.10798701643943787,
        -1.5236445665359497,
        -0.044218532741069794,
        -0.00888554286211729,
        -0.08409670740365982,
        -0.12604454159736633,
        0.3531239628791809
    ],
    "city_embedding": [
        -0.983723521232605,
        0.0036167511716485023,
        0.6694934964179993,
        1.3806318044662476,
        -0.5934169292449951,
        1.2560120820999146,
        0.1646505445241928,
        2.77662992477417,
        2.3926258087158203,
        3.5471549034118652
    ],
    "degree_embedding": [
        -0.9859232902526855,
        -0.14980502426624298,
        1.1363672018051147,
        1.3890211582183838,
        1.9668338298797607,
        -0.10017327964305878,
        -0.9014211297035217,
        -0.5218036770820618,
        0.12516868114471436,
        0.34269973635673523
    ]
}