{
    "id": 12775,
    "range": [
        121.916804,
        31.332716,
        121.926804,
        31.322716
    ],
    "image_path": "CitySatellite\\Shanghai\\12775.jpg",
    "poi": [],
    "places": [],
    "transport": [],
    "traffic": [],
    "buildings": [],
    "landuse": [],
    "road_inner": [],
    "road_connect": {},
    "population": [
        0.0
    ],
    "transport_embedding": [
        -0.17137625813484192,
        -0.6723690032958984,
        0.4999491572380066,
        -0.8284425139427185,
        0.12976211309432983,
        -0.16878552734851837,
        0.15159660577774048,
        1.7617032527923584,
        -0.5890411734580994,
        -0.41198065876960754
    ],
    "roadnet_embedding": [
        1.032317042350769,
        -0.4357423186302185,
        0.11232738941907883,
        0.5907939076423645,
        -2.880659818649292,
        -0.059397097676992416,
        0.04673099145293236,
        -0.09388642013072968,
        -0.08722077310085297,
        0.35610470175743103
    ],
    "function_embedding": [
        -0.5813334584236145,
        -0.2880144715309143,
        -0.08600810170173645,
        0.08641591668128967,
        -1.4875061511993408,
        -0.04715784266591072,
        -0.042053721845149994,
        -0.10574573278427124,
        -0.1042506992816925,
        0.2943906784057617
    ],
    "city_embedding": [
        -0.983723521232605,
        0.0036167511716485023,
        0.6694934964179993,
        1.3806318044662476,
        -0.5934169292449951,
        1.2560120820999146,
        0.1646505445241928,
        2.77662992477417,
        2.3926258087158203,
        3.5471549034118652
    ],
    "degree_embedding": [
        -0.9859232902526855,
        -0.14980502426624298,
        1.1363672018051147,
        1.3890211582183838,
        1.9668338298797607,
        -0.10017327964305878,
        -0.9014211297035217,
        -0.5218036770820618,
        0.12516868114471436,
        0.34269973635673523
    ]
}