{
    "id": 12803,
    "range": [
        121.916804,
        31.052716,
        121.926804,
        31.042716
    ],
    "image_path": "CitySatellite\\Shanghai\\12803.jpg",
    "poi": [],
    "places": [],
    "transport": [],
    "traffic": [
        [
            5207,
            1,
            0
        ]
    ],
    "buildings": [],
    "landuse": [],
    "road_inner": [
        [
            5141,
            1.0,
            5,
            302.0756666666667
        ]
    ],
    "road_connect": {
        "12683": {
            "5": 1
        },
        "12684": {
            "5": 1
        }
    },
    "population": [
        0.0
    ],
    "transport_embedding": [
        -0.1901029795408249,
        -0.6724387407302856,
        0.6147750616073608,
        -0.7198993563652039,
        0.026059063151478767,
        -0.1651482880115509,
        0.292488157749176,
        1.319722294807434,
        0.006432691588997841,
        -0.2702024281024933
    ],
    "roadnet_embedding": [
        1.1064677238464355,
        -0.43011951446533203,
        0.03033159300684929,
        0.5565332174301147,
        -2.805224895477295,
        -0.09208319336175919,
        0.01464204303920269,
        -0.11529997736215591,
        0.0020457322243601084,
        0.12821662425994873
    ],
    "function_embedding": [
        -0.6227478384971619,
        -0.2800327241420746,
        -0.025225965306162834,
        0.06660109758377075,
        -1.4784857034683228,
        -0.07808398455381393,
        -0.06016610935330391,
        -0.1088370829820633,
        -0.16333556175231934,
        0.2293572574853897
    ],
    "city_embedding": [
        -0.983723521232605,
        0.0036167511716485023,
        0.6694934964179993,
        1.3806318044662476,
        -0.5934169292449951,
        1.2560120820999146,
        0.1646505445241928,
        2.77662992477417,
        2.3926258087158203,
        3.5471549034118652
    ],
    "degree_embedding": [
        -0.9813666343688965,
        -0.4224967956542969,
        1.1640962362289429,
        1.1915993690490723,
        1.5031216144561768,
        0.06068969517946243,
        -0.3323799669742584,
        -0.6514042615890503,
        0.49402618408203125,
        -0.5870565176010132
    ]
}