{
    "id": 12802,
    "range": [
        121.916804,
        31.062716,
        121.926804,
        31.052716
    ],
    "image_path": "CitySatellite\\Shanghai\\12802.jpg",
    "poi": [],
    "places": [],
    "transport": [],
    "traffic": [],
    "buildings": [],
    "landuse": [],
    "road_inner": [],
    "road_connect": {},
    "population": [
        0.0
    ],
    "transport_embedding": [
        -0.07724819332361221,
        -0.6888775825500488,
        0.28046533465385437,
        -0.8921628594398499,
        -0.4622681736946106,
        1.6656655073165894,
        0.6725431680679321,
        0.7440307140350342,
        0.68512362241745,
        -0.28281766176223755
    ],
    "roadnet_embedding": [
        1.0397813320159912,
        -0.4505772590637207,
        0.09274116158485413,
        0.6000208258628845,
        -2.758498430252075,
        -0.1753607839345932,
        0.022645799443125725,
        -0.01291324570775032,
        -0.06224292144179344,
        0.29458463191986084
    ],
    "function_embedding": [
        -0.5905696749687195,
        -0.27420875430107117,
        -0.09273891896009445,
        0.10660053044557571,
        -1.5127873420715332,
        -0.06755257397890091,
        -0.03351962938904762,
        -0.09273228794336319,
        -0.0754380151629448,
        0.321622371673584
    ],
    "city_embedding": [
        -0.983723521232605,
        0.0036167511716485023,
        0.6694934964179993,
        1.3806318044662476,
        -0.5934169292449951,
        1.2560120820999146,
        0.1646505445241928,
        2.77662992477417,
        2.3926258087158203,
        3.5471549034118652
    ],
    "degree_embedding": [
        -0.9859232902526855,
        -0.14980502426624298,
        1.1363672018051147,
        1.3890211582183838,
        1.9668338298797607,
        -0.10017327964305878,
        -0.9014211297035217,
        -0.5218036770820618,
        0.12516868114471436,
        0.34269973635673523
    ]
}