{
    "id": 12801,
    "range": [
        121.916804,
        31.072716,
        121.926804,
        31.062716
    ],
    "image_path": "CitySatellite\\Shanghai\\12801.jpg",
    "poi": [],
    "places": [],
    "transport": [],
    "traffic": [],
    "buildings": [],
    "landuse": [],
    "road_inner": [],
    "road_connect": {},
    "population": [
        0.0
    ],
    "transport_embedding": [
        -0.17606540024280548,
        -0.6341216564178467,
        0.5630530118942261,
        -0.8298317790031433,
        0.2707678973674774,
        0.5253102779388428,
        0.06309608370065689,
        1.2970722913742065,
        -0.5270851850509644,
        -0.37833213806152344
    ],
    "roadnet_embedding": [
        1.1407084465026855,
        -0.4209250807762146,
        0.0315474234521389,
        0.5503891706466675,
        -2.8421099185943604,
        -0.011731086298823357,
        -0.03973952680826187,
        -0.19802090525627136,
        -0.004429068882018328,
        0.20767389237880707
    ],
    "function_embedding": [
        -0.596957802772522,
        -0.31675267219543457,
        -0.04664316400885582,
        -0.017290694639086723,
        -1.3790291547775269,
        -0.08941257745027542,
        0.051995422691106796,
        -0.13451850414276123,
        -0.19792169332504272,
        0.19473165273666382
    ],
    "city_embedding": [
        -0.983723521232605,
        0.0036167511716485023,
        0.6694934964179993,
        1.3806318044662476,
        -0.5934169292449951,
        1.2560120820999146,
        0.1646505445241928,
        2.77662992477417,
        2.3926258087158203,
        3.5471549034118652
    ],
    "degree_embedding": [
        -0.9859232902526855,
        -0.14980502426624298,
        1.1363672018051147,
        1.3890211582183838,
        1.9668338298797607,
        -0.10017327964305878,
        -0.9014211297035217,
        -0.5218036770820618,
        0.12516868114471436,
        0.34269973635673523
    ]
}