{
    "id": 12800,
    "range": [
        121.916804,
        31.082716,
        121.926804,
        31.072716
    ],
    "image_path": "CitySatellite\\Shanghai\\12800.jpg",
    "poi": [],
    "places": [],
    "transport": [],
    "traffic": [],
    "buildings": [],
    "landuse": [],
    "road_inner": [],
    "road_connect": {},
    "population": [
        0.0
    ],
    "transport_embedding": [
        -0.06871718168258667,
        -0.7193037867546082,
        0.289486289024353,
        -0.8365906476974487,
        -0.4691924750804901,
        1.6979787349700928,
        0.8363938927650452,
        0.9057359099388123,
        0.7295852899551392,
        -0.29688745737075806
    ],
    "roadnet_embedding": [
        1.0204731225967407,
        -0.435065358877182,
        0.08493075519800186,
        0.5199444890022278,
        -2.7610557079315186,
        -0.15427514910697937,
        0.00972831528633833,
        -0.018256694078445435,
        0.02128767780959606,
        0.31135568022727966
    ],
    "function_embedding": [
        -0.6112117171287537,
        -0.29798272252082825,
        -0.0693015530705452,
        0.04439316689968109,
        -1.4282008409500122,
        -0.07618527114391327,
        -0.04999750852584839,
        -0.06429586559534073,
        -0.04294932261109352,
        0.22851277887821198
    ],
    "city_embedding": [
        -0.983723521232605,
        0.0036167511716485023,
        0.6694934964179993,
        1.3806318044662476,
        -0.5934169292449951,
        1.2560120820999146,
        0.1646505445241928,
        2.77662992477417,
        2.3926258087158203,
        3.5471549034118652
    ],
    "degree_embedding": [
        -0.9859232902526855,
        -0.14980502426624298,
        1.1363672018051147,
        1.3890211582183838,
        1.9668338298797607,
        -0.10017327964305878,
        -0.9014211297035217,
        -0.5218036770820618,
        0.12516868114471436,
        0.34269973635673523
    ]
}