{
    "id": 12826,
    "range": [
        121.916804,
        30.822716,
        121.926804,
        30.812716
    ],
    "image_path": "CitySatellite\\Shanghai\\12826.jpg",
    "poi": [],
    "places": [],
    "transport": [],
    "traffic": [],
    "buildings": [],
    "landuse": [],
    "road_inner": [],
    "road_connect": {},
    "population": [
        0.0
    ],
    "transport_embedding": [
        -0.2165866494178772,
        -0.7050395607948303,
        0.6329373121261597,
        -0.6470720171928406,
        0.930314302444458,
        0.7187355756759644,
        -0.649827778339386,
        0.39011773467063904,
        -0.5619973540306091,
        -0.28018060326576233
    ],
    "roadnet_embedding": [
        1.1237112283706665,
        -0.4328920841217041,
        0.036206815391778946,
        0.6377968788146973,
        -3.0362465381622314,
        0.05189366266131401,
        0.019460447132587433,
        -0.19716422259807587,
        -0.073798269033432,
        0.3188633620738983
    ],
    "function_embedding": [
        -0.6046619415283203,
        -0.31045272946357727,
        -0.0036176806315779686,
        0.030588019639253616,
        -1.4127883911132812,
        -0.08898477256298065,
        0.03860427439212799,
        -0.06948772817850113,
        -0.20950093865394592,
        0.13878855109214783
    ],
    "city_embedding": [
        -0.983723521232605,
        0.0036167511716485023,
        0.6694934964179993,
        1.3806318044662476,
        -0.5934169292449951,
        1.2560120820999146,
        0.1646505445241928,
        2.77662992477417,
        2.3926258087158203,
        3.5471549034118652
    ],
    "degree_embedding": [
        -0.9859232902526855,
        -0.14980502426624298,
        1.1363672018051147,
        1.3890211582183838,
        1.9668338298797607,
        -0.10017327964305878,
        -0.9014211297035217,
        -0.5218036770820618,
        0.12516868114471436,
        0.34269973635673523
    ]
}