{
    "id": 12867,
    "range": [
        121.926804,
        31.612716,
        121.936804,
        31.602716
    ],
    "image_path": "CitySatellite\\Shanghai\\12867.jpg",
    "poi": [],
    "places": [],
    "transport": [],
    "traffic": [],
    "buildings": [],
    "landuse": [
        [
            7210,
            2,
            4,
            16.573323866023244
        ]
    ],
    "road_inner": [],
    "road_connect": {},
    "population": [
        0.0
    ],
    "transport_embedding": [
        -0.3037264943122864,
        -0.6828298568725586,
        0.8182759881019592,
        -0.5534487366676331,
        1.271646499633789,
        -0.46827325224876404,
        -1.500436544418335,
        0.31748929619789124,
        -0.6720865368843079,
        -0.1462724804878235
    ],
    "roadnet_embedding": [
        1.048157811164856,
        -0.43642961978912354,
        0.06680524349212646,
        0.6322512626647949,
        -2.996032953262329,
        -0.044867679476737976,
        0.054347649216651917,
        -0.06430738419294357,
        -0.05813750997185707,
        0.33972764015197754
    ],
    "function_embedding": [
        1.7378005981445312,
        -4.0128326416015625,
        0.49985742568969727,
        1.321158766746521,
        0.19349193572998047,
        -0.3425979018211365,
        -0.16773223876953125,
        -3.047555685043335,
        -0.6134060621261597,
        1.2899320125579834
    ],
    "city_embedding": [
        -0.983723521232605,
        0.0036167511716485023,
        0.6694934964179993,
        1.3806318044662476,
        -0.5934169292449951,
        1.2560120820999146,
        0.1646505445241928,
        2.77662992477417,
        2.3926258087158203,
        3.5471549034118652
    ],
    "degree_embedding": [
        -0.9859232902526855,
        -0.14980502426624298,
        1.1363672018051147,
        1.3890211582183838,
        1.9668338298797607,
        -0.10017327964305878,
        -0.9014211297035217,
        -0.5218036770820618,
        0.12516868114471436,
        0.34269973635673523
    ]
}