{
    "id": 12868,
    "range": [
        121.926804,
        31.602716,
        121.936804,
        31.592716
    ],
    "image_path": "CitySatellite\\Shanghai\\12868.jpg",
    "poi": [],
    "places": [],
    "transport": [],
    "traffic": [],
    "buildings": [],
    "landuse": [
        [
            7210,
            2,
            4,
            16.573323866023244
        ]
    ],
    "road_inner": [],
    "road_connect": {},
    "population": [
        0.0
    ],
    "transport_embedding": [
        -0.09084746241569519,
        -0.7001674175262451,
        0.3992519974708557,
        -0.817990243434906,
        -0.5523281693458557,
        0.8457304239273071,
        1.2897324562072754,
        1.8940287828445435,
        0.27210116386413574,
        -0.40762341022491455
    ],
    "roadnet_embedding": [
        1.0150288343429565,
        -0.4369674324989319,
        0.10979601740837097,
        0.49692729115486145,
        -2.7029547691345215,
        -0.1788487732410431,
        0.014660218730568886,
        -0.016108857467770576,
        -0.03852737322449684,
        0.3006942868232727
    ],
    "function_embedding": [
        1.7376434803009033,
        -4.012646198272705,
        0.477672815322876,
        1.3266654014587402,
        0.19467687606811523,
        -0.32773444056510925,
        -0.1714630126953125,
        -3.010246992111206,
        -0.6197789311408997,
        1.3826137781143188
    ],
    "city_embedding": [
        -0.983723521232605,
        0.0036167511716485023,
        0.6694934964179993,
        1.3806318044662476,
        -0.5934169292449951,
        1.2560120820999146,
        0.1646505445241928,
        2.77662992477417,
        2.3926258087158203,
        3.5471549034118652
    ],
    "degree_embedding": [
        -0.9859232902526855,
        -0.14980502426624298,
        1.1363672018051147,
        1.3890211582183838,
        1.9668338298797607,
        -0.10017327964305878,
        -0.9014211297035217,
        -0.5218036770820618,
        0.12516868114471436,
        0.34269973635673523
    ]
}