{
    "id": 12869,
    "range": [
        121.926804,
        31.592716,
        121.936804,
        31.58271599999999
    ],
    "image_path": "CitySatellite\\Shanghai\\12869.jpg",
    "poi": [],
    "places": [],
    "transport": [],
    "traffic": [],
    "buildings": [],
    "landuse": [
        [
            7210,
            2,
            4,
            16.573323866023244
        ]
    ],
    "road_inner": [],
    "road_connect": {},
    "population": [
        0.0
    ],
    "transport_embedding": [
        -0.16445793211460114,
        -0.7677953243255615,
        0.6270157694816589,
        -0.5618846416473389,
        0.04004908725619316,
        0.6828769445419312,
        -0.3596891164779663,
        -0.26530545949935913,
        0.9149236679077148,
        -0.08008266240358353
    ],
    "roadnet_embedding": [
        1.055724024772644,
        -0.4341008961200714,
        0.07646264880895615,
        0.6632577776908875,
        -2.9658920764923096,
        -0.018943214789032936,
        0.03951162472367287,
        -0.12621620297431946,
        -0.06746523827314377,
        0.318148672580719
    ],
    "function_embedding": [
        1.7376474142074585,
        -4.012650489807129,
        0.515627384185791,
        1.3172574043273926,
        0.19268512725830078,
        -0.3532487750053406,
        -0.16507720947265625,
        -3.0730772018432617,
        -0.6088926196098328,
        1.1727514266967773
    ],
    "city_embedding": [
        -0.983723521232605,
        0.0036167511716485023,
        0.6694934964179993,
        1.3806318044662476,
        -0.5934169292449951,
        1.2560120820999146,
        0.1646505445241928,
        2.77662992477417,
        2.3926258087158203,
        3.5471549034118652
    ],
    "degree_embedding": [
        -0.9859232902526855,
        -0.14980502426624298,
        1.1363672018051147,
        1.3890211582183838,
        1.9668338298797607,
        -0.10017327964305878,
        -0.9014211297035217,
        -0.5218036770820618,
        0.12516868114471436,
        0.34269973635673523
    ]
}