{
    "id": 12882,
    "range": [
        121.926804,
        31.462716,
        121.936804,
        31.452716
    ],
    "image_path": "CitySatellite\\Shanghai\\12882.jpg",
    "poi": [],
    "places": [],
    "transport": [],
    "traffic": [],
    "buildings": [],
    "landuse": [
        [
            7210,
            2,
            4,
            16.573323866023244
        ]
    ],
    "road_inner": [
        [
            5154,
            1.0,
            5,
            366.932
        ]
    ],
    "road_connect": {
        "12881": {
            "5": 1
        },
        "12761": {
            "5": 1
        }
    },
    "population": [
        0.0
    ],
    "transport_embedding": [
        -0.04124298319220543,
        -0.9518347382545471,
        0.3207930028438568,
        -0.501868724822998,
        -0.3118390738964081,
        0.7844977974891663,
        0.9078931212425232,
        0.9402809143066406,
        0.9690013527870178,
        -0.24434322118759155
    ],
    "roadnet_embedding": [
        1.1846156120300293,
        -0.48402976989746094,
        -0.032744985073804855,
        0.4052771329879761,
        -2.1649746894836426,
        -0.37061983346939087,
        0.04017024114727974,
        -0.06407426297664642,
        -0.12237440049648285,
        -0.2989591360092163
    ],
    "function_embedding": [
        1.737583041191101,
        -4.012574195861816,
        0.45927000045776367,
        1.331229329109192,
        0.19565057754516602,
        -0.3153814971446991,
        -0.17455673217773438,
        -2.975468635559082,
        -0.6252829432487488,
        1.4696844816207886
    ],
    "city_embedding": [
        -0.983723521232605,
        0.0036167511716485023,
        0.6694934964179993,
        1.3806318044662476,
        -0.5934169292449951,
        1.2560120820999146,
        0.1646505445241928,
        2.77662992477417,
        2.3926258087158203,
        3.5471549034118652
    ],
    "degree_embedding": [
        -0.9813666343688965,
        -0.4224967956542969,
        1.1640962362289429,
        1.1915993690490723,
        1.5031216144561768,
        0.06068969517946243,
        -0.3323799669742584,
        -0.6514042615890503,
        0.49402618408203125,
        -0.5870565176010132
    ]
}