{
    "id": 12897,
    "range": [
        121.926804,
        31.312716,
        121.936804,
        31.302716
    ],
    "image_path": "CitySatellite\\Shanghai\\12897.jpg",
    "poi": [],
    "places": [],
    "transport": [],
    "traffic": [],
    "buildings": [],
    "landuse": [],
    "road_inner": [],
    "road_connect": {},
    "population": [
        0.0
    ],
    "transport_embedding": [
        -0.05610467121005058,
        -0.8031874895095825,
        0.2886933386325836,
        -0.7934094071388245,
        -0.6363304257392883,
        0.3278889060020447,
        0.9760604500770569,
        1.1774866580963135,
        0.5487720370292664,
        -0.21513894200325012
    ],
    "roadnet_embedding": [
        1.0998797416687012,
        -0.42631995677948,
        0.04142999276518822,
        0.4581035375595093,
        -2.782710313796997,
        -0.19334226846694946,
        -0.0402163602411747,
        0.034623611718416214,
        0.020001310855150223,
        0.223335862159729
    ],
    "function_embedding": [
        -0.5943594574928284,
        -0.30673226714134216,
        -0.05463206768035889,
        0.06302417814731598,
        -1.454892873764038,
        -0.04825969785451889,
        -0.05337424948811531,
        -0.09513593465089798,
        -0.10021579265594482,
        0.2155272364616394
    ],
    "city_embedding": [
        -0.983723521232605,
        0.0036167511716485023,
        0.6694934964179993,
        1.3806318044662476,
        -0.5934169292449951,
        1.2560120820999146,
        0.1646505445241928,
        2.77662992477417,
        2.3926258087158203,
        3.5471549034118652
    ],
    "degree_embedding": [
        -0.9859232902526855,
        -0.14980502426624298,
        1.1363672018051147,
        1.3890211582183838,
        1.9668338298797607,
        -0.10017327964305878,
        -0.9014211297035217,
        -0.5218036770820618,
        0.12516868114471436,
        0.34269973635673523
    ]
}