{
    "id": 12895,
    "range": [
        121.926804,
        31.332716,
        121.936804,
        31.322716
    ],
    "image_path": "CitySatellite\\Shanghai\\12895.jpg",
    "poi": [],
    "places": [],
    "transport": [],
    "traffic": [],
    "buildings": [],
    "landuse": [],
    "road_inner": [],
    "road_connect": {},
    "population": [
        0.0
    ],
    "transport_embedding": [
        -0.19440694153308868,
        -0.6372758746147156,
        0.6122212409973145,
        -0.7826302647590637,
        -0.060114312916994095,
        -0.28249984979629517,
        0.3095443844795227,
        1.3246371746063232,
        -0.012470841407775879,
        -0.23065291345119476
    ],
    "roadnet_embedding": [
        1.1155920028686523,
        -0.4588792026042938,
        0.038710106164216995,
        0.5807521939277649,
        -2.7477364540100098,
        -0.2818547189235687,
        -0.043571364134550095,
        0.028507672250270844,
        -0.05886270850896835,
        0.16320031881332397
    ],
    "function_embedding": [
        -0.598208487033844,
        -0.32010382413864136,
        -0.09671268612146378,
        0.06662097573280334,
        -1.4444442987442017,
        -0.0010818777373060584,
        -0.14070068299770355,
        -0.03666406497359276,
        -0.03473922237753868,
        0.3107822835445404
    ],
    "city_embedding": [
        -0.983723521232605,
        0.0036167511716485023,
        0.6694934964179993,
        1.3806318044662476,
        -0.5934169292449951,
        1.2560120820999146,
        0.1646505445241928,
        2.77662992477417,
        2.3926258087158203,
        3.5471549034118652
    ],
    "degree_embedding": [
        -0.9859232902526855,
        -0.14980502426624298,
        1.1363672018051147,
        1.3890211582183838,
        1.9668338298797607,
        -0.10017327964305878,
        -0.9014211297035217,
        -0.5218036770820618,
        0.12516868114471436,
        0.34269973635673523
    ]
}