{
    "id": 12922,
    "range": [
        121.926804,
        31.062716,
        121.936804,
        31.052716
    ],
    "image_path": "CitySatellite\\Shanghai\\12922.jpg",
    "poi": [],
    "places": [],
    "transport": [],
    "traffic": [],
    "buildings": [],
    "landuse": [],
    "road_inner": [],
    "road_connect": {},
    "population": [
        0.0
    ],
    "transport_embedding": [
        -0.09610210359096527,
        -0.809398353099823,
        0.39072147011756897,
        -0.5689114928245544,
        -0.04900898411870003,
        2.024163007736206,
        0.5166322588920593,
        0.33634713292121887,
        1.1704857349395752,
        -0.3083594739437103
    ],
    "roadnet_embedding": [
        1.1407301425933838,
        -0.4334413409233093,
        0.010725661180913448,
        0.6156490445137024,
        -2.935469150543213,
        -0.00011760771303670481,
        0.005094371736049652,
        -0.19894303381443024,
        -0.03464573249220848,
        0.19380129873752594
    ],
    "function_embedding": [
        -0.594973087310791,
        -0.3235039710998535,
        -0.08082177489995956,
        -0.05193803086876869,
        -1.38587486743927,
        -0.04787162318825722,
        -0.15581727027893066,
        -0.09844779223203659,
        -0.10361198335886002,
        0.2720385491847992
    ],
    "city_embedding": [
        -0.983723521232605,
        0.0036167511716485023,
        0.6694934964179993,
        1.3806318044662476,
        -0.5934169292449951,
        1.2560120820999146,
        0.1646505445241928,
        2.77662992477417,
        2.3926258087158203,
        3.5471549034118652
    ],
    "degree_embedding": [
        -0.9859232902526855,
        -0.14980502426624298,
        1.1363672018051147,
        1.3890211582183838,
        1.9668338298797607,
        -0.10017327964305878,
        -0.9014211297035217,
        -0.5218036770820618,
        0.12516868114471436,
        0.34269973635673523
    ]
}