{
    "id": 12923,
    "range": [
        121.926804,
        31.052716,
        121.936804,
        31.042716
    ],
    "image_path": "CitySatellite\\Shanghai\\12923.jpg",
    "poi": [],
    "places": [],
    "transport": [],
    "traffic": [],
    "buildings": [],
    "landuse": [],
    "road_inner": [],
    "road_connect": {},
    "population": [
        0.0
    ],
    "transport_embedding": [
        -0.11973550915718079,
        -0.853015661239624,
        0.4811646640300751,
        -0.4687940776348114,
        0.41400426626205444,
        1.4489741325378418,
        -0.19488173723220825,
        -0.247197225689888,
        1.1995140314102173,
        -0.1356283724308014
    ],
    "roadnet_embedding": [
        1.1536753177642822,
        -0.4431787431240082,
        0.017436349764466286,
        0.548984169960022,
        -2.744579553604126,
        -0.2234146147966385,
        -0.05942637845873833,
        -0.0067143626511096954,
        -0.06352755427360535,
        0.11952246725559235
    ],
    "function_embedding": [
        -0.6402668356895447,
        -0.2629885971546173,
        -0.04938053712248802,
        -0.028022458776831627,
        -1.4494770765304565,
        -0.10870335251092911,
        -0.028796931728720665,
        -0.17256265878677368,
        -0.16683968901634216,
        0.27082324028015137
    ],
    "city_embedding": [
        -0.983723521232605,
        0.0036167511716485023,
        0.6694934964179993,
        1.3806318044662476,
        -0.5934169292449951,
        1.2560120820999146,
        0.1646505445241928,
        2.77662992477417,
        2.3926258087158203,
        3.5471549034118652
    ],
    "degree_embedding": [
        -0.9859232902526855,
        -0.14980502426624298,
        1.1363672018051147,
        1.3890211582183838,
        1.9668338298797607,
        -0.10017327964305878,
        -0.9014211297035217,
        -0.5218036770820618,
        0.12516868114471436,
        0.34269973635673523
    ]
}