{
    "id": 12924,
    "range": [
        121.926804,
        31.042716,
        121.936804,
        31.032716
    ],
    "image_path": "CitySatellite\\Shanghai\\12924.jpg",
    "poi": [],
    "places": [],
    "transport": [],
    "traffic": [],
    "buildings": [],
    "landuse": [],
    "road_inner": [],
    "road_connect": {},
    "population": [
        0.0
    ],
    "transport_embedding": [
        -0.30305296182632446,
        -0.6592382788658142,
        0.8452672958374023,
        -0.5856485962867737,
        0.8073235154151917,
        -1.0913918018341064,
        -1.2157522439956665,
        0.32402780652046204,
        -0.21176369488239288,
        -0.06916654855012894
    ],
    "roadnet_embedding": [
        1.072784185409546,
        -0.4154154062271118,
        0.05463404953479767,
        0.49329888820648193,
        -2.964747667312622,
        -0.07126723974943161,
        0.0023518470115959644,
        0.0020449343137443066,
        -0.025701774284243584,
        0.30694201588630676
    ],
    "function_embedding": [
        -0.6310870051383972,
        -0.2850731909275055,
        -0.0451771505177021,
        0.040082499384880066,
        -1.4673160314559937,
        -0.06156114488840103,
        -0.09507925063371658,
        -0.11362916231155396,
        -0.09828627854585648,
        0.2596571445465088
    ],
    "city_embedding": [
        -0.983723521232605,
        0.0036167511716485023,
        0.6694934964179993,
        1.3806318044662476,
        -0.5934169292449951,
        1.2560120820999146,
        0.1646505445241928,
        2.77662992477417,
        2.3926258087158203,
        3.5471549034118652
    ],
    "degree_embedding": [
        -0.9859232902526855,
        -0.14980502426624298,
        1.1363672018051147,
        1.3890211582183838,
        1.9668338298797607,
        -0.10017327964305878,
        -0.9014211297035217,
        -0.5218036770820618,
        0.12516868114471436,
        0.34269973635673523
    ]
}