{
    "id": 12925,
    "range": [
        121.926804,
        31.032716,
        121.936804,
        31.022716
    ],
    "image_path": "CitySatellite\\Shanghai\\12925.jpg",
    "poi": [],
    "places": [],
    "transport": [],
    "traffic": [],
    "buildings": [],
    "landuse": [],
    "road_inner": [],
    "road_connect": {},
    "population": [
        0.0
    ],
    "transport_embedding": [
        -0.18345549702644348,
        -0.468805730342865,
        0.596877932548523,
        -1.0928680896759033,
        -0.7064815759658813,
        -0.7138658165931702,
        1.4688670635223389,
        2.6530539989471436,
        -0.695340633392334,
        -0.41904330253601074
    ],
    "roadnet_embedding": [
        1.0922422409057617,
        -0.4112270474433899,
        0.042736273258924484,
        0.554675817489624,
        -3.003654718399048,
        0.013745955191552639,
        0.014189684763550758,
        -0.10429514944553375,
        -4.878978506894782e-05,
        0.28172317147254944
    ],
    "function_embedding": [
        -0.5918726921081543,
        -0.30964043736457825,
        -0.0379604697227478,
        0.06937716156244278,
        -1.4276154041290283,
        -0.06323646754026413,
        0.04824771359562874,
        -0.09814862161874771,
        -0.2013332098722458,
        0.22065991163253784
    ],
    "city_embedding": [
        -0.983723521232605,
        0.0036167511716485023,
        0.6694934964179993,
        1.3806318044662476,
        -0.5934169292449951,
        1.2560120820999146,
        0.1646505445241928,
        2.77662992477417,
        2.3926258087158203,
        3.5471549034118652
    ],
    "degree_embedding": [
        -0.9859232902526855,
        -0.14980502426624298,
        1.1363672018051147,
        1.3890211582183838,
        1.9668338298797607,
        -0.10017327964305878,
        -0.9014211297035217,
        -0.5218036770820618,
        0.12516868114471436,
        0.34269973635673523
    ]
}