{
    "id": 12921,
    "range": [
        121.926804,
        31.072716,
        121.936804,
        31.062716
    ],
    "image_path": "CitySatellite\\Shanghai\\12921.jpg",
    "poi": [],
    "places": [],
    "transport": [],
    "traffic": [],
    "buildings": [],
    "landuse": [],
    "road_inner": [],
    "road_connect": {},
    "population": [
        0.0
    ],
    "transport_embedding": [
        -0.19596189260482788,
        -0.5763400197029114,
        0.6187353134155273,
        -0.9105806946754456,
        0.012865412048995495,
        -0.3445216417312622,
        0.23614002764225006,
        1.8189148902893066,
        -0.6872327327728271,
        -0.376976877450943
    ],
    "roadnet_embedding": [
        1.0319758653640747,
        -0.4459231197834015,
        0.06633207201957703,
        0.639475405216217,
        -2.894869804382324,
        -0.06073553115129471,
        0.09234320372343063,
        -0.1525759994983673,
        -0.1124160885810852,
        0.2290876805782318
    ],
    "function_embedding": [
        -0.5957714915275574,
        -0.310578852891922,
        -0.08751143515110016,
        0.08214975148439407,
        -1.4670685529708862,
        -0.025090236216783524,
        -0.1474071443080902,
        -0.04219035804271698,
        -0.06243825703859329,
        0.289343923330307
    ],
    "city_embedding": [
        -0.983723521232605,
        0.0036167511716485023,
        0.6694934964179993,
        1.3806318044662476,
        -0.5934169292449951,
        1.2560120820999146,
        0.1646505445241928,
        2.77662992477417,
        2.3926258087158203,
        3.5471549034118652
    ],
    "degree_embedding": [
        -0.9859232902526855,
        -0.14980502426624298,
        1.1363672018051147,
        1.3890211582183838,
        1.9668338298797607,
        -0.10017327964305878,
        -0.9014211297035217,
        -0.5218036770820618,
        0.12516868114471436,
        0.34269973635673523
    ]
}