{
    "id": 12938,
    "range": [
        121.926804,
        30.902716,
        121.936804,
        30.892716
    ],
    "image_path": "CitySatellite\\Shanghai\\12938.jpg",
    "poi": [
        [
            2725,
            1,
            0
        ]
    ],
    "places": [],
    "transport": [],
    "traffic": [],
    "buildings": [
        5,
        11625.647500000001
    ],
    "landuse": [
        [
            7202,
            2,
            0,
            0.68692425
        ]
    ],
    "road_inner": [
        [
            5121,
            4,
            4,
            828.98
        ],
        [
            5141,
            1,
            5,
            778.3295
        ],
        [
            5153,
            11,
            5,
            847.9395
        ]
    ],
    "road_connect": {
        "12818": {
            "5": 3
        },
        "12939": {
            "4": 2,
            "5": 2
        }
    },
    "population": [
        0.0
    ],
    "transport_embedding": [
        -0.31403717398643494,
        -0.5497597455978394,
        0.8910452723503113,
        -0.7715825438499451,
        0.9841141104698181,
        -0.2844572365283966,
        -1.412076711654663,
        0.6329542398452759,
        -1.3492488861083984,
        -0.24147246778011322
    ],
    "roadnet_embedding": [
        1.3976554870605469,
        -0.8785229325294495,
        -0.389151006937027,
        -0.344186007976532,
        0.5741347074508667,
        -0.10072024166584015,
        0.6149871945381165,
        -0.38498321175575256,
        -0.8190926909446716,
        -1.5651326179504395
    ],
    "function_embedding": [
        -0.5425645112991333,
        -1.0952314138412476,
        -0.6820580363273621,
        -0.8098833560943604,
        0.5242908596992493,
        0.501436710357666,
        3.5705740451812744,
        0.7030871510505676,
        0.9136585593223572,
        -0.46395421028137207
    ],
    "city_embedding": [
        -0.9845631718635559,
        -0.013977864757180214,
        0.6272932291030884,
        1.7911627292633057,
        -0.6713871955871582,
        1.2917149066925049,
        0.13725048303604126,
        3.093808650970459,
        2.5338876247406006,
        3.50455379486084
    ],
    "degree_embedding": [
        -0.9734809398651123,
        -0.9092453718185425,
        0.6820410490036011,
        0.7862759828567505,
        0.5904278755187988,
        0.19662326574325562,
        0.2590893507003784,
        -1.0824090242385864,
        1.217185139656067,
        -1.8652468919754028
    ]
}