{
    "id": 12942,
    "range": [
        121.926804,
        30.862716,
        121.936804,
        30.852716
    ],
    "image_path": "CitySatellite\\Shanghai\\12942.jpg",
    "poi": [],
    "places": [],
    "transport": [],
    "traffic": [],
    "buildings": [],
    "landuse": [],
    "road_inner": [],
    "road_connect": {},
    "population": [
        0.0
    ],
    "transport_embedding": [
        -0.15278354287147522,
        -0.7754085659980774,
        0.47565940022468567,
        -0.5833190083503723,
        0.41232553124427795,
        1.2835127115249634,
        0.06853037327528,
        0.37360626459121704,
        0.49866119027137756,
        -0.2926325500011444
    ],
    "roadnet_embedding": [
        1.1097177267074585,
        -0.4259616732597351,
        0.059790872037410736,
        0.6168641448020935,
        -2.964163064956665,
        -0.006968292873352766,
        0.001544183469377458,
        -0.13910993933677673,
        -0.08857400715351105,
        0.2958005368709564
    ],
    "function_embedding": [
        -0.5889201760292053,
        -0.2947744131088257,
        -0.04937223345041275,
        0.0905451849102974,
        -1.497817873954773,
        -0.055486295372247696,
        -0.09522515535354614,
        -0.09564139693975449,
        -0.13654634356498718,
        0.2224050760269165
    ],
    "city_embedding": [
        -0.983723521232605,
        0.0036167511716485023,
        0.6694934964179993,
        1.3806318044662476,
        -0.5934169292449951,
        1.2560120820999146,
        0.1646505445241928,
        2.77662992477417,
        2.3926258087158203,
        3.5471549034118652
    ],
    "degree_embedding": [
        -0.9859232902526855,
        -0.14980502426624298,
        1.1363672018051147,
        1.3890211582183838,
        1.9668338298797607,
        -0.10017327964305878,
        -0.9014211297035217,
        -0.5218036770820618,
        0.12516868114471436,
        0.34269973635673523
    ]
}