{
    "id": 12943,
    "range": [
        121.926804,
        30.852716,
        121.936804,
        30.842716
    ],
    "image_path": "CitySatellite\\Shanghai\\12943.jpg",
    "poi": [],
    "places": [],
    "transport": [],
    "traffic": [],
    "buildings": [],
    "landuse": [],
    "road_inner": [],
    "road_connect": {},
    "population": [
        0.0
    ],
    "transport_embedding": [
        -0.13040117919445038,
        -0.6421458125114441,
        0.4617851674556732,
        -0.8569999933242798,
        -0.36971360445022583,
        0.6595391035079956,
        1.0870305299758911,
        1.8381187915802002,
        -0.007099696435034275,
        -0.4143156409263611
    ],
    "roadnet_embedding": [
        1.076168417930603,
        -0.44234517216682434,
        0.0731801763176918,
        0.6830072999000549,
        -2.9772844314575195,
        0.08137495070695877,
        0.044032637029886246,
        -0.28847312927246094,
        -0.06140260398387909,
        0.35381150245666504
    ],
    "function_embedding": [
        -0.6052783727645874,
        -0.28989627957344055,
        -0.06251221150159836,
        0.04739973694086075,
        -1.488419532775879,
        -0.02234038896858692,
        -0.052864182740449905,
        -0.06662411987781525,
        -0.07908870279788971,
        0.21800751984119415
    ],
    "city_embedding": [
        -0.983723521232605,
        0.0036167511716485023,
        0.6694934964179993,
        1.3806318044662476,
        -0.5934169292449951,
        1.2560120820999146,
        0.1646505445241928,
        2.77662992477417,
        2.3926258087158203,
        3.5471549034118652
    ],
    "degree_embedding": [
        -0.9859232902526855,
        -0.14980502426624298,
        1.1363672018051147,
        1.3890211582183838,
        1.9668338298797607,
        -0.10017327964305878,
        -0.9014211297035217,
        -0.5218036770820618,
        0.12516868114471436,
        0.34269973635673523
    ]
}