{
    "id": 12989,
    "range": [
        121.936804,
        31.592716,
        121.946804,
        31.58271599999999
    ],
    "image_path": "CitySatellite\\Shanghai\\12989.jpg",
    "poi": [],
    "places": [],
    "transport": [],
    "traffic": [],
    "buildings": [],
    "landuse": [
        [
            7210,
            2,
            4,
            16.573323866023244
        ]
    ],
    "road_inner": [],
    "road_connect": {},
    "population": [
        0.0
    ],
    "transport_embedding": [
        -0.0516241081058979,
        -0.878132700920105,
        0.3050658106803894,
        -0.6101744174957275,
        -0.631549596786499,
        0.8663061857223511,
        1.3119100332260132,
        0.9787150025367737,
        0.9729101657867432,
        -0.20934522151947021
    ],
    "roadnet_embedding": [
        1.007285475730896,
        -0.4381847083568573,
        0.102637380361557,
        0.5462619662284851,
        -2.905867338180542,
        -0.09209500998258591,
        0.06947485357522964,
        -0.031834594905376434,
        -0.06969697028398514,
        0.3509672284126282
    ],
    "function_embedding": [
        1.7377710342407227,
        -4.0127973556518555,
        0.4660542905330658,
        1.3295388221740723,
        0.19526958465576172,
        -0.3198797404766083,
        -0.17341995239257812,
        -2.9856221675872803,
        -0.6234219670295715,
        1.4417322874069214
    ],
    "city_embedding": [
        -0.983723521232605,
        0.0036167511716485023,
        0.6694934964179993,
        1.3806318044662476,
        -0.5934169292449951,
        1.2560120820999146,
        0.1646505445241928,
        2.77662992477417,
        2.3926258087158203,
        3.5471549034118652
    ],
    "degree_embedding": [
        -0.9859232902526855,
        -0.14980502426624298,
        1.1363672018051147,
        1.3890211582183838,
        1.9668338298797607,
        -0.10017327964305878,
        -0.9014211297035217,
        -0.5218036770820618,
        0.12516868114471436,
        0.34269973635673523
    ]
}