{
    "id": 12986,
    "range": [
        121.936804,
        31.622716,
        121.946804,
        31.612716
    ],
    "image_path": "CitySatellite\\Shanghai\\12986.jpg",
    "poi": [],
    "places": [],
    "transport": [],
    "traffic": [],
    "buildings": [],
    "landuse": [
        [
            7210,
            1,
            4,
            8.507403191780822
        ]
    ],
    "road_inner": [],
    "road_connect": {},
    "population": [
        0.0
    ],
    "transport_embedding": [
        -0.18953606486320496,
        -0.6852700710296631,
        0.5843743681907654,
        -0.7250963449478149,
        0.7139987349510193,
        0.8086068630218506,
        -0.8765196204185486,
        0.3587632179260254,
        -0.23861579596996307,
        -0.29845306277275085
    ],
    "roadnet_embedding": [
        1.0098248720169067,
        -0.4371258318424225,
        0.08177509903907776,
        0.6248732805252075,
        -2.968226432800293,
        0.024675587192177773,
        0.08736027032136917,
        -0.14520086348056793,
        -0.026359599083662033,
        0.40004801750183105
    ],
    "function_embedding": [
        1.6709558963775635,
        -3.9334051609039307,
        -0.5926691889762878,
        1.589925765991211,
        0.26024672389030457,
        0.38062024116516113,
        -0.35204824805259705,
        -0.050020307302474976,
        -0.9731799364089966,
        4.78241491317749
    ],
    "city_embedding": [
        -0.983723521232605,
        0.0036167511716485023,
        0.6694934964179993,
        1.3806318044662476,
        -0.5934169292449951,
        1.2560120820999146,
        0.1646505445241928,
        2.77662992477417,
        2.3926258087158203,
        3.5471549034118652
    ],
    "degree_embedding": [
        -0.9859232902526855,
        -0.14980502426624298,
        1.1363672018051147,
        1.3890211582183838,
        1.9668338298797607,
        -0.10017327964305878,
        -0.9014211297035217,
        -0.5218036770820618,
        0.12516868114471436,
        0.34269973635673523
    ]
}