{
    "id": 12988,
    "range": [
        121.936804,
        31.602716,
        121.946804,
        31.592716
    ],
    "image_path": "CitySatellite\\Shanghai\\12988.jpg",
    "poi": [],
    "places": [],
    "transport": [],
    "traffic": [],
    "buildings": [],
    "landuse": [
        [
            7210,
            2,
            4,
            16.573323866023244
        ]
    ],
    "road_inner": [],
    "road_connect": {},
    "population": [
        0.0
    ],
    "transport_embedding": [
        -0.10361256450414658,
        -0.8223268389701843,
        0.4571877419948578,
        -0.6082190871238708,
        0.09228335320949554,
        0.8549162149429321,
        -0.32156509160995483,
        -0.08062371611595154,
        0.9873836636543274,
        -0.11093931645154953
    ],
    "roadnet_embedding": [
        1.0780458450317383,
        -0.44248828291893005,
        0.06669291853904724,
        0.6483436822891235,
        -2.9528872966766357,
        0.008741133846342564,
        0.058068595826625824,
        -0.20751197636127472,
        -0.11403048038482666,
        0.28932321071624756
    ],
    "function_embedding": [
        1.737577199935913,
        -4.012567043304443,
        0.4911106526851654,
        1.323337435722351,
        0.19398069381713867,
        -0.3367867171764374,
        -0.16920089721679688,
        -3.03078556060791,
        -0.6160085797309875,
        1.3489810228347778
    ],
    "city_embedding": [
        -0.983723521232605,
        0.0036167511716485023,
        0.6694934964179993,
        1.3806318044662476,
        -0.5934169292449951,
        1.2560120820999146,
        0.1646505445241928,
        2.77662992477417,
        2.3926258087158203,
        3.5471549034118652
    ],
    "degree_embedding": [
        -0.9859232902526855,
        -0.14980502426624298,
        1.1363672018051147,
        1.3890211582183838,
        1.9668338298797607,
        -0.10017327964305878,
        -0.9014211297035217,
        -0.5218036770820618,
        0.12516868114471436,
        0.34269973635673523
    ]
}