{
    "id": 12990,
    "range": [
        121.936804,
        31.582716,
        121.946804,
        31.572716
    ],
    "image_path": "CitySatellite\\Shanghai\\12990.jpg",
    "poi": [],
    "places": [],
    "transport": [],
    "traffic": [],
    "buildings": [],
    "landuse": [
        [
            7210,
            2,
            4,
            16.573323866023244
        ]
    ],
    "road_inner": [],
    "road_connect": {},
    "population": [
        0.0
    ],
    "transport_embedding": [
        -0.13328836858272552,
        -0.8221315741539001,
        0.5626816153526306,
        -0.5311152338981628,
        -0.017802895978093147,
        0.3890417516231537,
        0.06518267840147018,
        0.3624855875968933,
        0.8729892373085022,
        -0.13500277698040009
    ],
    "roadnet_embedding": [
        0.971707820892334,
        -0.43880265951156616,
        0.11719811707735062,
        0.6101356744766235,
        -2.94388484954834,
        -0.022636786103248596,
        0.12179438769817352,
        -0.122352235019207,
        -0.08044622093439102,
        0.3620523512363434
    ],
    "function_embedding": [
        1.7377514839172363,
        -4.012774467468262,
        0.4961703419685364,
        1.3220748901367188,
        0.19369220733642578,
        -0.34013208746910095,
        -0.1683502197265625,
        -3.0351672172546387,
        -0.6147980690002441,
        1.3167176246643066
    ],
    "city_embedding": [
        -0.983723521232605,
        0.0036167511716485023,
        0.6694934964179993,
        1.3806318044662476,
        -0.5934169292449951,
        1.2560120820999146,
        0.1646505445241928,
        2.77662992477417,
        2.3926258087158203,
        3.5471549034118652
    ],
    "degree_embedding": [
        -0.9859232902526855,
        -0.14980502426624298,
        1.1363672018051147,
        1.3890211582183838,
        1.9668338298797607,
        -0.10017327964305878,
        -0.9014211297035217,
        -0.5218036770820618,
        0.12516868114471436,
        0.34269973635673523
    ]
}