{
    "id": 12995,
    "range": [
        121.936804,
        31.532716,
        121.946804,
        31.522716
    ],
    "image_path": "CitySatellite\\Shanghai\\12995.jpg",
    "poi": [],
    "places": [],
    "transport": [],
    "traffic": [],
    "buildings": [],
    "landuse": [
        [
            7229,
            4,
            5,
            6.825041166666667
        ],
        [
            7210,
            1,
            4,
            3.1982518333333334
        ]
    ],
    "road_inner": [
        [
            5141,
            1.0,
            5,
            1328.5333333333333
        ]
    ],
    "road_connect": {
        "12875": {
            "5": 2
        },
        "13115": {
            "5": 2
        }
    },
    "population": [
        8.088929362706137
    ],
    "transport_embedding": [
        -0.24012018740177155,
        -0.7311633229255676,
        0.6635217070579529,
        -0.5767157673835754,
        1.0207369327545166,
        0.1374662220478058,
        -0.9647170305252075,
        0.3684779703617096,
        -0.3996972441673279,
        -0.20520450174808502
    ],
    "roadnet_embedding": [
        1.492132544517517,
        -0.8113611936569214,
        -0.34906303882598877,
        -0.14059944450855255,
        0.5271963477134705,
        -0.6247043013572693,
        0.35256490111351013,
        -0.3014044463634491,
        -0.7532271146774292,
        -1.7223984003067017
    ],
    "function_embedding": [
        -0.19143517315387726,
        -1.720499038696289,
        1.0500435829162598,
        1.1254583597183228,
        0.4363583028316498,
        -1.4296783208847046,
        -0.06867057830095291,
        1.2649016380310059,
        -0.49261584877967834,
        -0.17881497740745544
    ],
    "city_embedding": [
        -0.983749270439148,
        0.0035574547946453094,
        0.6684248447418213,
        1.3795119524002075,
        -0.5936239957809448,
        1.255232810974121,
        0.16590359807014465,
        2.7777469158172607,
        2.392008066177368,
        3.5448837280273438
    ],
    "degree_embedding": [
        -0.9766588807106018,
        -0.7123689651489258,
        1.2383044958114624,
        0.9749292135238647,
        0.9776045680046082,
        0.21569499373435974,
        0.23452937602996826,
        -0.7780712246894836,
        0.8606979250907898,
        -1.500406265258789
    ]
}