{
    "id": 13001,
    "range": [
        121.936804,
        31.472716,
        121.946804,
        31.462716
    ],
    "image_path": "CitySatellite\\Shanghai\\13001.jpg",
    "poi": [],
    "places": [],
    "transport": [],
    "traffic": [],
    "buildings": [],
    "landuse": [
        [
            7210,
            2,
            4,
            16.573323866023244
        ]
    ],
    "road_inner": [],
    "road_connect": {},
    "population": [
        0.0
    ],
    "transport_embedding": [
        -0.17309175431728363,
        -0.5559436678886414,
        0.578110933303833,
        -0.90876704454422,
        0.04160981997847557,
        1.3497000932693481,
        0.7917991876602173,
        1.3468531370162964,
        -0.6071763038635254,
        -0.44010263681411743
    ],
    "roadnet_embedding": [
        1.0906767845153809,
        -0.41315001249313354,
        0.04392770305275917,
        0.5622193217277527,
        -3.0116002559661865,
        -0.04296363145112991,
        0.0037728322204202414,
        -0.031236862763762474,
        -0.02747909165918827,
        0.2803601324558258
    ],
    "function_embedding": [
        1.737569808959961,
        -4.012558460235596,
        0.4760796129703522,
        1.3270634412765503,
        0.19477081298828125,
        -0.326687216758728,
        -0.17172622680664062,
        -3.0056889057159424,
        -0.6203295588493347,
        1.3652219772338867
    ],
    "city_embedding": [
        -0.983723521232605,
        0.0036167511716485023,
        0.6694934964179993,
        1.3806318044662476,
        -0.5934169292449951,
        1.2560120820999146,
        0.1646505445241928,
        2.77662992477417,
        2.3926258087158203,
        3.5471549034118652
    ],
    "degree_embedding": [
        -0.9859232902526855,
        -0.14980502426624298,
        1.1363672018051147,
        1.3890211582183838,
        1.9668338298797607,
        -0.10017327964305878,
        -0.9014211297035217,
        -0.5218036770820618,
        0.12516868114471436,
        0.34269973635673523
    ]
}