{
    "id": 13002,
    "range": [
        121.936804,
        31.462716,
        121.946804,
        31.452716
    ],
    "image_path": "CitySatellite\\Shanghai\\13002.jpg",
    "poi": [],
    "places": [],
    "transport": [],
    "traffic": [],
    "buildings": [],
    "landuse": [
        [
            7210,
            2,
            4,
            16.573323866023244
        ]
    ],
    "road_inner": [],
    "road_connect": {},
    "population": [
        0.0
    ],
    "transport_embedding": [
        -0.14002777636051178,
        -0.6878805756568909,
        0.47847411036491394,
        -0.8082791566848755,
        -0.09780293703079224,
        0.09094070643186569,
        0.4210743308067322,
        1.4510600566864014,
        0.03287855535745621,
        -0.28777259588241577
    ],
    "roadnet_embedding": [
        0.958469569683075,
        -0.45822590589523315,
        0.1333199441432953,
        0.5134009122848511,
        -2.5404417514801025,
        -0.2712203860282898,
        0.043963801115751266,
        -0.018010415136814117,
        -0.04466500133275986,
        0.271378755569458
    ],
    "function_embedding": [
        1.7377663850784302,
        -4.012792110443115,
        0.5097914934158325,
        1.3186982870101929,
        0.19297552108764648,
        -0.34928855299949646,
        -0.1660614013671875,
        -3.0678024291992188,
        -0.6103447675704956,
        1.2247432470321655
    ],
    "city_embedding": [
        -0.983723521232605,
        0.0036167511716485023,
        0.6694934964179993,
        1.3806318044662476,
        -0.5934169292449951,
        1.2560120820999146,
        0.1646505445241928,
        2.77662992477417,
        2.3926258087158203,
        3.5471549034118652
    ],
    "degree_embedding": [
        -0.9859232902526855,
        -0.14980502426624298,
        1.1363672018051147,
        1.3890211582183838,
        1.9668338298797607,
        -0.10017327964305878,
        -0.9014211297035217,
        -0.5218036770820618,
        0.12516868114471436,
        0.34269973635673523
    ]
}