{
    "id": 13015,
    "range": [
        121.936804,
        31.332716,
        121.946804,
        31.322716
    ],
    "image_path": "CitySatellite\\Shanghai\\13015.jpg",
    "poi": [],
    "places": [],
    "transport": [],
    "traffic": [],
    "buildings": [],
    "landuse": [],
    "road_inner": [
        [
            5141,
            1.0,
            5,
            851.598
        ]
    ],
    "road_connect": {
        "13016": {
            "5": 1
        }
    },
    "population": [
        0.0
    ],
    "transport_embedding": [
        -0.13765256106853485,
        -0.8664305806159973,
        0.51044100522995,
        -0.39332541823387146,
        0.4889383316040039,
        1.7520297765731812,
        -0.21437694132328033,
        -0.5656774640083313,
        1.3489943742752075,
        -0.12660731375217438
    ],
    "roadnet_embedding": [
        1.4358896017074585,
        -0.7138462662696838,
        -0.23278193175792694,
        0.030955307185649872,
        0.009775785729289055,
        -0.9552990198135376,
        0.15373526513576508,
        -0.20888280868530273,
        -0.6029506325721741,
        -1.5550426244735718
    ],
    "function_embedding": [
        -0.5733527541160583,
        -0.3435426652431488,
        -0.08646436035633087,
        0.0687037855386734,
        -1.4317899942398071,
        -0.01802884228527546,
        -0.06609407067298889,
        -0.020586499944329262,
        -0.03466526046395302,
        0.25547438859939575
    ],
    "city_embedding": [
        -0.983723521232605,
        0.0036167511716485023,
        0.6694934964179993,
        1.3806318044662476,
        -0.5934169292449951,
        1.2560120820999146,
        0.1646505445241928,
        2.77662992477417,
        2.3926258087158203,
        3.5471549034118652
    ],
    "degree_embedding": [
        -0.9837243556976318,
        -0.280023455619812,
        1.1482605934143066,
        1.295678973197937,
        1.7516933679580688,
        -0.024124333634972572,
        -0.6183432340621948,
        -0.5882564187049866,
        0.31030943989753723,
        -0.11135394126176834
    ]
}