{
    "id": 13047,
    "range": [
        121.936804,
        31.012716,
        121.946804,
        31.002716
    ],
    "image_path": "CitySatellite\\Shanghai\\13047.jpg",
    "poi": [],
    "places": [],
    "transport": [],
    "traffic": [],
    "buildings": [],
    "landuse": [],
    "road_inner": [],
    "road_connect": {},
    "population": [
        0.0
    ],
    "transport_embedding": [
        -0.1155661940574646,
        -0.8649795651435852,
        0.4296138286590576,
        -0.5140810012817383,
        0.21854226291179657,
        0.637546718120575,
        0.1019848957657814,
        0.6094310879707336,
        0.8190964460372925,
        -0.2214912474155426
    ],
    "roadnet_embedding": [
        1.0495268106460571,
        -0.43063488602638245,
        0.07569557428359985,
        0.6210287809371948,
        -2.995682716369629,
        0.08332020789384842,
        0.05655783414840698,
        -0.1902986615896225,
        -0.02675572782754898,
        0.42613154649734497
    ],
    "function_embedding": [
        -0.6211673617362976,
        -0.2851032018661499,
        -0.06184834986925125,
        0.04004646837711334,
        -1.4549739360809326,
        -0.05727345868945122,
        -0.11316411197185516,
        -0.06358377635478973,
        -0.12972712516784668,
        0.25268399715423584
    ],
    "city_embedding": [
        -0.983723521232605,
        0.0036167511716485023,
        0.6694934964179993,
        1.3806318044662476,
        -0.5934169292449951,
        1.2560120820999146,
        0.1646505445241928,
        2.77662992477417,
        2.3926258087158203,
        3.5471549034118652
    ],
    "degree_embedding": [
        -0.9859232902526855,
        -0.14980502426624298,
        1.1363672018051147,
        1.3890211582183838,
        1.9668338298797607,
        -0.10017327964305878,
        -0.9014211297035217,
        -0.5218036770820618,
        0.12516868114471436,
        0.34269973635673523
    ]
}