{
    "id": 13045,
    "range": [
        121.936804,
        31.032716,
        121.946804,
        31.022716
    ],
    "image_path": "CitySatellite\\Shanghai\\13045.jpg",
    "poi": [],
    "places": [],
    "transport": [],
    "traffic": [],
    "buildings": [],
    "landuse": [],
    "road_inner": [],
    "road_connect": {},
    "population": [
        0.0
    ],
    "transport_embedding": [
        -0.11765458434820175,
        -0.8459781408309937,
        0.45117899775505066,
        -0.5254069566726685,
        0.3428482115268707,
        1.0410656929016113,
        -0.19811952114105225,
        0.1898730993270874,
        0.9074440002441406,
        -0.19301605224609375
    ],
    "roadnet_embedding": [
        1.090210199356079,
        -0.43717536330223083,
        0.058816783130168915,
        0.6690645217895508,
        -3.044264078140259,
        0.06243917718529701,
        0.053507249802351,
        -0.2165394276380539,
        -0.08925970643758774,
        0.3345704972743988
    ],
    "function_embedding": [
        -0.6145616173744202,
        -0.28086456656455994,
        -0.056883711367845535,
        0.0935765877366066,
        -1.5209685564041138,
        -0.059724677354097366,
        -0.1313910186290741,
        -0.0945330411195755,
        -0.1065468043088913,
        0.30544063448905945
    ],
    "city_embedding": [
        -0.983723521232605,
        0.0036167511716485023,
        0.6694934964179993,
        1.3806318044662476,
        -0.5934169292449951,
        1.2560120820999146,
        0.1646505445241928,
        2.77662992477417,
        2.3926258087158203,
        3.5471549034118652
    ],
    "degree_embedding": [
        -0.9859232902526855,
        -0.14980502426624298,
        1.1363672018051147,
        1.3890211582183838,
        1.9668338298797607,
        -0.10017327964305878,
        -0.9014211297035217,
        -0.5218036770820618,
        0.12516868114471436,
        0.34269973635673523
    ]
}