{
    "id": 13044,
    "range": [
        121.936804,
        31.042716,
        121.946804,
        31.032716
    ],
    "image_path": "CitySatellite\\Shanghai\\13044.jpg",
    "poi": [],
    "places": [],
    "transport": [],
    "traffic": [],
    "buildings": [],
    "landuse": [],
    "road_inner": [],
    "road_connect": {},
    "population": [
        0.0
    ],
    "transport_embedding": [
        -0.22643089294433594,
        -0.7451546788215637,
        0.716769278049469,
        -0.5210491418838501,
        0.8558307886123657,
        0.24255353212356567,
        -0.8577585816383362,
        0.025127122178673744,
        0.11917250603437424,
        -0.10382314026355743
    ],
    "roadnet_embedding": [
        1.1017695665359497,
        -0.42797863483428955,
        0.023221466690301895,
        0.5407487154006958,
        -3.0155375003814697,
        -0.011092313565313816,
        0.042634267359972,
        -0.11788929998874664,
        -0.08121437579393387,
        0.2660251557826996
    ],
    "function_embedding": [
        -0.5982120633125305,
        -0.31655293703079224,
        -0.05973992869257927,
        0.03973858058452606,
        -1.4380145072937012,
        -0.018808843567967415,
        0.0012748128501698375,
        -0.06176578626036644,
        -0.07531944662332535,
        0.22066901624202728
    ],
    "city_embedding": [
        -0.983723521232605,
        0.0036167511716485023,
        0.6694934964179993,
        1.3806318044662476,
        -0.5934169292449951,
        1.2560120820999146,
        0.1646505445241928,
        2.77662992477417,
        2.3926258087158203,
        3.5471549034118652
    ],
    "degree_embedding": [
        -0.9859232902526855,
        -0.14980502426624298,
        1.1363672018051147,
        1.3890211582183838,
        1.9668338298797607,
        -0.10017327964305878,
        -0.9014211297035217,
        -0.5218036770820618,
        0.12516868114471436,
        0.34269973635673523
    ]
}