{
    "id": 13046,
    "range": [
        121.936804,
        31.022716,
        121.946804,
        31.012716
    ],
    "image_path": "CitySatellite\\Shanghai\\13046.jpg",
    "poi": [],
    "places": [],
    "transport": [],
    "traffic": [],
    "buildings": [],
    "landuse": [],
    "road_inner": [],
    "road_connect": {},
    "population": [
        0.0
    ],
    "transport_embedding": [
        -0.11934533715248108,
        -0.8820685148239136,
        0.5443633198738098,
        -0.4456758201122284,
        0.04779406264424324,
        0.036783210933208466,
        0.29593825340270996,
        0.5779045224189758,
        1.0336793661117554,
        -0.11817611008882523
    ],
    "roadnet_embedding": [
        1.1293935775756836,
        -0.44729772210121155,
        0.030052701011300087,
        0.589108407497406,
        -2.9190821647644043,
        -0.08281486481428146,
        -0.0019364262698218226,
        -0.12334627658128738,
        -0.09990355372428894,
        0.26743748784065247
    ],
    "function_embedding": [
        -0.6214049458503723,
        -0.32817232608795166,
        -0.07150128483772278,
        -0.015123948454856873,
        -1.3406916856765747,
        -0.0579032339155674,
        0.10446777194738388,
        -0.09147751331329346,
        -0.15882466733455658,
        0.27491506934165955
    ],
    "city_embedding": [
        -0.983723521232605,
        0.0036167511716485023,
        0.6694934964179993,
        1.3806318044662476,
        -0.5934169292449951,
        1.2560120820999146,
        0.1646505445241928,
        2.77662992477417,
        2.3926258087158203,
        3.5471549034118652
    ],
    "degree_embedding": [
        -0.9859232902526855,
        -0.14980502426624298,
        1.1363672018051147,
        1.3890211582183838,
        1.9668338298797607,
        -0.10017327964305878,
        -0.9014211297035217,
        -0.5218036770820618,
        0.12516868114471436,
        0.34269973635673523
    ]
}