{
    "id": 13042,
    "range": [
        121.936804,
        31.062716,
        121.946804,
        31.052716
    ],
    "image_path": "CitySatellite\\Shanghai\\13042.jpg",
    "poi": [],
    "places": [],
    "transport": [],
    "traffic": [],
    "buildings": [],
    "landuse": [],
    "road_inner": [],
    "road_connect": {},
    "population": [
        0.0
    ],
    "transport_embedding": [
        -0.29364243149757385,
        -0.48281383514404297,
        0.8409655094146729,
        -0.9225149750709534,
        1.00664222240448,
        0.38698074221611023,
        -1.6285765171051025,
        0.12059018015861511,
        -1.3724204301834106,
        -0.24986544251441956
    ],
    "roadnet_embedding": [
        1.1016963720321655,
        -0.4335087835788727,
        0.03126714006066322,
        0.4612385928630829,
        -2.6916768550872803,
        -0.1980009824037552,
        -0.02138616144657135,
        -0.04459235444664955,
        0.06435386091470718,
        0.1051655188202858
    ],
    "function_embedding": [
        -0.6026546955108643,
        -0.2936507761478424,
        -0.0639706701040268,
        0.061681248247623444,
        -1.477056860923767,
        -0.062068719416856766,
        -0.14173635840415955,
        -0.04026660695672035,
        -0.07549659162759781,
        0.2269291877746582
    ],
    "city_embedding": [
        -0.983723521232605,
        0.0036167511716485023,
        0.6694934964179993,
        1.3806318044662476,
        -0.5934169292449951,
        1.2560120820999146,
        0.1646505445241928,
        2.77662992477417,
        2.3926258087158203,
        3.5471549034118652
    ],
    "degree_embedding": [
        -0.9859232902526855,
        -0.14980502426624298,
        1.1363672018051147,
        1.3890211582183838,
        1.9668338298797607,
        -0.10017327964305878,
        -0.9014211297035217,
        -0.5218036770820618,
        0.12516868114471436,
        0.34269973635673523
    ]
}