{
    "id": 13058,
    "range": [
        121.936804,
        30.902716,
        121.946804,
        30.892716
    ],
    "image_path": "CitySatellite\\Shanghai\\13058.jpg",
    "poi": [],
    "places": [],
    "transport": [],
    "traffic": [],
    "buildings": [],
    "landuse": [],
    "road_inner": [],
    "road_connect": {},
    "population": [
        0.0
    ],
    "transport_embedding": [
        -0.16057440638542175,
        -0.9549039602279663,
        0.6745269894599915,
        -0.16922669112682343,
        0.2912389039993286,
        1.5734260082244873,
        0.11715087294578552,
        -0.9269047379493713,
        1.3399637937545776,
        -0.12048235535621643
    ],
    "roadnet_embedding": [
        0.99698406457901,
        -0.43244627118110657,
        0.10059914737939835,
        0.5533313751220703,
        -2.89445424079895,
        -0.11941360682249069,
        0.0637652650475502,
        -0.013270985335111618,
        -0.0626712441444397,
        0.3101538419723511
    ],
    "function_embedding": [
        -0.5825787782669067,
        -0.34237053990364075,
        -0.09429308027029037,
        -0.03465144336223602,
        -1.3644628524780273,
        -0.04711135849356651,
        -0.09614186733961105,
        -0.08693879842758179,
        -0.09061527252197266,
        0.30196434259414673
    ],
    "city_embedding": [
        -0.983723521232605,
        0.0036167511716485023,
        0.6694934964179993,
        1.3806318044662476,
        -0.5934169292449951,
        1.2560120820999146,
        0.1646505445241928,
        2.77662992477417,
        2.3926258087158203,
        3.5471549034118652
    ],
    "degree_embedding": [
        -0.9859232902526855,
        -0.14980502426624298,
        1.1363672018051147,
        1.3890211582183838,
        1.9668338298797607,
        -0.10017327964305878,
        -0.9014211297035217,
        -0.5218036770820618,
        0.12516868114471436,
        0.34269973635673523
    ]
}