{
    "id": 13051,
    "range": [
        121.936804,
        30.972716,
        121.946804,
        30.962716
    ],
    "image_path": "CitySatellite\\Shanghai\\13051.jpg",
    "poi": [],
    "places": [],
    "transport": [],
    "traffic": [],
    "buildings": [],
    "landuse": [
        [
            7229,
            6,
            5,
            10.703271583333333
        ]
    ],
    "road_inner": [],
    "road_connect": {},
    "population": [
        0.0
    ],
    "transport_embedding": [
        -0.04306516423821449,
        -0.9201158285140991,
        0.3364400863647461,
        -0.5365064144134521,
        -0.38471898436546326,
        1.0410329103469849,
        1.0805584192276,
        0.9960688352584839,
        0.8652065992355347,
        -0.2543785572052002
    ],
    "roadnet_embedding": [
        0.9945504069328308,
        -0.44045552611351013,
        0.1290239542722702,
        0.5575507283210754,
        -2.809795618057251,
        -0.061644259840250015,
        0.07625357806682587,
        -0.1133071556687355,
        -0.07500393688678741,
        0.3723490536212921
    ],
    "function_embedding": [
        -1.568004846572876,
        -0.08488500118255615,
        2.0368001461029053,
        1.0897858142852783,
        0.5530574917793274,
        -2.614516258239746,
        0.1493149697780609,
        0.9262059926986694,
        -0.10053600370883942,
        0.702656090259552
    ],
    "city_embedding": [
        -0.983723521232605,
        0.0036167511716485023,
        0.6694934964179993,
        1.3806318044662476,
        -0.5934169292449951,
        1.2560120820999146,
        0.1646505445241928,
        2.77662992477417,
        2.3926258087158203,
        3.5471549034118652
    ],
    "degree_embedding": [
        -0.9859232902526855,
        -0.14980502426624298,
        1.1363672018051147,
        1.3890211582183838,
        1.9668338298797607,
        -0.10017327964305878,
        -0.9014211297035217,
        -0.5218036770820618,
        0.12516868114471436,
        0.34269973635673523
    ]
}