{
    "id": 13064,
    "range": [
        121.936804,
        30.842716,
        121.946804,
        30.83271599999999
    ],
    "image_path": "CitySatellite\\Shanghai\\13064.jpg",
    "poi": [],
    "places": [],
    "transport": [],
    "traffic": [],
    "buildings": [],
    "landuse": [],
    "road_inner": [],
    "road_connect": {},
    "population": [
        0.0
    ],
    "transport_embedding": [
        -0.14260020852088928,
        -0.7408626079559326,
        0.48978155851364136,
        -0.6766515374183655,
        -0.06905040889978409,
        0.3546050190925598,
        0.5113389492034912,
        1.2133378982543945,
        0.40716633200645447,
        -0.2852120101451874
    ],
    "roadnet_embedding": [
        1.0865145921707153,
        -0.4483168125152588,
        0.04168488830327988,
        0.596382200717926,
        -2.9194207191467285,
        -0.10788638144731522,
        0.02462155930697918,
        -0.04239269718527794,
        -0.06032587215304375,
        0.3026684522628784
    ],
    "function_embedding": [
        -0.5951529145240784,
        -0.31170907616615295,
        -0.02356998808681965,
        0.05621873214840889,
        -1.4275375604629517,
        -0.08564852178096771,
        0.051539529114961624,
        -0.07951086014509201,
        -0.15254822373390198,
        0.18465915322303772
    ],
    "city_embedding": [
        -0.983723521232605,
        0.0036167511716485023,
        0.6694934964179993,
        1.3806318044662476,
        -0.5934169292449951,
        1.2560120820999146,
        0.1646505445241928,
        2.77662992477417,
        2.3926258087158203,
        3.5471549034118652
    ],
    "degree_embedding": [
        -0.9859232902526855,
        -0.14980502426624298,
        1.1363672018051147,
        1.3890211582183838,
        1.9668338298797607,
        -0.10017327964305878,
        -0.9014211297035217,
        -0.5218036770820618,
        0.12516868114471436,
        0.34269973635673523
    ]
}