{
    "id": 13065,
    "range": [
        121.936804,
        30.832716,
        121.946804,
        30.822716
    ],
    "image_path": "CitySatellite\\Shanghai\\13065.jpg",
    "poi": [],
    "places": [],
    "transport": [],
    "traffic": [],
    "buildings": [],
    "landuse": [],
    "road_inner": [],
    "road_connect": {},
    "population": [
        0.0
    ],
    "transport_embedding": [
        -0.21902240812778473,
        -0.6217806935310364,
        0.6786225438117981,
        -0.76893150806427,
        0.7588189244270325,
        0.8075278997421265,
        -1.2578682899475098,
        -0.08499586582183838,
        -0.21829992532730103,
        -0.20844723284244537
    ],
    "roadnet_embedding": [
        0.9880548715591431,
        -0.4500250220298767,
        0.11821766942739487,
        0.6372354030609131,
        -2.9254941940307617,
        -0.020281096920371056,
        0.1278640329837799,
        -0.16131602227687836,
        -0.11159344762563705,
        0.3640621602535248
    ],
    "function_embedding": [
        -0.5784067511558533,
        -0.3048103153705597,
        -0.07116512209177017,
        0.10896375775337219,
        -1.504028081893921,
        -0.025457167997956276,
        -0.12173174321651459,
        -0.052767250686883926,
        -0.09878086298704147,
        0.27656519412994385
    ],
    "city_embedding": [
        -0.983723521232605,
        0.0036167511716485023,
        0.6694934964179993,
        1.3806318044662476,
        -0.5934169292449951,
        1.2560120820999146,
        0.1646505445241928,
        2.77662992477417,
        2.3926258087158203,
        3.5471549034118652
    ],
    "degree_embedding": [
        -0.9859232902526855,
        -0.14980502426624298,
        1.1363672018051147,
        1.3890211582183838,
        1.9668338298797607,
        -0.10017327964305878,
        -0.9014211297035217,
        -0.5218036770820618,
        0.12516868114471436,
        0.34269973635673523
    ]
}