{
    "id": 13062,
    "range": [
        121.936804,
        30.862716,
        121.946804,
        30.852716
    ],
    "image_path": "CitySatellite\\Shanghai\\13062.jpg",
    "poi": [],
    "places": [],
    "transport": [],
    "traffic": [],
    "buildings": [],
    "landuse": [],
    "road_inner": [],
    "road_connect": {},
    "population": [
        0.0
    ],
    "transport_embedding": [
        -0.19078601896762848,
        -0.7566623687744141,
        0.5939508080482483,
        -0.5460162162780762,
        0.714730441570282,
        1.1968553066253662,
        -0.7943445444107056,
        -0.3728894293308258,
        0.5678000450134277,
        -0.19084657728672028
    ],
    "roadnet_embedding": [
        1.0947215557098389,
        -0.42285600304603577,
        0.07393533736467361,
        0.5735127329826355,
        -2.9955132007598877,
        0.09522871673107147,
        0.02302858792245388,
        -0.21233712136745453,
        -0.07198437303304672,
        0.40253016352653503
    ],
    "function_embedding": [
        -0.6078757643699646,
        -0.30837392807006836,
        -0.04092540219426155,
        0.049221280962228775,
        -1.4231048822402954,
        -0.07847829163074493,
        0.08038400858640671,
        -0.12359368801116943,
        -0.1362934112548828,
        0.21614572405815125
    ],
    "city_embedding": [
        -0.983723521232605,
        0.0036167511716485023,
        0.6694934964179993,
        1.3806318044662476,
        -0.5934169292449951,
        1.2560120820999146,
        0.1646505445241928,
        2.77662992477417,
        2.3926258087158203,
        3.5471549034118652
    ],
    "degree_embedding": [
        -0.9859232902526855,
        -0.14980502426624298,
        1.1363672018051147,
        1.3890211582183838,
        1.9668338298797607,
        -0.10017327964305878,
        -0.9014211297035217,
        -0.5218036770820618,
        0.12516868114471436,
        0.34269973635673523
    ]
}