{
    "id": 13109,
    "range": [
        121.946804,
        31.592716,
        121.956804,
        31.58271599999999
    ],
    "image_path": "CitySatellite\\Shanghai\\13109.jpg",
    "poi": [],
    "places": [],
    "transport": [],
    "traffic": [],
    "buildings": [],
    "landuse": [
        [
            7210,
            2,
            4,
            16.573323866023244
        ]
    ],
    "road_inner": [],
    "road_connect": {},
    "population": [
        0.0
    ],
    "transport_embedding": [
        -0.19984523952007294,
        -0.6761079430580139,
        0.5723243951797485,
        -0.7333288192749023,
        0.6401386857032776,
        0.933459997177124,
        -0.07153106480836868,
        0.9272871017456055,
        -0.8445814847946167,
        -0.4540903866291046
    ],
    "roadnet_embedding": [
        1.1188546419143677,
        -0.430347204208374,
        0.024611303582787514,
        0.6106446981430054,
        -2.9297678470611572,
        0.01684032566845417,
        0.02723795361816883,
        -0.21206404268741608,
        -0.03871433809399605,
        0.1977180540561676
    ],
    "function_embedding": [
        1.7377455234527588,
        -4.012767314910889,
        0.5058156251907349,
        1.3196842670440674,
        0.19318675994873047,
        -0.34661945700645447,
        -0.16672897338867188,
        -3.054015874862671,
        -0.6118744015693665,
        1.2472318410873413
    ],
    "city_embedding": [
        -0.983723521232605,
        0.0036167511716485023,
        0.6694934964179993,
        1.3806318044662476,
        -0.5934169292449951,
        1.2560120820999146,
        0.1646505445241928,
        2.77662992477417,
        2.3926258087158203,
        3.5471549034118652
    ],
    "degree_embedding": [
        -0.9859232902526855,
        -0.14980502426624298,
        1.1363672018051147,
        1.3890211582183838,
        1.9668338298797607,
        -0.10017327964305878,
        -0.9014211297035217,
        -0.5218036770820618,
        0.12516868114471436,
        0.34269973635673523
    ]
}