{
    "id": 13111,
    "range": [
        121.946804,
        31.572716,
        121.956804,
        31.562716
    ],
    "image_path": "CitySatellite\\Shanghai\\13111.jpg",
    "poi": [],
    "places": [],
    "transport": [],
    "traffic": [],
    "buildings": [],
    "landuse": [
        [
            7210,
            2,
            4,
            16.573323866023244
        ]
    ],
    "road_inner": [],
    "road_connect": {},
    "population": [
        0.0
    ],
    "transport_embedding": [
        -0.20172734558582306,
        -0.5256156325340271,
        0.6540271639823914,
        -0.972682535648346,
        0.30291494727134705,
        0.6870086789131165,
        0.20630471408367157,
        1.7439130544662476,
        -1.4345037937164307,
        -0.5119531750679016
    ],
    "roadnet_embedding": [
        0.9753758907318115,
        -0.4375251531600952,
        0.10181735455989838,
        0.5969662070274353,
        -2.8159706592559814,
        -0.0627659410238266,
        0.054240621626377106,
        -0.13964053988456726,
        -0.0099462466314435,
        0.3517891764640808
    ],
    "function_embedding": [
        1.7376909255981445,
        -4.012702465057373,
        0.48240211606025696,
        1.3254907131195068,
        0.19442224502563477,
        -0.3308998942375183,
        -0.17066574096679688,
        -3.0217771530151367,
        -0.6182275414466858,
        1.3493574857711792
    ],
    "city_embedding": [
        -0.983723521232605,
        0.0036167511716485023,
        0.6694934964179993,
        1.3806318044662476,
        -0.5934169292449951,
        1.2560120820999146,
        0.1646505445241928,
        2.77662992477417,
        2.3926258087158203,
        3.5471549034118652
    ],
    "degree_embedding": [
        -0.9859232902526855,
        -0.14980502426624298,
        1.1363672018051147,
        1.3890211582183838,
        1.9668338298797607,
        -0.10017327964305878,
        -0.9014211297035217,
        -0.5218036770820618,
        0.12516868114471436,
        0.34269973635673523
    ]
}