{
    "id": 13119,
    "range": [
        121.946804,
        31.492716,
        121.956804,
        31.482716
    ],
    "image_path": "CitySatellite\\Shanghai\\13119.jpg",
    "poi": [],
    "places": [],
    "transport": [],
    "traffic": [],
    "buildings": [],
    "landuse": [
        [
            7210,
            2,
            4,
            16.573323866023244
        ]
    ],
    "road_inner": [],
    "road_connect": {},
    "population": [
        233.8955755233765
    ],
    "transport_embedding": [
        -0.20117473602294922,
        -0.7362130284309387,
        0.626083254814148,
        -0.577179491519928,
        0.7938680052757263,
        1.0238983631134033,
        -0.9868215918540955,
        -0.3337724804878235,
        0.3370203375816345,
        -0.1928112953901291
    ],
    "roadnet_embedding": [
        0.990883469581604,
        -0.4413090646266937,
        0.12277517467737198,
        0.5776898860931396,
        -2.821791410446167,
        -0.020259637385606766,
        0.08031594008207321,
        -0.1728258728981018,
        -0.04752904176712036,
        0.38448143005371094
    ],
    "function_embedding": [
        1.7377842664718628,
        -4.012813091278076,
        0.4987959861755371,
        1.32142174243927,
        0.19355010986328125,
        -0.34188607335090637,
        -0.16791152954101562,
        -3.0392982959747314,
        -0.6140615344047546,
        1.2672206163406372
    ],
    "city_embedding": [
        -0.9844704866409302,
        0.0019195886561647058,
        0.6384106278419495,
        1.3480756282806396,
        -0.5981147885322571,
        1.233351707458496,
        0.20098978281021118,
        2.8109946250915527,
        2.375502824783325,
        3.4843459129333496
    ],
    "degree_embedding": [
        -0.9859232902526855,
        -0.14980502426624298,
        1.1363672018051147,
        1.3890211582183838,
        1.9668338298797607,
        -0.10017327964305878,
        -0.9014211297035217,
        -0.5218036770820618,
        0.12516868114471436,
        0.34269973635673523
    ]
}