{
    "id": 13120,
    "range": [
        121.946804,
        31.482716,
        121.956804,
        31.472716
    ],
    "image_path": "CitySatellite\\Shanghai\\13120.jpg",
    "poi": [],
    "places": [],
    "transport": [],
    "traffic": [],
    "buildings": [],
    "landuse": [
        [
            7210,
            2,
            4,
            16.573323866023244
        ]
    ],
    "road_inner": [],
    "road_connect": {},
    "population": [
        24.1075234413147
    ],
    "transport_embedding": [
        -0.20982474088668823,
        -0.6049984097480774,
        0.5842885971069336,
        -0.8840002417564392,
        0.48556455969810486,
        0.024861613288521767,
        -0.6172177791595459,
        1.312761664390564,
        -0.8894631862640381,
        -0.3813067078590393
    ],
    "roadnet_embedding": [
        1.0412750244140625,
        -0.43696436285972595,
        0.06799443811178207,
        0.6637300848960876,
        -2.952059268951416,
        -0.020748022943735123,
        0.06934719532728195,
        -0.16659925878047943,
        -0.07140450924634933,
        0.25803354382514954
    ],
    "function_embedding": [
        1.7378106117248535,
        -4.012844562530518,
        0.5082666277885437,
        1.3190736770629883,
        0.19304990768432617,
        -0.3482453525066376,
        -0.16631698608398438,
        -3.061251640319824,
        -0.6110069751739502,
        1.2472847700119019
    ],
    "city_embedding": [
        -0.9838005304336548,
        0.0034313970245420933,
        0.6662900447845459,
        1.3772858381271362,
        -0.5939253568649292,
        1.2537033557891846,
        0.16838257014751434,
        2.7800943851470947,
        2.3908638954162598,
        3.5405542850494385
    ],
    "degree_embedding": [
        -0.9859232902526855,
        -0.14980502426624298,
        1.1363672018051147,
        1.3890211582183838,
        1.9668338298797607,
        -0.10017327964305878,
        -0.9014211297035217,
        -0.5218036770820618,
        0.12516868114471436,
        0.34269973635673523
    ]
}