{
    "id": 13121,
    "range": [
        121.946804,
        31.472716,
        121.956804,
        31.462716
    ],
    "image_path": "CitySatellite\\Shanghai\\13121.jpg",
    "poi": [],
    "places": [],
    "transport": [],
    "traffic": [],
    "buildings": [],
    "landuse": [
        [
            7210,
            2,
            4,
            16.573323866023244
        ]
    ],
    "road_inner": [],
    "road_connect": {},
    "population": [
        0.0
    ],
    "transport_embedding": [
        -0.14987264573574066,
        -0.8039137721061707,
        0.556985080242157,
        -0.5278131365776062,
        0.47968435287475586,
        0.879041850566864,
        -0.5156486630439758,
        -0.0901072695851326,
        0.8273282647132874,
        -0.14844511449337006
    ],
    "roadnet_embedding": [
        1.0820964574813843,
        -0.41702067852020264,
        0.06072045862674713,
        0.6285180449485779,
        -3.1034960746765137,
        0.10341013222932816,
        0.055011097341775894,
        -0.1947954148054123,
        -0.07687320560216904,
        0.34455791115760803
    ],
    "function_embedding": [
        1.7376408576965332,
        -4.012642860412598,
        0.4935018718242645,
        1.322741150856018,
        0.1938467025756836,
        -0.3383714258670807,
        -0.16880035400390625,
        -3.0312917232513428,
        -0.6155179738998413,
        1.3377686738967896
    ],
    "city_embedding": [
        -0.983723521232605,
        0.0036167511716485023,
        0.6694934964179993,
        1.3806318044662476,
        -0.5934169292449951,
        1.2560120820999146,
        0.1646505445241928,
        2.77662992477417,
        2.3926258087158203,
        3.5471549034118652
    ],
    "degree_embedding": [
        -0.9859232902526855,
        -0.14980502426624298,
        1.1363672018051147,
        1.3890211582183838,
        1.9668338298797607,
        -0.10017327964305878,
        -0.9014211297035217,
        -0.5218036770820618,
        0.12516868114471436,
        0.34269973635673523
    ]
}