{
    "id": 13139,
    "range": [
        121.946804,
        31.29271600000001,
        121.956804,
        31.282716
    ],
    "image_path": "CitySatellite\\Shanghai\\13139.jpg",
    "poi": [],
    "places": [],
    "transport": [],
    "traffic": [],
    "buildings": [],
    "landuse": [],
    "road_inner": [],
    "road_connect": {},
    "population": [
        0.0
    ],
    "transport_embedding": [
        -0.15695568919181824,
        -0.6859797239303589,
        0.4885066747665405,
        -0.7015694379806519,
        0.0012898142449557781,
        1.5386791229248047,
        0.33057552576065063,
        0.4297068119049072,
        0.6754617691040039,
        -0.29254400730133057
    ],
    "roadnet_embedding": [
        1.0910028219223022,
        -0.45986464619636536,
        0.10133128613233566,
        0.6408901214599609,
        -2.75726318359375,
        -0.0655379444360733,
        0.017494704574346542,
        -0.20941230654716492,
        -0.10555316507816315,
        0.3283326327800751
    ],
    "function_embedding": [
        -0.6288949847221375,
        -0.2880437672138214,
        -0.0560314804315567,
        0.0489003024995327,
        -1.4186668395996094,
        -0.10843825340270996,
        -0.016049573197960854,
        -0.08039949834346771,
        -0.1369427740573883,
        0.27147936820983887
    ],
    "city_embedding": [
        -0.983723521232605,
        0.0036167511716485023,
        0.6694934964179993,
        1.3806318044662476,
        -0.5934169292449951,
        1.2560120820999146,
        0.1646505445241928,
        2.77662992477417,
        2.3926258087158203,
        3.5471549034118652
    ],
    "degree_embedding": [
        -0.9859232902526855,
        -0.14980502426624298,
        1.1363672018051147,
        1.3890211582183838,
        1.9668338298797607,
        -0.10017327964305878,
        -0.9014211297035217,
        -0.5218036770820618,
        0.12516868114471436,
        0.34269973635673523
    ]
}