{
    "id": 13148,
    "range": [
        121.946804,
        31.202716,
        121.956804,
        31.192716
    ],
    "image_path": "CitySatellite\\Shanghai\\13148.jpg",
    "poi": [],
    "places": [],
    "transport": [],
    "traffic": [],
    "buildings": [],
    "landuse": [
        [
            7210,
            2,
            4,
            21.001310270270274
        ]
    ],
    "road_inner": [],
    "road_connect": {},
    "population": [
        0.0
    ],
    "transport_embedding": [
        -0.03997113183140755,
        -1.008306622505188,
        0.32636910676956177,
        -0.4297398328781128,
        -0.053037844598293304,
        0.4949437081813812,
        0.5443426966667175,
        0.2294401228427887,
        1.164412021636963,
        -0.06622309237718582
    ],
    "roadnet_embedding": [
        1.061262607574463,
        -0.4436209201812744,
        0.08904720097780228,
        0.6791754364967346,
        -2.9430975914001465,
        0.07030373811721802,
        0.04530688747763634,
        -0.27253931760787964,
        -0.054299261420965195,
        0.3838004469871521
    ],
    "function_embedding": [
        1.7395991086959839,
        -4.014969348907471,
        0.8225266337394714,
        1.2410924434661865,
        0.17632293701171875,
        -0.5589283108711243,
        -0.11348342895507812,
        -3.6613380908966064,
        -0.5167699456214905,
        -0.0009338209056295455
    ],
    "city_embedding": [
        -0.983723521232605,
        0.0036167511716485023,
        0.6694934964179993,
        1.3806318044662476,
        -0.5934169292449951,
        1.2560120820999146,
        0.1646505445241928,
        2.77662992477417,
        2.3926258087158203,
        3.5471549034118652
    ],
    "degree_embedding": [
        -0.9859232902526855,
        -0.14980502426624298,
        1.1363672018051147,
        1.3890211582183838,
        1.9668338298797607,
        -0.10017327964305878,
        -0.9014211297035217,
        -0.5218036770820618,
        0.12516868114471436,
        0.34269973635673523
    ]
}