{
    "id": 13149,
    "range": [
        121.946804,
        31.192716,
        121.956804,
        31.182716
    ],
    "image_path": "CitySatellite\\Shanghai\\13149.jpg",
    "poi": [],
    "places": [],
    "transport": [],
    "traffic": [],
    "buildings": [],
    "landuse": [
        [
            7210,
            2,
            4,
            21.001310270270274
        ]
    ],
    "road_inner": [],
    "road_connect": {},
    "population": [
        0.0
    ],
    "transport_embedding": [
        -0.18485021591186523,
        -0.4968825578689575,
        0.6311213374137878,
        -1.0349503755569458,
        -0.01646513305604458,
        0.49182412028312683,
        0.4539865553379059,
        1.981728434562683,
        -1.1360746622085571,
        -0.4894009232521057
    ],
    "roadnet_embedding": [
        1.0002087354660034,
        -0.43430715799331665,
        0.12073148041963577,
        0.5953136086463928,
        -2.926366090774536,
        0.011791959404945374,
        0.0920049324631691,
        -0.14746764302253723,
        -0.07487916946411133,
        0.39593586325645447
    ],
    "function_embedding": [
        1.7396225929260254,
        -4.014997482299805,
        0.8215972781181335,
        1.2413215637207031,
        0.17636823654174805,
        -0.558294951915741,
        -0.11363983154296875,
        -3.6597797870635986,
        -0.5170403122901917,
        -0.015360603109002113
    ],
    "city_embedding": [
        -0.983723521232605,
        0.0036167511716485023,
        0.6694934964179993,
        1.3806318044662476,
        -0.5934169292449951,
        1.2560120820999146,
        0.1646505445241928,
        2.77662992477417,
        2.3926258087158203,
        3.5471549034118652
    ],
    "degree_embedding": [
        -0.9859232902526855,
        -0.14980502426624298,
        1.1363672018051147,
        1.3890211582183838,
        1.9668338298797607,
        -0.10017327964305878,
        -0.9014211297035217,
        -0.5218036770820618,
        0.12516868114471436,
        0.34269973635673523
    ]
}