{
    "id": 13147,
    "range": [
        121.946804,
        31.212716,
        121.956804,
        31.202716
    ],
    "image_path": "CitySatellite\\Shanghai\\13147.jpg",
    "poi": [],
    "places": [],
    "transport": [],
    "traffic": [],
    "buildings": [],
    "landuse": [
        [
            7210,
            2,
            4,
            21.001310270270274
        ]
    ],
    "road_inner": [],
    "road_connect": {},
    "population": [
        0.0
    ],
    "transport_embedding": [
        -0.16639672219753265,
        -0.8064537644386292,
        0.6124513745307922,
        -0.43453249335289,
        -0.06668728590011597,
        1.1285804510116577,
        0.27696409821510315,
        0.12207760661840439,
        1.191896915435791,
        -0.20540352165699005
    ],
    "roadnet_embedding": [
        1.0805169343948364,
        -0.4300054609775543,
        0.08274397253990173,
        0.5710218548774719,
        -2.889296293258667,
        -0.007856180891394615,
        0.010392168536782265,
        -0.12804506719112396,
        -0.04737985134124756,
        0.37432655692100525
    ],
    "function_embedding": [
        1.7396246194839478,
        -4.014999866485596,
        0.8331204652786255,
        1.2384653091430664,
        0.17576313018798828,
        -0.5660417675971985,
        -0.11170196533203125,
        -3.6789205074310303,
        -0.5137320160865784,
        -0.05886179953813553
    ],
    "city_embedding": [
        -0.983723521232605,
        0.0036167511716485023,
        0.6694934964179993,
        1.3806318044662476,
        -0.5934169292449951,
        1.2560120820999146,
        0.1646505445241928,
        2.77662992477417,
        2.3926258087158203,
        3.5471549034118652
    ],
    "degree_embedding": [
        -0.9859232902526855,
        -0.14980502426624298,
        1.1363672018051147,
        1.3890211582183838,
        1.9668338298797607,
        -0.10017327964305878,
        -0.9014211297035217,
        -0.5218036770820618,
        0.12516868114471436,
        0.34269973635673523
    ]
}