{
    "id": 13146,
    "range": [
        121.946804,
        31.222716,
        121.956804,
        31.212716
    ],
    "image_path": "CitySatellite\\Shanghai\\13146.jpg",
    "poi": [],
    "places": [],
    "transport": [],
    "traffic": [],
    "buildings": [],
    "landuse": [
        [
            7210,
            2,
            4,
            21.001310270270274
        ]
    ],
    "road_inner": [],
    "road_connect": {},
    "population": [
        0.0
    ],
    "transport_embedding": [
        -0.3057813048362732,
        -0.5989693999290466,
        0.7288885116577148,
        -0.7655166387557983,
        1.255143165588379,
        -0.29076966643333435,
        -1.70053231716156,
        0.5957322716712952,
        -1.280115008354187,
        -0.23940038681030273
    ],
    "roadnet_embedding": [
        1.140100359916687,
        -0.42540407180786133,
        0.03744038566946983,
        0.6065296530723572,
        -2.989942789077759,
        0.07590927183628082,
        -0.0014909375458955765,
        -0.2490559071302414,
        -0.061632189899683,
        0.2956681251525879
    ],
    "function_embedding": [
        1.7396091222763062,
        -4.014981269836426,
        0.8150051832199097,
        1.2429561614990234,
        0.17671585083007812,
        -0.5538678169250488,
        -0.11474990844726562,
        -3.649365186691284,
        -0.5189018845558167,
        0.032269202172756195
    ],
    "city_embedding": [
        -0.983723521232605,
        0.0036167511716485023,
        0.6694934964179993,
        1.3806318044662476,
        -0.5934169292449951,
        1.2560120820999146,
        0.1646505445241928,
        2.77662992477417,
        2.3926258087158203,
        3.5471549034118652
    ],
    "degree_embedding": [
        -0.9859232902526855,
        -0.14980502426624298,
        1.1363672018051147,
        1.3890211582183838,
        1.9668338298797607,
        -0.10017327964305878,
        -0.9014211297035217,
        -0.5218036770820618,
        0.12516868114471436,
        0.34269973635673523
    ]
}