{
    "id": 13163,
    "range": [
        121.946804,
        31.052716,
        121.956804,
        31.042716
    ],
    "image_path": "CitySatellite\\Shanghai\\13163.jpg",
    "poi": [],
    "places": [],
    "transport": [],
    "traffic": [],
    "buildings": [],
    "landuse": [],
    "road_inner": [],
    "road_connect": {},
    "population": [
        0.0
    ],
    "transport_embedding": [
        -0.08724220842123032,
        -0.7589202523231506,
        0.3420187830924988,
        -0.8301995396614075,
        -0.4408300817012787,
        -0.025935040786862373,
        0.602056622505188,
        1.1442327499389648,
        0.3810059130191803,
        -0.19453434646129608
    ],
    "roadnet_embedding": [
        1.0423643589019775,
        -0.43822112679481506,
        0.06712359935045242,
        0.5621153116226196,
        -2.8255324363708496,
        -0.13588440418243408,
        0.050695255398750305,
        -0.05064825341105461,
        -0.09899970889091492,
        0.21682265400886536
    ],
    "function_embedding": [
        -0.5595956444740295,
        -0.3252164125442505,
        -0.10181718319654465,
        0.11061211675405502,
        -1.4669530391693115,
        -0.02841009572148323,
        -0.0064752292819321156,
        -0.04928864166140556,
        -0.05614479258656502,
        0.29117709398269653
    ],
    "city_embedding": [
        -0.983723521232605,
        0.0036167511716485023,
        0.6694934964179993,
        1.3806318044662476,
        -0.5934169292449951,
        1.2560120820999146,
        0.1646505445241928,
        2.77662992477417,
        2.3926258087158203,
        3.5471549034118652
    ],
    "degree_embedding": [
        -0.9859232902526855,
        -0.14980502426624298,
        1.1363672018051147,
        1.3890211582183838,
        1.9668338298797607,
        -0.10017327964305878,
        -0.9014211297035217,
        -0.5218036770820618,
        0.12516868114471436,
        0.34269973635673523
    ]
}