{
    "id": 13169,
    "range": [
        121.946804,
        30.992716,
        121.956804,
        30.982716
    ],
    "image_path": "CitySatellite\\Shanghai\\13169.jpg",
    "poi": [],
    "places": [],
    "transport": [],
    "traffic": [],
    "buildings": [],
    "landuse": [],
    "road_inner": [],
    "road_connect": {},
    "population": [
        0.0
    ],
    "transport_embedding": [
        -0.08953513205051422,
        -0.8399733304977417,
        0.4183051288127899,
        -0.5806835889816284,
        -0.41969335079193115,
        0.6080020070075989,
        0.9018883109092712,
        0.9980782270431519,
        0.9827459454536438,
        -0.21695877611637115
    ],
    "roadnet_embedding": [
        1.0005823373794556,
        -0.45771506428718567,
        0.11114364117383957,
        0.6158963441848755,
        -2.6567115783691406,
        -0.2255621701478958,
        0.03991156816482544,
        -0.03268324211239815,
        -0.07904704660177231,
        0.2408488243818283
    ],
    "function_embedding": [
        -0.5931385159492493,
        -0.32732638716697693,
        -0.09990190714597702,
        -0.01865040697157383,
        -1.3848443031311035,
        -0.07427412271499634,
        0.016787227243185043,
        -0.12965528666973114,
        -0.13584144413471222,
        0.3629283308982849
    ],
    "city_embedding": [
        -0.983723521232605,
        0.0036167511716485023,
        0.6694934964179993,
        1.3806318044662476,
        -0.5934169292449951,
        1.2560120820999146,
        0.1646505445241928,
        2.77662992477417,
        2.3926258087158203,
        3.5471549034118652
    ],
    "degree_embedding": [
        -0.9859232902526855,
        -0.14980502426624298,
        1.1363672018051147,
        1.3890211582183838,
        1.9668338298797607,
        -0.10017327964305878,
        -0.9014211297035217,
        -0.5218036770820618,
        0.12516868114471436,
        0.34269973635673523
    ]
}