{
    "id": 13166,
    "range": [
        121.946804,
        31.022716,
        121.956804,
        31.012716
    ],
    "image_path": "CitySatellite\\Shanghai\\13166.jpg",
    "poi": [],
    "places": [],
    "transport": [],
    "traffic": [],
    "buildings": [],
    "landuse": [],
    "road_inner": [],
    "road_connect": {},
    "population": [
        0.0
    ],
    "transport_embedding": [
        -0.25057554244995117,
        -0.6181402802467346,
        0.6864203214645386,
        -0.7951070666313171,
        1.2335501909255981,
        0.4052056074142456,
        -1.0044801235198975,
        0.721143901348114,
        -1.530574083328247,
        -0.29189804196357727
    ],
    "roadnet_embedding": [
        1.0300179719924927,
        -0.4297233819961548,
        0.08598189055919647,
        0.5333243012428284,
        -2.956118106842041,
        -0.016567936167120934,
        0.06967759877443314,
        -0.06882280856370926,
        -0.06016182154417038,
        0.38672664761543274
    ],
    "function_embedding": [
        -0.5648887157440186,
        -0.35450953245162964,
        -0.09068718552589417,
        0.053947813808918,
        -1.4180094003677368,
        -0.002453117398545146,
        -0.11200492829084396,
        0.004615230951458216,
        0.02887781523168087,
        0.21216636896133423
    ],
    "city_embedding": [
        -0.983723521232605,
        0.0036167511716485023,
        0.6694934964179993,
        1.3806318044662476,
        -0.5934169292449951,
        1.2560120820999146,
        0.1646505445241928,
        2.77662992477417,
        2.3926258087158203,
        3.5471549034118652
    ],
    "degree_embedding": [
        -0.9859232902526855,
        -0.14980502426624298,
        1.1363672018051147,
        1.3890211582183838,
        1.9668338298797607,
        -0.10017327964305878,
        -0.9014211297035217,
        -0.5218036770820618,
        0.12516868114471436,
        0.34269973635673523
    ]
}