{
    "id": 13165,
    "range": [
        121.946804,
        31.032716,
        121.956804,
        31.022716
    ],
    "image_path": "CitySatellite\\Shanghai\\13165.jpg",
    "poi": [],
    "places": [],
    "transport": [],
    "traffic": [],
    "buildings": [],
    "landuse": [],
    "road_inner": [],
    "road_connect": {},
    "population": [
        0.0
    ],
    "transport_embedding": [
        -0.2864000201225281,
        -0.6850005388259888,
        0.8114262819290161,
        -0.5665431618690491,
        1.6623339653015137,
        0.46548300981521606,
        -1.5317752361297607,
        -0.32059744000434875,
        -0.9684738516807556,
        -0.0823669284582138
    ],
    "roadnet_embedding": [
        1.1161301136016846,
        -0.41601255536079407,
        0.05014251545071602,
        0.6020841002464294,
        -3.070162773132324,
        0.08587711304426193,
        0.012593934312462807,
        -0.16964656114578247,
        -0.06408794969320297,
        0.3583349883556366
    ],
    "function_embedding": [
        -0.5726884603500366,
        -0.3369484841823578,
        -0.06548061966896057,
        0.08450044691562653,
        -1.4106560945510864,
        -0.05923588201403618,
        -0.012887046672403812,
        -0.019490063190460205,
        -0.11559583991765976,
        0.23720861971378326
    ],
    "city_embedding": [
        -0.983723521232605,
        0.0036167511716485023,
        0.6694934964179993,
        1.3806318044662476,
        -0.5934169292449951,
        1.2560120820999146,
        0.1646505445241928,
        2.77662992477417,
        2.3926258087158203,
        3.5471549034118652
    ],
    "degree_embedding": [
        -0.9859232902526855,
        -0.14980502426624298,
        1.1363672018051147,
        1.3890211582183838,
        1.9668338298797607,
        -0.10017327964305878,
        -0.9014211297035217,
        -0.5218036770820618,
        0.12516868114471436,
        0.34269973635673523
    ]
}