{
    "id": 13164,
    "range": [
        121.946804,
        31.042716,
        121.956804,
        31.032716
    ],
    "image_path": "CitySatellite\\Shanghai\\13164.jpg",
    "poi": [],
    "places": [],
    "transport": [],
    "traffic": [],
    "buildings": [],
    "landuse": [],
    "road_inner": [],
    "road_connect": {},
    "population": [
        0.0
    ],
    "transport_embedding": [
        -0.22726717591285706,
        -0.7104873657226562,
        0.5559095740318298,
        -0.7056530117988586,
        0.4845181703567505,
        -0.9721715450286865,
        -0.6959743499755859,
        1.102375864982605,
        -0.2485487461090088,
        -0.2650047242641449
    ],
    "roadnet_embedding": [
        1.010724663734436,
        -0.45365485548973083,
        0.07329923659563065,
        0.6590792536735535,
        -2.981114149093628,
        -0.035164278000593185,
        0.12213051319122314,
        -0.12287312000989914,
        -0.09099569171667099,
        0.3344677984714508
    ],
    "function_embedding": [
        -0.5937578082084656,
        -0.3099851906299591,
        -0.0686878114938736,
        0.01584620028734207,
        -1.4195854663848877,
        -0.04754247888922691,
        -0.08649272471666336,
        -0.06784964352846146,
        -0.11976148933172226,
        0.21910175681114197
    ],
    "city_embedding": [
        -0.983723521232605,
        0.0036167511716485023,
        0.6694934964179993,
        1.3806318044662476,
        -0.5934169292449951,
        1.2560120820999146,
        0.1646505445241928,
        2.77662992477417,
        2.3926258087158203,
        3.5471549034118652
    ],
    "degree_embedding": [
        -0.9859232902526855,
        -0.14980502426624298,
        1.1363672018051147,
        1.3890211582183838,
        1.9668338298797607,
        -0.10017327964305878,
        -0.9014211297035217,
        -0.5218036770820618,
        0.12516868114471436,
        0.34269973635673523
    ]
}