{
    "id": 13168,
    "range": [
        121.946804,
        31.002716,
        121.956804,
        30.99271599999999
    ],
    "image_path": "CitySatellite\\Shanghai\\13168.jpg",
    "poi": [],
    "places": [],
    "transport": [],
    "traffic": [],
    "buildings": [],
    "landuse": [],
    "road_inner": [],
    "road_connect": {},
    "population": [
        0.0
    ],
    "transport_embedding": [
        -0.14488251507282257,
        -0.7628379464149475,
        0.5112524032592773,
        -0.6331008076667786,
        0.3741731345653534,
        1.0172570943832397,
        -0.5577916502952576,
        0.02488723024725914,
        0.6461189985275269,
        -0.2062266767024994
    ],
    "roadnet_embedding": [
        1.0989018678665161,
        -0.4275246262550354,
        0.054698117077350616,
        0.5517239570617676,
        -2.8167078495025635,
        -0.06628866493701935,
        -0.05029850825667381,
        -0.1153767928481102,
        0.014574330300092697,
        0.31429827213287354
    ],
    "function_embedding": [
        -0.6077587008476257,
        -0.3064652383327484,
        -0.023655874654650688,
        0.021673232316970825,
        -1.4261471033096313,
        -0.06150875985622406,
        -0.025094540789723396,
        -0.06015237420797348,
        -0.16339153051376343,
        0.17567181587219238
    ],
    "city_embedding": [
        -0.983723521232605,
        0.0036167511716485023,
        0.6694934964179993,
        1.3806318044662476,
        -0.5934169292449951,
        1.2560120820999146,
        0.1646505445241928,
        2.77662992477417,
        2.3926258087158203,
        3.5471549034118652
    ],
    "degree_embedding": [
        -0.9859232902526855,
        -0.14980502426624298,
        1.1363672018051147,
        1.3890211582183838,
        1.9668338298797607,
        -0.10017327964305878,
        -0.9014211297035217,
        -0.5218036770820618,
        0.12516868114471436,
        0.34269973635673523
    ]
}