{
    "id": 13187,
    "range": [
        121.946804,
        30.812716,
        121.956804,
        30.802716
    ],
    "image_path": "CitySatellite\\Shanghai\\13187.jpg",
    "poi": [],
    "places": [],
    "transport": [],
    "traffic": [],
    "buildings": [],
    "landuse": [],
    "road_inner": [],
    "road_connect": {},
    "population": [
        0.0
    ],
    "transport_embedding": [
        -0.2553465962409973,
        -0.5766382813453674,
        0.7061230540275574,
        -0.8568080067634583,
        1.0624338388442993,
        0.4192410111427307,
        -0.49249473214149475,
        1.1563313007354736,
        -1.9446375370025635,
        -0.38394322991371155
    ],
    "roadnet_embedding": [
        1.078251600265503,
        -0.45480480790138245,
        0.07533439993858337,
        0.6227719187736511,
        -2.762380599975586,
        -0.15559591352939606,
        0.0031868168152868748,
        -0.05296768993139267,
        -0.060911647975444794,
        0.27663087844848633
    ],
    "function_embedding": [
        -0.5968769192695618,
        -0.30038905143737793,
        -0.0842941626906395,
        0.06466563791036606,
        -1.4233858585357666,
        -0.09395759552717209,
        0.029887091368436813,
        -0.09150762110948563,
        -0.11999377608299255,
        0.3032693564891815
    ],
    "city_embedding": [
        -0.983723521232605,
        0.0036167511716485023,
        0.6694934964179993,
        1.3806318044662476,
        -0.5934169292449951,
        1.2560120820999146,
        0.1646505445241928,
        2.77662992477417,
        2.3926258087158203,
        3.5471549034118652
    ],
    "degree_embedding": [
        -0.9859232902526855,
        -0.14980502426624298,
        1.1363672018051147,
        1.3890211582183838,
        1.9668338298797607,
        -0.10017327964305878,
        -0.9014211297035217,
        -0.5218036770820618,
        0.12516868114471436,
        0.34269973635673523
    ]
}