{
    "id": 13182,
    "range": [
        121.946804,
        30.862716,
        121.956804,
        30.852716
    ],
    "image_path": "CitySatellite\\Shanghai\\13182.jpg",
    "poi": [],
    "places": [],
    "transport": [],
    "traffic": [],
    "buildings": [],
    "landuse": [],
    "road_inner": [],
    "road_connect": {},
    "population": [
        0.0
    ],
    "transport_embedding": [
        -0.23226241767406464,
        -0.655174970626831,
        0.6796677112579346,
        -0.7211030721664429,
        1.0224697589874268,
        0.49654313921928406,
        -0.8554845452308655,
        0.48570987582206726,
        -0.890356719493866,
        -0.24051682651042938
    ],
    "roadnet_embedding": [
        1.085410237312317,
        -0.45002031326293945,
        0.048674967139959335,
        0.6481642723083496,
        -2.984055519104004,
        0.01233237236738205,
        0.06249470263719559,
        -0.16076304018497467,
        -0.09198058396577835,
        0.3574192225933075
    ],
    "function_embedding": [
        -0.6458636522293091,
        -0.2789556384086609,
        -0.036941155791282654,
        0.04064418375492096,
        -1.4395300149917603,
        -0.09187383949756622,
        -0.020406300202012062,
        -0.10459187626838684,
        -0.1513540893793106,
        0.2879087030887604
    ],
    "city_embedding": [
        -0.983723521232605,
        0.0036167511716485023,
        0.6694934964179993,
        1.3806318044662476,
        -0.5934169292449951,
        1.2560120820999146,
        0.1646505445241928,
        2.77662992477417,
        2.3926258087158203,
        3.5471549034118652
    ],
    "degree_embedding": [
        -0.9859232902526855,
        -0.14980502426624298,
        1.1363672018051147,
        1.3890211582183838,
        1.9668338298797607,
        -0.10017327964305878,
        -0.9014211297035217,
        -0.5218036770820618,
        0.12516868114471436,
        0.34269973635673523
    ]
}