{
    "id": 13183,
    "range": [
        121.946804,
        30.852716,
        121.956804,
        30.842716
    ],
    "image_path": "CitySatellite\\Shanghai\\13183.jpg",
    "poi": [],
    "places": [],
    "transport": [],
    "traffic": [],
    "buildings": [],
    "landuse": [],
    "road_inner": [],
    "road_connect": {},
    "population": [
        0.0
    ],
    "transport_embedding": [
        -0.12541522085666656,
        -0.9039593935012817,
        0.594424307346344,
        -0.35182803869247437,
        0.3059297502040863,
        1.3810055255889893,
        -0.24965862929821014,
        -0.7056657075881958,
        1.258328914642334,
        -0.07324205338954926
    ],
    "roadnet_embedding": [
        1.0971088409423828,
        -0.4447999894618988,
        0.06603722274303436,
        0.5283671617507935,
        -2.6976699829101562,
        -0.14334417879581451,
        -0.030702639371156693,
        -0.07322882115840912,
        -0.02229948155581951,
        0.2929750382900238
    ],
    "function_embedding": [
        -0.6487050652503967,
        -0.2773151099681854,
        -0.03725328668951988,
        0.05220472067594528,
        -1.4462143182754517,
        -0.10146402567625046,
        -0.03742613643407822,
        -0.08734650164842606,
        -0.1641077846288681,
        0.309397429227829
    ],
    "city_embedding": [
        -0.983723521232605,
        0.0036167511716485023,
        0.6694934964179993,
        1.3806318044662476,
        -0.5934169292449951,
        1.2560120820999146,
        0.1646505445241928,
        2.77662992477417,
        2.3926258087158203,
        3.5471549034118652
    ],
    "degree_embedding": [
        -0.9859232902526855,
        -0.14980502426624298,
        1.1363672018051147,
        1.3890211582183838,
        1.9668338298797607,
        -0.10017327964305878,
        -0.9014211297035217,
        -0.5218036770820618,
        0.12516868114471436,
        0.34269973635673523
    ]
}