{
    "id": 13184,
    "range": [
        121.946804,
        30.842716,
        121.956804,
        30.83271599999999
    ],
    "image_path": "CitySatellite\\Shanghai\\13184.jpg",
    "poi": [],
    "places": [],
    "transport": [],
    "traffic": [],
    "buildings": [],
    "landuse": [],
    "road_inner": [],
    "road_connect": {},
    "population": [
        0.0
    ],
    "transport_embedding": [
        -0.24591998755931854,
        -0.763710081577301,
        0.7946752905845642,
        -0.43572893738746643,
        0.8518499135971069,
        -0.32552143931388855,
        -0.962110161781311,
        -0.1402035355567932,
        0.4415310025215149,
        -0.024760065600275993
    ],
    "roadnet_embedding": [
        0.993848443031311,
        -0.4514123201370239,
        0.09842104464769363,
        0.5634170770645142,
        -2.6539180278778076,
        -0.17406779527664185,
        0.00996053870767355,
        -0.06555681675672531,
        0.01766844466328621,
        0.3316302001476288
    ],
    "function_embedding": [
        -0.6060649156570435,
        -0.295758992433548,
        -0.05836842954158783,
        0.05047198385000229,
        -1.4414503574371338,
        -0.0459730438888073,
        -0.11055566370487213,
        -0.03723077103495598,
        -0.09834447503089905,
        0.23513714969158173
    ],
    "city_embedding": [
        -0.983723521232605,
        0.0036167511716485023,
        0.6694934964179993,
        1.3806318044662476,
        -0.5934169292449951,
        1.2560120820999146,
        0.1646505445241928,
        2.77662992477417,
        2.3926258087158203,
        3.5471549034118652
    ],
    "degree_embedding": [
        -0.9859232902526855,
        -0.14980502426624298,
        1.1363672018051147,
        1.3890211582183838,
        1.9668338298797607,
        -0.10017327964305878,
        -0.9014211297035217,
        -0.5218036770820618,
        0.12516868114471436,
        0.34269973635673523
    ]
}