{
    "id": 13227,
    "range": [
        121.956804,
        31.612716,
        121.966804,
        31.602716
    ],
    "image_path": "CitySatellite\\Shanghai\\13227.jpg",
    "poi": [],
    "places": [],
    "transport": [],
    "traffic": [],
    "buildings": [],
    "landuse": [
        [
            7210,
            1,
            4,
            8.507403191780822
        ]
    ],
    "road_inner": [],
    "road_connect": {},
    "population": [
        0.0
    ],
    "transport_embedding": [
        -0.1310596764087677,
        -0.8814302682876587,
        0.5599873065948486,
        -0.45515182614326477,
        0.07828845083713531,
        -0.5100248456001282,
        0.2559521198272705,
        0.4515492022037506,
        1.0111161470413208,
        -0.025443516671657562
    ],
    "roadnet_embedding": [
        0.9994581341743469,
        -0.44640594720840454,
        0.11215551942586899,
        0.6442613005638123,
        -2.934377908706665,
        -0.02154339663684368,
        0.10705452412366867,
        -0.12212252616882324,
        -0.09058142453432083,
        0.3815692663192749
    ],
    "function_embedding": [
        1.6702704429626465,
        -3.9325907230377197,
        -0.6698684096336365,
        1.6089701652526855,
        0.26440176367759705,
        0.4325547516345978,
        -0.3650580644607544,
        0.14048397541046143,
        -0.9980189204216003,
        5.062256813049316
    ],
    "city_embedding": [
        -0.983723521232605,
        0.0036167511716485023,
        0.6694934964179993,
        1.3806318044662476,
        -0.5934169292449951,
        1.2560120820999146,
        0.1646505445241928,
        2.77662992477417,
        2.3926258087158203,
        3.5471549034118652
    ],
    "degree_embedding": [
        -0.9859232902526855,
        -0.14980502426624298,
        1.1363672018051147,
        1.3890211582183838,
        1.9668338298797607,
        -0.10017327964305878,
        -0.9014211297035217,
        -0.5218036770820618,
        0.12516868114471436,
        0.34269973635673523
    ]
}