{
    "id": 13236,
    "range": [
        121.956804,
        31.522716,
        121.966804,
        31.512716
    ],
    "image_path": "CitySatellite\\Shanghai\\13236.jpg",
    "poi": [],
    "places": [],
    "transport": [],
    "traffic": [],
    "buildings": [],
    "landuse": [
        [
            7210,
            2,
            4,
            16.573323866023244
        ]
    ],
    "road_inner": [],
    "road_connect": {},
    "population": [
        0.0
    ],
    "transport_embedding": [
        -0.08946745097637177,
        -0.838773787021637,
        0.36012205481529236,
        -0.6083753108978271,
        0.2200358659029007,
        1.5436445474624634,
        -0.15889424085617065,
        -0.4015091359615326,
        1.057033896446228,
        -0.08549308776855469
    ],
    "roadnet_embedding": [
        1.0313122272491455,
        -0.4453657567501068,
        0.08071953058242798,
        0.6386041045188904,
        -3.0095431804656982,
        0.013540021143853664,
        0.10600004345178604,
        -0.1498432159423828,
        -0.1012343317270279,
        0.36735662817955017
    ],
    "function_embedding": [
        1.737762212753296,
        -4.012786865234375,
        0.4817139506340027,
        1.325657606124878,
        0.19444942474365234,
        -0.3304118812084198,
        -0.17078399658203125,
        -3.016235113143921,
        -0.6186745166778564,
        1.359570860862732
    ],
    "city_embedding": [
        -0.983723521232605,
        0.0036167511716485023,
        0.6694934964179993,
        1.3806318044662476,
        -0.5934169292449951,
        1.2560120820999146,
        0.1646505445241928,
        2.77662992477417,
        2.3926258087158203,
        3.5471549034118652
    ],
    "degree_embedding": [
        -0.9859232902526855,
        -0.14980502426624298,
        1.1363672018051147,
        1.3890211582183838,
        1.9668338298797607,
        -0.10017327964305878,
        -0.9014211297035217,
        -0.5218036770820618,
        0.12516868114471436,
        0.34269973635673523
    ]
}