{
    "id": 13230,
    "range": [
        121.956804,
        31.582716,
        121.966804,
        31.572716
    ],
    "image_path": "CitySatellite\\Shanghai\\13230.jpg",
    "poi": [],
    "places": [],
    "transport": [],
    "traffic": [],
    "buildings": [],
    "landuse": [
        [
            7210,
            2,
            4,
            16.573323866023244
        ]
    ],
    "road_inner": [],
    "road_connect": {},
    "population": [
        0.0
    ],
    "transport_embedding": [
        -0.19666606187820435,
        -0.906961977481842,
        0.7713717818260193,
        -0.24717967212200165,
        0.30830758810043335,
        -0.49990805983543396,
        -0.11495688557624817,
        -0.5126323103904724,
        1.2305282354354858,
        0.09079167991876602
    ],
    "roadnet_embedding": [
        0.9942752718925476,
        -0.4302847385406494,
        0.07937631756067276,
        0.5199531316757202,
        -2.8257176876068115,
        -0.15666864812374115,
        0.05764070898294449,
        -0.007856610231101513,
        0.003610020037740469,
        0.25487595796585083
    ],
    "function_embedding": [
        1.7375661134719849,
        -4.012554168701172,
        0.5098094940185547,
        1.3187028169631958,
        0.19300127029418945,
        -0.34936365485191345,
        -0.16605377197265625,
        -3.061537981033325,
        -0.6106537580490112,
        1.2109910249710083
    ],
    "city_embedding": [
        -0.983723521232605,
        0.0036167511716485023,
        0.6694934964179993,
        1.3806318044662476,
        -0.5934169292449951,
        1.2560120820999146,
        0.1646505445241928,
        2.77662992477417,
        2.3926258087158203,
        3.5471549034118652
    ],
    "degree_embedding": [
        -0.9859232902526855,
        -0.14980502426624298,
        1.1363672018051147,
        1.3890211582183838,
        1.9668338298797607,
        -0.10017327964305878,
        -0.9014211297035217,
        -0.5218036770820618,
        0.12516868114471436,
        0.34269973635673523
    ]
}