{
    "id": 13239,
    "range": [
        121.956804,
        31.492716,
        121.966804,
        31.482716
    ],
    "image_path": "CitySatellite\\Shanghai\\13239.jpg",
    "poi": [],
    "places": [],
    "transport": [],
    "traffic": [],
    "buildings": [],
    "landuse": [
        [
            7210,
            2,
            4,
            16.573323866023244
        ]
    ],
    "road_inner": [],
    "road_connect": {},
    "population": [
        7.9950852394104
    ],
    "transport_embedding": [
        -0.21568076312541962,
        -0.7248659729957581,
        0.6431491374969482,
        -0.5983055830001831,
        0.9251299500465393,
        0.744367241859436,
        -0.6561277508735657,
        0.18740388751029968,
        -0.3086748421192169,
        -0.2234213501214981
    ],
    "roadnet_embedding": [
        1.017000436782837,
        -0.4607071280479431,
        0.09815321117639542,
        0.6472697854042053,
        -2.8199820518493652,
        -0.11651400476694107,
        0.08691731095314026,
        -0.12775348126888275,
        -0.13058724999427795,
        0.28007471561431885
    ],
    "function_embedding": [
        1.7377005815505981,
        -4.01271390914917,
        0.5035580992698669,
        1.3202462196350098,
        0.19331121444702148,
        -0.3451172411441803,
        -0.16711044311523438,
        -3.0557258129119873,
        -0.6122194528579712,
        1.2642261981964111
    ],
    "city_embedding": [
        -0.9837489724159241,
        0.003557993331924081,
        0.6684362888336182,
        1.3795233964920044,
        -0.5936239957809448,
        1.2552504539489746,
        0.16589172184467316,
        2.7777259349823,
        2.3920371532440186,
        3.5448598861694336
    ],
    "degree_embedding": [
        -0.9859232902526855,
        -0.14980502426624298,
        1.1363672018051147,
        1.3890211582183838,
        1.9668338298797607,
        -0.10017327964305878,
        -0.9014211297035217,
        -0.5218036770820618,
        0.12516868114471436,
        0.34269973635673523
    ]
}