{
    "id": 13232,
    "range": [
        121.956804,
        31.562716,
        121.966804,
        31.552716
    ],
    "image_path": "CitySatellite\\Shanghai\\13232.jpg",
    "poi": [],
    "places": [],
    "transport": [],
    "traffic": [],
    "buildings": [],
    "landuse": [
        [
            7210,
            2,
            4,
            16.573323866023244
        ]
    ],
    "road_inner": [],
    "road_connect": {},
    "population": [
        0.0
    ],
    "transport_embedding": [
        -0.1839979588985443,
        -0.7391389608383179,
        0.43966910243034363,
        -0.7322207689285278,
        0.2093219757080078,
        -0.5901234149932861,
        0.1626962423324585,
        1.7272908687591553,
        -0.40839067101478577,
        -0.373756468296051
    ],
    "roadnet_embedding": [
        1.0709235668182373,
        -0.4422054588794708,
        0.04710262268781662,
        0.6488569974899292,
        -2.9824514389038086,
        -0.07150828838348389,
        0.043191228061914444,
        -0.08290024101734161,
        -0.07244154810905457,
        0.26651808619499207
    ],
    "function_embedding": [
        1.7375781536102295,
        -4.012568473815918,
        0.4802238643169403,
        1.3260358572006226,
        0.19455194473266602,
        -0.32947078347206116,
        -0.17103195190429688,
        -3.0106265544891357,
        -0.6192474365234375,
        1.3748376369476318
    ],
    "city_embedding": [
        -0.983723521232605,
        0.0036167511716485023,
        0.6694934964179993,
        1.3806318044662476,
        -0.5934169292449951,
        1.2560120820999146,
        0.1646505445241928,
        2.77662992477417,
        2.3926258087158203,
        3.5471549034118652
    ],
    "degree_embedding": [
        -0.9859232902526855,
        -0.14980502426624298,
        1.1363672018051147,
        1.3890211582183838,
        1.9668338298797607,
        -0.10017327964305878,
        -0.9014211297035217,
        -0.5218036770820618,
        0.12516868114471436,
        0.34269973635673523
    ]
}