{
    "id": 13240,
    "range": [
        121.956804,
        31.482716,
        121.966804,
        31.472716
    ],
    "image_path": "CitySatellite\\Shanghai\\13240.jpg",
    "poi": [],
    "places": [],
    "transport": [],
    "traffic": [],
    "buildings": [],
    "landuse": [
        [
            7210,
            2,
            4,
            16.573323866023244
        ]
    ],
    "road_inner": [],
    "road_connect": {},
    "population": [
        2.660698666811736
    ],
    "transport_embedding": [
        -0.21506533026695251,
        -0.7015712857246399,
        0.5906007885932922,
        -0.6609386205673218,
        0.8775156736373901,
        1.0484843254089355,
        -0.3169417679309845,
        0.4481765329837799,
        -0.7076734900474548,
        -0.3889573812484741
    ],
    "roadnet_embedding": [
        1.0362738370895386,
        -0.4419783353805542,
        0.09496723115444183,
        0.5403580069541931,
        -2.612386703491211,
        -0.21281929314136505,
        -0.008646540343761444,
        -0.04430597648024559,
        -0.04752132296562195,
        0.20820783078670502
    ],
    "function_embedding": [
        1.737758994102478,
        -4.012783050537109,
        0.5125141143798828,
        1.318023443222046,
        0.19283342361450195,
        -0.35111892223358154,
        -0.1656036376953125,
        -3.0702450275421143,
        -0.6096751689910889,
        1.2249226570129395
    ],
    "city_embedding": [
        -0.9837319254875183,
        0.003597026923671365,
        0.6691453456878662,
        1.3802671432495117,
        -0.59339839220047,
        1.255745530128479,
        0.1650719791650772,
        2.776949644088745,
        2.392439603805542,
        3.546583652496338
    ],
    "degree_embedding": [
        -0.9859232902526855,
        -0.14980502426624298,
        1.1363672018051147,
        1.3890211582183838,
        1.9668338298797607,
        -0.10017327964305878,
        -0.9014211297035217,
        -0.5218036770820618,
        0.12516868114471436,
        0.34269973635673523
    ]
}