{
    "id": 13241,
    "range": [
        121.956804,
        31.472716,
        121.966804,
        31.462716
    ],
    "image_path": "CitySatellite\\Shanghai\\13241.jpg",
    "poi": [],
    "places": [],
    "transport": [],
    "traffic": [],
    "buildings": [],
    "landuse": [
        [
            7210,
            2,
            4,
            16.573323866023244
        ]
    ],
    "road_inner": [],
    "road_connect": {},
    "population": [
        0.0
    ],
    "transport_embedding": [
        -0.2439979761838913,
        -0.6237524747848511,
        0.6116602420806885,
        -0.8088340759277344,
        0.2350427508354187,
        -1.0144422054290771,
        0.07521294057369232,
        2.049295663833618,
        -0.9533133506774902,
        -0.4262004494667053
    ],
    "roadnet_embedding": [
        1.05520498752594,
        -0.42878255248069763,
        0.09661899507045746,
        0.5557774305343628,
        -2.948218584060669,
        0.00887981615960598,
        0.04681269824504852,
        -0.12240508198738098,
        -0.08777717500925064,
        0.3862103223800659
    ],
    "function_embedding": [
        1.7376734018325806,
        -4.012681484222412,
        0.48395782709121704,
        1.3251055479049683,
        0.19434356689453125,
        -0.3319460451602936,
        -0.17040634155273438,
        -3.0153675079345703,
        -0.6182669401168823,
        1.3572750091552734
    ],
    "city_embedding": [
        -0.983723521232605,
        0.0036167511716485023,
        0.6694934964179993,
        1.3806318044662476,
        -0.5934169292449951,
        1.2560120820999146,
        0.1646505445241928,
        2.77662992477417,
        2.3926258087158203,
        3.5471549034118652
    ],
    "degree_embedding": [
        -0.9859232902526855,
        -0.14980502426624298,
        1.1363672018051147,
        1.3890211582183838,
        1.9668338298797607,
        -0.10017327964305878,
        -0.9014211297035217,
        -0.5218036770820618,
        0.12516868114471436,
        0.34269973635673523
    ]
}