{
    "id": 13259,
    "range": [
        121.956804,
        31.29271600000001,
        121.966804,
        31.282716
    ],
    "image_path": "CitySatellite\\Shanghai\\13259.jpg",
    "poi": [],
    "places": [],
    "transport": [],
    "traffic": [],
    "buildings": [],
    "landuse": [],
    "road_inner": [],
    "road_connect": {},
    "population": [
        0.0
    ],
    "transport_embedding": [
        -0.29612836241722107,
        -0.6519286632537842,
        0.9051501154899597,
        -0.5802691578865051,
        1.2129428386688232,
        0.13466495275497437,
        -1.2952549457550049,
        0.09814409166574478,
        -0.9541009664535522,
        -0.14397847652435303
    ],
    "roadnet_embedding": [
        0.976253867149353,
        -0.43742460012435913,
        0.1174335777759552,
        0.567112922668457,
        -2.8938210010528564,
        -0.009984400123357773,
        0.10508342832326889,
        -0.152459979057312,
        -0.058208439499139786,
        0.37351739406585693
    ],
    "function_embedding": [
        -0.6485211253166199,
        -0.27901220321655273,
        -0.05715404823422432,
        -0.020056139677762985,
        -1.3937193155288696,
        -0.10600940138101578,
        -0.04607647284865379,
        -0.10536200553178787,
        -0.18835939466953278,
        0.2922880947589874
    ],
    "city_embedding": [
        -0.983723521232605,
        0.0036167511716485023,
        0.6694934964179993,
        1.3806318044662476,
        -0.5934169292449951,
        1.2560120820999146,
        0.1646505445241928,
        2.77662992477417,
        2.3926258087158203,
        3.5471549034118652
    ],
    "degree_embedding": [
        -0.9859232902526855,
        -0.14980502426624298,
        1.1363672018051147,
        1.3890211582183838,
        1.9668338298797607,
        -0.10017327964305878,
        -0.9014211297035217,
        -0.5218036770820618,
        0.12516868114471436,
        0.34269973635673523
    ]
}