{
    "id": 13266,
    "range": [
        121.956804,
        31.222716,
        121.966804,
        31.212716
    ],
    "image_path": "CitySatellite\\Shanghai\\13266.jpg",
    "poi": [],
    "places": [],
    "transport": [],
    "traffic": [],
    "buildings": [],
    "landuse": [
        [
            7210,
            2,
            4,
            21.001310270270274
        ]
    ],
    "road_inner": [],
    "road_connect": {},
    "population": [
        0.0
    ],
    "transport_embedding": [
        -0.2909720242023468,
        -0.6659212112426758,
        0.835567057132721,
        -0.5825600028038025,
        1.5101805925369263,
        0.44097429513931274,
        -1.839642882347107,
        -0.6065359115600586,
        -0.6508125066757202,
        -0.05837872996926308
    ],
    "roadnet_embedding": [
        1.107733964920044,
        -0.4276104271411896,
        0.04792321100831032,
        0.48782646656036377,
        -2.7279489040374756,
        -0.19707120954990387,
        -0.046834614127874374,
        -0.007399933412671089,
        0.009562890976667404,
        0.1769116073846817
    ],
    "function_embedding": [
        1.739578127861023,
        -4.014944553375244,
        0.8093591332435608,
        1.2443573474884033,
        0.1770162582397461,
        -0.5500831604003906,
        -0.11569595336914062,
        -3.6395883560180664,
        -0.5205407738685608,
        0.03569008782505989
    ],
    "city_embedding": [
        -0.983723521232605,
        0.0036167511716485023,
        0.6694934964179993,
        1.3806318044662476,
        -0.5934169292449951,
        1.2560120820999146,
        0.1646505445241928,
        2.77662992477417,
        2.3926258087158203,
        3.5471549034118652
    ],
    "degree_embedding": [
        -0.9859232902526855,
        -0.14980502426624298,
        1.1363672018051147,
        1.3890211582183838,
        1.9668338298797607,
        -0.10017327964305878,
        -0.9014211297035217,
        -0.5218036770820618,
        0.12516868114471436,
        0.34269973635673523
    ]
}