{
    "id": 13267,
    "range": [
        121.956804,
        31.212716,
        121.966804,
        31.202716
    ],
    "image_path": "CitySatellite\\Shanghai\\13267.jpg",
    "poi": [],
    "places": [],
    "transport": [],
    "traffic": [],
    "buildings": [],
    "landuse": [
        [
            7210,
            2,
            4,
            21.001310270270274
        ]
    ],
    "road_inner": [],
    "road_connect": {},
    "population": [
        0.0
    ],
    "transport_embedding": [
        -0.19642651081085205,
        -0.755016565322876,
        0.4876687526702881,
        -0.6751963496208191,
        0.5252301692962646,
        -0.2997470200061798,
        -0.30572840571403503,
        1.3452494144439697,
        -0.4929620325565338,
        -0.34928634762763977
    ],
    "roadnet_embedding": [
        1.0622282028198242,
        -0.4313262104988098,
        0.06625496596097946,
        0.6033366322517395,
        -2.8791046142578125,
        -0.12407470494508743,
        0.018164144828915596,
        -0.036647357046604156,
        -0.06500623375177383,
        0.22332033514976501
    ],
    "function_embedding": [
        1.7396000623703003,
        -4.014970779418945,
        0.7998548746109009,
        1.2467119693756104,
        0.17751169204711914,
        -0.543685257434845,
        -0.1172943115234375,
        -3.6244595050811768,
        -0.5232368111610413,
        0.11197362840175629
    ],
    "city_embedding": [
        -0.983723521232605,
        0.0036167511716485023,
        0.6694934964179993,
        1.3806318044662476,
        -0.5934169292449951,
        1.2560120820999146,
        0.1646505445241928,
        2.77662992477417,
        2.3926258087158203,
        3.5471549034118652
    ],
    "degree_embedding": [
        -0.9859232902526855,
        -0.14980502426624298,
        1.1363672018051147,
        1.3890211582183838,
        1.9668338298797607,
        -0.10017327964305878,
        -0.9014211297035217,
        -0.5218036770820618,
        0.12516868114471436,
        0.34269973635673523
    ]
}