{
    "id": 13269,
    "range": [
        121.956804,
        31.192716,
        121.966804,
        31.182716
    ],
    "image_path": "CitySatellite\\Shanghai\\13269.jpg",
    "poi": [],
    "places": [],
    "transport": [],
    "traffic": [],
    "buildings": [],
    "landuse": [
        [
            7210,
            2,
            4,
            21.001310270270274
        ]
    ],
    "road_inner": [],
    "road_connect": {},
    "population": [
        0.0
    ],
    "transport_embedding": [
        -0.14249251782894135,
        -0.7257481813430786,
        0.5166252851486206,
        -0.6792632937431335,
        -0.24541132152080536,
        0.988984227180481,
        0.19786587357521057,
        0.4196811318397522,
        0.7744969129562378,
        -0.21345952153205872
    ],
    "roadnet_embedding": [
        1.0918394327163696,
        -0.4269289970397949,
        0.0713188499212265,
        0.5896406173706055,
        -2.9918174743652344,
        0.037067148834466934,
        0.022836120799183846,
        -0.14313656091690063,
        -0.07573309540748596,
        0.3820200264453888
    ],
    "function_embedding": [
        1.7396119832992554,
        -4.014984607696533,
        0.8327756524085999,
        1.2385516166687012,
        0.1757826805114746,
        -0.5658144950866699,
        -0.11175918579101562,
        -3.6767537593841553,
        -0.513916552066803,
        -0.08970426768064499
    ],
    "city_embedding": [
        -0.983723521232605,
        0.0036167511716485023,
        0.6694934964179993,
        1.3806318044662476,
        -0.5934169292449951,
        1.2560120820999146,
        0.1646505445241928,
        2.77662992477417,
        2.3926258087158203,
        3.5471549034118652
    ],
    "degree_embedding": [
        -0.9859232902526855,
        -0.14980502426624298,
        1.1363672018051147,
        1.3890211582183838,
        1.9668338298797607,
        -0.10017327964305878,
        -0.9014211297035217,
        -0.5218036770820618,
        0.12516868114471436,
        0.34269973635673523
    ]
}