{
    "id": 13268,
    "range": [
        121.956804,
        31.202716,
        121.966804,
        31.192716
    ],
    "image_path": "CitySatellite\\Shanghai\\13268.jpg",
    "poi": [],
    "places": [],
    "transport": [],
    "traffic": [],
    "buildings": [],
    "landuse": [
        [
            7210,
            2,
            4,
            21.001310270270274
        ]
    ],
    "road_inner": [],
    "road_connect": {},
    "population": [
        0.0
    ],
    "transport_embedding": [
        -0.12003587186336517,
        -0.8441529273986816,
        0.48367083072662354,
        -0.5058555603027344,
        0.1260734349489212,
        0.7292276620864868,
        0.2769112288951874,
        0.6709221601486206,
        0.8828065395355225,
        -0.23351968824863434
    ],
    "roadnet_embedding": [
        0.9976904988288879,
        -0.45356470346450806,
        0.08600436896085739,
        0.5562683343887329,
        -2.536818027496338,
        -0.28171342611312866,
        -0.005057232454419136,
        -0.04592638462781906,
        6.137874879641458e-05,
        0.14823488891124725
    ],
    "function_embedding": [
        1.7396210432052612,
        -4.014995574951172,
        0.8161002993583679,
        1.2426841259002686,
        0.17665672302246094,
        -0.5546000599861145,
        -0.11456298828125,
        -3.6510820388793945,
        -0.5185948014259338,
        0.018565675243735313
    ],
    "city_embedding": [
        -0.983723521232605,
        0.0036167511716485023,
        0.6694934964179993,
        1.3806318044662476,
        -0.5934169292449951,
        1.2560120820999146,
        0.1646505445241928,
        2.77662992477417,
        2.3926258087158203,
        3.5471549034118652
    ],
    "degree_embedding": [
        -0.9859232902526855,
        -0.14980502426624298,
        1.1363672018051147,
        1.3890211582183838,
        1.9668338298797607,
        -0.10017327964305878,
        -0.9014211297035217,
        -0.5218036770820618,
        0.12516868114471436,
        0.34269973635673523
    ]
}