{
    "id": 13271,
    "range": [
        121.956804,
        31.172716,
        121.966804,
        31.162716
    ],
    "image_path": "CitySatellite\\Shanghai\\13271.jpg",
    "poi": [],
    "places": [],
    "transport": [],
    "traffic": [],
    "buildings": [],
    "landuse": [
        [
            7210,
            2,
            4,
            21.001310270270274
        ]
    ],
    "road_inner": [],
    "road_connect": {},
    "population": [
        0.0
    ],
    "transport_embedding": [
        -0.09596794098615646,
        -0.8893694877624512,
        0.44578051567077637,
        -0.44896939396858215,
        0.20499029755592346,
        1.222827672958374,
        0.15190742909908295,
        0.21949192881584167,
        1.2328826189041138,
        -0.18348628282546997
    ],
    "roadnet_embedding": [
        1.1007391214370728,
        -0.42987334728240967,
        0.015420892275869846,
        0.569970428943634,
        -3.0377440452575684,
        -0.022228853777050972,
        0.038044918328523636,
        -0.07629774510860443,
        -0.04436895251274109,
        0.2822054624557495
    ],
    "function_embedding": [
        1.739617109298706,
        -4.01499080657959,
        0.82258141040802,
        1.2410781383514404,
        0.1763172149658203,
        -0.5589585304260254,
        -0.11347579956054688,
        -3.6602885723114014,
        -0.5168190598487854,
        0.013790500350296497
    ],
    "city_embedding": [
        -0.983723521232605,
        0.0036167511716485023,
        0.6694934964179993,
        1.3806318044662476,
        -0.5934169292449951,
        1.2560120820999146,
        0.1646505445241928,
        2.77662992477417,
        2.3926258087158203,
        3.5471549034118652
    ],
    "degree_embedding": [
        -0.9859232902526855,
        -0.14980502426624298,
        1.1363672018051147,
        1.3890211582183838,
        1.9668338298797607,
        -0.10017327964305878,
        -0.9014211297035217,
        -0.5218036770820618,
        0.12516868114471436,
        0.34269973635673523
    ]
}