{
    "id": 13287,
    "range": [
        121.956804,
        31.012716,
        121.966804,
        31.002716
    ],
    "image_path": "CitySatellite\\Shanghai\\13287.jpg",
    "poi": [],
    "places": [],
    "transport": [],
    "traffic": [],
    "buildings": [],
    "landuse": [],
    "road_inner": [],
    "road_connect": {},
    "population": [
        0.0
    ],
    "transport_embedding": [
        -0.14334417879581451,
        -0.660037636756897,
        0.48174792528152466,
        -0.7961239218711853,
        0.10065590590238571,
        1.4076420068740845,
        0.39159682393074036,
        1.005176067352295,
        -0.009019733406603336,
        -0.43430295586586
    ],
    "roadnet_embedding": [
        1.1398547887802124,
        -0.4345954656600952,
        0.038400087505578995,
        0.597276508808136,
        -2.793272018432617,
        -0.11479964107275009,
        -0.0670846700668335,
        -0.10741773247718811,
        -0.024688366800546646,
        0.20976103842258453
    ],
    "function_embedding": [
        -0.597756564617157,
        -0.30790063738822937,
        -0.04944254830479622,
        0.06248393654823303,
        -1.4559719562530518,
        -0.05572507902979851,
        -0.05597616359591484,
        -0.10006394982337952,
        -0.13139508664608002,
        0.21041299402713776
    ],
    "city_embedding": [
        -0.983723521232605,
        0.0036167511716485023,
        0.6694934964179993,
        1.3806318044662476,
        -0.5934169292449951,
        1.2560120820999146,
        0.1646505445241928,
        2.77662992477417,
        2.3926258087158203,
        3.5471549034118652
    ],
    "degree_embedding": [
        -0.9859232902526855,
        -0.14980502426624298,
        1.1363672018051147,
        1.3890211582183838,
        1.9668338298797607,
        -0.10017327964305878,
        -0.9014211297035217,
        -0.5218036770820618,
        0.12516868114471436,
        0.34269973635673523
    ]
}