{
    "id": 13286,
    "range": [
        121.956804,
        31.022716,
        121.966804,
        31.012716
    ],
    "image_path": "CitySatellite\\Shanghai\\13286.jpg",
    "poi": [],
    "places": [],
    "transport": [],
    "traffic": [],
    "buildings": [],
    "landuse": [],
    "road_inner": [],
    "road_connect": {},
    "population": [
        0.0
    ],
    "transport_embedding": [
        -0.0945415124297142,
        -0.6980969905853271,
        0.4189405143260956,
        -0.7772327065467834,
        -0.49547043442726135,
        1.341096043586731,
        1.2872880697250366,
        1.6602754592895508,
        0.4273938834667206,
        -0.41891539096832275
    ],
    "roadnet_embedding": [
        1.0678050518035889,
        -0.44261565804481506,
        0.08763249218463898,
        0.6740126609802246,
        -2.959444761276245,
        0.055611103773117065,
        0.051831405609846115,
        -0.2224745750427246,
        -0.07367921620607376,
        0.3892315924167633
    ],
    "function_embedding": [
        -0.6123552322387695,
        -0.2767755687236786,
        -0.04744354262948036,
        0.08028446137905121,
        -1.4828428030014038,
        -0.07843723148107529,
        -0.0168827623128891,
        -0.12018799036741257,
        -0.16885143518447876,
        0.2843019366264343
    ],
    "city_embedding": [
        -0.983723521232605,
        0.0036167511716485023,
        0.6694934964179993,
        1.3806318044662476,
        -0.5934169292449951,
        1.2560120820999146,
        0.1646505445241928,
        2.77662992477417,
        2.3926258087158203,
        3.5471549034118652
    ],
    "degree_embedding": [
        -0.9859232902526855,
        -0.14980502426624298,
        1.1363672018051147,
        1.3890211582183838,
        1.9668338298797607,
        -0.10017327964305878,
        -0.9014211297035217,
        -0.5218036770820618,
        0.12516868114471436,
        0.34269973635673523
    ]
}