{
    "id": 13285,
    "range": [
        121.956804,
        31.032716,
        121.966804,
        31.022716
    ],
    "image_path": "CitySatellite\\Shanghai\\13285.jpg",
    "poi": [],
    "places": [],
    "transport": [],
    "traffic": [],
    "buildings": [],
    "landuse": [],
    "road_inner": [],
    "road_connect": {},
    "population": [
        0.0
    ],
    "transport_embedding": [
        -0.04685548320412636,
        -0.9043512344360352,
        0.3280499279499054,
        -0.5598432421684265,
        -0.5264168381690979,
        0.7280562520027161,
        1.3177990913391113,
        1.354354739189148,
        0.8800837993621826,
        -0.28321585059165955
    ],
    "roadnet_embedding": [
        1.0832136869430542,
        -0.434459388256073,
        0.04896960407495499,
        0.6320333480834961,
        -3.0072388648986816,
        -0.03149842843413353,
        0.03790240362286568,
        -0.11113539338111877,
        -0.09766797721385956,
        0.27944034337997437
    ],
    "function_embedding": [
        -0.6255289912223816,
        -0.28544023633003235,
        -0.0669218897819519,
        -0.031277455389499664,
        -1.409280776977539,
        -0.054213546216487885,
        -0.04965110123157501,
        -0.11246301978826523,
        -0.17076478898525238,
        0.27112504839897156
    ],
    "city_embedding": [
        -0.983723521232605,
        0.0036167511716485023,
        0.6694934964179993,
        1.3806318044662476,
        -0.5934169292449951,
        1.2560120820999146,
        0.1646505445241928,
        2.77662992477417,
        2.3926258087158203,
        3.5471549034118652
    ],
    "degree_embedding": [
        -0.9859232902526855,
        -0.14980502426624298,
        1.1363672018051147,
        1.3890211582183838,
        1.9668338298797607,
        -0.10017327964305878,
        -0.9014211297035217,
        -0.5218036770820618,
        0.12516868114471436,
        0.34269973635673523
    ]
}