{
    "id": 13288,
    "range": [
        121.956804,
        31.002716,
        121.966804,
        30.99271599999999
    ],
    "image_path": "CitySatellite\\Shanghai\\13288.jpg",
    "poi": [],
    "places": [],
    "transport": [],
    "traffic": [],
    "buildings": [],
    "landuse": [],
    "road_inner": [],
    "road_connect": {},
    "population": [
        0.0
    ],
    "transport_embedding": [
        -0.074425108730793,
        -0.9276127219200134,
        0.4863836169242859,
        -0.44372716546058655,
        -0.01784391514956951,
        0.6782726049423218,
        0.2840862572193146,
        0.04818873479962349,
        1.1710681915283203,
        -0.06546743214130402
    ],
    "roadnet_embedding": [
        1.0628252029418945,
        -0.4523713290691376,
        0.07299552857875824,
        0.6121882796287537,
        -2.7173514366149902,
        -0.2046995759010315,
        0.01561624463647604,
        -0.04645032063126564,
        -0.10380031913518906,
        0.17202410101890564
    ],
    "function_embedding": [
        -0.6114278435707092,
        -0.2783495783805847,
        -0.05582389980554581,
        0.06688392162322998,
        -1.4548563957214355,
        -0.08857598155736923,
        -0.0011348065454512835,
        -0.11022324115037918,
        -0.15388435125350952,
        0.2513551115989685
    ],
    "city_embedding": [
        -0.983723521232605,
        0.0036167511716485023,
        0.6694934964179993,
        1.3806318044662476,
        -0.5934169292449951,
        1.2560120820999146,
        0.1646505445241928,
        2.77662992477417,
        2.3926258087158203,
        3.5471549034118652
    ],
    "degree_embedding": [
        -0.9859232902526855,
        -0.14980502426624298,
        1.1363672018051147,
        1.3890211582183838,
        1.9668338298797607,
        -0.10017327964305878,
        -0.9014211297035217,
        -0.5218036770820618,
        0.12516868114471436,
        0.34269973635673523
    ]
}