{
    "id": 13290,
    "range": [
        121.956804,
        30.982716,
        121.966804,
        30.972716
    ],
    "image_path": "CitySatellite\\Shanghai\\13290.jpg",
    "poi": [],
    "places": [],
    "transport": [],
    "traffic": [],
    "buildings": [],
    "landuse": [],
    "road_inner": [],
    "road_connect": {},
    "population": [
        0.0
    ],
    "transport_embedding": [
        -0.09060203284025192,
        -0.6745139956474304,
        0.41318410634994507,
        -0.8807339072227478,
        -0.6610433459281921,
        0.7099315524101257,
        1.3739045858383179,
        2.022589921951294,
        0.009546734392642975,
        -0.4144851565361023
    ],
    "roadnet_embedding": [
        1.1265183687210083,
        -0.42887964844703674,
        0.008381879888474941,
        0.5957654118537903,
        -3.0273914337158203,
        0.006589984521269798,
        0.02905048429965973,
        -0.14728227257728577,
        -0.0572994239628315,
        0.227131187915802
    ],
    "function_embedding": [
        -0.5806334018707275,
        -0.31402388215065,
        -0.0933576375246048,
        0.09961538761854172,
        -1.4771902561187744,
        -0.020419424399733543,
        -0.09980297088623047,
        -0.04013434424996376,
        -0.0564032681286335,
        0.28148749470710754
    ],
    "city_embedding": [
        -0.983723521232605,
        0.0036167511716485023,
        0.6694934964179993,
        1.3806318044662476,
        -0.5934169292449951,
        1.2560120820999146,
        0.1646505445241928,
        2.77662992477417,
        2.3926258087158203,
        3.5471549034118652
    ],
    "degree_embedding": [
        -0.9859232902526855,
        -0.14980502426624298,
        1.1363672018051147,
        1.3890211582183838,
        1.9668338298797607,
        -0.10017327964305878,
        -0.9014211297035217,
        -0.5218036770820618,
        0.12516868114471436,
        0.34269973635673523
    ]
}