{
    "id": 13295,
    "range": [
        121.956804,
        30.932716,
        121.966804,
        30.922716
    ],
    "image_path": "CitySatellite\\Shanghai\\13295.jpg",
    "poi": [],
    "places": [],
    "transport": [],
    "traffic": [],
    "buildings": [],
    "landuse": [
        [
            7214,
            1,
            3,
            2.18109675
        ],
        [
            7229,
            3,
            5,
            2.354627666666667
        ],
        [
            7201,
            7,
            4,
            2.54017975
        ]
    ],
    "road_inner": [],
    "road_connect": {},
    "population": [
        0.0
    ],
    "transport_embedding": [
        -0.2201036512851715,
        -0.7422069311141968,
        0.5023320913314819,
        -0.6787285208702087,
        0.5069640278816223,
        -0.7437207102775574,
        -0.6818748116493225,
        1.1845355033874512,
        -0.3075809180736542,
        -0.32045137882232666
    ],
    "roadnet_embedding": [
        1.110844373703003,
        -0.4429141581058502,
        0.06521224230527878,
        0.5898922681808472,
        -2.902390241622925,
        -0.04492826387286186,
        -0.0013371449895203114,
        -0.13992223143577576,
        -0.09681068360805511,
        0.3395879864692688
    ],
    "function_embedding": [
        0.40477454662323,
        -2.421990156173706,
        0.0011661697644740343,
        0.6500522494316101,
        0.47926875948905945,
        0.22479012608528137,
        -0.2953110635280609,
        0.9360327124595642,
        -0.6595187783241272,
        2.886767625808716
    ],
    "city_embedding": [
        -0.983723521232605,
        0.0036167511716485023,
        0.6694934964179993,
        1.3806318044662476,
        -0.5934169292449951,
        1.2560120820999146,
        0.1646505445241928,
        2.77662992477417,
        2.3926258087158203,
        3.5471549034118652
    ],
    "degree_embedding": [
        -0.9859232902526855,
        -0.14980502426624298,
        1.1363672018051147,
        1.3890211582183838,
        1.9668338298797607,
        -0.10017327964305878,
        -0.9014211297035217,
        -0.5218036770820618,
        0.12516868114471436,
        0.34269973635673523
    ]
}