{
    "id": 13291,
    "range": [
        121.956804,
        30.972716,
        121.966804,
        30.962716
    ],
    "image_path": "CitySatellite\\Shanghai\\13291.jpg",
    "poi": [],
    "places": [],
    "transport": [],
    "traffic": [],
    "buildings": [],
    "landuse": [],
    "road_inner": [],
    "road_connect": {},
    "population": [
        0.0
    ],
    "transport_embedding": [
        -0.3320084810256958,
        -0.6377682685852051,
        0.9224487543106079,
        -0.5507004857063293,
        0.7770383358001709,
        -1.143795132637024,
        -1.3016947507858276,
        -0.31943750381469727,
        0.09642962366342545,
        0.04451512545347214
    ],
    "roadnet_embedding": [
        1.0100328922271729,
        -0.4474011957645416,
        0.08969416469335556,
        0.6099627614021301,
        -2.7725372314453125,
        -0.11195679754018784,
        0.02702738344669342,
        -0.07562344521284103,
        -0.01224331185221672,
        0.3505072295665741
    ],
    "function_embedding": [
        -0.6002563238143921,
        -0.2954353988170624,
        -0.07254564762115479,
        0.04838686063885689,
        -1.44549560546875,
        -0.07950754463672638,
        0.048506058752536774,
        -0.15057441592216492,
        -0.13992014527320862,
        0.28632867336273193
    ],
    "city_embedding": [
        -0.983723521232605,
        0.0036167511716485023,
        0.6694934964179993,
        1.3806318044662476,
        -0.5934169292449951,
        1.2560120820999146,
        0.1646505445241928,
        2.77662992477417,
        2.3926258087158203,
        3.5471549034118652
    ],
    "degree_embedding": [
        -0.9859232902526855,
        -0.14980502426624298,
        1.1363672018051147,
        1.3890211582183838,
        1.9668338298797607,
        -0.10017327964305878,
        -0.9014211297035217,
        -0.5218036770820618,
        0.12516868114471436,
        0.34269973635673523
    ]
}