{
    "id": 13303,
    "range": [
        121.956804,
        30.852716,
        121.966804,
        30.842716
    ],
    "image_path": "CitySatellite\\Shanghai\\13303.jpg",
    "poi": [],
    "places": [],
    "transport": [],
    "traffic": [],
    "buildings": [],
    "landuse": [],
    "road_inner": [],
    "road_connect": {},
    "population": [
        0.0
    ],
    "transport_embedding": [
        -0.20410317182540894,
        -0.73177570104599,
        0.6608659029006958,
        -0.5968514084815979,
        0.3164677023887634,
        -0.39860066771507263,
        -0.28130823373794556,
        0.6819339394569397,
        0.3134983777999878,
        -0.13320578634738922
    ],
    "roadnet_embedding": [
        1.0791850090026855,
        -0.43177902698516846,
        0.07129939645528793,
        0.448878675699234,
        -2.7137269973754883,
        -0.2230745106935501,
        -0.04146662726998329,
        0.04793011397123337,
        -0.040599334985017776,
        0.24333149194717407
    ],
    "function_embedding": [
        -0.5988442897796631,
        -0.2836371660232544,
        -0.06473813951015472,
        0.07534162700176239,
        -1.4889243841171265,
        -0.046300653368234634,
        -0.08997842669487,
        -0.04401488974690437,
        -0.08467830717563629,
        0.2615566849708557
    ],
    "city_embedding": [
        -0.983723521232605,
        0.0036167511716485023,
        0.6694934964179993,
        1.3806318044662476,
        -0.5934169292449951,
        1.2560120820999146,
        0.1646505445241928,
        2.77662992477417,
        2.3926258087158203,
        3.5471549034118652
    ],
    "degree_embedding": [
        -0.9859232902526855,
        -0.14980502426624298,
        1.1363672018051147,
        1.3890211582183838,
        1.9668338298797607,
        -0.10017327964305878,
        -0.9014211297035217,
        -0.5218036770820618,
        0.12516868114471436,
        0.34269973635673523
    ]
}