{
    "id": 13302,
    "range": [
        121.956804,
        30.862716,
        121.966804,
        30.852716
    ],
    "image_path": "CitySatellite\\Shanghai\\13302.jpg",
    "poi": [],
    "places": [],
    "transport": [],
    "traffic": [],
    "buildings": [],
    "landuse": [],
    "road_inner": [],
    "road_connect": {},
    "population": [
        0.0
    ],
    "transport_embedding": [
        -0.10227020829916,
        -0.9102886319160461,
        0.544064462184906,
        -0.3850361704826355,
        -0.007331305183470249,
        1.158935308456421,
        0.29405441880226135,
        -0.1777474284172058,
        1.2748639583587646,
        -0.08706225454807281
    ],
    "roadnet_embedding": [
        1.0791715383529663,
        -0.43039098381996155,
        0.07934042066335678,
        0.6014364361763,
        -2.8950886726379395,
        -0.051149412989616394,
        0.001485434826463461,
        -0.08737365901470184,
        -0.05516882240772247,
        0.3357997536659241
    ],
    "function_embedding": [
        -0.5865339040756226,
        -0.3065364956855774,
        -0.06094134598970413,
        0.09879755973815918,
        -1.4707707166671753,
        -0.07429654151201248,
        -0.008364501409232616,
        -0.09876973181962967,
        -0.1409260779619217,
        0.27411210536956787
    ],
    "city_embedding": [
        -0.983723521232605,
        0.0036167511716485023,
        0.6694934964179993,
        1.3806318044662476,
        -0.5934169292449951,
        1.2560120820999146,
        0.1646505445241928,
        2.77662992477417,
        2.3926258087158203,
        3.5471549034118652
    ],
    "degree_embedding": [
        -0.9859232902526855,
        -0.14980502426624298,
        1.1363672018051147,
        1.3890211582183838,
        1.9668338298797607,
        -0.10017327964305878,
        -0.9014211297035217,
        -0.5218036770820618,
        0.12516868114471436,
        0.34269973635673523
    ]
}