{
    "id": 13301,
    "range": [
        121.956804,
        30.872716,
        121.966804,
        30.862716
    ],
    "image_path": "CitySatellite\\Shanghai\\13301.jpg",
    "poi": [],
    "places": [],
    "transport": [],
    "traffic": [],
    "buildings": [],
    "landuse": [],
    "road_inner": [],
    "road_connect": {},
    "population": [
        0.0
    ],
    "transport_embedding": [
        -0.06454946845769882,
        -0.8532750010490417,
        0.32573381066322327,
        -0.5233199000358582,
        -0.21669675409793854,
        2.3758699893951416,
        1.2139925956726074,
        0.6603870391845703,
        1.261201024055481,
        -0.3157017230987549
    ],
    "roadnet_embedding": [
        1.0341720581054688,
        -0.43168118596076965,
        0.06875832378864288,
        0.5843610167503357,
        -2.8047244548797607,
        -0.08885839581489563,
        0.04382672533392906,
        -0.1254817396402359,
        -0.017390131950378418,
        0.20278577506542206
    ],
    "function_embedding": [
        -0.5788177847862244,
        -0.31661853194236755,
        -0.10814731568098068,
        0.08897162973880768,
        -1.4687143564224243,
        -0.008895287290215492,
        -0.06627844274044037,
        -0.04348108544945717,
        -0.052991483360528946,
        0.32747766375541687
    ],
    "city_embedding": [
        -0.983723521232605,
        0.0036167511716485023,
        0.6694934964179993,
        1.3806318044662476,
        -0.5934169292449951,
        1.2560120820999146,
        0.1646505445241928,
        2.77662992477417,
        2.3926258087158203,
        3.5471549034118652
    ],
    "degree_embedding": [
        -0.9859232902526855,
        -0.14980502426624298,
        1.1363672018051147,
        1.3890211582183838,
        1.9668338298797607,
        -0.10017327964305878,
        -0.9014211297035217,
        -0.5218036770820618,
        0.12516868114471436,
        0.34269973635673523
    ]
}