{
    "id": 13348,
    "range": [
        121.966804,
        31.602716,
        121.976804,
        31.592716
    ],
    "image_path": "CitySatellite\\Shanghai\\13348.jpg",
    "poi": [],
    "places": [],
    "transport": [],
    "traffic": [],
    "buildings": [],
    "landuse": [
        [
            7210,
            1,
            4,
            8.507403191780822
        ]
    ],
    "road_inner": [],
    "road_connect": {},
    "population": [
        0.0
    ],
    "transport_embedding": [
        -0.08701860904693604,
        -0.755516767501831,
        0.3643617331981659,
        -0.6910074949264526,
        -0.12450511008501053,
        2.0658059120178223,
        0.6062756180763245,
        0.5796682834625244,
        0.904693067073822,
        -0.3300626575946808
    ],
    "roadnet_embedding": [
        1.0859594345092773,
        -0.4375361204147339,
        0.07203307002782822,
        0.5770639777183533,
        -2.9124937057495117,
        -0.08408316969871521,
        0.002585179405286908,
        -0.06414134055376053,
        -0.08867564797401428,
        0.33168110251426697
    ],
    "function_embedding": [
        1.6710695028305054,
        -3.933540105819702,
        -0.5861371755599976,
        1.5882759094238281,
        0.2598932683467865,
        0.3759230971336365,
        -0.3509342670440674,
        -0.043965987861156464,
        -0.9719374179840088,
        4.747900485992432
    ],
    "city_embedding": [
        -0.983723521232605,
        0.0036167511716485023,
        0.6694934964179993,
        1.3806318044662476,
        -0.5934169292449951,
        1.2560120820999146,
        0.1646505445241928,
        2.77662992477417,
        2.3926258087158203,
        3.5471549034118652
    ],
    "degree_embedding": [
        -0.9859232902526855,
        -0.14980502426624298,
        1.1363672018051147,
        1.3890211582183838,
        1.9668338298797607,
        -0.10017327964305878,
        -0.9014211297035217,
        -0.5218036770820618,
        0.12516868114471436,
        0.34269973635673523
    ]
}