{
    "id": 13349,
    "range": [
        121.966804,
        31.592716,
        121.976804,
        31.58271599999999
    ],
    "image_path": "CitySatellite\\Shanghai\\13349.jpg",
    "poi": [],
    "places": [],
    "transport": [],
    "traffic": [],
    "buildings": [],
    "landuse": [
        [
            7210,
            2,
            4,
            16.573323866023244
        ]
    ],
    "road_inner": [],
    "road_connect": {},
    "population": [
        0.0
    ],
    "transport_embedding": [
        -0.2663802206516266,
        -0.4782143533229828,
        0.7481991648674011,
        -0.9815288186073303,
        0.006775912828743458,
        -1.217332363128662,
        0.12439901381731033,
        2.1274449825286865,
        -1.151607871055603,
        -0.38516509532928467
    ],
    "roadnet_embedding": [
        1.0836390256881714,
        -0.43303433060646057,
        0.04984917864203453,
        0.459347128868103,
        -2.877166509628296,
        -0.09051770716905594,
        0.004008105490356684,
        -0.03832446038722992,
        -0.048074837774038315,
        0.31614091992378235
    ],
    "function_embedding": [
        1.7376370429992676,
        -4.012638092041016,
        0.4875688850879669,
        1.3242121934890747,
        0.19415855407714844,
        -0.33438754081726074,
        -0.16979598999023438,
        -3.022860527038574,
        -0.6171441078186035,
        1.3123751878738403
    ],
    "city_embedding": [
        -0.983723521232605,
        0.0036167511716485023,
        0.6694934964179993,
        1.3806318044662476,
        -0.5934169292449951,
        1.2560120820999146,
        0.1646505445241928,
        2.77662992477417,
        2.3926258087158203,
        3.5471549034118652
    ],
    "degree_embedding": [
        -0.9859232902526855,
        -0.14980502426624298,
        1.1363672018051147,
        1.3890211582183838,
        1.9668338298797607,
        -0.10017327964305878,
        -0.9014211297035217,
        -0.5218036770820618,
        0.12516868114471436,
        0.34269973635673523
    ]
}