{
    "id": 13356,
    "range": [
        121.966804,
        31.522716,
        121.976804,
        31.512716
    ],
    "image_path": "CitySatellite\\Shanghai\\13356.jpg",
    "poi": [],
    "places": [],
    "transport": [],
    "traffic": [],
    "buildings": [],
    "landuse": [
        [
            7210,
            2,
            4,
            16.573323866023244
        ]
    ],
    "road_inner": [],
    "road_connect": {},
    "population": [
        0.0
    ],
    "transport_embedding": [
        -0.181008443236351,
        -0.7626574039459229,
        0.5276211500167847,
        -0.5657854676246643,
        0.6654505729675293,
        1.2526476383209229,
        -0.2462192177772522,
        0.09740588814020157,
        0.3044339716434479,
        -0.266319215297699
    ],
    "roadnet_embedding": [
        1.066115140914917,
        -0.41403305530548096,
        0.07670239359140396,
        0.6328511834144592,
        -3.0250632762908936,
        0.08173960447311401,
        0.0195977333933115,
        -0.19583098590373993,
        -0.037486497312784195,
        0.3526930809020996
    ],
    "function_embedding": [
        1.7377461194992065,
        -4.012767791748047,
        0.505813479423523,
        1.3196847438812256,
        0.19318723678588867,
        -0.3466176390647888,
        -0.16672897338867188,
        -3.055375576019287,
        -0.6117992401123047,
        1.228538155555725
    ],
    "city_embedding": [
        -0.983723521232605,
        0.0036167511716485023,
        0.6694934964179993,
        1.3806318044662476,
        -0.5934169292449951,
        1.2560120820999146,
        0.1646505445241928,
        2.77662992477417,
        2.3926258087158203,
        3.5471549034118652
    ],
    "degree_embedding": [
        -0.9859232902526855,
        -0.14980502426624298,
        1.1363672018051147,
        1.3890211582183838,
        1.9668338298797607,
        -0.10017327964305878,
        -0.9014211297035217,
        -0.5218036770820618,
        0.12516868114471436,
        0.34269973635673523
    ]
}