{
    "id": 13352,
    "range": [
        121.966804,
        31.562716,
        121.976804,
        31.552716
    ],
    "image_path": "CitySatellite\\Shanghai\\13352.jpg",
    "poi": [],
    "places": [],
    "transport": [],
    "traffic": [],
    "buildings": [],
    "landuse": [
        [
            7210,
            2,
            4,
            16.573323866023244
        ]
    ],
    "road_inner": [],
    "road_connect": {},
    "population": [
        0.0
    ],
    "transport_embedding": [
        -0.16047360002994537,
        -0.6613196730613708,
        0.5210817456245422,
        -0.7987020015716553,
        0.3397606909275055,
        1.0233128070831299,
        -0.6166828870773315,
        0.3701753318309784,
        0.1690589338541031,
        -0.2862979471683502
    ],
    "roadnet_embedding": [
        1.036138653755188,
        -0.44585120677948,
        0.11853381246328354,
        0.5784248113632202,
        -2.7309532165527344,
        -0.041935138404369354,
        0.023587757721543312,
        -0.19743727147579193,
        -0.04558137059211731,
        0.37933364510536194
    ],
    "function_embedding": [
        1.7376083135604858,
        -4.012604236602783,
        0.4813433885574341,
        1.3257566690444946,
        0.1944890022277832,
        -0.33021363615989685,
        -0.17084503173828125,
        -3.011013984680176,
        -0.6190099716186523,
        1.3458257913589478
    ],
    "city_embedding": [
        -0.983723521232605,
        0.0036167511716485023,
        0.6694934964179993,
        1.3806318044662476,
        -0.5934169292449951,
        1.2560120820999146,
        0.1646505445241928,
        2.77662992477417,
        2.3926258087158203,
        3.5471549034118652
    ],
    "degree_embedding": [
        -0.9859232902526855,
        -0.14980502426624298,
        1.1363672018051147,
        1.3890211582183838,
        1.9668338298797607,
        -0.10017327964305878,
        -0.9014211297035217,
        -0.5218036770820618,
        0.12516868114471436,
        0.34269973635673523
    ]
}