{
    "id": 13359,
    "range": [
        121.966804,
        31.492716,
        121.976804,
        31.482716
    ],
    "image_path": "CitySatellite\\Shanghai\\13359.jpg",
    "poi": [],
    "places": [],
    "transport": [],
    "traffic": [],
    "buildings": [],
    "landuse": [
        [
            7210,
            2,
            4,
            16.573323866023244
        ]
    ],
    "road_inner": [],
    "road_connect": {},
    "population": [
        0.0
    ],
    "transport_embedding": [
        -0.29621604084968567,
        -0.6740677356719971,
        0.7099066376686096,
        -0.6483038663864136,
        1.0808234214782715,
        -0.7897812724113464,
        -1.2286242246627808,
        1.0817036628723145,
        -1.0726749897003174,
        -0.28614431619644165
    ],
    "roadnet_embedding": [
        1.1056565046310425,
        -0.44126906991004944,
        0.058784984052181244,
        0.6159490346908569,
        -2.984563112258911,
        0.04985280707478523,
        0.03468478098511696,
        -0.21215718984603882,
        -0.10218971222639084,
        0.37812426686286926
    ],
    "function_embedding": [
        1.7377620935440063,
        -4.012786865234375,
        0.4924384355545044,
        1.3229992389678955,
        0.19388675689697266,
        -0.3376191556453705,
        -0.16897964477539062,
        -3.029219627380371,
        -0.615856945514679,
        1.306533694267273
    ],
    "city_embedding": [
        -0.983723521232605,
        0.0036167511716485023,
        0.6694934964179993,
        1.3806318044662476,
        -0.5934169292449951,
        1.2560120820999146,
        0.1646505445241928,
        2.77662992477417,
        2.3926258087158203,
        3.5471549034118652
    ],
    "degree_embedding": [
        -0.9859232902526855,
        -0.14980502426624298,
        1.1363672018051147,
        1.3890211582183838,
        1.9668338298797607,
        -0.10017327964305878,
        -0.9014211297035217,
        -0.5218036770820618,
        0.12516868114471436,
        0.34269973635673523
    ]
}