{
    "id": 13351,
    "range": [
        121.966804,
        31.572716,
        121.976804,
        31.562716
    ],
    "image_path": "CitySatellite\\Shanghai\\13351.jpg",
    "poi": [],
    "places": [],
    "transport": [],
    "traffic": [],
    "buildings": [],
    "landuse": [
        [
            7210,
            2,
            4,
            16.573323866023244
        ]
    ],
    "road_inner": [],
    "road_connect": {},
    "population": [
        0.0
    ],
    "transport_embedding": [
        -0.112092986702919,
        -0.8902265429496765,
        0.5680634379386902,
        -0.4160313308238983,
        0.0655774474143982,
        0.4717705547809601,
        0.1401325911283493,
        0.11640000343322754,
        1.2400532960891724,
        -0.08338727056980133
    ],
    "roadnet_embedding": [
        1.0836561918258667,
        -0.4301510155200958,
        0.02102632261812687,
        0.42119738459587097,
        -2.7914111614227295,
        -0.2562326192855835,
        -0.018636297434568405,
        0.10303817689418793,
        0.06585948914289474,
        0.15415196120738983
    ],
    "function_embedding": [
        1.7377029657363892,
        -4.012716770172119,
        0.45590412616729736,
        1.3320579528808594,
        0.19581127166748047,
        -0.3130778968334198,
        -0.1751251220703125,
        -2.9702978134155273,
        -0.6262429356575012,
        1.4676433801651
    ],
    "city_embedding": [
        -0.983723521232605,
        0.0036167511716485023,
        0.6694934964179993,
        1.3806318044662476,
        -0.5934169292449951,
        1.2560120820999146,
        0.1646505445241928,
        2.77662992477417,
        2.3926258087158203,
        3.5471549034118652
    ],
    "degree_embedding": [
        -0.9859232902526855,
        -0.14980502426624298,
        1.1363672018051147,
        1.3890211582183838,
        1.9668338298797607,
        -0.10017327964305878,
        -0.9014211297035217,
        -0.5218036770820618,
        0.12516868114471436,
        0.34269973635673523
    ]
}