{
    "id": 13361,
    "range": [
        121.966804,
        31.472716,
        121.976804,
        31.462716
    ],
    "image_path": "CitySatellite\\Shanghai\\13361.jpg",
    "poi": [],
    "places": [],
    "transport": [],
    "traffic": [],
    "buildings": [],
    "landuse": [
        [
            7210,
            2,
            4,
            16.573323866023244
        ]
    ],
    "road_inner": [],
    "road_connect": {},
    "population": [
        0.0
    ],
    "transport_embedding": [
        -0.14413058757781982,
        -0.7530930042266846,
        0.45733940601348877,
        -0.6044520735740662,
        -0.45912185311317444,
        1.170764684677124,
        1.1072585582733154,
        0.7799930572509766,
        0.9989227056503296,
        -0.24431996047496796
    ],
    "roadnet_embedding": [
        0.9962157607078552,
        -0.43152183294296265,
        0.07890551537275314,
        0.6223840117454529,
        -2.920621633529663,
        0.0034848039504140615,
        0.04844661056995392,
        -0.18628744781017303,
        0.019102085381746292,
        0.35277777910232544
    ],
    "function_embedding": [
        1.7376407384872437,
        -4.012642860412598,
        0.5025143623352051,
        1.3205071687698364,
        0.1933741569519043,
        -0.3444336950778961,
        -0.1672821044921875,
        -3.048821210861206,
        -0.612790048122406,
        1.2291946411132812
    ],
    "city_embedding": [
        -0.983723521232605,
        0.0036167511716485023,
        0.6694934964179993,
        1.3806318044662476,
        -0.5934169292449951,
        1.2560120820999146,
        0.1646505445241928,
        2.77662992477417,
        2.3926258087158203,
        3.5471549034118652
    ],
    "degree_embedding": [
        -0.9859232902526855,
        -0.14980502426624298,
        1.1363672018051147,
        1.3890211582183838,
        1.9668338298797607,
        -0.10017327964305878,
        -0.9014211297035217,
        -0.5218036770820618,
        0.12516868114471436,
        0.34269973635673523
    ]
}