{
    "id": 13360,
    "range": [
        121.966804,
        31.482716,
        121.976804,
        31.472716
    ],
    "image_path": "CitySatellite\\Shanghai\\13360.jpg",
    "poi": [],
    "places": [],
    "transport": [],
    "traffic": [],
    "buildings": [],
    "landuse": [
        [
            7210,
            2,
            4,
            16.573323866023244
        ]
    ],
    "road_inner": [],
    "road_connect": {},
    "population": [
        0.0
    ],
    "transport_embedding": [
        -0.31794384121894836,
        -0.5313585996627808,
        0.6819786429405212,
        -0.8899391293525696,
        1.2100048065185547,
        -0.13041605055332184,
        -1.7253553867340088,
        0.5613734722137451,
        -1.4604853391647339,
        -0.23656907677650452
    ],
    "roadnet_embedding": [
        1.0665663480758667,
        -0.42277663946151733,
        0.0810791477560997,
        0.5230234861373901,
        -2.8062005043029785,
        -0.0705333948135376,
        -0.005111947190016508,
        -0.08953801542520523,
        -0.03580965846776962,
        0.2809467017650604
    ],
    "function_embedding": [
        1.7377586364746094,
        -4.012782573699951,
        0.5075414776802063,
        1.319256067276001,
        0.19309473037719727,
        -0.34777531027793884,
        -0.16643905639648438,
        -3.0616848468780518,
        -0.6111190319061279,
        1.2265582084655762
    ],
    "city_embedding": [
        -0.983723521232605,
        0.0036167511716485023,
        0.6694934964179993,
        1.3806318044662476,
        -0.5934169292449951,
        1.2560120820999146,
        0.1646505445241928,
        2.77662992477417,
        2.3926258087158203,
        3.5471549034118652
    ],
    "degree_embedding": [
        -0.9859232902526855,
        -0.14980502426624298,
        1.1363672018051147,
        1.3890211582183838,
        1.9668338298797607,
        -0.10017327964305878,
        -0.9014211297035217,
        -0.5218036770820618,
        0.12516868114471436,
        0.34269973635673523
    ]
}