{
    "id": 13377,
    "range": [
        121.966804,
        31.312716,
        121.976804,
        31.302716
    ],
    "image_path": "CitySatellite\\Shanghai\\13377.jpg",
    "poi": [],
    "places": [],
    "transport": [],
    "traffic": [],
    "buildings": [],
    "landuse": [],
    "road_inner": [],
    "road_connect": {},
    "population": [
        0.0
    ],
    "transport_embedding": [
        -0.11690506339073181,
        -0.8569605946540833,
        0.5315555930137634,
        -0.5145918726921082,
        0.04035482555627823,
        0.1426611840724945,
        0.002708195708692074,
        0.44817307591438293,
        0.9100182056427002,
        -0.14599479734897614
    ],
    "roadnet_embedding": [
        1.0592182874679565,
        -0.44791585206985474,
        0.08246225863695145,
        0.466844379901886,
        -2.4850199222564697,
        -0.3317752182483673,
        -0.03409683331847191,
        0.0382128581404686,
        -0.037161070853471756,
        0.12416943907737732
    ],
    "function_embedding": [
        -0.615122377872467,
        -0.2884168326854706,
        -0.05704983323812485,
        0.04381129518151283,
        -1.451225996017456,
        -0.054349251091480255,
        0.022444957867264748,
        -0.08600058406591415,
        -0.13381873071193695,
        0.24970974028110504
    ],
    "city_embedding": [
        -0.983723521232605,
        0.0036167511716485023,
        0.6694934964179993,
        1.3806318044662476,
        -0.5934169292449951,
        1.2560120820999146,
        0.1646505445241928,
        2.77662992477417,
        2.3926258087158203,
        3.5471549034118652
    ],
    "degree_embedding": [
        -0.9859232902526855,
        -0.14980502426624298,
        1.1363672018051147,
        1.3890211582183838,
        1.9668338298797607,
        -0.10017327964305878,
        -0.9014211297035217,
        -0.5218036770820618,
        0.12516868114471436,
        0.34269973635673523
    ]
}