{
    "id": 13379,
    "range": [
        121.966804,
        31.29271600000001,
        121.976804,
        31.282716
    ],
    "image_path": "CitySatellite\\Shanghai\\13379.jpg",
    "poi": [],
    "places": [],
    "transport": [],
    "traffic": [],
    "buildings": [],
    "landuse": [],
    "road_inner": [],
    "road_connect": {},
    "population": [
        0.0
    ],
    "transport_embedding": [
        -0.17403891682624817,
        -0.7385799288749695,
        0.550808846950531,
        -0.6098536252975464,
        0.15668880939483643,
        0.4815169870853424,
        0.22834402322769165,
        0.8076448440551758,
        0.4933904707431793,
        -0.2326924204826355
    ],
    "roadnet_embedding": [
        1.0450044870376587,
        -0.4262503683567047,
        0.07464446127414703,
        0.571507453918457,
        -2.827572822570801,
        -0.09678667038679123,
        0.033019181340932846,
        -0.08103372156620026,
        -0.03502973914146423,
        0.22192637622356415
    ],
    "function_embedding": [
        -0.6091512441635132,
        -0.32372957468032837,
        -0.058872561901807785,
        0.06351836025714874,
        -1.4001976251602173,
        -0.06615299731492996,
        0.05229934677481651,
        -0.06131153553724289,
        -0.15818780660629272,
        0.30420711636543274
    ],
    "city_embedding": [
        -0.983723521232605,
        0.0036167511716485023,
        0.6694934964179993,
        1.3806318044662476,
        -0.5934169292449951,
        1.2560120820999146,
        0.1646505445241928,
        2.77662992477417,
        2.3926258087158203,
        3.5471549034118652
    ],
    "degree_embedding": [
        -0.9859232902526855,
        -0.14980502426624298,
        1.1363672018051147,
        1.3890211582183838,
        1.9668338298797607,
        -0.10017327964305878,
        -0.9014211297035217,
        -0.5218036770820618,
        0.12516868114471436,
        0.34269973635673523
    ]
}