{
    "id": 13375,
    "range": [
        121.966804,
        31.332716,
        121.976804,
        31.322716
    ],
    "image_path": "CitySatellite\\Shanghai\\13375.jpg",
    "poi": [],
    "places": [],
    "transport": [],
    "traffic": [],
    "buildings": [],
    "landuse": [],
    "road_inner": [
        [
            5121,
            1.0,
            4,
            608.059
        ]
    ],
    "road_connect": {
        "13135": {
            "4": 1
        },
        "13255": {
            "4": 1
        }
    },
    "population": [
        0.0
    ],
    "transport_embedding": [
        -0.03795008733868599,
        -0.9868769645690918,
        0.35897156596183777,
        -0.4003644585609436,
        0.030712049454450607,
        1.260167121887207,
        0.4861120879650116,
        0.29477718472480774,
        1.316122055053711,
        -0.13778401911258698
    ],
    "roadnet_embedding": [
        0.8253176808357239,
        -0.6760066151618958,
        0.07079091668128967,
        -0.44014954566955566,
        -0.5187739729881287,
        -2.0977559089660645,
        -0.16540411114692688,
        0.8545464277267456,
        0.5366688966751099,
        -0.6323078274726868
    ],
    "function_embedding": [
        -0.616202175617218,
        -0.293363481760025,
        -0.09354405105113983,
        0.0205952450633049,
        -1.4412715435028076,
        -0.023729270324110985,
        -0.13796137273311615,
        -0.05906769633293152,
        -0.0822751522064209,
        0.30061784386634827
    ],
    "city_embedding": [
        -0.983723521232605,
        0.0036167511716485023,
        0.6694934964179993,
        1.3806318044662476,
        -0.5934169292449951,
        1.2560120820999146,
        0.1646505445241928,
        2.77662992477417,
        2.3926258087158203,
        3.5471549034118652
    ],
    "degree_embedding": [
        -0.9803432822227478,
        -0.4955008625984192,
        0.02320222556591034,
        0.8904775381088257,
        1.3509734869003296,
        0.22085069119930267,
        -0.2695158123970032,
        -1.039759874343872,
        0.8916219472885132,
        -1.264162540435791
    ]
}