{
    "id": 13386,
    "range": [
        121.966804,
        31.222716,
        121.976804,
        31.212716
    ],
    "image_path": "CitySatellite\\Shanghai\\13386.jpg",
    "poi": [],
    "places": [],
    "transport": [],
    "traffic": [],
    "buildings": [],
    "landuse": [
        [
            7210,
            2,
            4,
            21.001310270270274
        ]
    ],
    "road_inner": [],
    "road_connect": {},
    "population": [
        0.0
    ],
    "transport_embedding": [
        -0.1818961352109909,
        -0.758604884147644,
        0.5362256169319153,
        -0.6323385238647461,
        0.5714002251625061,
        0.19068624079227448,
        -0.5817851424217224,
        0.5969132781028748,
        0.05512280762195587,
        -0.247338205575943
    ],
    "roadnet_embedding": [
        0.9980611801147461,
        -0.43671727180480957,
        0.07578777521848679,
        0.6116911768913269,
        -2.8321542739868164,
        -0.04450983926653862,
        0.05555925890803337,
        -0.19690118730068207,
        0.0071631805039942265,
        0.267324835062027
    ],
    "function_embedding": [
        1.7395881414413452,
        -4.014956474304199,
        0.7963772416114807,
        1.2475745677947998,
        0.17769575119018555,
        -0.5413514375686646,
        -0.11788177490234375,
        -3.618438720703125,
        -0.5242472290992737,
        0.15580156445503235
    ],
    "city_embedding": [
        -0.983723521232605,
        0.0036167511716485023,
        0.6694934964179993,
        1.3806318044662476,
        -0.5934169292449951,
        1.2560120820999146,
        0.1646505445241928,
        2.77662992477417,
        2.3926258087158203,
        3.5471549034118652
    ],
    "degree_embedding": [
        -0.9859232902526855,
        -0.14980502426624298,
        1.1363672018051147,
        1.3890211582183838,
        1.9668338298797607,
        -0.10017327964305878,
        -0.9014211297035217,
        -0.5218036770820618,
        0.12516868114471436,
        0.34269973635673523
    ]
}