{
    "id": 13389,
    "range": [
        121.966804,
        31.192716,
        121.976804,
        31.182716
    ],
    "image_path": "CitySatellite\\Shanghai\\13389.jpg",
    "poi": [],
    "places": [],
    "transport": [],
    "traffic": [],
    "buildings": [],
    "landuse": [
        [
            7210,
            2,
            4,
            21.001310270270274
        ]
    ],
    "road_inner": [],
    "road_connect": {},
    "population": [
        0.0
    ],
    "transport_embedding": [
        -0.21697154641151428,
        -0.8077951073646545,
        0.7796435356140137,
        -0.40765464305877686,
        0.43091481924057007,
        -0.33135852217674255,
        -0.6752763986587524,
        -0.587724506855011,
        0.8852612972259521,
        0.07113191485404968
    ],
    "roadnet_embedding": [
        0.9564660787582397,
        -0.46993932127952576,
        0.08897670358419418,
        0.6442712545394897,
        -2.842277765274048,
        -0.1511727124452591,
        0.14896994829177856,
        -0.0546049103140831,
        -0.08341870456933975,
        0.30051976442337036
    ],
    "function_embedding": [
        1.7395906448364258,
        -4.014959335327148,
        0.8091475367546082,
        1.2444090843200684,
        0.17702579498291016,
        -0.5499361753463745,
        -0.11573410034179688,
        -3.638979434967041,
        -0.5206175446510315,
        0.05101962387561798
    ],
    "city_embedding": [
        -0.983723521232605,
        0.0036167511716485023,
        0.6694934964179993,
        1.3806318044662476,
        -0.5934169292449951,
        1.2560120820999146,
        0.1646505445241928,
        2.77662992477417,
        2.3926258087158203,
        3.5471549034118652
    ],
    "degree_embedding": [
        -0.9859232902526855,
        -0.14980502426624298,
        1.1363672018051147,
        1.3890211582183838,
        1.9668338298797607,
        -0.10017327964305878,
        -0.9014211297035217,
        -0.5218036770820618,
        0.12516868114471436,
        0.34269973635673523
    ]
}