{
    "id": 13387,
    "range": [
        121.966804,
        31.212716,
        121.976804,
        31.202716
    ],
    "image_path": "CitySatellite\\Shanghai\\13387.jpg",
    "poi": [],
    "places": [],
    "transport": [],
    "traffic": [],
    "buildings": [],
    "landuse": [
        [
            7210,
            2,
            4,
            21.001310270270274
        ]
    ],
    "road_inner": [],
    "road_connect": {},
    "population": [
        0.0
    ],
    "transport_embedding": [
        -0.15448960661888123,
        -0.8445626497268677,
        0.5726083517074585,
        -0.38116347789764404,
        0.3027750551700592,
        1.4695677757263184,
        -0.05422096326947212,
        -0.2994413375854492,
        1.3924497365951538,
        -0.1558157056570053
    ],
    "roadnet_embedding": [
        1.0241302251815796,
        -0.4338257610797882,
        0.11884552985429764,
        0.572596549987793,
        -2.844130516052246,
        -0.02924474887549877,
        0.04956139624118805,
        -0.12893623113632202,
        -0.0650707259774208,
        0.3827684223651886
    ],
    "function_embedding": [
        1.7396024465560913,
        -4.0149736404418945,
        0.817281186580658,
        1.2423925399780273,
        0.17659759521484375,
        -0.5554002523422241,
        -0.1143646240234375,
        -3.652543306350708,
        -0.518280565738678,
        0.030168985947966576
    ],
    "city_embedding": [
        -0.983723521232605,
        0.0036167511716485023,
        0.6694934964179993,
        1.3806318044662476,
        -0.5934169292449951,
        1.2560120820999146,
        0.1646505445241928,
        2.77662992477417,
        2.3926258087158203,
        3.5471549034118652
    ],
    "degree_embedding": [
        -0.9859232902526855,
        -0.14980502426624298,
        1.1363672018051147,
        1.3890211582183838,
        1.9668338298797607,
        -0.10017327964305878,
        -0.9014211297035217,
        -0.5218036770820618,
        0.12516868114471436,
        0.34269973635673523
    ]
}