{
    "id": 13388,
    "range": [
        121.966804,
        31.202716,
        121.976804,
        31.192716
    ],
    "image_path": "CitySatellite\\Shanghai\\13388.jpg",
    "poi": [],
    "places": [],
    "transport": [],
    "traffic": [],
    "buildings": [],
    "landuse": [
        [
            7210,
            2,
            4,
            21.001310270270274
        ]
    ],
    "road_inner": [],
    "road_connect": {},
    "population": [
        0.0
    ],
    "transport_embedding": [
        -0.06450259685516357,
        -0.8567118644714355,
        0.3515526354312897,
        -0.6457278728485107,
        -0.5241804122924805,
        0.0013995126355439425,
        1.1875091791152954,
        1.5022846460342407,
        0.7187504172325134,
        -0.2459050714969635
    ],
    "roadnet_embedding": [
        1.0704673528671265,
        -0.4191403388977051,
        0.046303123235702515,
        0.5987832546234131,
        -3.0703556537628174,
        0.024777736514806747,
        0.04943396896123886,
        -0.09457442164421082,
        -0.031248880550265312,
        0.32601481676101685
    ],
    "function_embedding": [
        1.7396098375320435,
        -4.014982223510742,
        0.8434692621231079,
        1.235901117324829,
        0.17522239685058594,
        -0.5730043053627014,
        -0.10996246337890625,
        -3.6943979263305664,
        -0.5108523964881897,
        -0.11191778630018234
    ],
    "city_embedding": [
        -0.983723521232605,
        0.0036167511716485023,
        0.6694934964179993,
        1.3806318044662476,
        -0.5934169292449951,
        1.2560120820999146,
        0.1646505445241928,
        2.77662992477417,
        2.3926258087158203,
        3.5471549034118652
    ],
    "degree_embedding": [
        -0.9859232902526855,
        -0.14980502426624298,
        1.1363672018051147,
        1.3890211582183838,
        1.9668338298797607,
        -0.10017327964305878,
        -0.9014211297035217,
        -0.5218036770820618,
        0.12516868114471436,
        0.34269973635673523
    ]
}