{
    "id": 13391,
    "range": [
        121.966804,
        31.172716,
        121.976804,
        31.162716
    ],
    "image_path": "CitySatellite\\Shanghai\\13391.jpg",
    "poi": [],
    "places": [],
    "transport": [],
    "traffic": [],
    "buildings": [],
    "landuse": [
        [
            7210,
            2,
            4,
            21.001310270270274
        ]
    ],
    "road_inner": [],
    "road_connect": {},
    "population": [
        0.0
    ],
    "transport_embedding": [
        -0.09389305859804153,
        -0.7872443199157715,
        0.38773950934410095,
        -0.7451443672180176,
        -0.4299006760120392,
        -0.16549181938171387,
        0.7525811791419983,
        1.265418529510498,
        0.4734421968460083,
        -0.19273585081100464
    ],
    "roadnet_embedding": [
        1.0749516487121582,
        -0.4338039755821228,
        0.09264200925827026,
        0.49937039613723755,
        -2.7961699962615967,
        -0.07477772235870361,
        0.0022570830769836903,
        -0.08736865222454071,
        -0.06267769634723663,
        0.35195910930633545
    ],
    "function_embedding": [
        1.7396069765090942,
        -4.014978885650635,
        0.8032077550888062,
        1.2458806037902832,
        0.17733526229858398,
        -0.5459372401237488,
        -0.11673355102539062,
        -3.6303460597991943,
        -0.5222569108009338,
        0.10676117241382599
    ],
    "city_embedding": [
        -0.983723521232605,
        0.0036167511716485023,
        0.6694934964179993,
        1.3806318044662476,
        -0.5934169292449951,
        1.2560120820999146,
        0.1646505445241928,
        2.77662992477417,
        2.3926258087158203,
        3.5471549034118652
    ],
    "degree_embedding": [
        -0.9859232902526855,
        -0.14980502426624298,
        1.1363672018051147,
        1.3890211582183838,
        1.9668338298797607,
        -0.10017327964305878,
        -0.9014211297035217,
        -0.5218036770820618,
        0.12516868114471436,
        0.34269973635673523
    ]
}