{
    "id": 13409,
    "range": [
        121.966804,
        30.992716,
        121.976804,
        30.982716
    ],
    "image_path": "CitySatellite\\Shanghai\\13409.jpg",
    "poi": [],
    "places": [],
    "transport": [],
    "traffic": [],
    "buildings": [],
    "landuse": [],
    "road_inner": [],
    "road_connect": {},
    "population": [
        0.0
    ],
    "transport_embedding": [
        -0.18852844834327698,
        -0.6297375559806824,
        0.5795110464096069,
        -0.8272324800491333,
        0.5402371287345886,
        0.7781198620796204,
        -0.2781868278980255,
        1.0098187923431396,
        -0.7507015466690063,
        -0.3941653072834015
    ],
    "roadnet_embedding": [
        1.130381464958191,
        -0.42548543214797974,
        0.03672662749886513,
        0.4645579755306244,
        -2.7170345783233643,
        -0.14744876325130463,
        -0.03526061773300171,
        -0.06549212336540222,
        -0.005202068947255611,
        0.14094887673854828
    ],
    "function_embedding": [
        -0.6110039353370667,
        -0.2998926341533661,
        -0.06870400905609131,
        0.006900589447468519,
        -1.3985681533813477,
        -0.0899534523487091,
        -0.02382233366370201,
        -0.1106363907456398,
        -0.12146623432636261,
        0.24613332748413086
    ],
    "city_embedding": [
        -0.983723521232605,
        0.0036167511716485023,
        0.6694934964179993,
        1.3806318044662476,
        -0.5934169292449951,
        1.2560120820999146,
        0.1646505445241928,
        2.77662992477417,
        2.3926258087158203,
        3.5471549034118652
    ],
    "degree_embedding": [
        -0.9859232902526855,
        -0.14980502426624298,
        1.1363672018051147,
        1.3890211582183838,
        1.9668338298797607,
        -0.10017327964305878,
        -0.9014211297035217,
        -0.5218036770820618,
        0.12516868114471436,
        0.34269973635673523
    ]
}