{
    "id": 13408,
    "range": [
        121.966804,
        31.002716,
        121.976804,
        30.99271599999999
    ],
    "image_path": "CitySatellite\\Shanghai\\13408.jpg",
    "poi": [],
    "places": [],
    "transport": [],
    "traffic": [],
    "buildings": [],
    "landuse": [],
    "road_inner": [],
    "road_connect": {},
    "population": [
        0.0
    ],
    "transport_embedding": [
        -0.2188185304403305,
        -0.5120710730552673,
        0.6209129095077515,
        -1.024559736251831,
        0.06710200011730194,
        -0.4598614275455475,
        -0.12467978149652481,
        1.976462960243225,
        -1.1243107318878174,
        -0.4664492905139923
    ],
    "roadnet_embedding": [
        1.1204882860183716,
        -0.4337780773639679,
        0.05647311732172966,
        0.503411591053009,
        -2.802706241607666,
        -0.14894013106822968,
        -0.04521806538105011,
        -0.03542216494679451,
        -0.08576862514019012,
        0.25506725907325745
    ],
    "function_embedding": [
        -0.6285269856452942,
        -0.2773924469947815,
        -0.0579475462436676,
        0.06706064194440842,
        -1.4713751077651978,
        -0.08630721271038055,
        -0.08550777286291122,
        -0.0945255383849144,
        -0.15959590673446655,
        0.3082940876483917
    ],
    "city_embedding": [
        -0.983723521232605,
        0.0036167511716485023,
        0.6694934964179993,
        1.3806318044662476,
        -0.5934169292449951,
        1.2560120820999146,
        0.1646505445241928,
        2.77662992477417,
        2.3926258087158203,
        3.5471549034118652
    ],
    "degree_embedding": [
        -0.9859232902526855,
        -0.14980502426624298,
        1.1363672018051147,
        1.3890211582183838,
        1.9668338298797607,
        -0.10017327964305878,
        -0.9014211297035217,
        -0.5218036770820618,
        0.12516868114471436,
        0.34269973635673523
    ]
}