{
    "id": 13412,
    "range": [
        121.966804,
        30.962716,
        121.976804,
        30.952716
    ],
    "image_path": "CitySatellite\\Shanghai\\13412.jpg",
    "poi": [],
    "places": [],
    "transport": [],
    "traffic": [],
    "buildings": [],
    "landuse": [],
    "road_inner": [],
    "road_connect": {},
    "population": [
        0.0
    ],
    "transport_embedding": [
        -0.28594544529914856,
        -0.6593852043151855,
        0.8716246485710144,
        -0.5872527360916138,
        1.0045918226242065,
        -0.18121394515037537,
        -0.8512231111526489,
        0.6948990225791931,
        -0.9705418348312378,
        -0.20123976469039917
    ],
    "roadnet_embedding": [
        1.0983014106750488,
        -0.4308938682079315,
        0.07879099994897842,
        0.5402740240097046,
        -2.8604183197021484,
        0.028370732441544533,
        -0.0010844506323337555,
        -0.1975773572921753,
        -0.053947802633047104,
        0.3773500621318817
    ],
    "function_embedding": [
        -0.5926995277404785,
        -0.28503429889678955,
        -0.06645641475915909,
        0.08344832807779312,
        -1.5086441040039062,
        -0.025039076805114746,
        -0.16508369147777557,
        -0.05689885839819908,
        -0.09708456695079803,
        0.24554775655269623
    ],
    "city_embedding": [
        -0.983723521232605,
        0.0036167511716485023,
        0.6694934964179993,
        1.3806318044662476,
        -0.5934169292449951,
        1.2560120820999146,
        0.1646505445241928,
        2.77662992477417,
        2.3926258087158203,
        3.5471549034118652
    ],
    "degree_embedding": [
        -0.9859232902526855,
        -0.14980502426624298,
        1.1363672018051147,
        1.3890211582183838,
        1.9668338298797607,
        -0.10017327964305878,
        -0.9014211297035217,
        -0.5218036770820618,
        0.12516868114471436,
        0.34269973635673523
    ]
}