{
    "id": 13413,
    "range": [
        121.966804,
        30.952716,
        121.976804,
        30.942716
    ],
    "image_path": "CitySatellite\\Shanghai\\13413.jpg",
    "poi": [],
    "places": [],
    "transport": [],
    "traffic": [],
    "buildings": [],
    "landuse": [],
    "road_inner": [],
    "road_connect": {},
    "population": [
        0.0
    ],
    "transport_embedding": [
        -0.07610329240560532,
        -0.6942003965377808,
        0.3727434575557709,
        -0.7899050116539001,
        -0.8371990919113159,
        1.6897398233413696,
        2.004223108291626,
        1.8053102493286133,
        0.6155674457550049,
        -0.3547707498073578
    ],
    "roadnet_embedding": [
        1.054019808769226,
        -0.44759994745254517,
        0.09145291894674301,
        0.6687697172164917,
        -2.8587558269500732,
        -0.03618156537413597,
        0.04963955655694008,
        -0.1978784054517746,
        -0.10882386565208435,
        0.2800627052783966
    ],
    "function_embedding": [
        -0.5773076415061951,
        -0.3212307095527649,
        -0.07936030626296997,
        0.08255413174629211,
        -1.4680694341659546,
        -0.034915048629045486,
        -0.11692291498184204,
        -0.030431080609560013,
        -0.019913874566555023,
        0.21343594789505005
    ],
    "city_embedding": [
        -0.983723521232605,
        0.0036167511716485023,
        0.6694934964179993,
        1.3806318044662476,
        -0.5934169292449951,
        1.2560120820999146,
        0.1646505445241928,
        2.77662992477417,
        2.3926258087158203,
        3.5471549034118652
    ],
    "degree_embedding": [
        -0.9859232902526855,
        -0.14980502426624298,
        1.1363672018051147,
        1.3890211582183838,
        1.9668338298797607,
        -0.10017327964305878,
        -0.9014211297035217,
        -0.5218036770820618,
        0.12516868114471436,
        0.34269973635673523
    ]
}