{
    "id": 13410,
    "range": [
        121.966804,
        30.982716,
        121.976804,
        30.972716
    ],
    "image_path": "CitySatellite\\Shanghai\\13410.jpg",
    "poi": [],
    "places": [],
    "transport": [],
    "traffic": [],
    "buildings": [],
    "landuse": [],
    "road_inner": [],
    "road_connect": {},
    "population": [
        0.0
    ],
    "transport_embedding": [
        -0.2671278715133667,
        -0.3523257076740265,
        0.7026486992835999,
        -1.2372325658798218,
        0.1744643598794937,
        -0.37596040964126587,
        -0.29813632369041443,
        2.2491681575775146,
        -2.0372314453125,
        -0.5434185266494751
    ],
    "roadnet_embedding": [
        1.0372669696807861,
        -0.4181326925754547,
        0.0692165270447731,
        0.6043179035186768,
        -2.9912426471710205,
        0.03974784165620804,
        0.03628817945718765,
        -0.1649935096502304,
        0.004340474959462881,
        0.3384700119495392
    ],
    "function_embedding": [
        -0.5848244428634644,
        -0.3428325057029724,
        -0.05647203326225281,
        0.06611917912960052,
        -1.4117462635040283,
        -0.04687964916229248,
        -0.10371803492307663,
        -0.030361358076334,
        -0.07803423702716827,
        0.2039567232131958
    ],
    "city_embedding": [
        -0.983723521232605,
        0.0036167511716485023,
        0.6694934964179993,
        1.3806318044662476,
        -0.5934169292449951,
        1.2560120820999146,
        0.1646505445241928,
        2.77662992477417,
        2.3926258087158203,
        3.5471549034118652
    ],
    "degree_embedding": [
        -0.9859232902526855,
        -0.14980502426624298,
        1.1363672018051147,
        1.3890211582183838,
        1.9668338298797607,
        -0.10017327964305878,
        -0.9014211297035217,
        -0.5218036770820618,
        0.12516868114471436,
        0.34269973635673523
    ]
}