{
    "id": 13421,
    "range": [
        121.966804,
        30.872716,
        121.976804,
        30.862716
    ],
    "image_path": "CitySatellite\\Shanghai\\13421.jpg",
    "poi": [],
    "places": [],
    "transport": [],
    "traffic": [],
    "buildings": [],
    "landuse": [],
    "road_inner": [],
    "road_connect": {},
    "population": [
        0.0
    ],
    "transport_embedding": [
        -0.2660094201564789,
        -0.7734705805778503,
        0.7799502015113831,
        -0.42223531007766724,
        0.672562837600708,
        -1.0963941812515259,
        -0.5583012104034424,
        0.2613981068134308,
        0.36513397097587585,
        -0.051658302545547485
    ],
    "roadnet_embedding": [
        1.1443555355072021,
        -0.444542795419693,
        0.0411541573703289,
        0.6265909075737,
        -2.888400077819824,
        0.02313270978629589,
        -0.0200906153768301,
        -0.2713260054588318,
        -0.05471186339855194,
        0.2916218638420105
    ],
    "function_embedding": [
        -0.6068151593208313,
        -0.31813564896583557,
        -0.09202563017606735,
        0.02486836537718773,
        -1.383924961090088,
        -0.023629970848560333,
        0.03076818585395813,
        -0.044899292290210724,
        -0.1289026290178299,
        0.3227761387825012
    ],
    "city_embedding": [
        -0.983723521232605,
        0.0036167511716485023,
        0.6694934964179993,
        1.3806318044662476,
        -0.5934169292449951,
        1.2560120820999146,
        0.1646505445241928,
        2.77662992477417,
        2.3926258087158203,
        3.5471549034118652
    ],
    "degree_embedding": [
        -0.9859232902526855,
        -0.14980502426624298,
        1.1363672018051147,
        1.3890211582183838,
        1.9668338298797607,
        -0.10017327964305878,
        -0.9014211297035217,
        -0.5218036770820618,
        0.12516868114471436,
        0.34269973635673523
    ]
}