{
    "id": 13422,
    "range": [
        121.966804,
        30.862716,
        121.976804,
        30.852716
    ],
    "image_path": "CitySatellite\\Shanghai\\13422.jpg",
    "poi": [],
    "places": [],
    "transport": [],
    "traffic": [],
    "buildings": [],
    "landuse": [],
    "road_inner": [],
    "road_connect": {},
    "population": [
        0.0
    ],
    "transport_embedding": [
        -0.15978631377220154,
        -0.8228461146354675,
        0.5300541520118713,
        -0.43936043977737427,
        0.5788673162460327,
        1.4947881698608398,
        -0.19085471332073212,
        -0.30400821566581726,
        1.1039093732833862,
        -0.14020605385303497
    ],
    "roadnet_embedding": [
        1.0684605836868286,
        -0.429451048374176,
        0.07824912667274475,
        0.5791023373603821,
        -2.8894784450531006,
        -0.11342216283082962,
        -0.0007342130993492901,
        -0.02307254634797573,
        -0.06690365076065063,
        0.2959888279438019
    ],
    "function_embedding": [
        -0.6197227239608765,
        -0.2697436809539795,
        -0.05148853734135628,
        0.10305468738079071,
        -1.518273949623108,
        -0.07603553682565689,
        -0.0895259752869606,
        -0.1033552959561348,
        -0.12475542724132538,
        0.3004189729690552
    ],
    "city_embedding": [
        -0.983723521232605,
        0.0036167511716485023,
        0.6694934964179993,
        1.3806318044662476,
        -0.5934169292449951,
        1.2560120820999146,
        0.1646505445241928,
        2.77662992477417,
        2.3926258087158203,
        3.5471549034118652
    ],
    "degree_embedding": [
        -0.9859232902526855,
        -0.14980502426624298,
        1.1363672018051147,
        1.3890211582183838,
        1.9668338298797607,
        -0.10017327964305878,
        -0.9014211297035217,
        -0.5218036770820618,
        0.12516868114471436,
        0.34269973635673523
    ]
}