{
    "id": 13479,
    "range": [
        121.976804,
        31.492716,
        121.986804,
        31.482716
    ],
    "image_path": "CitySatellite\\Shanghai\\13479.jpg",
    "poi": [],
    "places": [],
    "transport": [],
    "traffic": [],
    "buildings": [],
    "landuse": [
        [
            7210,
            2,
            4,
            16.573323866023244
        ]
    ],
    "road_inner": [],
    "road_connect": {},
    "population": [
        0.0
    ],
    "transport_embedding": [
        -0.2399967610836029,
        -0.769006609916687,
        0.803547203540802,
        -0.42813190817832947,
        0.6661994457244873,
        -0.42190924286842346,
        -0.5301392078399658,
        0.21939681470394135,
        0.3597027659416199,
        -0.04077766090631485
    ],
    "roadnet_embedding": [
        1.1193734407424927,
        -0.45118361711502075,
        0.05023277923464775,
        0.5566586256027222,
        -2.8226702213287354,
        -0.1625031679868698,
        -0.026630083099007607,
        -0.0733095034956932,
        -0.10168437659740448,
        0.2627564072608948
    ],
    "function_embedding": [
        1.7376084327697754,
        -4.012604236602783,
        0.4802655875682831,
        1.3260239362716675,
        0.19454574584960938,
        -0.3294847905635834,
        -0.17102432250976562,
        -3.011533737182617,
        -0.6191937327384949,
        1.406341791152954
    ],
    "city_embedding": [
        -0.983723521232605,
        0.0036167511716485023,
        0.6694934964179993,
        1.3806318044662476,
        -0.5934169292449951,
        1.2560120820999146,
        0.1646505445241928,
        2.77662992477417,
        2.3926258087158203,
        3.5471549034118652
    ],
    "degree_embedding": [
        -0.9859232902526855,
        -0.14980502426624298,
        1.1363672018051147,
        1.3890211582183838,
        1.9668338298797607,
        -0.10017327964305878,
        -0.9014211297035217,
        -0.5218036770820618,
        0.12516868114471436,
        0.34269973635673523
    ]
}