{
    "id": 13480,
    "range": [
        121.976804,
        31.482716,
        121.986804,
        31.472716
    ],
    "image_path": "CitySatellite\\Shanghai\\13480.jpg",
    "poi": [],
    "places": [],
    "transport": [],
    "traffic": [],
    "buildings": [],
    "landuse": [
        [
            7210,
            2,
            4,
            16.573323866023244
        ]
    ],
    "road_inner": [],
    "road_connect": {},
    "population": [
        0.0
    ],
    "transport_embedding": [
        -0.288230299949646,
        -0.5231916308403015,
        0.6960548758506775,
        -0.9288317561149597,
        0.30027198791503906,
        -1.4207135438919067,
        -0.6762492656707764,
        1.5976539850234985,
        -0.9703911542892456,
        -0.3254302740097046
    ],
    "roadnet_embedding": [
        1.043809413909912,
        -0.4181728959083557,
        0.06136712059378624,
        0.5584381222724915,
        -2.987705707550049,
        -0.030124180018901825,
        0.06147550791501999,
        -0.0746552050113678,
        -0.03797752782702446,
        0.2663540840148926
    ],
    "function_embedding": [
        1.7377406358718872,
        -4.012761116027832,
        0.46468985080718994,
        1.329878330230713,
        0.19534540176391602,
        -0.31897059082984924,
        -0.17364883422851562,
        -2.9821174144744873,
        -0.6238768696784973,
        1.4844425916671753
    ],
    "city_embedding": [
        -0.983723521232605,
        0.0036167511716485023,
        0.6694934964179993,
        1.3806318044662476,
        -0.5934169292449951,
        1.2560120820999146,
        0.1646505445241928,
        2.77662992477417,
        2.3926258087158203,
        3.5471549034118652
    ],
    "degree_embedding": [
        -0.9859232902526855,
        -0.14980502426624298,
        1.1363672018051147,
        1.3890211582183838,
        1.9668338298797607,
        -0.10017327964305878,
        -0.9014211297035217,
        -0.5218036770820618,
        0.12516868114471436,
        0.34269973635673523
    ]
}