{
    "id": 13509,
    "range": [
        121.976804,
        31.192716,
        121.986804,
        31.182716
    ],
    "image_path": "CitySatellite\\Shanghai\\13509.jpg",
    "poi": [],
    "places": [],
    "transport": [],
    "traffic": [],
    "buildings": [],
    "landuse": [
        [
            7210,
            2,
            4,
            21.001310270270274
        ]
    ],
    "road_inner": [],
    "road_connect": {},
    "population": [
        0.0
    ],
    "transport_embedding": [
        -0.2509000301361084,
        -0.6599147319793701,
        0.6387814283370972,
        -0.728987455368042,
        1.0960402488708496,
        0.6318718194961548,
        -0.40842437744140625,
        0.9487943649291992,
        -1.645883560180664,
        -0.4417669177055359
    ],
    "roadnet_embedding": [
        1.0063364505767822,
        -0.43470898270606995,
        0.08236420154571533,
        0.5507858395576477,
        -2.768646478652954,
        -0.15255087614059448,
        0.059395551681518555,
        -0.06097296252846718,
        -0.02836867980659008,
        0.2009577453136444
    ],
    "function_embedding": [
        1.7395936250686646,
        -4.014963150024414,
        0.8183658123016357,
        1.242124319076538,
        0.17654180526733398,
        -0.5561330914497375,
        -0.1141815185546875,
        -3.6546542644500732,
        -0.5179515480995178,
        -0.020525895059108734
    ],
    "city_embedding": [
        -0.983723521232605,
        0.0036167511716485023,
        0.6694934964179993,
        1.3806318044662476,
        -0.5934169292449951,
        1.2560120820999146,
        0.1646505445241928,
        2.77662992477417,
        2.3926258087158203,
        3.5471549034118652
    ],
    "degree_embedding": [
        -0.9859232902526855,
        -0.14980502426624298,
        1.1363672018051147,
        1.3890211582183838,
        1.9668338298797607,
        -0.10017327964305878,
        -0.9014211297035217,
        -0.5218036770820618,
        0.12516868114471436,
        0.34269973635673523
    ]
}