{
    "id": 13507,
    "range": [
        121.976804,
        31.212716,
        121.986804,
        31.202716
    ],
    "image_path": "CitySatellite\\Shanghai\\13507.jpg",
    "poi": [],
    "places": [],
    "transport": [],
    "traffic": [],
    "buildings": [],
    "landuse": [
        [
            7210,
            2,
            4,
            21.001310270270274
        ]
    ],
    "road_inner": [],
    "road_connect": {},
    "population": [
        0.0
    ],
    "transport_embedding": [
        -0.10474033653736115,
        -0.668464183807373,
        0.35171881318092346,
        -0.8442285060882568,
        -0.30401208996772766,
        1.9800728559494019,
        0.5339704155921936,
        0.4488915205001831,
        0.7291317582130432,
        -0.3074229657649994
    ],
    "roadnet_embedding": [
        1.04237699508667,
        -0.44922614097595215,
        0.07900771498680115,
        0.6350144147872925,
        -2.744631767272949,
        -0.1460476815700531,
        -0.00674002431333065,
        -0.07507490366697311,
        -0.028101464733481407,
        0.2850579619407654
    ],
    "function_embedding": [
        1.739611268043518,
        -4.014984130859375,
        0.821104109287262,
        1.2414445877075195,
        0.17639589309692383,
        -0.557967483997345,
        -0.1137237548828125,
        -3.6586086750030518,
        -0.5171995759010315,
        0.017931699752807617
    ],
    "city_embedding": [
        -0.983723521232605,
        0.0036167511716485023,
        0.6694934964179993,
        1.3806318044662476,
        -0.5934169292449951,
        1.2560120820999146,
        0.1646505445241928,
        2.77662992477417,
        2.3926258087158203,
        3.5471549034118652
    ],
    "degree_embedding": [
        -0.9859232902526855,
        -0.14980502426624298,
        1.1363672018051147,
        1.3890211582183838,
        1.9668338298797607,
        -0.10017327964305878,
        -0.9014211297035217,
        -0.5218036770820618,
        0.12516868114471436,
        0.34269973635673523
    ]
}