{
    "id": 13508,
    "range": [
        121.976804,
        31.202716,
        121.986804,
        31.192716
    ],
    "image_path": "CitySatellite\\Shanghai\\13508.jpg",
    "poi": [],
    "places": [],
    "transport": [],
    "traffic": [],
    "buildings": [],
    "landuse": [
        [
            7210,
            2,
            4,
            21.001310270270274
        ]
    ],
    "road_inner": [],
    "road_connect": {},
    "population": [
        0.0
    ],
    "transport_embedding": [
        -0.26911690831184387,
        -0.631057620048523,
        0.6105507016181946,
        -0.7959420084953308,
        0.6063354015350342,
        -1.004849910736084,
        -1.103335976600647,
        1.0628074407577515,
        -0.6716817617416382,
        -0.2823120057582855
    ],
    "roadnet_embedding": [
        1.075675129890442,
        -0.41880252957344055,
        0.0697007030248642,
        0.5460946559906006,
        -2.8982105255126953,
        0.0315670482814312,
        -0.013341552577912807,
        -0.19130364060401917,
        0.006739264819771051,
        0.3329915702342987
    ],
    "function_embedding": [
        1.7396024465560913,
        -4.0149736404418945,
        0.8206209540367126,
        1.2415647506713867,
        0.176422119140625,
        -0.557645857334137,
        -0.11380386352539062,
        -3.657958984375,
        -0.5173287987709045,
        0.0035800884943455458
    ],
    "city_embedding": [
        -0.983723521232605,
        0.0036167511716485023,
        0.6694934964179993,
        1.3806318044662476,
        -0.5934169292449951,
        1.2560120820999146,
        0.1646505445241928,
        2.77662992477417,
        2.3926258087158203,
        3.5471549034118652
    ],
    "degree_embedding": [
        -0.9859232902526855,
        -0.14980502426624298,
        1.1363672018051147,
        1.3890211582183838,
        1.9668338298797607,
        -0.10017327964305878,
        -0.9014211297035217,
        -0.5218036770820618,
        0.12516868114471436,
        0.34269973635673523
    ]
}