{
    "id": 13506,
    "range": [
        121.976804,
        31.222716,
        121.986804,
        31.212716
    ],
    "image_path": "CitySatellite\\Shanghai\\13506.jpg",
    "poi": [],
    "places": [],
    "transport": [],
    "traffic": [],
    "buildings": [],
    "landuse": [
        [
            7210,
            2,
            4,
            21.001310270270274
        ]
    ],
    "road_inner": [],
    "road_connect": {},
    "population": [
        0.0
    ],
    "transport_embedding": [
        -0.09378349035978317,
        -0.7538725733757019,
        0.38975197076797485,
        -0.7181023955345154,
        -0.4015600085258484,
        1.1060333251953125,
        0.805953323841095,
        1.034441590309143,
        0.7888524532318115,
        -0.27739202976226807
    ],
    "roadnet_embedding": [
        1.0650956630706787,
        -0.4306235909461975,
        0.05834593623876572,
        0.562765896320343,
        -2.9948089122772217,
        -0.056184738874435425,
        0.033928968012332916,
        -0.03531469777226448,
        -0.06293200701475143,
        0.34345564246177673
    ],
    "function_embedding": [
        1.7396125793457031,
        -4.01498556137085,
        0.8117834329605103,
        1.2437548637390137,
        0.17688417434692383,
        -0.5517005920410156,
        -0.11529159545898438,
        -3.64337420463562,
        -0.519862711429596,
        0.06069614365696907
    ],
    "city_embedding": [
        -0.983723521232605,
        0.0036167511716485023,
        0.6694934964179993,
        1.3806318044662476,
        -0.5934169292449951,
        1.2560120820999146,
        0.1646505445241928,
        2.77662992477417,
        2.3926258087158203,
        3.5471549034118652
    ],
    "degree_embedding": [
        -0.9859232902526855,
        -0.14980502426624298,
        1.1363672018051147,
        1.3890211582183838,
        1.9668338298797607,
        -0.10017327964305878,
        -0.9014211297035217,
        -0.5218036770820618,
        0.12516868114471436,
        0.34269973635673523
    ]
}