{
    "id": 13510,
    "range": [
        121.976804,
        31.182716,
        121.986804,
        31.172716
    ],
    "image_path": "CitySatellite\\Shanghai\\13510.jpg",
    "poi": [],
    "places": [],
    "transport": [],
    "traffic": [],
    "buildings": [],
    "landuse": [
        [
            7210,
            2,
            4,
            21.001310270270274
        ]
    ],
    "road_inner": [],
    "road_connect": {},
    "population": [
        0.0
    ],
    "transport_embedding": [
        -0.19043302536010742,
        -0.783735454082489,
        0.6359443664550781,
        -0.4751774072647095,
        0.6980931758880615,
        0.9180890917778015,
        -0.6543200016021729,
        -0.2626669406890869,
        0.7270951271057129,
        -0.14033350348472595
    ],
    "roadnet_embedding": [
        1.026330590248108,
        -0.4409712255001068,
        0.08776737004518509,
        0.5384475588798523,
        -2.8169848918914795,
        -0.1464812457561493,
        0.04359660670161247,
        0.006402699742466211,
        -0.03450748696923256,
        0.328344464302063
    ],
    "function_embedding": [
        1.7395989894866943,
        -4.014969348907471,
        0.8292067646980286,
        1.2394368648529053,
        0.17597246170043945,
        -0.5634194016456604,
        -0.11235809326171875,
        -3.6719741821289062,
        -0.5148764252662659,
        -0.05230829119682312
    ],
    "city_embedding": [
        -0.983723521232605,
        0.0036167511716485023,
        0.6694934964179993,
        1.3806318044662476,
        -0.5934169292449951,
        1.2560120820999146,
        0.1646505445241928,
        2.77662992477417,
        2.3926258087158203,
        3.5471549034118652
    ],
    "degree_embedding": [
        -0.9859232902526855,
        -0.14980502426624298,
        1.1363672018051147,
        1.3890211582183838,
        1.9668338298797607,
        -0.10017327964305878,
        -0.9014211297035217,
        -0.5218036770820618,
        0.12516868114471436,
        0.34269973635673523
    ]
}