{
    "id": 13511,
    "range": [
        121.976804,
        31.172716,
        121.986804,
        31.162716
    ],
    "image_path": "CitySatellite\\Shanghai\\13511.jpg",
    "poi": [],
    "places": [],
    "transport": [],
    "traffic": [],
    "buildings": [],
    "landuse": [
        [
            7210,
            2,
            4,
            21.001310270270274
        ]
    ],
    "road_inner": [],
    "road_connect": {},
    "population": [
        0.0
    ],
    "transport_embedding": [
        -0.1670323759317398,
        -0.8453823924064636,
        0.599600076675415,
        -0.35986092686653137,
        0.5079587697982788,
        1.4852261543273926,
        -0.2831190228462219,
        -0.5695061087608337,
        1.346372365951538,
        -0.11251172423362732
    ],
    "roadnet_embedding": [
        1.0228315591812134,
        -0.45230188965797424,
        0.09877647459506989,
        0.5581116080284119,
        -2.5554404258728027,
        -0.21850605309009552,
        0.02344394102692604,
        -0.08854737132787704,
        -0.08661504834890366,
        0.16766774654388428
    ],
    "function_embedding": [
        1.739608645439148,
        -4.014980792999268,
        0.8173953890800476,
        1.242363691329956,
        0.1765904426574707,
        -0.5554749965667725,
        -0.11434555053710938,
        -3.653043746948242,
        -0.5182314515113831,
        0.038616523146629333
    ],
    "city_embedding": [
        -0.983723521232605,
        0.0036167511716485023,
        0.6694934964179993,
        1.3806318044662476,
        -0.5934169292449951,
        1.2560120820999146,
        0.1646505445241928,
        2.77662992477417,
        2.3926258087158203,
        3.5471549034118652
    ],
    "degree_embedding": [
        -0.9859232902526855,
        -0.14980502426624298,
        1.1363672018051147,
        1.3890211582183838,
        1.9668338298797607,
        -0.10017327964305878,
        -0.9014211297035217,
        -0.5218036770820618,
        0.12516868114471436,
        0.34269973635673523
    ]
}