{
    "id": 13530,
    "range": [
        121.976804,
        30.982716,
        121.986804,
        30.972716
    ],
    "image_path": "CitySatellite\\Shanghai\\13530.jpg",
    "poi": [],
    "places": [],
    "transport": [],
    "traffic": [],
    "buildings": [],
    "landuse": [],
    "road_inner": [],
    "road_connect": {},
    "population": [
        0.0
    ],
    "transport_embedding": [
        -0.22655440866947174,
        -0.547996461391449,
        0.6788185238838196,
        -0.9253441691398621,
        0.1020890325307846,
        -0.6001129150390625,
        -0.35986462235450745,
        1.3151870965957642,
        -0.5960571765899658,
        -0.2675822377204895
    ],
    "roadnet_embedding": [
        1.033193826675415,
        -0.44154539704322815,
        0.07932596653699875,
        0.6015182137489319,
        -2.8161773681640625,
        -0.1672242432832718,
        0.03828353434801102,
        -0.021870816126465797,
        -0.08923940360546112,
        0.22514565289020538
    ],
    "function_embedding": [
        -0.6245850324630737,
        -0.27340012788772583,
        -0.08125019073486328,
        0.10775404423475266,
        -1.5127309560775757,
        -0.08862974494695663,
        -0.0712660476565361,
        -0.10612525045871735,
        -0.09507124871015549,
        0.3747333586215973
    ],
    "city_embedding": [
        -0.983723521232605,
        0.0036167511716485023,
        0.6694934964179993,
        1.3806318044662476,
        -0.5934169292449951,
        1.2560120820999146,
        0.1646505445241928,
        2.77662992477417,
        2.3926258087158203,
        3.5471549034118652
    ],
    "degree_embedding": [
        -0.9859232902526855,
        -0.14980502426624298,
        1.1363672018051147,
        1.3890211582183838,
        1.9668338298797607,
        -0.10017327964305878,
        -0.9014211297035217,
        -0.5218036770820618,
        0.12516868114471436,
        0.34269973635673523
    ]
}