{
    "id": 13535,
    "range": [
        121.976804,
        30.932716,
        121.986804,
        30.922716
    ],
    "image_path": "CitySatellite\\Shanghai\\13535.jpg",
    "poi": [],
    "places": [],
    "transport": [],
    "traffic": [],
    "buildings": [],
    "landuse": [],
    "road_inner": [],
    "road_connect": {},
    "population": [
        0.0
    ],
    "transport_embedding": [
        -0.07760990411043167,
        -0.8997605443000793,
        0.3663844168186188,
        -0.4515385925769806,
        0.33837634325027466,
        2.1915769577026367,
        0.36273738741874695,
        -0.14807835221290588,
        1.2331976890563965,
        -0.1873522847890854
    ],
    "roadnet_embedding": [
        1.1234079599380493,
        -0.4227559566497803,
        0.04327303543686867,
        0.5187309980392456,
        -2.7676470279693604,
        -0.09798090159893036,
        -0.031420979648828506,
        -0.10244264453649521,
        -0.021966397762298584,
        0.16989827156066895
    ],
    "function_embedding": [
        -0.5839011073112488,
        -0.32128000259399414,
        -0.07697401940822601,
        0.05052197352051735,
        -1.4080321788787842,
        -0.0826907530426979,
        0.07885925471782684,
        -0.10340683907270432,
        -0.1459093987941742,
        0.3025294840335846
    ],
    "city_embedding": [
        -0.983723521232605,
        0.0036167511716485023,
        0.6694934964179993,
        1.3806318044662476,
        -0.5934169292449951,
        1.2560120820999146,
        0.1646505445241928,
        2.77662992477417,
        2.3926258087158203,
        3.5471549034118652
    ],
    "degree_embedding": [
        -0.9859232902526855,
        -0.14980502426624298,
        1.1363672018051147,
        1.3890211582183838,
        1.9668338298797607,
        -0.10017327964305878,
        -0.9014211297035217,
        -0.5218036770820618,
        0.12516868114471436,
        0.34269973635673523
    ]
}