{
    "id": 13536,
    "range": [
        121.976804,
        30.922716,
        121.986804,
        30.912716
    ],
    "image_path": "CitySatellite\\Shanghai\\13536.jpg",
    "poi": [],
    "places": [],
    "transport": [],
    "traffic": [],
    "buildings": [],
    "landuse": [],
    "road_inner": [
        [
            5141,
            1.0,
            5,
            753.5753333333333
        ]
    ],
    "road_connect": {
        "13656": {
            "5": 1
        },
        "13416": {
            "5": 1
        }
    },
    "population": [
        0.0
    ],
    "transport_embedding": [
        -0.2606710195541382,
        -0.6550778746604919,
        0.757529079914093,
        -0.6068876385688782,
        0.7706206440925598,
        0.9857563972473145,
        -1.5107635259628296,
        -1.2556058168411255,
        0.4875189960002899,
        -0.06583419442176819
    ],
    "roadnet_embedding": [
        1.3993470668792725,
        -0.7061519622802734,
        -0.21102121472358704,
        0.03098098188638687,
        -0.04510519281029701,
        -1.0072340965270996,
        0.15307244658470154,
        -0.09484171867370605,
        -0.593942403793335,
        -1.4990143775939941
    ],
    "function_embedding": [
        -0.589181125164032,
        -0.30858922004699707,
        -0.08614886552095413,
        0.05082763731479645,
        -1.4490681886672974,
        -0.032703571021556854,
        -0.10628525912761688,
        -0.07101591676473618,
        -0.1068091094493866,
        0.2788357436656952
    ],
    "city_embedding": [
        -0.983723521232605,
        0.0036167511716485023,
        0.6694934964179993,
        1.3806318044662476,
        -0.5934169292449951,
        1.2560120820999146,
        0.1646505445241928,
        2.77662992477417,
        2.3926258087158203,
        3.5471549034118652
    ],
    "degree_embedding": [
        -0.9813666343688965,
        -0.4224967956542969,
        1.1640962362289429,
        1.1915993690490723,
        1.5031216144561768,
        0.06068969517946243,
        -0.3323799669742584,
        -0.6514042615890503,
        0.49402618408203125,
        -0.5870565176010132
    ]
}