{
    "id": 13539,
    "range": [
        121.976804,
        30.892716,
        121.986804,
        30.882716
    ],
    "image_path": "CitySatellite\\Shanghai\\13539.jpg",
    "poi": [],
    "places": [],
    "transport": [],
    "traffic": [],
    "buildings": [],
    "landuse": [],
    "road_inner": [],
    "road_connect": {},
    "population": [
        0.0
    ],
    "transport_embedding": [
        -0.05180344730615616,
        -0.9745597839355469,
        0.36522549390792847,
        -0.3692561388015747,
        0.09501637518405914,
        1.5467820167541504,
        0.7203267216682434,
        0.0988156795501709,
        1.4701505899429321,
        -0.08197196573019028
    ],
    "roadnet_embedding": [
        1.130582332611084,
        -0.4350578784942627,
        -0.0008007458527572453,
        0.3918255865573883,
        -2.700113296508789,
        -0.24988816678524017,
        -0.02884192205965519,
        0.05953887104988098,
        0.01173422485589981,
        0.08157995343208313
    ],
    "function_embedding": [
        -0.5970425605773926,
        -0.3009485900402069,
        -0.04617059603333473,
        0.06949308514595032,
        -1.4668539762496948,
        -0.062266141176223755,
        -0.05480200797319412,
        -0.07848561555147171,
        -0.14826597273349762,
        0.23421451449394226
    ],
    "city_embedding": [
        -0.983723521232605,
        0.0036167511716485023,
        0.6694934964179993,
        1.3806318044662476,
        -0.5934169292449951,
        1.2560120820999146,
        0.1646505445241928,
        2.77662992477417,
        2.3926258087158203,
        3.5471549034118652
    ],
    "degree_embedding": [
        -0.9859232902526855,
        -0.14980502426624298,
        1.1363672018051147,
        1.3890211582183838,
        1.9668338298797607,
        -0.10017327964305878,
        -0.9014211297035217,
        -0.5218036770820618,
        0.12516868114471436,
        0.34269973635673523
    ]
}