{
    "id": 13537,
    "range": [
        121.976804,
        30.912716,
        121.986804,
        30.902716
    ],
    "image_path": "CitySatellite\\Shanghai\\13537.jpg",
    "poi": [],
    "places": [],
    "transport": [],
    "traffic": [],
    "buildings": [],
    "landuse": [],
    "road_inner": [],
    "road_connect": {},
    "population": [
        0.0
    ],
    "transport_embedding": [
        -0.265535831451416,
        -0.6805285215377808,
        0.6829062104225159,
        -0.6714715957641602,
        0.8695629239082336,
        -0.6838310360908508,
        -0.9555118680000305,
        1.2002320289611816,
        -0.9054441452026367,
        -0.3126703202724457
    ],
    "roadnet_embedding": [
        1.0610172748565674,
        -0.4368419945240021,
        0.05055856704711914,
        0.6448282599449158,
        -2.9872806072235107,
        -0.04185767099261284,
        0.05874982848763466,
        -0.11302155256271362,
        -0.08731265366077423,
        0.2553398609161377
    ],
    "function_embedding": [
        -0.617780327796936,
        -0.2630373537540436,
        -0.0704997107386589,
        0.08794773370027542,
        -1.5077036619186401,
        -0.07897438853979111,
        -0.04480007290840149,
        -0.13140244781970978,
        -0.13723309338092804,
        0.3229805827140808
    ],
    "city_embedding": [
        -0.983723521232605,
        0.0036167511716485023,
        0.6694934964179993,
        1.3806318044662476,
        -0.5934169292449951,
        1.2560120820999146,
        0.1646505445241928,
        2.77662992477417,
        2.3926258087158203,
        3.5471549034118652
    ],
    "degree_embedding": [
        -0.9859232902526855,
        -0.14980502426624298,
        1.1363672018051147,
        1.3890211582183838,
        1.9668338298797607,
        -0.10017327964305878,
        -0.9014211297035217,
        -0.5218036770820618,
        0.12516868114471436,
        0.34269973635673523
    ]
}