{
    "id": 13532,
    "range": [
        121.976804,
        30.962716,
        121.986804,
        30.952716
    ],
    "image_path": "CitySatellite\\Shanghai\\13532.jpg",
    "poi": [],
    "places": [],
    "transport": [],
    "traffic": [],
    "buildings": [],
    "landuse": [],
    "road_inner": [],
    "road_connect": {},
    "population": [
        0.0
    ],
    "transport_embedding": [
        -0.29220902919769287,
        -0.3482704758644104,
        0.6296600699424744,
        -1.259356141090393,
        -0.0009428172488696873,
        -1.338233232498169,
        0.24699653685092926,
        2.725478410720825,
        -2.0593199729919434,
        -0.5170317888259888
    ],
    "roadnet_embedding": [
        1.098894715309143,
        -0.42760923504829407,
        0.07512284070253372,
        0.49311360716819763,
        -2.7605416774749756,
        -0.08535323292016983,
        -0.03857141360640526,
        -0.09728904813528061,
        -0.02718736231327057,
        0.3100206255912781
    ],
    "function_embedding": [
        -0.6115589141845703,
        -0.2815813720226288,
        -0.06644155085086823,
        0.09194688498973846,
        -1.4893136024475098,
        -0.07557955384254456,
        -0.1097278743982315,
        -0.05885126814246178,
        -0.09185012429952621,
        0.31668972969055176
    ],
    "city_embedding": [
        -0.983723521232605,
        0.0036167511716485023,
        0.6694934964179993,
        1.3806318044662476,
        -0.5934169292449951,
        1.2560120820999146,
        0.1646505445241928,
        2.77662992477417,
        2.3926258087158203,
        3.5471549034118652
    ],
    "degree_embedding": [
        -0.9859232902526855,
        -0.14980502426624298,
        1.1363672018051147,
        1.3890211582183838,
        1.9668338298797607,
        -0.10017327964305878,
        -0.9014211297035217,
        -0.5218036770820618,
        0.12516868114471436,
        0.34269973635673523
    ]
}