{
    "id": 13533,
    "range": [
        121.976804,
        30.952716,
        121.986804,
        30.942716
    ],
    "image_path": "CitySatellite\\Shanghai\\13533.jpg",
    "poi": [],
    "places": [],
    "transport": [],
    "traffic": [],
    "buildings": [],
    "landuse": [],
    "road_inner": [],
    "road_connect": {},
    "population": [
        0.0
    ],
    "transport_embedding": [
        -0.12204811722040176,
        -0.7181463837623596,
        0.43601757287979126,
        -0.7069160342216492,
        -0.007264247164130211,
        1.6535221338272095,
        0.6412574648857117,
        0.9478902816772461,
        0.41865023970603943,
        -0.4178852140903473
    ],
    "roadnet_embedding": [
        1.1005382537841797,
        -0.4418003261089325,
        0.03701585903763771,
        0.5836553573608398,
        -2.993929386138916,
        -0.006390960421413183,
        0.03904939815402031,
        -0.13373173773288727,
        -0.09870082885026932,
        0.34301432967185974
    ],
    "function_embedding": [
        -0.5767549276351929,
        -0.31336522102355957,
        -0.0639205053448677,
        0.06567823886871338,
        -1.4470330476760864,
        -0.03014719858765602,
        -0.015116840600967407,
        -0.0371868722140789,
        -0.09168300032615662,
        0.19337011873722076
    ],
    "city_embedding": [
        -0.983723521232605,
        0.0036167511716485023,
        0.6694934964179993,
        1.3806318044662476,
        -0.5934169292449951,
        1.2560120820999146,
        0.1646505445241928,
        2.77662992477417,
        2.3926258087158203,
        3.5471549034118652
    ],
    "degree_embedding": [
        -0.9859232902526855,
        -0.14980502426624298,
        1.1363672018051147,
        1.3890211582183838,
        1.9668338298797607,
        -0.10017327964305878,
        -0.9014211297035217,
        -0.5218036770820618,
        0.12516868114471436,
        0.34269973635673523
    ]
}