{
    "id": 13534,
    "range": [
        121.976804,
        30.942716,
        121.986804,
        30.932716
    ],
    "image_path": "CitySatellite\\Shanghai\\13534.jpg",
    "poi": [],
    "places": [],
    "transport": [],
    "traffic": [],
    "buildings": [],
    "landuse": [],
    "road_inner": [],
    "road_connect": {},
    "population": [
        0.0
    ],
    "transport_embedding": [
        -0.18048185110092163,
        -0.7036436796188354,
        0.5518338680267334,
        -0.6636773943901062,
        0.465564101934433,
        1.2133926153182983,
        -0.13529625535011292,
        0.33707016706466675,
        0.15953676402568817,
        -0.2866077423095703
    ],
    "roadnet_embedding": [
        1.098364233970642,
        -0.43465009331703186,
        0.0585164837539196,
        0.5665504932403564,
        -2.9081976413726807,
        -0.12142370641231537,
        -0.01625724881887436,
        -0.029688427224755287,
        -0.08148373663425446,
        0.28259238600730896
    ],
    "function_embedding": [
        -0.6047164797782898,
        -0.29530835151672363,
        -0.04213676229119301,
        0.07891643792390823,
        -1.4799998998641968,
        -0.06280666589736938,
        -0.06377709656953812,
        -0.10339444875717163,
        -0.11686356365680695,
        0.24055111408233643
    ],
    "city_embedding": [
        -0.983723521232605,
        0.0036167511716485023,
        0.6694934964179993,
        1.3806318044662476,
        -0.5934169292449951,
        1.2560120820999146,
        0.1646505445241928,
        2.77662992477417,
        2.3926258087158203,
        3.5471549034118652
    ],
    "degree_embedding": [
        -0.9859232902526855,
        -0.14980502426624298,
        1.1363672018051147,
        1.3890211582183838,
        1.9668338298797607,
        -0.10017327964305878,
        -0.9014211297035217,
        -0.5218036770820618,
        0.12516868114471436,
        0.34269973635673523
    ]
}