{
    "id": 13538,
    "range": [
        121.976804,
        30.902716,
        121.986804,
        30.892716
    ],
    "image_path": "CitySatellite\\Shanghai\\13538.jpg",
    "poi": [],
    "places": [],
    "transport": [],
    "traffic": [],
    "buildings": [],
    "landuse": [],
    "road_inner": [],
    "road_connect": {},
    "population": [
        0.0
    ],
    "transport_embedding": [
        -0.047422487288713455,
        -0.8466554880142212,
        0.3190011978149414,
        -0.6180089116096497,
        -0.3441079258918762,
        1.5994735956192017,
        1.0080667734146118,
        1.0705863237380981,
        0.9701816439628601,
        -0.3099004328250885
    ],
    "roadnet_embedding": [
        1.1020004749298096,
        -0.43564677238464355,
        0.05516199395060539,
        0.6484552621841431,
        -2.998638153076172,
        0.06808026880025864,
        0.04622017219662666,
        -0.26087629795074463,
        -0.09207862615585327,
        0.3005538880825043
    ],
    "function_embedding": [
        -0.5815531015396118,
        -0.3099420368671417,
        -0.09032503515481949,
        0.106097012758255,
        -1.493067979812622,
        -0.007554303389042616,
        -0.08088521659374237,
        -0.052021339535713196,
        -0.0897587239742279,
        0.3193448781967163
    ],
    "city_embedding": [
        -0.983723521232605,
        0.0036167511716485023,
        0.6694934964179993,
        1.3806318044662476,
        -0.5934169292449951,
        1.2560120820999146,
        0.1646505445241928,
        2.77662992477417,
        2.3926258087158203,
        3.5471549034118652
    ],
    "degree_embedding": [
        -0.9859232902526855,
        -0.14980502426624298,
        1.1363672018051147,
        1.3890211582183838,
        1.9668338298797607,
        -0.10017327964305878,
        -0.9014211297035217,
        -0.5218036770820618,
        0.12516868114471436,
        0.34269973635673523
    ]
}