{
    "id": 13541,
    "range": [
        121.976804,
        30.872716,
        121.986804,
        30.862716
    ],
    "image_path": "CitySatellite\\Shanghai\\13541.jpg",
    "poi": [],
    "places": [],
    "transport": [],
    "traffic": [],
    "buildings": [],
    "landuse": [],
    "road_inner": [],
    "road_connect": {},
    "population": [
        0.0
    ],
    "transport_embedding": [
        -0.10593336075544357,
        -0.5249412059783936,
        0.417288601398468,
        -1.0846182107925415,
        -1.0188428163528442,
        0.661391019821167,
        2.188291072845459,
        2.7441697120666504,
        -0.2602904438972473,
        -0.43798455595970154
    ],
    "roadnet_embedding": [
        1.1055577993392944,
        -0.42287677526474,
        0.04583416134119034,
        0.5521515607833862,
        -2.9995522499084473,
        0.04472658410668373,
        0.020675519481301308,
        -0.12951922416687012,
        -0.05065654218196869,
        0.3674042522907257
    ],
    "function_embedding": [
        -0.6296524405479431,
        -0.2752872109413147,
        -0.04042310640215874,
        0.017608318477869034,
        -1.4231358766555786,
        -0.11143958568572998,
        -0.01128232292830944,
        -0.11511653661727905,
        -0.17597270011901855,
        0.22532576322555542
    ],
    "city_embedding": [
        -0.983723521232605,
        0.0036167511716485023,
        0.6694934964179993,
        1.3806318044662476,
        -0.5934169292449951,
        1.2560120820999146,
        0.1646505445241928,
        2.77662992477417,
        2.3926258087158203,
        3.5471549034118652
    ],
    "degree_embedding": [
        -0.9859232902526855,
        -0.14980502426624298,
        1.1363672018051147,
        1.3890211582183838,
        1.9668338298797607,
        -0.10017327964305878,
        -0.9014211297035217,
        -0.5218036770820618,
        0.12516868114471436,
        0.34269973635673523
    ]
}