{
    "id": 13616,
    "range": [
        121.986804,
        31.322716,
        121.996804,
        31.312716
    ],
    "image_path": "CitySatellite\\Shanghai\\13616.jpg",
    "poi": [],
    "places": [],
    "transport": [],
    "traffic": [],
    "buildings": [],
    "landuse": [],
    "road_inner": [],
    "road_connect": {},
    "population": [
        0.0
    ],
    "transport_embedding": [
        -0.08655349910259247,
        -0.7825124263763428,
        0.37664422392845154,
        -0.6367663145065308,
        -0.018629025667905807,
        2.1404519081115723,
        0.5729572772979736,
        0.44430121779441833,
        0.9508314728736877,
        -0.3117375671863556
    ],
    "roadnet_embedding": [
        1.0775022506713867,
        -0.4373680055141449,
        0.07821555435657501,
        0.6336911916732788,
        -2.9508745670318604,
        0.0019302107393741608,
        0.043825291097164154,
        -0.17357653379440308,
        -0.11554078757762909,
        0.3208731412887573
    ],
    "function_embedding": [
        -0.6386288404464722,
        -0.2760328948497772,
        -0.058496080338954926,
        0.0434282012283802,
        -1.440055251121521,
        -0.10026828199625015,
        -0.020197205245494843,
        -0.11712773889303207,
        -0.12314087152481079,
        0.29976528882980347
    ],
    "city_embedding": [
        -0.983723521232605,
        0.0036167511716485023,
        0.6694934964179993,
        1.3806318044662476,
        -0.5934169292449951,
        1.2560120820999146,
        0.1646505445241928,
        2.77662992477417,
        2.3926258087158203,
        3.5471549034118652
    ],
    "degree_embedding": [
        -0.9859232902526855,
        -0.14980502426624298,
        1.1363672018051147,
        1.3890211582183838,
        1.9668338298797607,
        -0.10017327964305878,
        -0.9014211297035217,
        -0.5218036770820618,
        0.12516868114471436,
        0.34269973635673523
    ]
}