{
    "id": 13629,
    "range": [
        121.986804,
        31.192716,
        121.996804,
        31.182716
    ],
    "image_path": "CitySatellite\\Shanghai\\13629.jpg",
    "poi": [],
    "places": [],
    "transport": [],
    "traffic": [],
    "buildings": [],
    "landuse": [
        [
            7210,
            2,
            4,
            21.001310270270274
        ]
    ],
    "road_inner": [],
    "road_connect": {},
    "population": [
        0.0
    ],
    "transport_embedding": [
        -0.20737427473068237,
        -0.7947505712509155,
        0.7628806829452515,
        -0.40176302194595337,
        0.5521434545516968,
        0.2955923080444336,
        -0.6557559370994568,
        -0.41535505652427673,
        0.9403665065765381,
        -0.017790287733078003
    ],
    "roadnet_embedding": [
        1.082013726234436,
        -0.4205947816371918,
        0.03278936445713043,
        0.5682849884033203,
        -2.928769588470459,
        -0.004195950459688902,
        -0.022175420075654984,
        -0.15007512271404266,
        0.06275034695863724,
        0.29307061433792114
    ],
    "function_embedding": [
        1.7396239042282104,
        -4.014998912811279,
        0.8327906131744385,
        1.2385470867156982,
        0.1757807731628418,
        -0.5658201575279236,
        -0.11175537109375,
        -3.6771481037139893,
        -0.5138936638832092,
        -0.058046855032444
    ],
    "city_embedding": [
        -0.983723521232605,
        0.0036167511716485023,
        0.6694934964179993,
        1.3806318044662476,
        -0.5934169292449951,
        1.2560120820999146,
        0.1646505445241928,
        2.77662992477417,
        2.3926258087158203,
        3.5471549034118652
    ],
    "degree_embedding": [
        -0.9859232902526855,
        -0.14980502426624298,
        1.1363672018051147,
        1.3890211582183838,
        1.9668338298797607,
        -0.10017327964305878,
        -0.9014211297035217,
        -0.5218036770820618,
        0.12516868114471436,
        0.34269973635673523
    ]
}