{
    "id": 13627,
    "range": [
        121.986804,
        31.212716,
        121.996804,
        31.202716
    ],
    "image_path": "CitySatellite\\Shanghai\\13627.jpg",
    "poi": [],
    "places": [],
    "transport": [],
    "traffic": [],
    "buildings": [],
    "landuse": [
        [
            7210,
            2,
            4,
            21.001310270270274
        ]
    ],
    "road_inner": [],
    "road_connect": {},
    "population": [
        0.0
    ],
    "transport_embedding": [
        -0.021549666300415993,
        -1.00261390209198,
        0.24907150864601135,
        -0.386875182390213,
        0.06940216571092606,
        2.212306261062622,
        1.0088996887207031,
        0.24219998717308044,
        1.3379837274551392,
        -0.16350840032100677
    ],
    "roadnet_embedding": [
        1.0985527038574219,
        -0.4398203194141388,
        0.04531655088067055,
        0.6641235947608948,
        -2.965501546859741,
        0.045168641954660416,
        0.00133366952650249,
        -0.2237214297056198,
        -0.012939013540744781,
        0.36015793681144714
    ],
    "function_embedding": [
        1.739624261856079,
        -4.0149993896484375,
        0.8119099736213684,
        1.243722677230835,
        0.17687606811523438,
        -0.5517813563346863,
        -0.11526870727539062,
        -3.6436386108398438,
        -0.5198245644569397,
        0.04936831071972847
    ],
    "city_embedding": [
        -0.983723521232605,
        0.0036167511716485023,
        0.6694934964179993,
        1.3806318044662476,
        -0.5934169292449951,
        1.2560120820999146,
        0.1646505445241928,
        2.77662992477417,
        2.3926258087158203,
        3.5471549034118652
    ],
    "degree_embedding": [
        -0.9859232902526855,
        -0.14980502426624298,
        1.1363672018051147,
        1.3890211582183838,
        1.9668338298797607,
        -0.10017327964305878,
        -0.9014211297035217,
        -0.5218036770820618,
        0.12516868114471436,
        0.34269973635673523
    ]
}