{
    "id": 13628,
    "range": [
        121.986804,
        31.202716,
        121.996804,
        31.192716
    ],
    "image_path": "CitySatellite\\Shanghai\\13628.jpg",
    "poi": [],
    "places": [],
    "transport": [],
    "traffic": [],
    "buildings": [],
    "landuse": [
        [
            7210,
            2,
            4,
            21.001310270270274
        ]
    ],
    "road_inner": [],
    "road_connect": {},
    "population": [
        0.0
    ],
    "transport_embedding": [
        -0.2820049226284027,
        -0.5676060318946838,
        0.8062078356742859,
        -0.8064531087875366,
        1.216729760169983,
        0.21807560324668884,
        -1.7013384103775024,
        0.168355792760849,
        -1.2483608722686768,
        -0.1872696578502655
    ],
    "roadnet_embedding": [
        1.0349801778793335,
        -0.4327245056629181,
        0.05417018383741379,
        0.6266231536865234,
        -2.9967427253723145,
        -0.038363177329301834,
        0.07899624109268188,
        -0.10288264602422714,
        -0.048875175416469574,
        0.2675846219062805
    ],
    "function_embedding": [
        1.7396036386489868,
        -4.014975070953369,
        0.824465811252594,
        1.2406115531921387,
        0.17622041702270508,
        -0.5602301359176636,
        -0.11315536499023438,
        -3.6627304553985596,
        -0.5163136124610901,
        -0.02339051477611065
    ],
    "city_embedding": [
        -0.983723521232605,
        0.0036167511716485023,
        0.6694934964179993,
        1.3806318044662476,
        -0.5934169292449951,
        1.2560120820999146,
        0.1646505445241928,
        2.77662992477417,
        2.3926258087158203,
        3.5471549034118652
    ],
    "degree_embedding": [
        -0.9859232902526855,
        -0.14980502426624298,
        1.1363672018051147,
        1.3890211582183838,
        1.9668338298797607,
        -0.10017327964305878,
        -0.9014211297035217,
        -0.5218036770820618,
        0.12516868114471436,
        0.34269973635673523
    ]
}