{
    "id": 13631,
    "range": [
        121.986804,
        31.172716,
        121.996804,
        31.162716
    ],
    "image_path": "CitySatellite\\Shanghai\\13631.jpg",
    "poi": [],
    "places": [],
    "transport": [],
    "traffic": [],
    "buildings": [],
    "landuse": [
        [
            7210,
            2,
            4,
            21.001310270270274
        ]
    ],
    "road_inner": [],
    "road_connect": {},
    "population": [
        0.0
    ],
    "transport_embedding": [
        -0.2299666851758957,
        -0.45425525307655334,
        0.6482946276664734,
        -1.0772398710250854,
        -0.4077168107032776,
        -1.1893810033798218,
        1.1551072597503662,
        2.6915128231048584,
        -1.124988079071045,
        -0.4383170008659363
    ],
    "roadnet_embedding": [
        1.1281747817993164,
        -0.4230556786060333,
        0.022081298753619194,
        0.5787109732627869,
        -2.931117534637451,
        -0.05185084789991379,
        -0.02538488432765007,
        -0.09224694967269897,
        0.0048421877436339855,
        0.22500617802143097
    ],
    "function_embedding": [
        1.739591360092163,
        -4.014960289001465,
        0.8329010009765625,
        1.2385213375091553,
        0.1757793426513672,
        -0.5659059286117554,
        -0.11173629760742188,
        -3.677232265472412,
        -0.5138631463050842,
        -0.08298296481370926
    ],
    "city_embedding": [
        -0.983723521232605,
        0.0036167511716485023,
        0.6694934964179993,
        1.3806318044662476,
        -0.5934169292449951,
        1.2560120820999146,
        0.1646505445241928,
        2.77662992477417,
        2.3926258087158203,
        3.5471549034118652
    ],
    "degree_embedding": [
        -0.9859232902526855,
        -0.14980502426624298,
        1.1363672018051147,
        1.3890211582183838,
        1.9668338298797607,
        -0.10017327964305878,
        -0.9014211297035217,
        -0.5218036770820618,
        0.12516868114471436,
        0.34269973635673523
    ]
}