{
    "id": 13658,
    "range": [
        121.986804,
        30.902716,
        121.996804,
        30.892716
    ],
    "image_path": "CitySatellite\\Shanghai\\13658.jpg",
    "poi": [],
    "places": [],
    "transport": [],
    "traffic": [],
    "buildings": [],
    "landuse": [],
    "road_inner": [],
    "road_connect": {},
    "population": [
        0.0
    ],
    "transport_embedding": [
        -0.06674183905124664,
        -0.8738701343536377,
        0.3300088346004486,
        -0.6082667112350464,
        -0.6655862331390381,
        0.26478955149650574,
        1.444879412651062,
        1.1232633590698242,
        0.9376437067985535,
        -0.1636916697025299
    ],
    "roadnet_embedding": [
        0.9621664881706238,
        -0.44935524463653564,
        0.11391666531562805,
        0.536859929561615,
        -2.64898943901062,
        -0.22150513529777527,
        0.044972341507673264,
        -0.021367520093917847,
        -0.011967859230935574,
        0.2905101478099823
    ],
    "function_embedding": [
        -0.6111840605735779,
        -0.27616366744041443,
        -0.0924094021320343,
        0.10270705074071884,
        -1.521843433380127,
        -0.055035535246133804,
        -0.1515088528394699,
        -0.06850596517324448,
        -0.010743536055088043,
        0.3128395080566406
    ],
    "city_embedding": [
        -0.983723521232605,
        0.0036167511716485023,
        0.6694934964179993,
        1.3806318044662476,
        -0.5934169292449951,
        1.2560120820999146,
        0.1646505445241928,
        2.77662992477417,
        2.3926258087158203,
        3.5471549034118652
    ],
    "degree_embedding": [
        -0.9859232902526855,
        -0.14980502426624298,
        1.1363672018051147,
        1.3890211582183838,
        1.9668338298797607,
        -0.10017327964305878,
        -0.9014211297035217,
        -0.5218036770820618,
        0.12516868114471436,
        0.34269973635673523
    ]
}