{
    "id": 13659,
    "range": [
        121.986804,
        30.892716,
        121.996804,
        30.882716
    ],
    "image_path": "CitySatellite\\Shanghai\\13659.jpg",
    "poi": [],
    "places": [],
    "transport": [],
    "traffic": [],
    "buildings": [],
    "landuse": [],
    "road_inner": [],
    "road_connect": {},
    "population": [
        0.0
    ],
    "transport_embedding": [
        -0.2331630289554596,
        -0.6809256076812744,
        0.6999178528785706,
        -0.6690819263458252,
        0.9943934082984924,
        0.26642921566963196,
        -1.2329716682434082,
        0.26157525181770325,
        -0.5086785554885864,
        -0.19246786832809448
    ],
    "roadnet_embedding": [
        0.975024938583374,
        -0.45232972502708435,
        0.09815382212400436,
        0.662013828754425,
        -2.9405901432037354,
        -0.06088738143444061,
        0.13077469170093536,
        -0.10767250508069992,
        -0.08681809902191162,
        0.33565205335617065
    ],
    "function_embedding": [
        -0.5840145349502563,
        -0.3145774304866791,
        -0.04788951948285103,
        0.10157327353954315,
        -1.4562498331069946,
        -0.07333192974328995,
        0.053585369139909744,
        -0.09282799065113068,
        -0.15119029581546783,
        0.2286047488451004
    ],
    "city_embedding": [
        -0.983723521232605,
        0.0036167511716485023,
        0.6694934964179993,
        1.3806318044662476,
        -0.5934169292449951,
        1.2560120820999146,
        0.1646505445241928,
        2.77662992477417,
        2.3926258087158203,
        3.5471549034118652
    ],
    "degree_embedding": [
        -0.9859232902526855,
        -0.14980502426624298,
        1.1363672018051147,
        1.3890211582183838,
        1.9668338298797607,
        -0.10017327964305878,
        -0.9014211297035217,
        -0.5218036770820618,
        0.12516868114471436,
        0.34269973635673523
    ]
}