{
    "id": 13656,
    "range": [
        121.986804,
        30.922716,
        121.996804,
        30.912716
    ],
    "image_path": "CitySatellite\\Shanghai\\13656.jpg",
    "poi": [],
    "places": [],
    "transport": [],
    "traffic": [],
    "buildings": [],
    "landuse": [],
    "road_inner": [
        [
            5141,
            1.0,
            5,
            753.5753333333333
        ]
    ],
    "road_connect": {
        "13416": {
            "5": 1
        },
        "13536": {
            "5": 1
        }
    },
    "population": [
        0.0
    ],
    "transport_embedding": [
        -0.21570637822151184,
        -0.7562617063522339,
        0.6926600933074951,
        -0.4978298544883728,
        0.7829931378364563,
        0.6342199444770813,
        -0.7943077087402344,
        -0.2129848599433899,
        0.4085439443588257,
        -0.11589951813220978
    ],
    "roadnet_embedding": [
        1.3359148502349854,
        -0.6831960082054138,
        -0.18402501940727234,
        0.07531387358903885,
        -0.25259339809417725,
        -0.9324092268943787,
        0.18261703848838806,
        -0.13754373788833618,
        -0.5315026640892029,
        -1.3969024419784546
    ],
    "function_embedding": [
        -0.5970715284347534,
        -0.29319363832473755,
        -0.08137968927621841,
        0.10916037857532501,
        -1.488946557044983,
        -0.054818522185087204,
        -0.062162261456251144,
        -0.0588613823056221,
        -0.07701294124126434,
        0.30629128217697144
    ],
    "city_embedding": [
        -0.983723521232605,
        0.0036167511716485023,
        0.6694934964179993,
        1.3806318044662476,
        -0.5934169292449951,
        1.2560120820999146,
        0.1646505445241928,
        2.77662992477417,
        2.3926258087158203,
        3.5471549034118652
    ],
    "degree_embedding": [
        -0.9813666343688965,
        -0.4224967956542969,
        1.1640962362289429,
        1.1915993690490723,
        1.5031216144561768,
        0.06068969517946243,
        -0.3323799669742584,
        -0.6514042615890503,
        0.49402618408203125,
        -0.5870565176010132
    ]
}