{
    "id": 13657,
    "range": [
        121.986804,
        30.912716,
        121.996804,
        30.902716
    ],
    "image_path": "CitySatellite\\Shanghai\\13657.jpg",
    "poi": [],
    "places": [],
    "transport": [],
    "traffic": [],
    "buildings": [],
    "landuse": [],
    "road_inner": [],
    "road_connect": {},
    "population": [
        0.0
    ],
    "transport_embedding": [
        -0.20674875378608704,
        -0.8307165503501892,
        0.7736077308654785,
        -0.3361679017543793,
        0.3948327600955963,
        -0.139927476644516,
        -0.2287002056837082,
        -0.20069420337677002,
        1.0800782442092896,
        0.016837535426020622
    ],
    "roadnet_embedding": [
        1.0971555709838867,
        -0.43164417147636414,
        0.054745547473430634,
        0.4601123631000519,
        -2.7524523735046387,
        -0.24108628928661346,
        -0.053974300622940063,
        0.07707888633012772,
        -0.03307117521762848,
        0.22623038291931152
    ],
    "function_embedding": [
        -0.6064748764038086,
        -0.28354474902153015,
        -0.08398423343896866,
        0.0860617607831955,
        -1.4988274574279785,
        -0.0500062070786953,
        -0.05154693126678467,
        -0.12042146176099777,
        -0.08593765646219254,
        0.3142777681350708
    ],
    "city_embedding": [
        -0.983723521232605,
        0.0036167511716485023,
        0.6694934964179993,
        1.3806318044662476,
        -0.5934169292449951,
        1.2560120820999146,
        0.1646505445241928,
        2.77662992477417,
        2.3926258087158203,
        3.5471549034118652
    ],
    "degree_embedding": [
        -0.9859232902526855,
        -0.14980502426624298,
        1.1363672018051147,
        1.3890211582183838,
        1.9668338298797607,
        -0.10017327964305878,
        -0.9014211297035217,
        -0.5218036770820618,
        0.12516868114471436,
        0.34269973635673523
    ]
}