{
    "id": 13738,
    "range": [
        121.996804,
        31.302716,
        122.006804,
        31.292716
    ],
    "image_path": "CitySatellite\\Shanghai\\13738.jpg",
    "poi": [],
    "places": [],
    "transport": [],
    "traffic": [],
    "buildings": [],
    "landuse": [],
    "road_inner": [],
    "road_connect": {},
    "population": [
        0.0
    ],
    "transport_embedding": [
        -0.28909093141555786,
        -0.7010878324508667,
        0.808773934841156,
        -0.5327299237251282,
        0.9987067580223083,
        -0.8153073191642761,
        -1.2466669082641602,
        0.37515684962272644,
        -0.25237610936164856,
        -0.11034650355577469
    ],
    "roadnet_embedding": [
        1.0780317783355713,
        -0.42974236607551575,
        0.0647427886724472,
        0.6323710680007935,
        -3.0046896934509277,
        -0.006085631437599659,
        0.037489499896764755,
        -0.12587668001651764,
        -0.09806878119707108,
        0.3076710104942322
    ],
    "function_embedding": [
        -0.5916264653205872,
        -0.30612269043922424,
        -0.049491383135318756,
        0.06287885457277298,
        -1.4622870683670044,
        -0.04468861222267151,
        -0.10338001698255539,
        -0.07287158071994781,
        -0.09644775092601776,
        0.20895615220069885
    ],
    "city_embedding": [
        -0.983723521232605,
        0.0036167511716485023,
        0.6694934964179993,
        1.3806318044662476,
        -0.5934169292449951,
        1.2560120820999146,
        0.1646505445241928,
        2.77662992477417,
        2.3926258087158203,
        3.5471549034118652
    ],
    "degree_embedding": [
        -0.9859232902526855,
        -0.14980502426624298,
        1.1363672018051147,
        1.3890211582183838,
        1.9668338298797607,
        -0.10017327964305878,
        -0.9014211297035217,
        -0.5218036770820618,
        0.12516868114471436,
        0.34269973635673523
    ]
}