{
    "id": 13736,
    "range": [
        121.996804,
        31.322716,
        122.006804,
        31.312716
    ],
    "image_path": "CitySatellite\\Shanghai\\13736.jpg",
    "poi": [],
    "places": [],
    "transport": [],
    "traffic": [],
    "buildings": [],
    "landuse": [],
    "road_inner": [],
    "road_connect": {},
    "population": [
        0.0
    ],
    "transport_embedding": [
        -0.1757790744304657,
        -0.6394006609916687,
        0.5794265270233154,
        -0.8001631498336792,
        0.04649563133716583,
        0.29662075638771057,
        0.23637031018733978,
        1.2909760475158691,
        -0.1293783038854599,
        -0.3006075620651245
    ],
    "roadnet_embedding": [
        1.0822789669036865,
        -0.4343269169330597,
        0.04311507195234299,
        0.6556195020675659,
        -3.0309524536132812,
        0.023129690438508987,
        0.05748893693089485,
        -0.17677174508571625,
        -0.06701970845460892,
        0.2730911076068878
    ],
    "function_embedding": [
        -0.6058135628700256,
        -0.30493542551994324,
        -0.06189672276377678,
        0.057626791298389435,
        -1.426648497581482,
        -0.09095337986946106,
        -0.06097209081053734,
        -0.05958074331283569,
        -0.09831225872039795,
        0.24929046630859375
    ],
    "city_embedding": [
        -0.983723521232605,
        0.0036167511716485023,
        0.6694934964179993,
        1.3806318044662476,
        -0.5934169292449951,
        1.2560120820999146,
        0.1646505445241928,
        2.77662992477417,
        2.3926258087158203,
        3.5471549034118652
    ],
    "degree_embedding": [
        -0.9859232902526855,
        -0.14980502426624298,
        1.1363672018051147,
        1.3890211582183838,
        1.9668338298797607,
        -0.10017327964305878,
        -0.9014211297035217,
        -0.5218036770820618,
        0.12516868114471436,
        0.34269973635673523
    ]
}