{
    "id": 13747,
    "range": [
        121.996804,
        31.212716,
        122.006804,
        31.202716
    ],
    "image_path": "CitySatellite\\Shanghai\\13747.jpg",
    "poi": [],
    "places": [],
    "transport": [],
    "traffic": [],
    "buildings": [],
    "landuse": [
        [
            7210,
            2,
            4,
            21.001310270270274
        ]
    ],
    "road_inner": [],
    "road_connect": {},
    "population": [
        0.0
    ],
    "transport_embedding": [
        -0.20633772015571594,
        -0.6924228072166443,
        0.6108929514884949,
        -0.6969243884086609,
        0.5403951406478882,
        0.19748638570308685,
        -0.12631897628307343,
        1.29127037525177,
        -0.7105648517608643,
        -0.385229229927063
    ],
    "roadnet_embedding": [
        0.9804813265800476,
        -0.4412231147289276,
        0.11103437095880508,
        0.5920915603637695,
        -2.8564748764038086,
        -0.07613226771354675,
        0.08466694504022598,
        -0.07745823264122009,
        -0.04341869056224823,
        0.36591002345085144
    ],
    "function_embedding": [
        1.7395893335342407,
        -4.014957904815674,
        0.8278248310089111,
        1.2397797107696533,
        0.17604589462280273,
        -0.5624939203262329,
        -0.11259078979492188,
        -3.6690783500671387,
        -0.5153051018714905,
        -0.05573204159736633
    ],
    "city_embedding": [
        -0.983723521232605,
        0.0036167511716485023,
        0.6694934964179993,
        1.3806318044662476,
        -0.5934169292449951,
        1.2560120820999146,
        0.1646505445241928,
        2.77662992477417,
        2.3926258087158203,
        3.5471549034118652
    ],
    "degree_embedding": [
        -0.9859232902526855,
        -0.14980502426624298,
        1.1363672018051147,
        1.3890211582183838,
        1.9668338298797607,
        -0.10017327964305878,
        -0.9014211297035217,
        -0.5218036770820618,
        0.12516868114471436,
        0.34269973635673523
    ]
}