{
    "id": 13748,
    "range": [
        121.996804,
        31.202716,
        122.006804,
        31.192716
    ],
    "image_path": "CitySatellite\\Shanghai\\13748.jpg",
    "poi": [],
    "places": [],
    "transport": [],
    "traffic": [],
    "buildings": [],
    "landuse": [
        [
            7210,
            2,
            4,
            21.001310270270274
        ]
    ],
    "road_inner": [],
    "road_connect": {},
    "population": [
        0.0
    ],
    "transport_embedding": [
        -0.19239994883537292,
        -0.6833633780479431,
        0.5774025917053223,
        -0.764737606048584,
        0.13525141775608063,
        -0.70414137840271,
        -0.376030832529068,
        0.8784219622612,
        0.0978558212518692,
        -0.15735560655593872
    ],
    "roadnet_embedding": [
        1.1414306163787842,
        -0.4169544577598572,
        0.017491571605205536,
        0.5832114219665527,
        -3.0289039611816406,
        0.035541385412216187,
        -0.012672694399952888,
        -0.1363735944032669,
        -0.023575227707624435,
        0.2873751223087311
    ],
    "function_embedding": [
        1.739610195159912,
        -4.0149827003479,
        0.8177437782287598,
        1.2422776222229004,
        0.17657232284545898,
        -0.555708646774292,
        -0.114288330078125,
        -3.6526601314544678,
        -0.518184244632721,
        -0.005129741970449686
    ],
    "city_embedding": [
        -0.983723521232605,
        0.0036167511716485023,
        0.6694934964179993,
        1.3806318044662476,
        -0.5934169292449951,
        1.2560120820999146,
        0.1646505445241928,
        2.77662992477417,
        2.3926258087158203,
        3.5471549034118652
    ],
    "degree_embedding": [
        -0.9859232902526855,
        -0.14980502426624298,
        1.1363672018051147,
        1.3890211582183838,
        1.9668338298797607,
        -0.10017327964305878,
        -0.9014211297035217,
        -0.5218036770820618,
        0.12516868114471436,
        0.34269973635673523
    ]
}