{
    "id": 13749,
    "range": [
        121.996804,
        31.192716,
        122.006804,
        31.182716
    ],
    "image_path": "CitySatellite\\Shanghai\\13749.jpg",
    "poi": [],
    "places": [],
    "transport": [],
    "traffic": [],
    "buildings": [],
    "landuse": [
        [
            7210,
            2,
            4,
            21.001310270270274
        ]
    ],
    "road_inner": [],
    "road_connect": {},
    "population": [
        0.0
    ],
    "transport_embedding": [
        -0.29234057664871216,
        -0.6880335211753845,
        0.857146680355072,
        -0.5228990912437439,
        0.8649303913116455,
        -0.7727335691452026,
        -1.3058925867080688,
        -0.3069310486316681,
        0.19874076545238495,
        0.02762642689049244
    ],
    "roadnet_embedding": [
        1.0366489887237549,
        -0.44366180896759033,
        0.06389044225215912,
        0.6562977433204651,
        -3.0132741928100586,
        0.053962476551532745,
        0.1002340167760849,
        -0.1729734092950821,
        -0.0619504339993,
        0.3944677412509918
    ],
    "function_embedding": [
        1.7396080493927002,
        -4.014980316162109,
        0.8162285685539246,
        1.2426531314849854,
        0.1766514778137207,
        -0.5546908378601074,
        -0.11454010009765625,
        -3.651193618774414,
        -0.5185618996620178,
        0.0049499934539198875
    ],
    "city_embedding": [
        -0.983723521232605,
        0.0036167511716485023,
        0.6694934964179993,
        1.3806318044662476,
        -0.5934169292449951,
        1.2560120820999146,
        0.1646505445241928,
        2.77662992477417,
        2.3926258087158203,
        3.5471549034118652
    ],
    "degree_embedding": [
        -0.9859232902526855,
        -0.14980502426624298,
        1.1363672018051147,
        1.3890211582183838,
        1.9668338298797607,
        -0.10017327964305878,
        -0.9014211297035217,
        -0.5218036770820618,
        0.12516868114471436,
        0.34269973635673523
    ]
}