{
    "id": 1395,
    "range": [
        120.966804,
        31.13271600000001,
        120.976804,
        31.122716
    ],
    "image_path": "CitySatellite\\Shanghai\\1395.jpg",
    "poi": [],
    "places": [],
    "transport": [],
    "traffic": [],
    "buildings": [],
    "landuse": [],
    "road_inner": [],
    "road_connect": {},
    "population": [
        0.0
    ],
    "transport_embedding": [
        -0.25631698966026306,
        -0.569717288017273,
        0.6310059428215027,
        -0.9009661078453064,
        0.2762840688228607,
        -1.1480497121810913,
        -0.2843945026397705,
        2.0225343704223633,
        -1.1381710767745972,
        -0.4413922429084778
    ],
    "roadnet_embedding": [
        1.0089889764785767,
        -0.4404563903808594,
        0.09044994413852692,
        0.5745409727096558,
        -2.748098850250244,
        -0.2058950662612915,
        0.04131612554192543,
        0.0005848121945746243,
        -0.06160084903240204,
        0.21012774109840393
    ],
    "function_embedding": [
        -0.5964202284812927,
        -0.31813672184944153,
        -0.07004687190055847,
        0.07275455445051193,
        -1.4435789585113525,
        -0.05097554996609688,
        -0.12575699388980865,
        -0.005248421803116798,
        -0.07724888622760773,
        0.2551025152206421
    ],
    "city_embedding": [
        -0.983723521232605,
        0.0036167511716485023,
        0.6694934964179993,
        1.3806318044662476,
        -0.5934169292449951,
        1.2560120820999146,
        0.1646505445241928,
        2.77662992477417,
        2.3926258087158203,
        3.5471549034118652
    ],
    "degree_embedding": [
        -0.9859232902526855,
        -0.14980502426624298,
        1.1363672018051147,
        1.3890211582183838,
        1.9668338298797607,
        -0.10017327964305878,
        -0.9014211297035217,
        -0.5218036770820618,
        0.12516868114471436,
        0.34269973635673523
    ]
}