{
    "id": 1397,
    "range": [
        120.966804,
        31.112716,
        120.976804,
        31.102716
    ],
    "image_path": "CitySatellite\\Shanghai\\1397.jpg",
    "poi": [],
    "places": [],
    "transport": [],
    "traffic": [],
    "buildings": [],
    "landuse": [],
    "road_inner": [],
    "road_connect": {},
    "population": [
        0.0
    ],
    "transport_embedding": [
        -0.2914678752422333,
        -0.6484711170196533,
        0.8638388514518738,
        -0.5907136797904968,
        0.5678064227104187,
        -0.8070034384727478,
        -1.0816768407821655,
        -0.22099469602108002,
        0.2154366821050644,
        0.01108273584395647
    ],
    "roadnet_embedding": [
        1.0385605096817017,
        -0.42378461360931396,
        0.06394198536872864,
        0.6401845812797546,
        -2.997452974319458,
        0.04152080416679382,
        0.0397258922457695,
        -0.18984027206897736,
        -0.00583202438428998,
        0.32668012380599976
    ],
    "function_embedding": [
        -0.6379863619804382,
        -0.27610746026039124,
        -0.059151746332645416,
        0.08718805015087128,
        -1.4586869478225708,
        -0.11667962372303009,
        -0.02748451940715313,
        -0.10412690788507462,
        -0.11899438500404358,
        0.3325921297073364
    ],
    "city_embedding": [
        -0.983723521232605,
        0.0036167511716485023,
        0.6694934964179993,
        1.3806318044662476,
        -0.5934169292449951,
        1.2560120820999146,
        0.1646505445241928,
        2.77662992477417,
        2.3926258087158203,
        3.5471549034118652
    ],
    "degree_embedding": [
        -0.9859232902526855,
        -0.14980502426624298,
        1.1363672018051147,
        1.3890211582183838,
        1.9668338298797607,
        -0.10017327964305878,
        -0.9014211297035217,
        -0.5218036770820618,
        0.12516868114471436,
        0.34269973635673523
    ]
}