{
    "id": 13978,
    "range": [
        122.016804,
        31.302716,
        122.026804,
        31.292716
    ],
    "image_path": "CitySatellite\\Shanghai\\13978.jpg",
    "poi": [],
    "places": [],
    "transport": [],
    "traffic": [],
    "buildings": [],
    "landuse": [],
    "road_inner": [],
    "road_connect": {},
    "population": [
        0.0
    ],
    "transport_embedding": [
        -0.14004558324813843,
        -0.8110131621360779,
        0.4514777660369873,
        -0.5141675472259521,
        0.5377387404441833,
        1.8315974473953247,
        -0.08835257589817047,
        -0.19313129782676697,
        0.9307628870010376,
        -0.23611488938331604
    ],
    "roadnet_embedding": [
        1.016231656074524,
        -0.4553793668746948,
        0.11262445896863937,
        0.6168826818466187,
        -2.7640280723571777,
        -0.1531561017036438,
        0.058129195123910904,
        -0.07615578919649124,
        -0.11997077614068985,
        0.29479944705963135
    ],
    "function_embedding": [
        -0.6117635369300842,
        -0.2725863754749298,
        -0.07913720607757568,
        0.06758879870176315,
        -1.485325813293457,
        -0.08424980938434601,
        0.0019660191610455513,
        -0.13861492276191711,
        -0.1435175985097885,
        0.33204585313796997
    ],
    "city_embedding": [
        -0.983723521232605,
        0.0036167511716485023,
        0.6694934964179993,
        1.3806318044662476,
        -0.5934169292449951,
        1.2560120820999146,
        0.1646505445241928,
        2.77662992477417,
        2.3926258087158203,
        3.5471549034118652
    ],
    "degree_embedding": [
        -0.9859232902526855,
        -0.14980502426624298,
        1.1363672018051147,
        1.3890211582183838,
        1.9668338298797607,
        -0.10017327964305878,
        -0.9014211297035217,
        -0.5218036770820618,
        0.12516868114471436,
        0.34269973635673523
    ]
}