{
    "id": 14098,
    "range": [
        122.026804,
        31.302716,
        122.036804,
        31.292716
    ],
    "image_path": "CitySatellite\\Shanghai\\14098.jpg",
    "poi": [],
    "places": [],
    "transport": [],
    "traffic": [],
    "buildings": [],
    "landuse": [],
    "road_inner": [],
    "road_connect": {},
    "population": [
        0.0
    ],
    "transport_embedding": [
        -0.024756740778684616,
        -1.0020159482955933,
        0.27558061480522156,
        -0.3997127413749695,
        0.13198889791965485,
        1.9177261590957642,
        0.6737588047981262,
        0.17836326360702515,
        1.2709215879440308,
        -0.15605369210243225
    ],
    "roadnet_embedding": [
        1.0459593534469604,
        -0.4277970492839813,
        0.11103210598230362,
        0.5722578763961792,
        -2.8665294647216797,
        -0.022306086495518684,
        0.028323423117399216,
        -0.12185416370630264,
        -0.07122130692005157,
        0.37176430225372314
    ],
    "function_embedding": [
        -0.6036486625671387,
        -0.32765480875968933,
        -0.10801702737808228,
        0.03640618547797203,
        -1.374193549156189,
        -0.06556466221809387,
        0.052144359797239304,
        -0.06512628495693207,
        -0.07356075197458267,
        0.33712679147720337
    ],
    "city_embedding": [
        -0.983723521232605,
        0.0036167511716485023,
        0.6694934964179993,
        1.3806318044662476,
        -0.5934169292449951,
        1.2560120820999146,
        0.1646505445241928,
        2.77662992477417,
        2.3926258087158203,
        3.5471549034118652
    ],
    "degree_embedding": [
        -0.9859232902526855,
        -0.14980502426624298,
        1.1363672018051147,
        1.3890211582183838,
        1.9668338298797607,
        -0.10017327964305878,
        -0.9014211297035217,
        -0.5218036770820618,
        0.12516868114471436,
        0.34269973635673523
    ]
}