{
    "id": 14337,
    "range": [
        122.046804,
        31.312716,
        122.056804,
        31.302716
    ],
    "image_path": "CitySatellite\\Shanghai\\14337.jpg",
    "poi": [],
    "places": [],
    "transport": [],
    "traffic": [],
    "buildings": [],
    "landuse": [],
    "road_inner": [],
    "road_connect": {},
    "population": [
        0.0
    ],
    "transport_embedding": [
        -0.2228267937898636,
        -0.4653683602809906,
        0.6603711247444153,
        -1.081431269645691,
        -0.0427628830075264,
        -0.45707836747169495,
        0.01595267280936241,
        2.0670082569122314,
        -1.2189650535583496,
        -0.4584169387817383
    ],
    "roadnet_embedding": [
        1.0673187971115112,
        -0.44183996319770813,
        0.04644004628062248,
        0.6218256950378418,
        -3.0248091220855713,
        -0.001002555713057518,
        0.06930607557296753,
        -0.11186958104372025,
        -0.0811096802353859,
        0.35434916615486145
    ],
    "function_embedding": [
        -0.5962757468223572,
        -0.32226839661598206,
        -0.09613645821809769,
        0.05021338537335396,
        -1.4216409921646118,
        0.0017642523162066936,
        -0.04377349838614464,
        -0.02761995792388916,
        -0.04969817399978638,
        0.2699185013771057
    ],
    "city_embedding": [
        -0.983723521232605,
        0.0036167511716485023,
        0.6694934964179993,
        1.3806318044662476,
        -0.5934169292449951,
        1.2560120820999146,
        0.1646505445241928,
        2.77662992477417,
        2.3926258087158203,
        3.5471549034118652
    ],
    "degree_embedding": [
        -0.9859232902526855,
        -0.14980502426624298,
        1.1363672018051147,
        1.3890211582183838,
        1.9668338298797607,
        -0.10017327964305878,
        -0.9014211297035217,
        -0.5218036770820618,
        0.12516868114471436,
        0.34269973635673523
    ]
}