{
    "id": 14458,
    "range": [
        122.056804,
        31.302716,
        122.066804,
        31.292716
    ],
    "image_path": "CitySatellite\\Shanghai\\14458.jpg",
    "poi": [],
    "places": [],
    "transport": [],
    "traffic": [],
    "buildings": [],
    "landuse": [],
    "road_inner": [],
    "road_connect": {},
    "population": [
        0.0
    ],
    "transport_embedding": [
        -0.2217012196779251,
        -0.527925431728363,
        0.6235546469688416,
        -0.9808838367462158,
        0.739043653011322,
        0.7150415182113647,
        -0.9694512486457825,
        0.7172116637229919,
        -1.1203672885894775,
        -0.341336727142334
    ],
    "roadnet_embedding": [
        1.0948588848114014,
        -0.4182080924510956,
        0.04464161396026611,
        0.4859786629676819,
        -2.909498929977417,
        -0.0386071503162384,
        -0.0010621550027281046,
        -0.0832236036658287,
        0.005751426797360182,
        0.26693567633628845
    ],
    "function_embedding": [
        -0.5799294114112854,
        -0.3004339039325714,
        -0.08856475353240967,
        -0.011476628482341766,
        -1.413107991218567,
        -0.06300488859415054,
        -0.025514833629131317,
        -0.10818496346473694,
        -0.09615520387887955,
        0.2349737137556076
    ],
    "city_embedding": [
        -0.983723521232605,
        0.0036167511716485023,
        0.6694934964179993,
        1.3806318044662476,
        -0.5934169292449951,
        1.2560120820999146,
        0.1646505445241928,
        2.77662992477417,
        2.3926258087158203,
        3.5471549034118652
    ],
    "degree_embedding": [
        -0.9859232902526855,
        -0.14980502426624298,
        1.1363672018051147,
        1.3890211582183838,
        1.9668338298797607,
        -0.10017327964305878,
        -0.9014211297035217,
        -0.5218036770820618,
        0.12516868114471436,
        0.34269973635673523
    ]
}