{
    "id": 14459,
    "range": [
        122.056804,
        31.29271600000001,
        122.066804,
        31.282716
    ],
    "image_path": "CitySatellite\\Shanghai\\14459.jpg",
    "poi": [],
    "places": [],
    "transport": [],
    "traffic": [],
    "buildings": [],
    "landuse": [],
    "road_inner": [],
    "road_connect": {},
    "population": [
        0.0
    ],
    "transport_embedding": [
        -0.19980576634407043,
        -0.7822984457015991,
        0.6469971537590027,
        -0.45227527618408203,
        0.7850137948989868,
        1.1097972393035889,
        -0.6812758445739746,
        -0.4526859521865845,
        0.7598748803138733,
        -0.1303921490907669
    ],
    "roadnet_embedding": [
        1.136349081993103,
        -0.43117550015449524,
        0.03606366738677025,
        0.6303129196166992,
        -3.007439613342285,
        0.0552067756652832,
        0.0012544655473902822,
        -0.21844421327114105,
        -0.061310313642024994,
        0.3080703914165497
    ],
    "function_embedding": [
        -0.6002791523933411,
        -0.2901812791824341,
        -0.06407855451107025,
        0.08679862320423126,
        -1.4809588193893433,
        -0.04821612313389778,
        -0.05284503847360611,
        -0.07914921641349792,
        -0.14887160062789917,
        0.299575537443161
    ],
    "city_embedding": [
        -0.983723521232605,
        0.0036167511716485023,
        0.6694934964179993,
        1.3806318044662476,
        -0.5934169292449951,
        1.2560120820999146,
        0.1646505445241928,
        2.77662992477417,
        2.3926258087158203,
        3.5471549034118652
    ],
    "degree_embedding": [
        -0.9859232902526855,
        -0.14980502426624298,
        1.1363672018051147,
        1.3890211582183838,
        1.9668338298797607,
        -0.10017327964305878,
        -0.9014211297035217,
        -0.5218036770820618,
        0.12516868114471436,
        0.34269973635673523
    ]
}