{
    "id": 14457,
    "range": [
        122.056804,
        31.312716,
        122.066804,
        31.302716
    ],
    "image_path": "CitySatellite\\Shanghai\\14457.jpg",
    "poi": [],
    "places": [],
    "transport": [],
    "traffic": [],
    "buildings": [],
    "landuse": [],
    "road_inner": [],
    "road_connect": {},
    "population": [
        0.0
    ],
    "transport_embedding": [
        -0.3384586274623871,
        -0.5642074942588806,
        0.9129079580307007,
        -0.7121841907501221,
        1.287261724472046,
        -0.22556987404823303,
        -1.915305256843567,
        0.038454409688711166,
        -1.203414797782898,
        -0.13255533576011658
    ],
    "roadnet_embedding": [
        0.9692192673683167,
        -0.46289005875587463,
        0.11625507473945618,
        0.652030885219574,
        -2.7924749851226807,
        -0.1454324871301651,
        0.10267029702663422,
        -0.059884097427129745,
        -0.08288343250751495,
        0.3202284574508667
    ],
    "function_embedding": [
        -0.5677211284637451,
        -0.3351857662200928,
        -0.10684635490179062,
        0.1042390763759613,
        -1.4371167421340942,
        -0.028789173811674118,
        -0.010607684031128883,
        -0.025503039360046387,
        -0.03877994790673256,
        0.3079695403575897
    ],
    "city_embedding": [
        -0.983723521232605,
        0.0036167511716485023,
        0.6694934964179993,
        1.3806318044662476,
        -0.5934169292449951,
        1.2560120820999146,
        0.1646505445241928,
        2.77662992477417,
        2.3926258087158203,
        3.5471549034118652
    ],
    "degree_embedding": [
        -0.9859232902526855,
        -0.14980502426624298,
        1.1363672018051147,
        1.3890211582183838,
        1.9668338298797607,
        -0.10017327964305878,
        -0.9014211297035217,
        -0.5218036770820618,
        0.12516868114471436,
        0.34269973635673523
    ]
}