{
    "id": 14579,
    "range": [
        122.066804,
        31.29271600000001,
        122.076804,
        31.282716
    ],
    "image_path": "CitySatellite\\Shanghai\\14579.jpg",
    "poi": [],
    "places": [],
    "transport": [],
    "traffic": [],
    "buildings": [],
    "landuse": [],
    "road_inner": [],
    "road_connect": {},
    "population": [
        0.0
    ],
    "transport_embedding": [
        -0.2656998336315155,
        -0.632643461227417,
        0.666695237159729,
        -0.7675083875656128,
        0.4817955493927002,
        -1.2417227029800415,
        -0.9287065267562866,
        0.9962316751480103,
        -0.4308415949344635,
        -0.21374809741973877
    ],
    "roadnet_embedding": [
        1.1035916805267334,
        -0.4315635859966278,
        0.06471441686153412,
        0.5539183616638184,
        -2.865954875946045,
        -0.11794933676719666,
        -0.027519235387444496,
        -0.037696633487939835,
        -0.07237786799669266,
        0.28742218017578125
    ],
    "function_embedding": [
        -0.5883771181106567,
        -0.33712565898895264,
        -0.05049640312790871,
        -0.006581940688192844,
        -1.348790168762207,
        -0.07081589102745056,
        -0.0038080778904259205,
        -0.0559367761015892,
        -0.09471536427736282,
        0.13883067667484283
    ],
    "city_embedding": [
        -0.983723521232605,
        0.0036167511716485023,
        0.6694934964179993,
        1.3806318044662476,
        -0.5934169292449951,
        1.2560120820999146,
        0.1646505445241928,
        2.77662992477417,
        2.3926258087158203,
        3.5471549034118652
    ],
    "degree_embedding": [
        -0.9859232902526855,
        -0.14980502426624298,
        1.1363672018051147,
        1.3890211582183838,
        1.9668338298797607,
        -0.10017327964305878,
        -0.9014211297035217,
        -0.5218036770820618,
        0.12516868114471436,
        0.34269973635673523
    ]
}