{
    "id": 14576,
    "range": [
        122.066804,
        31.322716,
        122.076804,
        31.312716
    ],
    "image_path": "CitySatellite\\Shanghai\\14576.jpg",
    "poi": [],
    "places": [],
    "transport": [],
    "traffic": [],
    "buildings": [],
    "landuse": [],
    "road_inner": [
        [
            5121,
            1.0,
            4,
            750.169
        ]
    ],
    "road_connect": {
        "14456": {
            "4": 1
        },
        "14696": {
            "4": 1
        }
    },
    "population": [
        0.0
    ],
    "transport_embedding": [
        -0.2190653383731842,
        -0.7030594348907471,
        0.716101884841919,
        -0.5810219645500183,
        0.3408767580986023,
        0.5306509733200073,
        -0.7819729447364807,
        -0.18142926692962646,
        0.5703942179679871,
        -0.14375044405460358
    ],
    "roadnet_embedding": [
        0.7456080317497253,
        -0.7788301706314087,
        0.12043207883834839,
        -0.8103645443916321,
        0.054644808173179626,
        -2.3206682205200195,
        -0.09772516787052155,
        1.019402265548706,
        0.4973163306713104,
        -0.7052827477455139
    ],
    "function_embedding": [
        -0.5902471542358398,
        -0.3041945993900299,
        -0.08688623458147049,
        0.06075010821223259,
        -1.4429848194122314,
        -0.07710633426904678,
        0.014330601319670677,
        -0.12014412134885788,
        -0.09959114342927933,
        0.2993124723434448
    ],
    "city_embedding": [
        -0.983723521232605,
        0.0036167511716485023,
        0.6694934964179993,
        1.3806318044662476,
        -0.5934169292449951,
        1.2560120820999146,
        0.1646505445241928,
        2.77662992477417,
        2.3926258087158203,
        3.5471549034118652
    ],
    "degree_embedding": [
        -0.9803432822227478,
        -0.4955008625984192,
        0.02320222556591034,
        0.8904775381088257,
        1.3509734869003296,
        0.22085069119930267,
        -0.2695158123970032,
        -1.039759874343872,
        0.8916219472885132,
        -1.264162540435791
    ]
}