{
    "id": 14578,
    "range": [
        122.066804,
        31.302716,
        122.076804,
        31.292716
    ],
    "image_path": "CitySatellite\\Shanghai\\14578.jpg",
    "poi": [],
    "places": [],
    "transport": [],
    "traffic": [],
    "buildings": [],
    "landuse": [],
    "road_inner": [],
    "road_connect": {},
    "population": [
        0.0
    ],
    "transport_embedding": [
        -0.22685261070728302,
        -0.5424813628196716,
        0.60926353931427,
        -0.9502558708190918,
        0.8127350211143494,
        0.7201318740844727,
        -1.4100208282470703,
        0.07348313927650452,
        -0.6644884347915649,
        -0.23199664056301117
    ],
    "roadnet_embedding": [
        1.0100815296173096,
        -0.4295051097869873,
        0.08716018497943878,
        0.6374959945678711,
        -2.9356696605682373,
        0.01191661972552538,
        0.0733523741364479,
        -0.1925704926252365,
        -0.04507199674844742,
        0.30267325043678284
    ],
    "function_embedding": [
        -0.6306031942367554,
        -0.2722182869911194,
        -0.07354109734296799,
        -0.02789093554019928,
        -1.4424476623535156,
        -0.056541651487350464,
        -0.1283998191356659,
        -0.10984618216753006,
        -0.11950816959142685,
        0.2753429114818573
    ],
    "city_embedding": [
        -0.983723521232605,
        0.0036167511716485023,
        0.6694934964179993,
        1.3806318044662476,
        -0.5934169292449951,
        1.2560120820999146,
        0.1646505445241928,
        2.77662992477417,
        2.3926258087158203,
        3.5471549034118652
    ],
    "degree_embedding": [
        -0.9859232902526855,
        -0.14980502426624298,
        1.1363672018051147,
        1.3890211582183838,
        1.9668338298797607,
        -0.10017327964305878,
        -0.9014211297035217,
        -0.5218036770820618,
        0.12516868114471436,
        0.34269973635673523
    ]
}