{
    "id": 14577,
    "range": [
        122.066804,
        31.312716,
        122.076804,
        31.302716
    ],
    "image_path": "CitySatellite\\Shanghai\\14577.jpg",
    "poi": [],
    "places": [],
    "transport": [],
    "traffic": [],
    "buildings": [],
    "landuse": [],
    "road_inner": [],
    "road_connect": {},
    "population": [
        0.0
    ],
    "transport_embedding": [
        -0.24117475748062134,
        -0.3686142563819885,
        0.7122229933738708,
        -1.193905234336853,
        -0.4257203936576843,
        -1.070361852645874,
        1.0695551633834839,
        2.8389525413513184,
        -1.5271433591842651,
        -0.4752531349658966
    ],
    "roadnet_embedding": [
        1.080924391746521,
        -0.43071460723876953,
        0.06900551915168762,
        0.6539899110794067,
        -2.9936306476593018,
        0.02679247222840786,
        0.04291928932070732,
        -0.17956554889678955,
        -0.09857524186372757,
        0.3035840690135956
    ],
    "function_embedding": [
        -0.5945938229560852,
        -0.30482611060142517,
        -0.05248677730560303,
        0.08293424546718597,
        -1.491330623626709,
        -0.035468410700559616,
        -0.15701265633106232,
        -0.04695304483175278,
        -0.11985734850168228,
        0.26679134368896484
    ],
    "city_embedding": [
        -0.983723521232605,
        0.0036167511716485023,
        0.6694934964179993,
        1.3806318044662476,
        -0.5934169292449951,
        1.2560120820999146,
        0.1646505445241928,
        2.77662992477417,
        2.3926258087158203,
        3.5471549034118652
    ],
    "degree_embedding": [
        -0.9859232902526855,
        -0.14980502426624298,
        1.1363672018051147,
        1.3890211582183838,
        1.9668338298797607,
        -0.10017327964305878,
        -0.9014211297035217,
        -0.5218036770820618,
        0.12516868114471436,
        0.34269973635673523
    ]
}