{
    "id": 14698,
    "range": [
        122.076804,
        31.302716,
        122.086804,
        31.292716
    ],
    "image_path": "CitySatellite\\Shanghai\\14698.jpg",
    "poi": [],
    "places": [],
    "transport": [],
    "traffic": [],
    "buildings": [],
    "landuse": [],
    "road_inner": [],
    "road_connect": {},
    "population": [
        0.0
    ],
    "transport_embedding": [
        -0.2472807765007019,
        -0.733344316482544,
        0.8367024064064026,
        -0.4598272144794464,
        0.6289722323417664,
        0.07129549235105515,
        -1.0199390649795532,
        -0.6070602536201477,
        0.6701078414916992,
        0.011719214729964733
    ],
    "roadnet_embedding": [
        1.0349403619766235,
        -0.43360263109207153,
        0.07579630613327026,
        0.6490485668182373,
        -2.9621424674987793,
        0.05479421839118004,
        0.07426220923662186,
        -0.2547535300254822,
        -0.04871291294693947,
        0.3063584268093109
    ],
    "function_embedding": [
        -0.6282312870025635,
        -0.2996799647808075,
        -0.038754597306251526,
        0.02724079042673111,
        -1.4030715227127075,
        -0.08240774273872375,
        0.031501855701208115,
        -0.1102016344666481,
        -0.18133457005023956,
        0.2227497547864914
    ],
    "city_embedding": [
        -0.983723521232605,
        0.0036167511716485023,
        0.6694934964179993,
        1.3806318044662476,
        -0.5934169292449951,
        1.2560120820999146,
        0.1646505445241928,
        2.77662992477417,
        2.3926258087158203,
        3.5471549034118652
    ],
    "degree_embedding": [
        -0.9859232902526855,
        -0.14980502426624298,
        1.1363672018051147,
        1.3890211582183838,
        1.9668338298797607,
        -0.10017327964305878,
        -0.9014211297035217,
        -0.5218036770820618,
        0.12516868114471436,
        0.34269973635673523
    ]
}