{
    "id": 14699,
    "range": [
        122.076804,
        31.29271600000001,
        122.086804,
        31.282716
    ],
    "image_path": "CitySatellite\\Shanghai\\14699.jpg",
    "poi": [],
    "places": [],
    "transport": [],
    "traffic": [],
    "buildings": [],
    "landuse": [],
    "road_inner": [],
    "road_connect": {},
    "population": [
        0.0
    ],
    "transport_embedding": [
        -0.1436661183834076,
        -0.5792184472084045,
        0.46445417404174805,
        -1.0239619016647339,
        -0.5738803148269653,
        -0.5372219681739807,
        1.272519588470459,
        2.350090265274048,
        -0.5336650609970093,
        -0.38958635926246643
    ],
    "roadnet_embedding": [
        1.0410585403442383,
        -0.4280979037284851,
        0.061766769737005234,
        0.5661800503730774,
        -2.985778570175171,
        -0.040672652423381805,
        0.05829758942127228,
        -0.035753197968006134,
        -0.028049543499946594,
        0.35011303424835205
    ],
    "function_embedding": [
        -0.601581335067749,
        -0.31248533725738525,
        -0.008508275263011456,
        0.04439782723784447,
        -1.4415526390075684,
        -0.06940237432718277,
        -0.04612036421895027,
        -0.09363406151533127,
        -0.16823485493659973,
        0.15544497966766357
    ],
    "city_embedding": [
        -0.983723521232605,
        0.0036167511716485023,
        0.6694934964179993,
        1.3806318044662476,
        -0.5934169292449951,
        1.2560120820999146,
        0.1646505445241928,
        2.77662992477417,
        2.3926258087158203,
        3.5471549034118652
    ],
    "degree_embedding": [
        -0.9859232902526855,
        -0.14980502426624298,
        1.1363672018051147,
        1.3890211582183838,
        1.9668338298797607,
        -0.10017327964305878,
        -0.9014211297035217,
        -0.5218036770820618,
        0.12516868114471436,
        0.34269973635673523
    ]
}