{
    "id": 14697,
    "range": [
        122.076804,
        31.312716,
        122.086804,
        31.302716
    ],
    "image_path": "CitySatellite\\Shanghai\\14697.jpg",
    "poi": [],
    "places": [],
    "transport": [],
    "traffic": [],
    "buildings": [],
    "landuse": [],
    "road_inner": [],
    "road_connect": {},
    "population": [
        0.0
    ],
    "transport_embedding": [
        -0.16813068091869354,
        -0.7762324213981628,
        0.6124373078346252,
        -0.5344887375831604,
        0.1437719464302063,
        0.46982431411743164,
        -0.09066607058048248,
        0.3456932306289673,
        0.7893202900886536,
        -0.15635082125663757
    ],
    "roadnet_embedding": [
        1.0737932920455933,
        -0.4363541305065155,
        0.04897376149892807,
        0.47453609108924866,
        -2.657374382019043,
        -0.16744105517864227,
        0.003720898414030671,
        -0.09563849866390228,
        0.03202145919203758,
        0.12159360200166702
    ],
    "function_embedding": [
        -0.6120869517326355,
        -0.3112921714782715,
        -0.07469673454761505,
        0.0907408818602562,
        -1.4699076414108276,
        -0.010572814382612705,
        -0.13118885457515717,
        -0.02567581832408905,
        -0.07784949988126755,
        0.326293408870697
    ],
    "city_embedding": [
        -0.983723521232605,
        0.0036167511716485023,
        0.6694934964179993,
        1.3806318044662476,
        -0.5934169292449951,
        1.2560120820999146,
        0.1646505445241928,
        2.77662992477417,
        2.3926258087158203,
        3.5471549034118652
    ],
    "degree_embedding": [
        -0.9859232902526855,
        -0.14980502426624298,
        1.1363672018051147,
        1.3890211582183838,
        1.9668338298797607,
        -0.10017327964305878,
        -0.9014211297035217,
        -0.5218036770820618,
        0.12516868114471436,
        0.34269973635673523
    ]
}