{
    "id": 14700,
    "range": [
        122.076804,
        31.282716,
        122.086804,
        31.272716
    ],
    "image_path": "CitySatellite\\Shanghai\\14700.jpg",
    "poi": [],
    "places": [],
    "transport": [],
    "traffic": [],
    "buildings": [],
    "landuse": [],
    "road_inner": [],
    "road_connect": {},
    "population": [
        0.0
    ],
    "transport_embedding": [
        -0.18958525359630585,
        -0.6920179128646851,
        0.5956223011016846,
        -0.6985116004943848,
        0.4797191023826599,
        0.6202590465545654,
        -1.031562089920044,
        -0.2377827912569046,
        0.45850229263305664,
        -0.1322728842496872
    ],
    "roadnet_embedding": [
        1.0285781621932983,
        -0.42737460136413574,
        0.07959100604057312,
        0.6456976532936096,
        -2.957913398742676,
        -0.009890913031995296,
        0.03318294137716293,
        -0.13291935622692108,
        -0.028994591906666756,
        0.3377001881599426
    ],
    "function_embedding": [
        -0.5704259276390076,
        -0.35128748416900635,
        -0.10020983219146729,
        0.07600152492523193,
        -1.4026850461959839,
        -0.0014650308294221759,
        -0.07381688058376312,
        0.019912991672754288,
        -0.02326667681336403,
        0.28433728218078613
    ],
    "city_embedding": [
        -0.983723521232605,
        0.0036167511716485023,
        0.6694934964179993,
        1.3806318044662476,
        -0.5934169292449951,
        1.2560120820999146,
        0.1646505445241928,
        2.77662992477417,
        2.3926258087158203,
        3.5471549034118652
    ],
    "degree_embedding": [
        -0.9859232902526855,
        -0.14980502426624298,
        1.1363672018051147,
        1.3890211582183838,
        1.9668338298797607,
        -0.10017327964305878,
        -0.9014211297035217,
        -0.5218036770820618,
        0.12516868114471436,
        0.34269973635673523
    ]
}