{
    "id": 14819,
    "range": [
        122.086804,
        31.29271600000001,
        122.096804,
        31.282716
    ],
    "image_path": "CitySatellite\\Shanghai\\14819.jpg",
    "poi": [],
    "places": [],
    "transport": [],
    "traffic": [],
    "buildings": [],
    "landuse": [],
    "road_inner": [],
    "road_connect": {},
    "population": [
        0.0
    ],
    "transport_embedding": [
        -0.20551320910453796,
        -0.7489230632781982,
        0.686053991317749,
        -0.5534879565238953,
        0.6215653419494629,
        0.05009932816028595,
        -0.9834275841712952,
        -0.12990906834602356,
        0.5131673216819763,
        -0.07022470980882645
    ],
    "roadnet_embedding": [
        0.9785318374633789,
        -0.4612935483455658,
        0.1101018562912941,
        0.6223347783088684,
        -2.7019994258880615,
        -0.1930597424507141,
        0.06279963999986649,
        -0.03619423508644104,
        -0.058189067989587784,
        0.2992705702781677
    ],
    "function_embedding": [
        -0.5897453427314758,
        -0.33735191822052,
        -0.05840476229786873,
        0.038934506475925446,
        -1.3829598426818848,
        -0.04675921052694321,
        0.0414617545902729,
        0.006634050980210304,
        -0.12039389461278915,
        0.24148593842983246
    ],
    "city_embedding": [
        -0.983723521232605,
        0.0036167511716485023,
        0.6694934964179993,
        1.3806318044662476,
        -0.5934169292449951,
        1.2560120820999146,
        0.1646505445241928,
        2.77662992477417,
        2.3926258087158203,
        3.5471549034118652
    ],
    "degree_embedding": [
        -0.9859232902526855,
        -0.14980502426624298,
        1.1363672018051147,
        1.3890211582183838,
        1.9668338298797607,
        -0.10017327964305878,
        -0.9014211297035217,
        -0.5218036770820618,
        0.12516868114471436,
        0.34269973635673523
    ]
}