{
    "id": 14817,
    "range": [
        122.086804,
        31.312716,
        122.096804,
        31.302716
    ],
    "image_path": "CitySatellite\\Shanghai\\14817.jpg",
    "poi": [],
    "places": [],
    "transport": [],
    "traffic": [],
    "buildings": [],
    "landuse": [],
    "road_inner": [],
    "road_connect": {},
    "population": [
        0.0
    ],
    "transport_embedding": [
        -0.27277860045433044,
        -0.7023083567619324,
        0.7837571501731873,
        -0.5593976378440857,
        0.4873773455619812,
        -1.5553642511367798,
        -0.5349538326263428,
        0.5531483292579651,
        0.20121338963508606,
        -0.023779189214110374
    ],
    "roadnet_embedding": [
        1.1221388578414917,
        -0.4241432547569275,
        0.0269071813672781,
        0.6268331408500671,
        -3.0316176414489746,
        0.035886701196432114,
        0.015875959768891335,
        -0.1729407161474228,
        -0.047214023768901825,
        0.2630935311317444
    ],
    "function_embedding": [
        -0.641680121421814,
        -0.2707679271697998,
        -0.07460487633943558,
        0.08057157695293427,
        -1.4790794849395752,
        -0.09687205404043198,
        -0.06721635907888412,
        -0.11185026168823242,
        -0.11793868243694305,
        0.3816339373588562
    ],
    "city_embedding": [
        -0.983723521232605,
        0.0036167511716485023,
        0.6694934964179993,
        1.3806318044662476,
        -0.5934169292449951,
        1.2560120820999146,
        0.1646505445241928,
        2.77662992477417,
        2.3926258087158203,
        3.5471549034118652
    ],
    "degree_embedding": [
        -0.9859232902526855,
        -0.14980502426624298,
        1.1363672018051147,
        1.3890211582183838,
        1.9668338298797607,
        -0.10017327964305878,
        -0.9014211297035217,
        -0.5218036770820618,
        0.12516868114471436,
        0.34269973635673523
    ]
}