{
    "id": 14818,
    "range": [
        122.086804,
        31.302716,
        122.096804,
        31.292716
    ],
    "image_path": "CitySatellite\\Shanghai\\14818.jpg",
    "poi": [],
    "places": [],
    "transport": [],
    "traffic": [],
    "buildings": [],
    "landuse": [],
    "road_inner": [],
    "road_connect": {},
    "population": [
        0.0
    ],
    "transport_embedding": [
        -0.1746521145105362,
        -0.7815409898757935,
        0.64405357837677,
        -0.551052987575531,
        0.33522963523864746,
        0.0495058037340641,
        -0.662125289440155,
        -0.16286368668079376,
        0.7401415705680847,
        -0.04138685390353203
    ],
    "roadnet_embedding": [
        1.0812913179397583,
        -0.415073037147522,
        0.07549305260181427,
        0.5387910604476929,
        -2.959240436553955,
        0.02000487968325615,
        0.009252992458641529,
        -0.10597413778305054,
        -0.0437275767326355,
        0.3663235306739807
    ],
    "function_embedding": [
        -0.5851876139640808,
        -0.3114880323410034,
        -0.0542292557656765,
        0.07541637122631073,
        -1.4576022624969482,
        -0.03420889377593994,
        -0.09310541301965714,
        -0.04853634536266327,
        -0.1271800398826599,
        0.2279711365699768
    ],
    "city_embedding": [
        -0.983723521232605,
        0.0036167511716485023,
        0.6694934964179993,
        1.3806318044662476,
        -0.5934169292449951,
        1.2560120820999146,
        0.1646505445241928,
        2.77662992477417,
        2.3926258087158203,
        3.5471549034118652
    ],
    "degree_embedding": [
        -0.9859232902526855,
        -0.14980502426624298,
        1.1363672018051147,
        1.3890211582183838,
        1.9668338298797607,
        -0.10017327964305878,
        -0.9014211297035217,
        -0.5218036770820618,
        0.12516868114471436,
        0.34269973635673523
    ]
}