{
    "id": 14820,
    "range": [
        122.086804,
        31.282716,
        122.096804,
        31.272716
    ],
    "image_path": "CitySatellite\\Shanghai\\14820.jpg",
    "poi": [],
    "places": [],
    "transport": [],
    "traffic": [],
    "buildings": [],
    "landuse": [],
    "road_inner": [],
    "road_connect": {},
    "population": [
        0.0
    ],
    "transport_embedding": [
        -0.142369344830513,
        -0.7814995050430298,
        0.486232191324234,
        -0.5577052235603333,
        0.012639198452234268,
        1.4468992948532104,
        0.12501752376556396,
        0.1887272745370865,
        1.0604788064956665,
        -0.249556764960289
    ],
    "roadnet_embedding": [
        1.0251874923706055,
        -0.447234183549881,
        0.10029469430446625,
        0.620468020439148,
        -2.884854316711426,
        -0.0899563804268837,
        0.06398545205593109,
        -0.06088049337267876,
        -0.08248542994260788,
        0.35284513235092163
    ],
    "function_embedding": [
        -0.595814049243927,
        -0.29277241230010986,
        -0.05702394247055054,
        0.0895361378788948,
        -1.467114806175232,
        -0.08226770907640457,
        0.06957928091287613,
        -0.1226305365562439,
        -0.1579710990190506,
        0.27916771173477173
    ],
    "city_embedding": [
        -0.983723521232605,
        0.0036167511716485023,
        0.6694934964179993,
        1.3806318044662476,
        -0.5934169292449951,
        1.2560120820999146,
        0.1646505445241928,
        2.77662992477417,
        2.3926258087158203,
        3.5471549034118652
    ],
    "degree_embedding": [
        -0.9859232902526855,
        -0.14980502426624298,
        1.1363672018051147,
        1.3890211582183838,
        1.9668338298797607,
        -0.10017327964305878,
        -0.9014211297035217,
        -0.5218036770820618,
        0.12516868114471436,
        0.34269973635673523
    ]
}