{
    "id": 14937,
    "range": [
        122.096804,
        31.312716,
        122.106804,
        31.302716
    ],
    "image_path": "CitySatellite\\Shanghai\\14937.jpg",
    "poi": [],
    "places": [],
    "transport": [],
    "traffic": [],
    "buildings": [],
    "landuse": [],
    "road_inner": [],
    "road_connect": {},
    "population": [
        0.0
    ],
    "transport_embedding": [
        -0.21408434212207794,
        -0.5822595953941345,
        0.6718735098838806,
        -0.8567319512367249,
        0.5684211254119873,
        0.5839197635650635,
        -1.0922493934631348,
        0.34142643213272095,
        -0.4160189926624298,
        -0.25309956073760986
    ],
    "roadnet_embedding": [
        1.0035752058029175,
        -0.43018272519111633,
        0.08716119080781937,
        0.6226197481155396,
        -2.945279598236084,
        0.0357527956366539,
        0.057337239384651184,
        -0.19724704325199127,
        -0.00011229316442040727,
        0.3833504617214203
    ],
    "function_embedding": [
        -0.6191437840461731,
        -0.2836195230484009,
        -0.09377336502075195,
        0.07031739503145218,
        -1.4769006967544556,
        -0.04123402014374733,
        -0.05021574720740318,
        -0.07137451320886612,
        -0.08593745529651642,
        0.31967008113861084
    ],
    "city_embedding": [
        -0.983723521232605,
        0.0036167511716485023,
        0.6694934964179993,
        1.3806318044662476,
        -0.5934169292449951,
        1.2560120820999146,
        0.1646505445241928,
        2.77662992477417,
        2.3926258087158203,
        3.5471549034118652
    ],
    "degree_embedding": [
        -0.9859232902526855,
        -0.14980502426624298,
        1.1363672018051147,
        1.3890211582183838,
        1.9668338298797607,
        -0.10017327964305878,
        -0.9014211297035217,
        -0.5218036770820618,
        0.12516868114471436,
        0.34269973635673523
    ]
}