{
    "id": 14939,
    "range": [
        122.096804,
        31.29271600000001,
        122.106804,
        31.282716
    ],
    "image_path": "CitySatellite\\Shanghai\\14939.jpg",
    "poi": [],
    "places": [],
    "transport": [],
    "traffic": [],
    "buildings": [],
    "landuse": [],
    "road_inner": [],
    "road_connect": {},
    "population": [
        0.0
    ],
    "transport_embedding": [
        -0.1267085075378418,
        -0.9127752184867859,
        0.5369991660118103,
        -0.3083542287349701,
        0.3093351721763611,
        1.7068207263946533,
        0.1051827147603035,
        -0.49391335248947144,
        1.5078449249267578,
        -0.12717588245868683
    ],
    "roadnet_embedding": [
        1.0323505401611328,
        -0.457017719745636,
        0.09772380441427231,
        0.5985715389251709,
        -2.584505796432495,
        -0.1901410073041916,
        0.024517308920621872,
        -0.13298217952251434,
        -0.09903457015752792,
        0.18138322234153748
    ],
    "function_embedding": [
        -0.6088144183158875,
        -0.28928908705711365,
        -0.07556333392858505,
        0.07235346734523773,
        -1.4916877746582031,
        -0.052610132843256,
        -0.14320212602615356,
        -0.03969253599643707,
        -0.028233351185917854,
        0.2755529284477234
    ],
    "city_embedding": [
        -0.983723521232605,
        0.0036167511716485023,
        0.6694934964179993,
        1.3806318044662476,
        -0.5934169292449951,
        1.2560120820999146,
        0.1646505445241928,
        2.77662992477417,
        2.3926258087158203,
        3.5471549034118652
    ],
    "degree_embedding": [
        -0.9859232902526855,
        -0.14980502426624298,
        1.1363672018051147,
        1.3890211582183838,
        1.9668338298797607,
        -0.10017327964305878,
        -0.9014211297035217,
        -0.5218036770820618,
        0.12516868114471436,
        0.34269973635673523
    ]
}