{
    "id": 14938,
    "range": [
        122.096804,
        31.302716,
        122.106804,
        31.292716
    ],
    "image_path": "CitySatellite\\Shanghai\\14938.jpg",
    "poi": [],
    "places": [],
    "transport": [],
    "traffic": [],
    "buildings": [],
    "landuse": [],
    "road_inner": [],
    "road_connect": {},
    "population": [
        0.0
    ],
    "transport_embedding": [
        -0.11705714464187622,
        -0.7260997891426086,
        0.43259528279304504,
        -0.7314727902412415,
        -0.17495235800743103,
        0.9737166166305542,
        0.5812574028968811,
        1.1231107711791992,
        0.5070549249649048,
        -0.3281233310699463
    ],
    "roadnet_embedding": [
        1.0702812671661377,
        -0.4255465865135193,
        0.06955099105834961,
        0.6139191389083862,
        -3.0176517963409424,
        0.0986466184258461,
        0.04084031656384468,
        -0.2022126466035843,
        -0.03073776140809059,
        0.4151122570037842
    ],
    "function_embedding": [
        -0.6047873497009277,
        -0.2853226065635681,
        -0.0712403655052185,
        0.09396465122699738,
        -1.4720559120178223,
        -0.07631772011518478,
        0.018675947561860085,
        -0.08686213195323944,
        -0.12949275970458984,
        0.32441094517707825
    ],
    "city_embedding": [
        -0.983723521232605,
        0.0036167511716485023,
        0.6694934964179993,
        1.3806318044662476,
        -0.5934169292449951,
        1.2560120820999146,
        0.1646505445241928,
        2.77662992477417,
        2.3926258087158203,
        3.5471549034118652
    ],
    "degree_embedding": [
        -0.9859232902526855,
        -0.14980502426624298,
        1.1363672018051147,
        1.3890211582183838,
        1.9668338298797607,
        -0.10017327964305878,
        -0.9014211297035217,
        -0.5218036770820618,
        0.12516868114471436,
        0.34269973635673523
    ]
}