{
    "id": 15058,
    "range": [
        122.106804,
        31.302716,
        122.116804,
        31.292716
    ],
    "image_path": "CitySatellite\\Shanghai\\15058.jpg",
    "poi": [],
    "places": [],
    "transport": [],
    "traffic": [],
    "buildings": [],
    "landuse": [],
    "road_inner": [],
    "road_connect": {},
    "population": [
        0.0
    ],
    "transport_embedding": [
        -0.28672167658805847,
        -0.7175081968307495,
        0.867983341217041,
        -0.4858233630657196,
        1.2198569774627686,
        -0.1542094498872757,
        -1.029826283454895,
        0.480083703994751,
        -0.8540605902671814,
        -0.16374777257442474
    ],
    "roadnet_embedding": [
        1.03648841381073,
        -0.44596198201179504,
        0.0689181312918663,
        0.6891226172447205,
        -2.9846715927124023,
        0.026230933144688606,
        0.0746803805232048,
        -0.17899811267852783,
        -0.05250807851552963,
        0.366701602935791
    ],
    "function_embedding": [
        -0.6252508759498596,
        -0.28334859013557434,
        -0.04278054088354111,
        0.026122674345970154,
        -1.4412096738815308,
        -0.06924297660589218,
        -0.13402807712554932,
        -0.08976135402917862,
        -0.14387468993663788,
        0.23101811110973358
    ],
    "city_embedding": [
        -0.983723521232605,
        0.0036167511716485023,
        0.6694934964179993,
        1.3806318044662476,
        -0.5934169292449951,
        1.2560120820999146,
        0.1646505445241928,
        2.77662992477417,
        2.3926258087158203,
        3.5471549034118652
    ],
    "degree_embedding": [
        -0.9859232902526855,
        -0.14980502426624298,
        1.1363672018051147,
        1.3890211582183838,
        1.9668338298797607,
        -0.10017327964305878,
        -0.9014211297035217,
        -0.5218036770820618,
        0.12516868114471436,
        0.34269973635673523
    ]
}