{
    "id": 1636,
    "range": [
        120.986804,
        31.122716,
        120.996804,
        31.112716
    ],
    "image_path": "CitySatellite\\Shanghai\\1636.jpg",
    "poi": [],
    "places": [],
    "transport": [],
    "traffic": [],
    "buildings": [],
    "landuse": [],
    "road_inner": [],
    "road_connect": {},
    "population": [
        0.0
    ],
    "transport_embedding": [
        -0.14780054986476898,
        -0.7022953629493713,
        0.5262916088104248,
        -0.7471947073936462,
        -0.3597770631313324,
        -0.3635260760784149,
        0.8463972806930542,
        1.6507809162139893,
        0.27413561940193176,
        -0.270705908536911
    ],
    "roadnet_embedding": [
        1.095145344734192,
        -0.44347622990608215,
        0.07331602275371552,
        0.6537013053894043,
        -2.889396905899048,
        -0.05176198482513428,
        0.010458729229867458,
        -0.14773397147655487,
        -0.09353459626436234,
        0.29519426822662354
    ],
    "function_embedding": [
        -0.5854853391647339,
        -0.3028714060783386,
        -0.08701721578836441,
        0.10602616518735886,
        -1.490071177482605,
        -0.04490271210670471,
        0.023649172857403755,
        -0.07010941207408905,
        -0.08237309008836746,
        0.35229000449180603
    ],
    "city_embedding": [
        -0.983723521232605,
        0.0036167511716485023,
        0.6694934964179993,
        1.3806318044662476,
        -0.5934169292449951,
        1.2560120820999146,
        0.1646505445241928,
        2.77662992477417,
        2.3926258087158203,
        3.5471549034118652
    ],
    "degree_embedding": [
        -0.9859232902526855,
        -0.14980502426624298,
        1.1363672018051147,
        1.3890211582183838,
        1.9668338298797607,
        -0.10017327964305878,
        -0.9014211297035217,
        -0.5218036770820618,
        0.12516868114471436,
        0.34269973635673523
    ]
}