{
    "id": 1637,
    "range": [
        120.986804,
        31.112716,
        120.996804,
        31.102716
    ],
    "image_path": "CitySatellite\\Shanghai\\1637.jpg",
    "poi": [],
    "places": [],
    "transport": [],
    "traffic": [],
    "buildings": [],
    "landuse": [
        [
            7202,
            1,
            0,
            1.7432213333333333
        ]
    ],
    "road_inner": [
        [
            5154,
            1.0,
            5,
            116.693
        ]
    ],
    "road_connect": {
        "1757": {
            "5": 1
        }
    },
    "population": [
        0.0
    ],
    "transport_embedding": [
        -0.26574456691741943,
        -0.7094700336456299,
        0.7993431687355042,
        -0.5345349907875061,
        0.7653124928474426,
        -0.7578654289245605,
        -1.1037760972976685,
        0.009626745246350765,
        0.22564494609832764,
        -0.027292514219880104
    ],
    "roadnet_embedding": [
        1.146492838859558,
        -0.41949522495269775,
        -0.0007791804964654148,
        0.5462353229522705,
        -2.977475643157959,
        -0.011082785204052925,
        0.005406328476965427,
        -0.10014811903238297,
        -0.046253278851509094,
        0.19941094517707825
    ],
    "function_embedding": [
        0.12508068978786469,
        -2.005084276199341,
        -0.7571766972541809,
        -1.8037142753601074,
        0.6946430206298828,
        1.1993134021759033,
        -0.8370272517204285,
        2.9203293323516846,
        2.507354497909546,
        -3.737271308898926
    ],
    "city_embedding": [
        -0.983723521232605,
        0.0036167511716485023,
        0.6694934964179993,
        1.3806318044662476,
        -0.5934169292449951,
        1.2560120820999146,
        0.1646505445241928,
        2.77662992477417,
        2.3926258087158203,
        3.5471549034118652
    ],
    "degree_embedding": [
        -0.9837243556976318,
        -0.280023455619812,
        1.1482605934143066,
        1.295678973197937,
        1.7516933679580688,
        -0.024124333634972572,
        -0.6183432340621948,
        -0.5882564187049866,
        0.31030943989753723,
        -0.11135394126176834
    ]
}