{
    "id": 1766,
    "range": [
        120.996804,
        31.022716,
        121.006804,
        31.012716
    ],
    "image_path": "CitySatellite\\Shanghai\\1766.jpg",
    "poi": [],
    "places": [],
    "transport": [],
    "traffic": [],
    "buildings": [],
    "landuse": [
        [
            7203,
            2,
            1,
            0.075273
        ]
    ],
    "road_inner": [
        [
            5141,
            6,
            5,
            1941.5355
        ],
        [
            5122,
            5,
            4,
            298.547
        ],
        [
            5121,
            1,
            4,
            2239.1803333333332
        ]
    ],
    "road_connect": {
        "1886": {
            "4": 5,
            "5": 1
        },
        "1767": {
            "4": 1
        }
    },
    "population": [
        47.8160228729248
    ],
    "transport_embedding": [
        -0.055841658264398575,
        -0.8318426012992859,
        0.3106487989425659,
        -0.7047064900398254,
        -0.7942578196525574,
        0.5243442058563232,
        1.8359726667404175,
        1.7780053615570068,
        0.3751263916492462,
        -0.32489922642707825
    ],
    "roadnet_embedding": [
        0.8542139530181885,
        -0.990375816822052,
        0.03311152011156082,
        -0.8902572989463806,
        0.3102775812149048,
        0.6479997038841248,
        0.3717573285102844,
        -0.309554785490036,
        -0.605273425579071,
        -0.756450355052948
    ],
    "function_embedding": [
        -0.6103235483169556,
        -0.32996007800102234,
        -0.12174861133098602,
        -0.23488515615463257,
        -1.2544071674346924,
        -0.1168254092335701,
        -0.09888064116239548,
        -0.1582053154706955,
        -0.17399410903453827,
        0.3566315472126007
    ],
    "city_embedding": [
        -0.9838764667510986,
        0.003255661576986313,
        0.6631259918212891,
        1.373978853225708,
        -0.5944430232048035,
        1.251384973526001,
        0.17210249602794647,
        2.783637762069702,
        2.3891170024871826,
        3.5342206954956055
    ],
    "degree_embedding": [
        -0.9754900932312012,
        -0.8547778129577637,
        -1.0316587686538696,
        0.46643900871276855,
        0.4247996509075165,
        -0.034999601542949677,
        -0.8362602591514587,
        -1.4834835529327393,
        1.3514454364776611,
        -1.361511468887329
    ]
}