{
    "id": 1768,
    "range": [
        120.996804,
        31.002716,
        121.006804,
        30.99271599999999
    ],
    "image_path": "CitySatellite\\Shanghai\\1768.jpg",
    "poi": [],
    "places": [],
    "transport": [],
    "traffic": [],
    "buildings": [],
    "landuse": [
        [
            7203,
            1,
            1,
            0.8943085
        ]
    ],
    "road_inner": [
        [
            5121,
            24,
            4,
            6147.567
        ],
        [
            5141,
            5,
            5,
            886.565
        ],
        [
            5122,
            15,
            4,
            2373.178
        ],
        [
            5115,
            1,
            3,
            655.9925
        ]
    ],
    "road_connect": {
        "1767": {
            "4": 3
        },
        "1888": {
            "4": 3,
            "3": 1
        }
    },
    "population": [
        543.1424903869629
    ],
    "transport_embedding": [
        -0.20112165808677673,
        -0.595474362373352,
        0.6189935803413391,
        -0.8687069416046143,
        0.4638768434524536,
        0.49114128947257996,
        -0.10381229221820831,
        1.3558430671691895,
        -1.0276082754135132,
        -0.4084705710411072
    ],
    "roadnet_embedding": [
        -0.9377976059913635,
        -1.1758478879928589,
        2.4568190574645996,
        -0.5979412198066711,
        -0.40604570508003235,
        0.8780810236930847,
        -2.341945171356201,
        1.026520848274231,
        0.28689339756965637,
        -1.2540059089660645
    ],
    "function_embedding": [
        -0.8188364505767822,
        -0.6212624311447144,
        -0.4583754539489746,
        -2.2321865558624268,
        0.35166147351264954,
        -0.4545922875404358,
        -0.4612117409706116,
        -0.4844430088996887,
        -0.3362733721733093,
        0.6517044901847839
    ],
    "city_embedding": [
        -0.985460638999939,
        -0.00044914751197211444,
        0.5971965789794922,
        1.3046854734420776,
        -0.6036333441734314,
        1.2034941911697388,
        0.24892215430736542,
        2.85701322555542,
        2.354388475418091,
        3.4010376930236816
    ],
    "degree_embedding": [
        -0.9779017567634583,
        -0.7587339878082275,
        -1.0991960763931274,
        0.3362767994403839,
        0.46110981702804565,
        -0.03220401331782341,
        -0.837735652923584,
        -1.4000338315963745,
        1.3499561548233032,
        -1.4627115726470947
    ]
}