{
    "id": 1894,
    "range": [
        121.006804,
        30.942716,
        121.016804,
        30.932716
    ],
    "image_path": "CitySatellite\\Shanghai\\1894.jpg",
    "poi": [],
    "places": [],
    "transport": [],
    "traffic": [],
    "buildings": [],
    "landuse": [],
    "road_inner": [
        [
            5121,
            4,
            4,
            1037.5200000000002
        ],
        [
            5142,
            1,
            5,
            41.055
        ],
        [
            5141,
            1.0,
            5,
            241.7405
        ]
    ],
    "road_connect": {
        "2014": {
            "4": 1,
            "5": 1
        }
    },
    "population": [
        1010.949597358704
    ],
    "transport_embedding": [
        -0.26075708866119385,
        -0.7265146970748901,
        0.7019940614700317,
        -0.5557155609130859,
        1.1476527452468872,
        0.0614226832985878,
        -0.9553970098495483,
        0.5073060989379883,
        -0.6962950825691223,
        -0.2219790816307068
    ],
    "roadnet_embedding": [
        0.8395787477493286,
        -0.8036016225814819,
        0.0841551423072815,
        -0.9104160666465759,
        0.1943749338388443,
        -2.224304437637329,
        -0.06183786690235138,
        0.9697889089584351,
        0.37095317244529724,
        -0.887991189956665
    ],
    "function_embedding": [
        -0.6241551041603088,
        -0.28428173065185547,
        -0.049007926136255264,
        0.043281424790620804,
        -1.4625213146209717,
        -0.04006999731063843,
        -0.14865712821483612,
        -0.08357460051774979,
        -0.1258053481578827,
        0.2542154788970947
    ],
    "city_embedding": [
        -0.9869527816772461,
        -0.004034813493490219,
        0.5350845456123352,
        1.2391844987869263,
        -0.6113665103912354,
        1.1586705446243286,
        0.3211286962032318,
        2.9260170459747314,
        2.3242886066436768,
        3.2758240699768066
    ],
    "degree_embedding": [
        -0.980995237827301,
        -0.4414023160934448,
        0.6035708785057068,
        1.0769495964050293,
        1.4869283437728882,
        0.12683270871639252,
        -0.3238888680934906,
        -0.8377190828323364,
        0.6701561808586121,
        -0.8626604080200195
    ]
}