{
    "id": 197,
    "range": [
        120.866804,
        31.112716,
        120.876804,
        31.102716
    ],
    "image_path": "CitySatellite\\Shanghai\\197.jpg",
    "poi": [],
    "places": [],
    "transport": [],
    "traffic": [],
    "buildings": [],
    "landuse": [
        [
            7203,
            5,
            1,
            1.2102819999999999
        ]
    ],
    "road_inner": [
        [
            5115,
            4,
            3,
            997.1956666666665
        ],
        [
            5122,
            16,
            4,
            3147.1210000000005
        ],
        [
            5121,
            4,
            4,
            1460.5425
        ],
        [
            5141,
            3,
            5,
            393.48900000000003
        ]
    ],
    "road_connect": {
        "317": {
            "3": 1,
            "4": 1
        },
        "437": {
            "3": 1
        }
    },
    "population": [
        115.4774951934814
    ],
    "transport_embedding": [
        -0.2963842451572418,
        -0.418337881565094,
        0.8896862268447876,
        -0.9823395013809204,
        0.09053093940019608,
        -0.7005974650382996,
        0.12550127506256104,
        2.1299359798431396,
        -1.5778660774230957,
        -0.44309544563293457
    ],
    "roadnet_embedding": [
        -0.0441691018640995,
        -1.0885109901428223,
        1.1302896738052368,
        -1.3984163999557495,
        -0.20252959430217743,
        0.9622378349304199,
        -0.5187264680862427,
        -0.07617287337779999,
        0.09474567323923111,
        0.17778722941875458
    ],
    "function_embedding": [
        -0.939389705657959,
        -0.5913684964179993,
        -0.5686434507369995,
        -2.326589345932007,
        0.572229266166687,
        -0.5733602643013,
        -0.5785548686981201,
        -0.7020718455314636,
        -0.3465019464492798,
        0.8403719067573547
    ],
    "city_embedding": [
        -0.984092652797699,
        0.0027667938265949488,
        0.6541293263435364,
        1.3645492792129517,
        -0.5957704782485962,
        1.244813084602356,
        0.18262672424316406,
        2.7936184406280518,
        2.3841371536254883,
        3.516089916229248
    ],
    "degree_embedding": [
        -0.9837212562561035,
        -0.3832013010978699,
        0.09669077396392822,
        0.5257095694541931,
        1.3785552978515625,
        0.3462789058685303,
        0.282466322183609,
        -0.7358062863349915,
        0.902198076248169,
        -2.0440356731414795
    ]
}