{
    "id": 2009,
    "range": [
        121.016804,
        30.992716,
        121.026804,
        30.982716
    ],
    "image_path": "CitySatellite\\Shanghai\\2009.jpg",
    "poi": [],
    "places": [],
    "transport": [],
    "traffic": [],
    "buildings": [],
    "landuse": [
        [
            7203,
            1,
            1,
            0.475248
        ]
    ],
    "road_inner": [
        [
            5122,
            5,
            4,
            1916.8120000000001
        ],
        [
            5142,
            2,
            5,
            420.663
        ],
        [
            5154,
            2,
            5,
            336.1895
        ],
        [
            5121,
            2,
            4,
            860.2460000000001
        ]
    ],
    "road_connect": {
        "2129": {
            "4": 7
        },
        "2010": {
            "5": 2,
            "4": 4
        }
    },
    "population": [
        476.0927810668945
    ],
    "transport_embedding": [
        -0.05717311054468155,
        -0.943984866142273,
        0.43335214257240295,
        -0.42794638872146606,
        0.07159123569726944,
        1.259743332862854,
        0.2532164454460144,
        -0.04208436235785484,
        1.2951440811157227,
        -0.09856785088777542
    ],
    "roadnet_embedding": [
        0.3503921926021576,
        -1.0369874238967896,
        0.45384058356285095,
        -1.5516632795333862,
        0.11046646535396576,
        0.009989999234676361,
        0.07257475703954697,
        0.14420945942401886,
        -0.0952686220407486,
        0.019191527739167213
    ],
    "function_embedding": [
        -0.7049313187599182,
        -0.5465255975723267,
        -0.32589131593704224,
        -1.7794780731201172,
        -0.1526048481464386,
        -0.33282971382141113,
        -0.6114245057106018,
        -0.27624747157096863,
        -0.17831528186798096,
        0.45509886741638184
    ],
    "city_embedding": [
        -0.9852458238601685,
        7.51372062950395e-05,
        0.606137216091156,
        1.314111351966858,
        -0.6024279594421387,
        1.209944725036621,
        0.23852640390396118,
        2.847017526626587,
        2.3587920665740967,
        3.4187283515930176
    ],
    "degree_embedding": [
        -0.9850172996520996,
        -0.6264042854309082,
        -1.047605037689209,
        0.4189414083957672,
        -0.5137808918952942,
        -1.1317498683929443,
        -1.8918691873550415,
        -1.2284737825393677,
        0.6452192068099976,
        -0.11271438747644424
    ]
}