{
    "id": 2135,
    "range": [
        121.026804,
        30.932716,
        121.036804,
        30.922716
    ],
    "image_path": "CitySatellite\\Shanghai\\2135.jpg",
    "poi": [],
    "places": [],
    "transport": [],
    "traffic": [],
    "buildings": [],
    "landuse": [],
    "road_inner": [],
    "road_connect": {},
    "population": [
        957.2942180633545
    ],
    "transport_embedding": [
        -0.26138371229171753,
        -0.7324743270874023,
        0.7478345632553101,
        -0.5141774415969849,
        0.9391783475875854,
        -0.47777241468429565,
        -1.0597649812698364,
        0.2759206295013428,
        -0.032680582255125046,
        -0.11381009966135025
    ],
    "roadnet_embedding": [
        1.1385372877120972,
        -0.4454057812690735,
        0.048614755272865295,
        0.589836061000824,
        -2.808342218399048,
        -0.11950969696044922,
        -0.03376026079058647,
        -0.12194289267063141,
        -0.09923633933067322,
        0.23222360014915466
    ],
    "function_embedding": [
        -0.6307992339134216,
        -0.2707905173301697,
        -0.0413278304040432,
        0.08032052218914032,
        -1.4668668508529663,
        -0.11738873273134232,
        -0.03882749378681183,
        -0.11492742598056793,
        -0.1545584797859192,
        0.28031593561172485
    ],
    "city_embedding": [
        -0.9867821335792542,
        -0.0036293831653892994,
        0.5421864986419678,
        1.2466752529144287,
        -0.6104717254638672,
        1.1637978553771973,
        0.3128858506679535,
        2.9182214736938477,
        2.327718734741211,
        3.2901113033294678
    ],
    "degree_embedding": [
        -0.9859232902526855,
        -0.14980502426624298,
        1.1363672018051147,
        1.3890211582183838,
        1.9668338298797607,
        -0.10017327964305878,
        -0.9014211297035217,
        -0.5218036770820618,
        0.12516868114471436,
        0.34269973635673523
    ]
}