{
    "id": 2136,
    "range": [
        121.026804,
        30.922716,
        121.036804,
        30.912716
    ],
    "image_path": "CitySatellite\\Shanghai\\2136.jpg",
    "poi": [],
    "places": [],
    "transport": [],
    "traffic": [],
    "buildings": [],
    "landuse": [],
    "road_inner": [
        [
            5115,
            1.0,
            3,
            581.3423333333334
        ]
    ],
    "road_connect": {
        "2256": {
            "3": 1
        },
        "2016": {
            "3": 1
        }
    },
    "population": [
        480.5590229034424
    ],
    "transport_embedding": [
        -0.10310472548007965,
        -0.7594128847122192,
        0.37606874108314514,
        -0.6551516652107239,
        -0.1482168436050415,
        1.7509467601776123,
        0.8155156373977661,
        0.8421178460121155,
        0.9254795908927917,
        -0.33612677454948425
    ],
    "roadnet_embedding": [
        1.087572693824768,
        -0.597960889339447,
        0.21840928494930267,
        0.5151733160018921,
        -1.1679294109344482,
        -1.118394374847412,
        -0.2533774971961975,
        0.35330772399902344,
        -0.241512730717659,
        0.06512639671564102
    ],
    "function_embedding": [
        -0.5680086612701416,
        -0.3180900812149048,
        -0.04545123502612114,
        0.01709884963929653,
        -1.4425678253173828,
        -0.02754277177155018,
        -0.11483105272054672,
        -0.07905815541744232,
        -0.09729894995689392,
        0.11053918302059174
    ],
    "city_embedding": [
        -0.9852600693702698,
        3.531080801622011e-05,
        0.6055476069450378,
        1.3134859800338745,
        -0.6025314927101135,
        1.2095140218734741,
        0.23923783004283905,
        2.84773325920105,
        2.3584647178649902,
        3.4175643920898438
    ],
    "degree_embedding": [
        -0.9858659505844116,
        -0.2600632905960083,
        0.5294933915138245,
        0.677148699760437,
        1.577477216720581,
        0.2665071189403534,
        0.08223344385623932,
        -0.5255464911460876,
        0.631521999835968,
        -1.5018965005874634
    ]
}