{
    "id": 2582,
    "range": [
        121.066804,
        31.262716,
        121.076804,
        31.252716
    ],
    "image_path": "CitySatellite\\Shanghai\\2582.jpg",
    "poi": [],
    "places": [],
    "transport": [],
    "traffic": [],
    "buildings": [],
    "landuse": [
        [
            7229,
            2,
            5,
            0.287854
        ]
    ],
    "road_inner": [
        [
            5121,
            18,
            4,
            4036.5595
        ],
        [
            5113,
            4,
            2,
            2330.0665
        ],
        [
            5122,
            16,
            4,
            2064.6305
        ],
        [
            5142,
            6,
            5,
            569.762
        ]
    ],
    "road_connect": {
        "2702": {
            "4": 3,
            "2": 2
        },
        "2583": {
            "4": 1
        }
    },
    "population": [
        2754.874315261841
    ],
    "transport_embedding": [
        -0.15925876796245575,
        -0.4082258641719818,
        0.5279460549354553,
        -1.2511111497879028,
        -0.9283043742179871,
        -0.4159305691719055,
        2.013852119445801,
        3.201594114303589,
        -1.1615116596221924,
        -0.5173774361610413
    ],
    "roadnet_embedding": [
        -0.9732474684715271,
        -1.1791597604751587,
        1.7363578081130981,
        -0.6555213332176208,
        -0.41712236404418945,
        0.6899393200874329,
        -0.810588538646698,
        0.39919281005859375,
        0.264444500207901,
        -0.6691815257072449
    ],
    "function_embedding": [
        -0.5802015066146851,
        -0.49512210488319397,
        0.08559556305408478,
        -0.3078858256340027,
        -0.8256869912147522,
        -0.14039498567581177,
        0.019373562186956406,
        0.32467302680015564,
        -0.29021725058555603,
        -0.1465170979499817
    ],
    "city_embedding": [
        -0.9924107193946838,
        -0.015220442786812782,
        0.30846142768859863,
        1.00057852268219,
        -0.6338001489639282,
        0.9957624673843384,
        0.5870326161384583,
        3.161637783050537,
        2.2332773208618164,
        2.8427131175994873
    ],
    "degree_embedding": [
        -0.9769704341888428,
        -0.7632157802581787,
        -0.707020103931427,
        0.3577593266963959,
        0.7226306200027466,
        0.2773840129375458,
        -0.19649934768676758,
        -1.4284930229187012,
        0.8631764054298401,
        -1.5860531330108643
    ]
}