{
    "id": 2586,
    "range": [
        121.066804,
        31.222716,
        121.076804,
        31.212716
    ],
    "image_path": "CitySatellite\\Shanghai\\2586.jpg",
    "poi": [],
    "places": [],
    "transport": [
        [
            5621,
            4,
            1
        ]
    ],
    "traffic": [],
    "buildings": [
        5,
        15553.065999999999
    ],
    "landuse": [
        [
            7229,
            2,
            5,
            0.284289
        ]
    ],
    "road_inner": [
        [
            5114,
            2,
            2,
            665.772
        ],
        [
            5122,
            19,
            4,
            3513.004
        ],
        [
            5121,
            6,
            4,
            1552.2509999999997
        ],
        [
            5142,
            3,
            5,
            464.64199999999994
        ]
    ],
    "road_connect": {
        "2706": {
            "4": 1,
            "2": 1
        }
    },
    "population": [
        358.5968532562256
    ],
    "transport_embedding": [
        -0.1434248387813568,
        -2.26290225982666,
        -1.618129014968872,
        0.6285573840141296,
        -1.4471940994262695,
        -0.6415923237800598,
        -1.6574023962020874,
        0.8426164984703064,
        0.3494986891746521,
        -0.49799373745918274
    ],
    "roadnet_embedding": [
        -0.2742045223712921,
        -1.1112439632415771,
        1.2800545692443848,
        -1.2283947467803955,
        -0.27189093828201294,
        0.9562651515007019,
        -0.5853659510612488,
        0.09621923416852951,
        0.2238181084394455,
        -0.13182371854782104
    ],
    "function_embedding": [
        -0.606332540512085,
        -0.46612393856048584,
        0.10738000273704529,
        -0.25441819429397583,
        -0.8876858353614807,
        -0.17095689475536346,
        -0.03459620475769043,
        0.31211981177330017,
        -0.2552095055580139,
        -0.14860966801643372
    ],
    "city_embedding": [
        -0.9862527251243591,
        -0.027684232220053673,
        0.553213894367218,
        1.8681808710098267,
        -0.698613703250885,
        1.2957369089126587,
        0.20079739391803741,
        3.2179408073425293,
        2.5788168907165527,
        3.3826699256896973
    ],
    "degree_embedding": [
        -0.981543779373169,
        -0.4331734776496887,
        0.36410585045814514,
        0.8877272605895996,
        1.4780555963516235,
        0.2281457930803299,
        -0.23359860479831696,
        -0.9231160879135132,
        0.4691876769065857,
        -0.898858368396759
    ]
}