{
    "id": 3222,
    "range": [
        121.116804,
        30.862716,
        121.126804,
        30.852716
    ],
    "image_path": "CitySatellite\\Shanghai\\3222.jpg",
    "poi": [],
    "places": [],
    "transport": [],
    "traffic": [],
    "buildings": [],
    "landuse": [],
    "road_inner": [
        [
            5141,
            10,
            5,
            1668.121
        ]
    ],
    "road_connect": {},
    "population": [
        817.8463039398193
    ],
    "transport_embedding": [
        -0.16226887702941895,
        -0.800954282283783,
        0.5888440608978271,
        -0.5803946852684021,
        0.07167433947324753,
        -0.4485154151916504,
        -0.17821237444877625,
        0.08601075410842896,
        0.6863431930541992,
        0.007693380583077669
    ],
    "roadnet_embedding": [
        1.5671870708465576,
        -0.8583521842956543,
        -0.4499131143093109,
        -0.1586240828037262,
        0.6368723511695862,
        -0.1316852569580078,
        0.5850468873977661,
        -0.533380389213562,
        -0.9069625735282898,
        -1.8469972610473633
    ],
    "function_embedding": [
        -0.5945814251899719,
        -0.3021279573440552,
        -0.045076314359903336,
        0.06222309544682503,
        -1.4524375200271606,
        -0.06121784821152687,
        0.03164117410778999,
        -0.12576596438884735,
        -0.1764596849679947,
        0.22108681499958038
    ],
    "city_embedding": [
        -0.9863381385803223,
        -0.0025757383555173874,
        0.5606638193130493,
        1.2661651372909546,
        -0.6080701947212219,
        1.1771268844604492,
        0.2913517951965332,
        2.897630214691162,
        2.336517572402954,
        3.327155351638794
    ],
    "degree_embedding": [
        -0.9859232902526855,
        -0.14980502426624298,
        1.1363672018051147,
        1.3890211582183838,
        1.9668338298797607,
        -0.10017327964305878,
        -0.9014211297035217,
        -0.5218036770820618,
        0.12516868114471436,
        0.34269973635673523
    ]
}