{
    "id": 3349,
    "range": [
        121.126804,
        30.792716,
        121.136804,
        30.782716
    ],
    "image_path": "CitySatellite\\Shanghai\\3349.jpg",
    "poi": [],
    "places": [],
    "transport": [],
    "traffic": [],
    "buildings": [],
    "landuse": [],
    "road_inner": [
        [
            5121,
            1,
            4,
            87.952
        ],
        [
            5122,
            1,
            4,
            687.455
        ],
        [
            5115,
            1,
            3,
            648.755
        ]
    ],
    "road_connect": {
        "3469": {
            "3": 1
        }
    },
    "population": [
        77.06481742858887
    ],
    "transport_embedding": [
        -0.2606307864189148,
        -0.6754797697067261,
        0.7879260778427124,
        -0.6088754534721375,
        0.8575546741485596,
        -0.1883547008037567,
        -1.3030436038970947,
        0.02619209885597229,
        -0.1477683037519455,
        -0.09764781594276428
    ],
    "roadnet_embedding": [
        0.9185381531715393,
        -0.7816644906997681,
        0.2814733684062958,
        -0.21078287065029144,
        0.571479856967926,
        -1.820406436920166,
        -0.29023051261901855,
        0.6482906937599182,
        -0.16857203841209412,
        0.21076802909374237
    ],
    "function_embedding": [
        -0.585471510887146,
        -0.30957281589508057,
        -0.06566853076219559,
        0.08329546451568604,
        -1.4512128829956055,
        -0.0747552439570427,
        -0.03809522092342377,
        -0.08443982154130936,
        -0.08096661418676376,
        0.22861889004707336
    ],
    "city_embedding": [
        -0.9839698672294617,
        0.003049270249903202,
        0.6592401266098022,
        1.3699041604995728,
        -0.5949421525001526,
        1.2485530376434326,
        0.1766415238380432,
        2.7879796028137207,
        2.386897325515747,
        3.5264716148376465
    ],
    "degree_embedding": [
        -0.9859307408332825,
        -0.2012253850698471,
        0.8380629420280457,
        1.047954797744751,
        1.7791718244552612,
        0.08375780284404755,
        -0.40790480375289917,
        -0.5231727957725525,
        0.37546655535697937,
        -0.5790208578109741
    ]
}