{
    "id": 3371,
    "range": [
        121.136804,
        31.772716,
        121.146804,
        31.762716
    ],
    "image_path": "CitySatellite\\Shanghai\\3371.jpg",
    "poi": [],
    "places": [],
    "transport": [],
    "traffic": [],
    "buildings": [],
    "landuse": [],
    "road_inner": [],
    "road_connect": {},
    "population": [
        0.0
    ],
    "transport_embedding": [
        -0.2812540531158447,
        -0.7093932032585144,
        0.8094427585601807,
        -0.5192500948905945,
        0.8011519908905029,
        -0.9734696745872498,
        -1.16669762134552,
        -0.12213538587093353,
        0.2748572528362274,
        0.013872301205992699
    ],
    "roadnet_embedding": [
        1.0271440744400024,
        -0.4310336112976074,
        0.06592415273189545,
        0.6047250032424927,
        -2.9750709533691406,
        -0.06386169046163559,
        0.07489796727895737,
        -0.07239505648612976,
        -0.07720369845628738,
        0.2637174427509308
    ],
    "function_embedding": [
        -0.5987616181373596,
        -0.31112387776374817,
        -0.08407945185899734,
        0.07852443307638168,
        -1.4362488985061646,
        -0.05429184436798096,
        -0.011175946332514286,
        -0.09307337552309036,
        -0.09586397558450699,
        0.32105153799057007
    ],
    "city_embedding": [
        -0.983723521232605,
        0.0036167511716485023,
        0.6694934964179993,
        1.3806318044662476,
        -0.5934169292449951,
        1.2560120820999146,
        0.1646505445241928,
        2.77662992477417,
        2.3926258087158203,
        3.5471549034118652
    ],
    "degree_embedding": [
        -0.9859232902526855,
        -0.14980502426624298,
        1.1363672018051147,
        1.3890211582183838,
        1.9668338298797607,
        -0.10017327964305878,
        -0.9014211297035217,
        -0.5218036770820618,
        0.12516868114471436,
        0.34269973635673523
    ]
}