{
    "id": 3490,
    "range": [
        121.146804,
        31.782716,
        121.156804,
        31.772716
    ],
    "image_path": "CitySatellite\\Shanghai\\3490.jpg",
    "poi": [],
    "places": [],
    "transport": [],
    "traffic": [],
    "buildings": [],
    "landuse": [],
    "road_inner": [],
    "road_connect": {},
    "population": [
        0.0
    ],
    "transport_embedding": [
        -0.04887666553258896,
        -0.9636855125427246,
        0.36819642782211304,
        -0.4544878602027893,
        -0.20059676468372345,
        0.43091386556625366,
        0.8592759370803833,
        0.7625404000282288,
        1.1399123668670654,
        -0.13982990384101868
    ],
    "roadnet_embedding": [
        0.9643499255180359,
        -0.44152745604515076,
        0.09631840884685516,
        0.5546596050262451,
        -2.893602132797241,
        -0.15192410349845886,
        0.09872709214687347,
        0.010081642307341099,
        -0.04827023670077324,
        0.30035701394081116
    ],
    "function_embedding": [
        -0.6309627294540405,
        -0.2590436041355133,
        -0.04666512832045555,
        0.0841493085026741,
        -1.513177514076233,
        -0.07437825202941895,
        -0.08904926478862762,
        -0.1179511621594429,
        -0.13511601090431213,
        0.277448832988739
    ],
    "city_embedding": [
        -0.983723521232605,
        0.0036167511716485023,
        0.6694934964179993,
        1.3806318044662476,
        -0.5934169292449951,
        1.2560120820999146,
        0.1646505445241928,
        2.77662992477417,
        2.3926258087158203,
        3.5471549034118652
    ],
    "degree_embedding": [
        -0.9859232902526855,
        -0.14980502426624298,
        1.1363672018051147,
        1.3890211582183838,
        1.9668338298797607,
        -0.10017327964305878,
        -0.9014211297035217,
        -0.5218036770820618,
        0.12516868114471436,
        0.34269973635673523
    ]
}