{
    "id": 3491,
    "range": [
        121.146804,
        31.772716,
        121.156804,
        31.762716
    ],
    "image_path": "CitySatellite\\Shanghai\\3491.jpg",
    "poi": [],
    "places": [],
    "transport": [],
    "traffic": [],
    "buildings": [],
    "landuse": [],
    "road_inner": [],
    "road_connect": {},
    "population": [
        0.0
    ],
    "transport_embedding": [
        -0.18022063374519348,
        -0.5854180455207825,
        0.5852280259132385,
        -0.9143568873405457,
        0.12089114636182785,
        0.2678258717060089,
        0.21805651485919952,
        1.7062872648239136,
        -0.8098370432853699,
        -0.4315185546875
    ],
    "roadnet_embedding": [
        1.0785411596298218,
        -0.42026975750923157,
        0.06803539395332336,
        0.620368480682373,
        -3.0826096534729004,
        0.06871512532234192,
        0.0479372963309288,
        -0.15800201892852783,
        -0.0859118402004242,
        0.35706743597984314
    ],
    "function_embedding": [
        -0.6171914339065552,
        -0.3057110607624054,
        -0.07786925137042999,
        0.04114173725247383,
        -1.4279043674468994,
        -0.06810791790485382,
        -0.11577493697404861,
        -0.06963206082582474,
        -0.061210937798023224,
        0.2731342017650604
    ],
    "city_embedding": [
        -0.983723521232605,
        0.0036167511716485023,
        0.6694934964179993,
        1.3806318044662476,
        -0.5934169292449951,
        1.2560120820999146,
        0.1646505445241928,
        2.77662992477417,
        2.3926258087158203,
        3.5471549034118652
    ],
    "degree_embedding": [
        -0.9859232902526855,
        -0.14980502426624298,
        1.1363672018051147,
        1.3890211582183838,
        1.9668338298797607,
        -0.10017327964305878,
        -0.9014211297035217,
        -0.5218036770820618,
        0.12516868114471436,
        0.34269973635673523
    ]
}