{
    "id": 3492,
    "range": [
        121.146804,
        31.762716,
        121.156804,
        31.752716
    ],
    "image_path": "CitySatellite\\Shanghai\\3492.jpg",
    "poi": [],
    "places": [],
    "transport": [],
    "traffic": [],
    "buildings": [],
    "landuse": [],
    "road_inner": [],
    "road_connect": {},
    "population": [
        0.0
    ],
    "transport_embedding": [
        -0.2851924002170563,
        -0.5981625318527222,
        0.8084167838096619,
        -0.7580104470252991,
        1.4350687265396118,
        0.25623998045921326,
        -1.4790593385696411,
        0.33821770548820496,
        -1.6155318021774292,
        -0.20585481822490692
    ],
    "roadnet_embedding": [
        0.9488155245780945,
        -0.4591430127620697,
        0.11805460602045059,
        0.5312488675117493,
        -2.6684694290161133,
        -0.2764691114425659,
        0.08161333203315735,
        0.0538199245929718,
        -0.03859946131706238,
        0.27733391523361206
    ],
    "function_embedding": [
        -0.6121834516525269,
        -0.28116509318351746,
        -0.06106964126229286,
        0.04832730069756508,
        -1.4670333862304688,
        -0.0733930915594101,
        -0.08346991240978241,
        -0.10285025089979172,
        -0.1278298944234848,
        0.2570945620536804
    ],
    "city_embedding": [
        -0.983723521232605,
        0.0036167511716485023,
        0.6694934964179993,
        1.3806318044662476,
        -0.5934169292449951,
        1.2560120820999146,
        0.1646505445241928,
        2.77662992477417,
        2.3926258087158203,
        3.5471549034118652
    ],
    "degree_embedding": [
        -0.9859232902526855,
        -0.14980502426624298,
        1.1363672018051147,
        1.3890211582183838,
        1.9668338298797607,
        -0.10017327964305878,
        -0.9014211297035217,
        -0.5218036770820618,
        0.12516868114471436,
        0.34269973635673523
    ]
}