{
    "id": 3581,
    "range": [
        121.146804,
        30.872716,
        121.156804,
        30.862716
    ],
    "image_path": "CitySatellite\\Shanghai\\3581.jpg",
    "poi": [],
    "places": [],
    "transport": [],
    "traffic": [],
    "buildings": [],
    "landuse": [],
    "road_inner": [
        [
            5115,
            1,
            3,
            1578.2205
        ]
    ],
    "road_connect": {
        "3582": {
            "3": 1
        },
        "3580": {
            "3": 1
        }
    },
    "population": [
        566.022515296936
    ],
    "transport_embedding": [
        -0.2397802770137787,
        -0.671195924282074,
        0.6490455865859985,
        -0.6942495703697205,
        1.185343861579895,
        0.864628255367279,
        -0.7639366388320923,
        0.3128712475299835,
        -1.0998746156692505,
        -0.3412662744522095
    ],
    "roadnet_embedding": [
        1.224651575088501,
        -0.8481162190437317,
        0.49034884572029114,
        0.4061685800552368,
        1.1302074193954468,
        -1.3951083421707153,
        -0.5056691765785217,
        0.571746826171875,
        -0.8644065260887146,
        1.2377088069915771
    ],
    "function_embedding": [
        -0.6311496496200562,
        -0.2718057334423065,
        -0.07108773291110992,
        0.0870899111032486,
        -1.4744893312454224,
        -0.10646460950374603,
        0.017503922805190086,
        -0.12816967070102692,
        -0.15330234169960022,
        0.35751208662986755
    ],
    "city_embedding": [
        -0.9855339527130127,
        -0.0006308591109700501,
        0.594144344329834,
        1.3014683723449707,
        -0.6039069294929504,
        1.2012946605682373,
        0.25246694684028625,
        2.860400915145874,
        2.3529067039489746,
        3.3946590423583984
    ],
    "degree_embedding": [
        -0.9858659505844116,
        -0.2600632905960083,
        0.5294933915138245,
        0.677148699760437,
        1.577477216720581,
        0.2665071189403534,
        0.08223344385623932,
        -0.5255464911460876,
        0.631521999835968,
        -1.5018965005874634
    ]
}