{
    "id": 3582,
    "range": [
        121.146804,
        30.862716,
        121.156804,
        30.852716
    ],
    "image_path": "CitySatellite\\Shanghai\\3582.jpg",
    "poi": [],
    "places": [],
    "transport": [],
    "traffic": [],
    "buildings": [],
    "landuse": [],
    "road_inner": [
        [
            5115,
            1.0,
            3,
            507.457
        ]
    ],
    "road_connect": {
        "3581": {
            "3": 1
        }
    },
    "population": [
        359.7784028053284
    ],
    "transport_embedding": [
        -0.13670112192630768,
        -0.5537532567977905,
        0.479521244764328,
        -1.0434319972991943,
        -0.39977699518203735,
        0.38639962673187256,
        0.7922044992446899,
        2.021144151687622,
        -0.5459911823272705,
        -0.4303502142429352
    ],
    "roadnet_embedding": [
        1.0776588916778564,
        -0.6669576168060303,
        0.2657987177371979,
        0.35747963190078735,
        -0.3480948805809021,
        -1.6029608249664307,
        -0.36624929308891296,
        0.6367688775062561,
        -0.2727416455745697,
        0.019522782415151596
    ],
    "function_embedding": [
        -0.6152064204216003,
        -0.27255603671073914,
        -0.05938158184289932,
        0.08288390189409256,
        -1.4931336641311646,
        -0.06496348977088928,
        -0.04562060534954071,
        -0.0989198386669159,
        -0.14716830849647522,
        0.2939717769622803
    ],
    "city_embedding": [
        -0.9848726987838745,
        0.000992723274976015,
        0.621675431728363,
        1.3304990530014038,
        -0.6005533933639526,
        1.2211616039276123,
        0.22053439915180206,
        2.829643964767456,
        2.3665578365325928,
        3.450395345687866
    ],
    "degree_embedding": [
        -0.9859307408332825,
        -0.2012253850698471,
        0.8380629420280457,
        1.047954797744751,
        1.7791718244552612,
        0.08375780284404755,
        -0.40790480375289917,
        -0.5231727957725525,
        0.37546655535697937,
        -0.5790208578109741
    ]
}