{
    "id": 3583,
    "range": [
        121.146804,
        30.852716,
        121.156804,
        30.842716
    ],
    "image_path": "CitySatellite\\Shanghai\\3583.jpg",
    "poi": [],
    "places": [],
    "transport": [],
    "traffic": [],
    "buildings": [],
    "landuse": [],
    "road_inner": [],
    "road_connect": {},
    "population": [
        95.76666736602783
    ],
    "transport_embedding": [
        -0.2531215250492096,
        -0.5977020263671875,
        0.5995299816131592,
        -0.8552173972129822,
        0.950870156288147,
        0.1485397219657898,
        -1.4077448844909668,
        0.4285070598125458,
        -0.8675722479820251,
        -0.21047073602676392
    ],
    "roadnet_embedding": [
        1.118478775024414,
        -0.4188728332519531,
        0.04275009408593178,
        0.49548792839050293,
        -2.8192477226257324,
        -0.06751573085784912,
        -0.04519248753786087,
        -0.11224888265132904,
        0.017678353935480118,
        0.2363876849412918
    ],
    "function_embedding": [
        -0.5730491280555725,
        -0.3156464397907257,
        -0.07594151794910431,
        0.06240658834576607,
        -1.4453082084655762,
        -0.06715025752782822,
        0.08890198171138763,
        -0.12492827326059341,
        -0.14416395127773285,
        0.2916452884674072
    ],
    "city_embedding": [
        -0.9840296506881714,
        0.0029114503413438797,
        0.6567546129226685,
        1.3672959804534912,
        -0.5953563451766968,
        1.2467290163040161,
        0.17955675721168518,
        2.7907071113586426,
        2.385530471801758,
        3.5214343070983887
    ],
    "degree_embedding": [
        -0.9859232902526855,
        -0.14980502426624298,
        1.1363672018051147,
        1.3890211582183838,
        1.9668338298797607,
        -0.10017327964305878,
        -0.9014211297035217,
        -0.5218036770820618,
        0.12516868114471436,
        0.34269973635673523
    ]
}