{
    "id": 3586,
    "range": [
        121.146804,
        30.822716,
        121.156804,
        30.812716
    ],
    "image_path": "CitySatellite\\Shanghai\\3586.jpg",
    "poi": [],
    "places": [],
    "transport": [],
    "traffic": [],
    "buildings": [],
    "landuse": [],
    "road_inner": [],
    "road_connect": {},
    "population": [
        30.49812650680542
    ],
    "transport_embedding": [
        -0.13028299808502197,
        -0.709299623966217,
        0.4757523536682129,
        -0.7493069767951965,
        -0.1310693621635437,
        0.9065864086151123,
        0.061249908059835434,
        0.5757774114608765,
        0.6153114438056946,
        -0.22447040677070618
    ],
    "roadnet_embedding": [
        0.9913049340248108,
        -0.4354873299598694,
        0.09237418323755264,
        0.5557381510734558,
        -2.889711618423462,
        -0.15417060256004333,
        0.06160538271069527,
        0.02414127252995968,
        -0.040706880390644073,
        0.30682775378227234
    ],
    "function_embedding": [
        -0.6205918192863464,
        -0.28347963094711304,
        -0.0784381851553917,
        0.06578727066516876,
        -1.4595483541488647,
        -0.04606524109840393,
        -0.05907773599028587,
        -0.09793978929519653,
        -0.1313377320766449,
        0.31543028354644775
    ],
    "city_embedding": [
        -0.9838210344314575,
        0.003382665803655982,
        0.6654360890388489,
        1.3763940334320068,
        -0.594028890132904,
        1.253070592880249,
        0.16942617297172546,
        2.7811033725738525,
        2.3903584480285645,
        3.538881301879883
    ],
    "degree_embedding": [
        -0.9859232902526855,
        -0.14980502426624298,
        1.1363672018051147,
        1.3890211582183838,
        1.9668338298797607,
        -0.10017327964305878,
        -0.9014211297035217,
        -0.5218036770820618,
        0.12516868114471436,
        0.34269973635673523
    ]
}