{
    "id": 3587,
    "range": [
        121.146804,
        30.812716,
        121.156804,
        30.802716
    ],
    "image_path": "CitySatellite\\Shanghai\\3587.jpg",
    "poi": [],
    "places": [],
    "transport": [],
    "traffic": [],
    "buildings": [],
    "landuse": [],
    "road_inner": [],
    "road_connect": {},
    "population": [
        15.87522411346436
    ],
    "transport_embedding": [
        -0.24758495390415192,
        -0.7064966559410095,
        0.7859364748001099,
        -0.5520214438438416,
        0.7322652339935303,
        -0.14043009281158447,
        -0.9990124106407166,
        -0.0006019339780323207,
        0.12468335032463074,
        -0.06186528131365776
    ],
    "roadnet_embedding": [
        1.0441842079162598,
        -0.43172645568847656,
        0.06385820358991623,
        0.6516980528831482,
        -2.981083393096924,
        -0.018079224973917007,
        0.0467272587120533,
        -0.12834741175174713,
        -0.03880395367741585,
        0.30250346660614014
    ],
    "function_embedding": [
        -0.5936163067817688,
        -0.3258208930492401,
        -0.04263509437441826,
        0.03859502822160721,
        -1.432260513305664,
        -0.031388867646455765,
        -0.07280439883470535,
        -0.05498713254928589,
        -0.13357950747013092,
        0.24030987918376923
    ],
    "city_embedding": [
        -0.9837741255760193,
        0.0035002301447093487,
        0.6673904657363892,
        1.378435730934143,
        -0.5937182307243347,
        1.2544797658920288,
        0.16710980236530304,
        2.7789156436920166,
        2.3915107250213623,
        3.542989492416382
    ],
    "degree_embedding": [
        -0.9859232902526855,
        -0.14980502426624298,
        1.1363672018051147,
        1.3890211582183838,
        1.9668338298797607,
        -0.10017327964305878,
        -0.9014211297035217,
        -0.5218036770820618,
        0.12516868114471436,
        0.34269973635673523
    ]
}