{
    "id": 3610,
    "range": [
        121.156804,
        31.782716,
        121.166804,
        31.772716
    ],
    "image_path": "CitySatellite\\Shanghai\\3610.jpg",
    "poi": [],
    "places": [],
    "transport": [],
    "traffic": [],
    "buildings": [],
    "landuse": [],
    "road_inner": [],
    "road_connect": {},
    "population": [
        0.0
    ],
    "transport_embedding": [
        -0.21134711802005768,
        -0.6621607542037964,
        0.610710620880127,
        -0.7626188397407532,
        0.7518860697746277,
        0.3774639964103699,
        -0.49757257103919983,
        1.098609209060669,
        -0.9978464245796204,
        -0.37900033593177795
    ],
    "roadnet_embedding": [
        1.0887272357940674,
        -0.42366334795951843,
        0.07501664012670517,
        0.6316576600074768,
        -2.9715096950531006,
        0.004441478755325079,
        0.010002822615206242,
        -0.1360417604446411,
        -0.07333679497241974,
        0.3201313018798828
    ],
    "function_embedding": [
        -0.5842918157577515,
        -0.3067006468772888,
        -0.045807864516973495,
        0.07303224503993988,
        -1.443463683128357,
        -0.07917577773332596,
        0.0034530838020145893,
        -0.055544838309288025,
        -0.14401166141033173,
        0.20898175239562988
    ],
    "city_embedding": [
        -0.983723521232605,
        0.0036167511716485023,
        0.6694934964179993,
        1.3806318044662476,
        -0.5934169292449951,
        1.2560120820999146,
        0.1646505445241928,
        2.77662992477417,
        2.3926258087158203,
        3.5471549034118652
    ],
    "degree_embedding": [
        -0.9859232902526855,
        -0.14980502426624298,
        1.1363672018051147,
        1.3890211582183838,
        1.9668338298797607,
        -0.10017327964305878,
        -0.9014211297035217,
        -0.5218036770820618,
        0.12516868114471436,
        0.34269973635673523
    ]
}