{
    "id": 3612,
    "range": [
        121.156804,
        31.762716,
        121.166804,
        31.752716
    ],
    "image_path": "CitySatellite\\Shanghai\\3612.jpg",
    "poi": [],
    "places": [],
    "transport": [],
    "traffic": [],
    "buildings": [],
    "landuse": [],
    "road_inner": [],
    "road_connect": {},
    "population": [
        0.0
    ],
    "transport_embedding": [
        -0.11452281475067139,
        -0.8316736817359924,
        0.5224407315254211,
        -0.5558798313140869,
        0.1291281133890152,
        0.6626464128494263,
        -0.3342756927013397,
        -0.005718536674976349,
        0.9667007923126221,
        -0.12279117107391357
    ],
    "roadnet_embedding": [
        1.02425217628479,
        -0.4353068470954895,
        0.09149876981973648,
        0.6518908143043518,
        -3.0017001628875732,
        -0.015958556905388832,
        0.07421687990427017,
        -0.10244931280612946,
        -0.08197332173585892,
        0.35784998536109924
    ],
    "function_embedding": [
        -0.6014541983604431,
        -0.2874529957771301,
        -0.07754117250442505,
        0.097727470099926,
        -1.4918560981750488,
        -0.07866855710744858,
        -0.07384133338928223,
        -0.09173160046339035,
        -0.06537609547376633,
        0.2745022475719452
    ],
    "city_embedding": [
        -0.983723521232605,
        0.0036167511716485023,
        0.6694934964179993,
        1.3806318044662476,
        -0.5934169292449951,
        1.2560120820999146,
        0.1646505445241928,
        2.77662992477417,
        2.3926258087158203,
        3.5471549034118652
    ],
    "degree_embedding": [
        -0.9859232902526855,
        -0.14980502426624298,
        1.1363672018051147,
        1.3890211582183838,
        1.9668338298797607,
        -0.10017327964305878,
        -0.9014211297035217,
        -0.5218036770820618,
        0.12516868114471436,
        0.34269973635673523
    ]
}