{
    "id": 3644,
    "range": [
        121.156804,
        31.442716,
        121.166804,
        31.432716
    ],
    "image_path": "CitySatellite\\Shanghai\\3644.jpg",
    "poi": [],
    "places": [],
    "transport": [],
    "traffic": [],
    "buildings": [],
    "landuse": [
        [
            7204,
            1,
            3,
            0.0779285
        ]
    ],
    "road_inner": [
        [
            5111,
            10,
            1,
            2491.7110000000002
        ],
        [
            5115,
            7,
            3,
            914.1054999999999
        ],
        [
            5122,
            1,
            4,
            56.274
        ],
        [
            5141,
            10,
            5,
            2342.0506666666665
        ]
    ],
    "road_connect": {
        "3764": {
            "3": 2,
            "5": 2
        },
        "3765": {
            "5": 1
        }
    },
    "population": [
        797.3533134460449
    ],
    "transport_embedding": [
        -0.1997702419757843,
        -0.8028197288513184,
        0.7200265526771545,
        -0.39567893743515015,
        0.3695014715194702,
        1.2539423704147339,
        -0.7891359925270081,
        -0.9806742072105408,
        1.1222351789474487,
        -0.1252209097146988
    ],
    "roadnet_embedding": [
        0.7277393341064453,
        -1.0019298791885376,
        -1.0280420780181885,
        0.4602676331996918,
        0.5201395153999329,
        0.354665070772171,
        -0.371994286775589,
        -1.283408284187317,
        0.8179439306259155,
        -0.23848114907741547
    ],
    "function_embedding": [
        -0.5918978452682495,
        -0.33695629239082336,
        -0.041059836745262146,
        -0.03669368475675583,
        -1.3850672245025635,
        -0.0029308744706213474,
        -0.2367541491985321,
        -0.028354156762361526,
        -0.10244792699813843,
        0.15779146552085876
    ],
    "city_embedding": [
        -0.9862730503082275,
        -0.002421216107904911,
        0.5633755326271057,
        1.2690162658691406,
        -0.6076653599739075,
        1.1791191101074219,
        0.28821608424186707,
        2.894714593887329,
        2.3378403186798096,
        3.3327317237854004
    ],
    "degree_embedding": [
        -0.9807460904121399,
        -0.5547233819961548,
        0.7776839733123779,
        0.5676361322402954,
        1.096081256866455,
        0.33024606108665466,
        0.5276820659637451,
        -0.657606303691864,
        0.9818518161773682,
        -2.112621307373047
    ]
}