{
    "id": 3646,
    "range": [
        121.156804,
        31.422716,
        121.166804,
        31.412716
    ],
    "image_path": "CitySatellite\\Shanghai\\3646.jpg",
    "poi": [],
    "places": [],
    "transport": [],
    "traffic": [],
    "buildings": [
        5,
        1642.188
    ],
    "landuse": [],
    "road_inner": [
        [
            5121,
            6,
            4,
            1710.6374999999998
        ],
        [
            5141,
            2,
            5,
            660.1285
        ],
        [
            5142,
            6,
            5,
            1056.4555
        ]
    ],
    "road_connect": {
        "3766": {
            "4": 1,
            "5": 3
        }
    },
    "population": [
        36.67849731445312
    ],
    "transport_embedding": [
        -0.08381722122430801,
        -0.9081733822822571,
        0.3072005808353424,
        -0.4614591598510742,
        0.28120097517967224,
        2.0152060985565186,
        0.4559560716152191,
        0.09221681207418442,
        1.1487627029418945,
        -0.19877338409423828
    ],
    "roadnet_embedding": [
        1.1428779363632202,
        -0.9331895709037781,
        -0.21012815833091736,
        -0.677089273929596,
        0.5066810250282288,
        0.057926882058382034,
        0.5555843710899353,
        -0.3143150210380554,
        -0.6647282242774963,
        -1.2326686382293701
    ],
    "function_embedding": [
        -0.5796367526054382,
        -0.3361492156982422,
        -0.056862249970436096,
        0.06984296441078186,
        -1.4330642223358154,
        -0.025933463126420975,
        -0.13369151949882507,
        -0.018385272473096848,
        -0.061195362359285355,
        0.1792275607585907
    ],
    "city_embedding": [
        -0.9834015965461731,
        0.017763234674930573,
        0.6862539649009705,
        1.4469611644744873,
        -0.6230582594871521,
        1.19719660282135,
        0.12750665843486786,
        2.9003031253814697,
        2.304401159286499,
        3.5061209201812744
    ],
    "degree_embedding": [
        -0.976676344871521,
        -0.7001451849937439,
        0.7080312967300415,
        0.9118996858596802,
        1.0383788347244263,
        0.2478432059288025,
        0.16951905190944672,
        -0.9305415153503418,
        0.9779350161552429,
        -1.6411086320877075
    ]
}