{
    "id": 3661,
    "range": [
        121.156804,
        31.272716,
        121.166804,
        31.262716
    ],
    "image_path": "CitySatellite\\Shanghai\\3661.jpg",
    "poi": [
        [
            2723,
            1,
            0
        ],
        [
            2721,
            1,
            0
        ],
        [
            2101,
            1,
            0
        ],
        [
            2528,
            1,
            6
        ],
        [
            2301,
            4,
            4
        ],
        [
            2951,
            2,
            0
        ],
        [
            2511,
            1,
            6
        ],
        [
            2302,
            2,
            4
        ],
        [
            2561,
            1,
            6
        ],
        [
            2568,
            1,
            6
        ],
        [
            2901,
            1,
            0
        ],
        [
            2205,
            1,
            3
        ],
        [
            2121,
            1,
            0
        ]
    ],
    "places": [
        [
            1003,
            1,
            3
        ]
    ],
    "transport": [],
    "traffic": [
        [
            5331,
            1,
            0
        ],
        [
            5206,
            1,
            2
        ]
    ],
    "buildings": [
        202,
        53882.4211666667
    ],
    "landuse": [
        [
            7203,
            5,
            1,
            3.7299529999999996
        ],
        [
            7229,
            4,
            5,
            0.82910025
        ],
        [
            7201,
            1,
            4,
            0.119968
        ],
        [
            7204,
            1,
            3,
            0.0423795
        ],
        [
            7211,
            10,
            0,
            0.21819300000000003
        ],
        [
            7202,
            1,
            0,
            0.238335
        ]
    ],
    "road_inner": [
        [
            5131,
            40,
            1,
            3333.1005000000005
        ],
        [
            5111,
            25,
            1,
            2916.7343333333324
        ],
        [
            5115,
            10,
            3,
            2011.0124999999998
        ],
        [
            5122,
            10,
            4,
            1289.925
        ],
        [
            5124,
            9,
            5,
            770.5930000000001
        ],
        [
            5154,
            6,
            5,
            720.4764999999999
        ],
        [
            5141,
            36,
            5,
            3096.6925
        ],
        [
            5142,
            5,
            5,
            875.9541666666667
        ],
        [
            5121,
            5,
            4,
            676.9300000000001
        ],
        [
            5153,
            7,
            5,
            1623.5055000000002
        ]
    ],
    "road_connect": {
        "3662": {
            "1": 2,
            "4": 1,
            "5": 2
        },
        "3782": {
            "1": 2,
            "4": 1
        },
        "3541": {
            "5": 2,
            "1": 5,
            "4": 1
        },
        "3781": {
            "4": 2,
            "3": 2,
            "5": 13
        },
        "3780": {
            "4": 1
        }
    },
    "population": [
        4656.889623641968
    ],
    "transport_embedding": [
        -0.3966349959373474,
        1.0483014583587646,
        -0.3675200045108795,
        -3.857387065887451,
        -3.178774118423462,
        1.1165229082107544,
        -1.219205617904663,
        -2.709718942642212,
        -0.01820039562880993,
        -0.10062282532453537
    ],
    "roadnet_embedding": [
        -0.4207316040992737,
        -1.1260865926742554,
        -2.601381778717041,
        0.1708383411169052,
        -0.06976694613695145,
        0.6403268575668335,
        -1.72263765335083,
        0.6233482360839844,
        0.4300706684589386,
        0.030126390978693962
    ],
    "function_embedding": [
        -1.7368758916854858,
        0.11576712131500244,
        -2.361278772354126,
        2.2080860137939453,
        0.8042941093444824,
        0.2847372889518738,
        -0.583772599697113,
        -0.036160893738269806,
        -0.8864630460739136,
        -1.1612826585769653
    ],
    "city_embedding": [
        -0.9630339741706848,
        1.1421083211898804,
        1.875069499015808,
        3.501394510269165,
        1.924330234527588,
        -0.8900080323219299,
        1.352910041809082,
        6.2278032302856445,
        -0.8657988905906677,
        2.358128309249878
    ],
    "degree_embedding": [
        -1.004818320274353,
        -0.09578470885753632,
        2.2803518772125244,
        0.10022962838411331,
        -1.4435573816299438,
        -0.11217503994703293,
        -1.126137375831604,
        -1.4769527912139893,
        1.199977993965149,
        -0.7916518449783325
    ]
}