{
    "id": 3675,
    "range": [
        121.156804,
        31.13271600000001,
        121.166804,
        31.122716
    ],
    "image_path": "CitySatellite\\Shanghai\\3675.jpg",
    "poi": [],
    "places": [],
    "transport": [],
    "traffic": [],
    "buildings": [],
    "landuse": [],
    "road_inner": [
        [
            5121,
            1,
            4,
            1175.5965
        ]
    ],
    "road_connect": {
        "3674": {
            "4": 1
        },
        "3795": {
            "4": 1
        }
    },
    "population": [
        927.7873048782349
    ],
    "transport_embedding": [
        -0.30947354435920715,
        -0.615237832069397,
        0.7588385343551636,
        -0.7130885124206543,
        0.7965962886810303,
        -1.199633002281189,
        -1.3566336631774902,
        0.6959569454193115,
        -0.587795078754425,
        -0.1718931347131729
    ],
    "roadnet_embedding": [
        0.7792109847068787,
        -0.8462666869163513,
        0.05522884055972099,
        -1.2483971118927002,
        0.3194253444671631,
        -2.3317904472351074,
        -0.15224982798099518,
        1.1420681476593018,
        0.6692877411842346,
        -0.6056816577911377
    ],
    "function_embedding": [
        -0.6043094396591187,
        -0.28909221291542053,
        -0.04564984515309334,
        0.07934434711933136,
        -1.4924248456954956,
        -0.05511069297790527,
        -0.12649951875209808,
        -0.09030181914567947,
        -0.11414828151464462,
        0.2226957231760025
    ],
    "city_embedding": [
        -0.9866883754730225,
        -0.0034064464271068573,
        0.5460888743400574,
        1.2507882118225098,
        -0.6099725961685181,
        1.166626214981079,
        0.30830803513526917,
        2.9138998985290527,
        2.3295276165008545,
        3.297821521759033
    ],
    "degree_embedding": [
        -0.9803432822227478,
        -0.4955008625984192,
        0.02320222556591034,
        0.8904775381088257,
        1.3509734869003296,
        0.22085069119930267,
        -0.2695158123970032,
        -1.039759874343872,
        0.8916219472885132,
        -1.264162540435791
    ]
}