{
    "id": 3702,
    "range": [
        121.156804,
        30.862716,
        121.166804,
        30.852716
    ],
    "image_path": "CitySatellite\\Shanghai\\3702.jpg",
    "poi": [],
    "places": [],
    "transport": [],
    "traffic": [],
    "buildings": [],
    "landuse": [],
    "road_inner": [],
    "road_connect": {},
    "population": [
        151.1774411201477
    ],
    "transport_embedding": [
        -0.13492585718631744,
        -0.7638702392578125,
        0.4427933096885681,
        -0.6041902303695679,
        -0.037024080753326416,
        1.2529925107955933,
        0.6310446262359619,
        0.6645787954330444,
        0.9291598796844482,
        -0.23992837965488434
    ],
    "roadnet_embedding": [
        1.073732614517212,
        -0.44424644112586975,
        0.07295066863298416,
        0.6777227520942688,
        -3.009589433670044,
        0.06615761667490005,
        0.068253293633461,
        -0.22348091006278992,
        -0.09194365888834,
        0.37667128443717957
    ],
    "function_embedding": [
        -0.598598837852478,
        -0.2998735010623932,
        -0.04377245157957077,
        0.07136423140764236,
        -1.48231840133667,
        -0.04458777606487274,
        -0.08477667719125748,
        -0.07168952375650406,
        -0.10893215239048004,
        0.21662694215774536
    ],
    "city_embedding": [
        -0.98420649766922,
        0.002510261023417115,
        0.6493971943855286,
        1.3595820665359497,
        -0.59636390209198,
        1.2413485050201416,
        0.18813708424568176,
        2.7988369464874268,
        2.3815484046936035,
        3.5065884590148926
    ],
    "degree_embedding": [
        -0.9859232902526855,
        -0.14980502426624298,
        1.1363672018051147,
        1.3890211582183838,
        1.9668338298797607,
        -0.10017327964305878,
        -0.9014211297035217,
        -0.5218036770820618,
        0.12516868114471436,
        0.34269973635673523
    ]
}