{
    "id": 3706,
    "range": [
        121.156804,
        30.822716,
        121.166804,
        30.812716
    ],
    "image_path": "CitySatellite\\Shanghai\\3706.jpg",
    "poi": [],
    "places": [],
    "transport": [],
    "traffic": [],
    "buildings": [],
    "landuse": [],
    "road_inner": [],
    "road_connect": {},
    "population": [
        60.84257364273071
    ],
    "transport_embedding": [
        -0.37866801023483276,
        -0.5342313647270203,
        0.901141881942749,
        -0.7229970693588257,
        1.2370896339416504,
        -0.8402008414268494,
        -2.0513553619384766,
        0.0306718572974205,
        -0.9534279108047485,
        -0.07128363847732544
    ],
    "roadnet_embedding": [
        1.1319727897644043,
        -0.43907251954078674,
        0.015666166320443153,
        0.5927659869194031,
        -2.883504629135132,
        -0.1493821144104004,
        -0.02628541924059391,
        -0.039031825959682465,
        -0.04952054098248482,
        0.16549237072467804
    ],
    "function_embedding": [
        -0.6297467350959778,
        -0.26417553424835205,
        -0.06189097836613655,
        0.08540927618741989,
        -1.4924143552780151,
        -0.1147017627954483,
        -0.04248528182506561,
        -0.10164386034011841,
        -0.10762811452150345,
        0.3032783269882202
    ],
    "city_embedding": [
        -0.9839180111885071,
        0.0031637155916541815,
        0.6613978147506714,
        1.3721647262573242,
        -0.594640851020813,
        1.2501251697540283,
        0.17411679029464722,
        2.7855260372161865,
        2.388216495513916,
        3.5308587551116943
    ],
    "degree_embedding": [
        -0.9859232902526855,
        -0.14980502426624298,
        1.1363672018051147,
        1.3890211582183838,
        1.9668338298797607,
        -0.10017327964305878,
        -0.9014211297035217,
        -0.5218036770820618,
        0.12516868114471436,
        0.34269973635673523
    ]
}