{
    "id": 3707,
    "range": [
        121.156804,
        30.812716,
        121.166804,
        30.802716
    ],
    "image_path": "CitySatellite\\Shanghai\\3707.jpg",
    "poi": [],
    "places": [],
    "transport": [],
    "traffic": [],
    "buildings": [],
    "landuse": [],
    "road_inner": [],
    "road_connect": {},
    "population": [
        63.9590892791748
    ],
    "transport_embedding": [
        -0.14580589532852173,
        -0.47085949778556824,
        0.5170266628265381,
        -1.1213901042938232,
        -0.7897281050682068,
        0.25042882561683655,
        1.7392228841781616,
        2.7314045429229736,
        -0.6304926872253418,
        -0.46890634298324585
    ],
    "roadnet_embedding": [
        1.1025973558425903,
        -0.4193008840084076,
        0.039019625633955,
        0.54264897108078,
        -3.0281736850738525,
        -0.012172392569482327,
        0.014783105812966824,
        -0.08319855481386185,
        -0.07401192933320999,
        0.296170175075531
    ],
    "function_embedding": [
        -0.6466596126556396,
        -0.24562197923660278,
        -0.05239621549844742,
        0.07966167479753494,
        -1.5014119148254395,
        -0.12384486198425293,
        0.008918019011616707,
        -0.14169330894947052,
        -0.16431011259555817,
        0.34853652119636536
    ],
    "city_embedding": [
        -0.9839279055595398,
        0.0031370685901492834,
        0.6609848141670227,
        1.3717303276062012,
        -0.594753623008728,
        1.249821424484253,
        0.17460010945796967,
        2.7860093116760254,
        2.38791561126709,
        3.529965400695801
    ],
    "degree_embedding": [
        -0.9859232902526855,
        -0.14980502426624298,
        1.1363672018051147,
        1.3890211582183838,
        1.9668338298797607,
        -0.10017327964305878,
        -0.9014211297035217,
        -0.5218036770820618,
        0.12516868114471436,
        0.34269973635673523
    ]
}