{
    "id": 3731,
    "range": [
        121.166804,
        31.772716,
        121.176804,
        31.762716
    ],
    "image_path": "CitySatellite\\Shanghai\\3731.jpg",
    "poi": [],
    "places": [],
    "transport": [],
    "traffic": [],
    "buildings": [],
    "landuse": [],
    "road_inner": [],
    "road_connect": {},
    "population": [
        0.0
    ],
    "transport_embedding": [
        -0.20379087328910828,
        -0.7789294123649597,
        0.7141610383987427,
        -0.448415070772171,
        0.5207874178886414,
        1.0802546739578247,
        -0.9630671143531799,
        -1.0274927616119385,
        0.9962949156761169,
        -0.06854856014251709
    ],
    "roadnet_embedding": [
        1.1200764179229736,
        -0.4241611361503601,
        0.0607471689581871,
        0.5258957743644714,
        -2.881272554397583,
        -0.05937636271119118,
        -0.03224676847457886,
        -0.0839834064245224,
        -0.07095945626497269,
        0.30295825004577637
    ],
    "function_embedding": [
        -0.594193696975708,
        -0.29842811822891235,
        -0.05199253559112549,
        0.024350322782993317,
        -1.4078129529953003,
        -0.10045107454061508,
        -0.04747910052537918,
        -0.05861476808786392,
        -0.09528859704732895,
        0.17047549784183502
    ],
    "city_embedding": [
        -0.983723521232605,
        0.0036167511716485023,
        0.6694934964179993,
        1.3806318044662476,
        -0.5934169292449951,
        1.2560120820999146,
        0.1646505445241928,
        2.77662992477417,
        2.3926258087158203,
        3.5471549034118652
    ],
    "degree_embedding": [
        -0.9859232902526855,
        -0.14980502426624298,
        1.1363672018051147,
        1.3890211582183838,
        1.9668338298797607,
        -0.10017327964305878,
        -0.9014211297035217,
        -0.5218036770820618,
        0.12516868114471436,
        0.34269973635673523
    ]
}