{
    "id": 3781,
    "range": [
        121.166804,
        31.272716,
        121.176804,
        31.262716
    ],
    "image_path": "CitySatellite\\Shanghai\\3781.jpg",
    "poi": [
        [
            2304,
            1,
            4
        ],
        [
            2301,
            3,
            4
        ],
        [
            2303,
            2,
            4
        ],
        [
            2511,
            3,
            6
        ],
        [
            2007,
            1,
            2
        ],
        [
            2593,
            2,
            6
        ],
        [
            2501,
            1,
            6
        ],
        [
            2502,
            1,
            6
        ],
        [
            2528,
            1,
            6
        ],
        [
            2205,
            4,
            3
        ],
        [
            2001,
            1,
            2
        ],
        [
            2568,
            1,
            6
        ],
        [
            2005,
            1,
            1
        ],
        [
            2101,
            1,
            0
        ],
        [
            2302,
            1,
            4
        ]
    ],
    "places": [
        [
            1002,
            1,
            2
        ]
    ],
    "transport": [],
    "traffic": [],
    "buildings": [
        445,
        118249.45916666661
    ],
    "landuse": [
        [
            7203,
            5,
            1,
            4.1042565
        ],
        [
            7202,
            6,
            0,
            0.95342
        ],
        [
            7229,
            2,
            5,
            0.1440785
        ],
        [
            7211,
            2,
            0,
            0.222941
        ]
    ],
    "road_inner": [
        [
            5121,
            5,
            4,
            1185.02
        ],
        [
            5115,
            1,
            3,
            2234.5916666666667
        ],
        [
            5122,
            6,
            4,
            1509.8029999999999
        ],
        [
            5154,
            72,
            5,
            5261.292999999999
        ],
        [
            5141,
            79,
            5,
            7194.789500000002
        ],
        [
            5153,
            43,
            5,
            4344.083833333333
        ],
        [
            5155,
            2,
            0,
            9.433
        ],
        [
            5142,
            1.0,
            5,
            315.4045
        ]
    ],
    "road_connect": {
        "3661": {
            "4": 2,
            "3": 2,
            "5": 13
        },
        "3782": {
            "4": 2,
            "3": 1,
            "5": 2
        },
        "3902": {
            "3": 1
        },
        "3780": {
            "4": 3,
            "5": 11,
            "3": 1
        },
        "3901": {
            "5": 2,
            "4": 1
        }
    },
    "population": [
        4637.884880065918
    ],
    "transport_embedding": [
        -0.29226407408714294,
        -0.3330594003200531,
        0.653568685054779,
        -1.2760695219039917,
        -0.050103552639484406,
        -1.2807817459106445,
        0.06572440266609192,
        2.5574169158935547,
        -1.9412399530410767,
        -0.5058354139328003
    ],
    "roadnet_embedding": [
        0.11742015928030014,
        -1.0742965936660767,
        -3.0914015769958496,
        -0.2764848470687866,
        0.01409149169921875,
        1.0714635848999023,
        -1.3541059494018555,
        9.960601806640625,
        2.3979570865631104,
        5.877230644226074
    ],
    "function_embedding": [
        -1.7395166158676147,
        0.118904709815979,
        -2.4595084190368652,
        2.232729196548462,
        0.8097829818725586,
        0.34827089309692383,
        -0.6001243591308594,
        0.10572952032089233,
        -0.9154981374740601,
        -1.2821855545043945
    ],
    "city_embedding": [
        -1.039305329322815,
        6.053675174713135,
        -0.020788701251149178,
        2.4115939140319824,
        1.338940978050232,
        2.9445090293884277,
        -2.329050064086914,
        11.563515663146973,
        1.9576469659805298,
        9.037016868591309
    ],
    "degree_embedding": [
        -0.9970890879631042,
        -0.5295575857162476,
        2.8440041542053223,
        1.0165793895721436,
        -2.6305384635925293,
        0.09605462849140167,
        -0.5310733914375305,
        -2.001297950744629,
        2.571692943572998,
        1.860373854637146
    ]
}