{
    "id": 3852,
    "range": [
        121.176804,
        31.762716,
        121.186804,
        31.752716
    ],
    "image_path": "CitySatellite\\Shanghai\\3852.jpg",
    "poi": [],
    "places": [],
    "transport": [],
    "traffic": [],
    "buildings": [],
    "landuse": [],
    "road_inner": [],
    "road_connect": {},
    "population": [
        0.0
    ],
    "transport_embedding": [
        -0.278080016374588,
        -0.6690942645072937,
        0.7403359413146973,
        -0.6473231911659241,
        1.6309376955032349,
        0.4813326597213745,
        -1.40553879737854,
        0.04611729457974434,
        -1.3102837800979614,
        -0.1743960976600647
    ],
    "roadnet_embedding": [
        1.1465288400650024,
        -0.43421605229377747,
        0.009243343956768513,
        0.6163696646690369,
        -2.9928619861602783,
        -0.017502421513199806,
        -0.004813703242689371,
        -0.1473914086818695,
        -0.0521099790930748,
        0.23586896061897278
    ],
    "function_embedding": [
        -0.5695418119430542,
        -0.3485759496688843,
        -0.03551286831498146,
        0.03423178195953369,
        -1.3672382831573486,
        -0.06149870529770851,
        -0.06900212168693542,
        0.014591984450817108,
        -0.09601665288209915,
        0.09983259439468384
    ],
    "city_embedding": [
        -0.983723521232605,
        0.0036167511716485023,
        0.6694934964179993,
        1.3806318044662476,
        -0.5934169292449951,
        1.2560120820999146,
        0.1646505445241928,
        2.77662992477417,
        2.3926258087158203,
        3.5471549034118652
    ],
    "degree_embedding": [
        -0.9859232902526855,
        -0.14980502426624298,
        1.1363672018051147,
        1.3890211582183838,
        1.9668338298797607,
        -0.10017327964305878,
        -0.9014211297035217,
        -0.5218036770820618,
        0.12516868114471436,
        0.34269973635673523
    ]
}