{
    "id": 3853,
    "range": [
        121.176804,
        31.752716,
        121.186804,
        31.74271599999999
    ],
    "image_path": "CitySatellite\\Shanghai\\3853.jpg",
    "poi": [],
    "places": [],
    "transport": [],
    "traffic": [],
    "buildings": [],
    "landuse": [],
    "road_inner": [],
    "road_connect": {},
    "population": [
        0.0
    ],
    "transport_embedding": [
        -0.2467404305934906,
        -0.7540488839149475,
        0.7846774458885193,
        -0.4562928378582001,
        0.9759422540664673,
        0.23140324652194977,
        -0.8018965721130371,
        0.02947760559618473,
        -0.052174899727106094,
        -0.10404569655656815
    ],
    "roadnet_embedding": [
        1.118172526359558,
        -0.42071661353111267,
        0.022650884464383125,
        0.5691137313842773,
        -3.0185279846191406,
        -0.046184785664081573,
        0.0002579295542091131,
        -0.0587317980825901,
        -0.05719207972288132,
        0.2458343654870987
    ],
    "function_embedding": [
        -0.6149981021881104,
        -0.29291635751724243,
        -0.09916920214891434,
        0.022679181769490242,
        -1.4178932905197144,
        -0.06819220632314682,
        -0.0019940498750656843,
        -0.09833884239196777,
        -0.12602637708187103,
        0.3476191461086273
    ],
    "city_embedding": [
        -0.983723521232605,
        0.0036167511716485023,
        0.6694934964179993,
        1.3806318044662476,
        -0.5934169292449951,
        1.2560120820999146,
        0.1646505445241928,
        2.77662992477417,
        2.3926258087158203,
        3.5471549034118652
    ],
    "degree_embedding": [
        -0.9859232902526855,
        -0.14980502426624298,
        1.1363672018051147,
        1.3890211582183838,
        1.9668338298797607,
        -0.10017327964305878,
        -0.9014211297035217,
        -0.5218036770820618,
        0.12516868114471436,
        0.34269973635673523
    ]
}