{
    "id": 3854,
    "range": [
        121.176804,
        31.742716,
        121.186804,
        31.732716
    ],
    "image_path": "CitySatellite\\Shanghai\\3854.jpg",
    "poi": [],
    "places": [],
    "transport": [],
    "traffic": [],
    "buildings": [],
    "landuse": [],
    "road_inner": [],
    "road_connect": {},
    "population": [
        0.0
    ],
    "transport_embedding": [
        -0.19164001941680908,
        -0.7401280403137207,
        0.5803087949752808,
        -0.6694510579109192,
        0.21945250034332275,
        -0.9141407012939453,
        -0.48943203687667847,
        0.5773556232452393,
        0.3770197331905365,
        -0.1213088408112526
    ],
    "roadnet_embedding": [
        1.0457772016525269,
        -0.43882134556770325,
        0.09155405312776566,
        0.5043801069259644,
        -2.773686170578003,
        -0.2050679326057434,
        -0.001611785963177681,
        0.0391969196498394,
        -0.06463147699832916,
        0.29047587513923645
    ],
    "function_embedding": [
        -0.6321209669113159,
        -0.26511532068252563,
        -0.07787827402353287,
        0.05341546609997749,
        -1.46177339553833,
        -0.1117476299405098,
        -0.07590308040380478,
        -0.102565698325634,
        -0.09843771904706955,
        0.3239552080631256
    ],
    "city_embedding": [
        -0.983723521232605,
        0.0036167511716485023,
        0.6694934964179993,
        1.3806318044662476,
        -0.5934169292449951,
        1.2560120820999146,
        0.1646505445241928,
        2.77662992477417,
        2.3926258087158203,
        3.5471549034118652
    ],
    "degree_embedding": [
        -0.9859232902526855,
        -0.14980502426624298,
        1.1363672018051147,
        1.3890211582183838,
        1.9668338298797607,
        -0.10017327964305878,
        -0.9014211297035217,
        -0.5218036770820618,
        0.12516868114471436,
        0.34269973635673523
    ]
}