{
    "id": 3973,
    "range": [
        121.186804,
        31.752716,
        121.196804,
        31.74271599999999
    ],
    "image_path": "CitySatellite\\Shanghai\\3973.jpg",
    "poi": [],
    "places": [],
    "transport": [],
    "traffic": [],
    "buildings": [],
    "landuse": [],
    "road_inner": [],
    "road_connect": {},
    "population": [
        0.0
    ],
    "transport_embedding": [
        -0.09784405678510666,
        -0.7183968424797058,
        0.3842112123966217,
        -0.7116943001747131,
        -0.29866471886634827,
        2.0539286136627197,
        1.0927497148513794,
        0.9717004299163818,
        0.8391255140304565,
        -0.37780633568763733
    ],
    "roadnet_embedding": [
        1.0950148105621338,
        -0.410849392414093,
        0.04743526130914688,
        0.5601373910903931,
        -3.048276901245117,
        0.044922877103090286,
        0.01729239523410797,
        -0.09881635010242462,
        -0.029079720377922058,
        0.34776225686073303
    ],
    "function_embedding": [
        -0.606363832950592,
        -0.3031824827194214,
        -0.09026636928319931,
        0.05738624185323715,
        -1.462684988975525,
        -0.025802133604884148,
        -0.026706406846642494,
        -0.08638603985309601,
        -0.1031324490904808,
        0.33499184250831604
    ],
    "city_embedding": [
        -0.983723521232605,
        0.0036167511716485023,
        0.6694934964179993,
        1.3806318044662476,
        -0.5934169292449951,
        1.2560120820999146,
        0.1646505445241928,
        2.77662992477417,
        2.3926258087158203,
        3.5471549034118652
    ],
    "degree_embedding": [
        -0.9859232902526855,
        -0.14980502426624298,
        1.1363672018051147,
        1.3890211582183838,
        1.9668338298797607,
        -0.10017327964305878,
        -0.9014211297035217,
        -0.5218036770820618,
        0.12516868114471436,
        0.34269973635673523
    ]
}