{
    "id": 3974,
    "range": [
        121.186804,
        31.742716,
        121.196804,
        31.732716
    ],
    "image_path": "CitySatellite\\Shanghai\\3974.jpg",
    "poi": [],
    "places": [],
    "transport": [],
    "traffic": [],
    "buildings": [],
    "landuse": [],
    "road_inner": [],
    "road_connect": {},
    "population": [
        0.0
    ],
    "transport_embedding": [
        -0.2360277622938156,
        -0.6966081857681274,
        0.7389715313911438,
        -0.583204984664917,
        0.8289642333984375,
        0.6986067295074463,
        -1.3500910997390747,
        -0.6033231616020203,
        0.26084786653518677,
        -0.11647102236747742
    ],
    "roadnet_embedding": [
        1.1265133619308472,
        -0.42539700865745544,
        0.00812944583594799,
        0.5779061317443848,
        -2.9831342697143555,
        -0.05501440167427063,
        0.007835605181753635,
        -0.07246334850788116,
        -0.04527105391025543,
        0.1977526694536209
    ],
    "function_embedding": [
        -0.5851940512657166,
        -0.332734614610672,
        -0.05056503787636757,
        0.07013656198978424,
        -1.4294542074203491,
        -0.036806464195251465,
        -0.08075182884931564,
        -0.03332756087183952,
        -0.13961203396320343,
        0.23916654288768768
    ],
    "city_embedding": [
        -0.983723521232605,
        0.0036167511716485023,
        0.6694934964179993,
        1.3806318044662476,
        -0.5934169292449951,
        1.2560120820999146,
        0.1646505445241928,
        2.77662992477417,
        2.3926258087158203,
        3.5471549034118652
    ],
    "degree_embedding": [
        -0.9859232902526855,
        -0.14980502426624298,
        1.1363672018051147,
        1.3890211582183838,
        1.9668338298797607,
        -0.10017327964305878,
        -0.9014211297035217,
        -0.5218036770820618,
        0.12516868114471436,
        0.34269973635673523
    ]
}