{
    "id": 3975,
    "range": [
        121.186804,
        31.732716,
        121.196804,
        31.722716
    ],
    "image_path": "CitySatellite\\Shanghai\\3975.jpg",
    "poi": [],
    "places": [],
    "transport": [],
    "traffic": [],
    "buildings": [],
    "landuse": [],
    "road_inner": [],
    "road_connect": {},
    "population": [
        0.0
    ],
    "transport_embedding": [
        -0.15696094930171967,
        -0.8418577313423157,
        0.5714726448059082,
        -0.45756974816322327,
        0.2916612923145294,
        0.01879347674548626,
        3.898034992744215e-05,
        0.4558030962944031,
        0.8826372623443604,
        -0.12213732302188873
    ],
    "roadnet_embedding": [
        1.1400448083877563,
        -0.4386100769042969,
        0.031910624355077744,
        0.6263977885246277,
        -2.9429309368133545,
        0.031100159510970116,
        0.002522179391235113,
        -0.2496943175792694,
        -0.0620262436568737,
        0.2620890438556671
    ],
    "function_embedding": [
        -0.6261598467826843,
        -0.2797999083995819,
        -0.0721428245306015,
        0.012484000995755196,
        -1.4427379369735718,
        -0.042820367962121964,
        -0.03843412920832634,
        -0.11296231299638748,
        -0.1630248874425888,
        0.3004843294620514
    ],
    "city_embedding": [
        -0.983723521232605,
        0.0036167511716485023,
        0.6694934964179993,
        1.3806318044662476,
        -0.5934169292449951,
        1.2560120820999146,
        0.1646505445241928,
        2.77662992477417,
        2.3926258087158203,
        3.5471549034118652
    ],
    "degree_embedding": [
        -0.9859232902526855,
        -0.14980502426624298,
        1.1363672018051147,
        1.3890211582183838,
        1.9668338298797607,
        -0.10017327964305878,
        -0.9014211297035217,
        -0.5218036770820618,
        0.12516868114471436,
        0.34269973635673523
    ]
}