{
    "id": 4010,
    "range": [
        121.186804,
        31.38271600000001,
        121.196804,
        31.372716
    ],
    "image_path": "CitySatellite\\Shanghai\\4010.jpg",
    "poi": [],
    "places": [],
    "transport": [],
    "traffic": [],
    "buildings": [],
    "landuse": [],
    "road_inner": [
        [
            5121,
            7,
            4,
            1075.9395
        ],
        [
            5122,
            2,
            4,
            307.14099999999996
        ],
        [
            5142,
            1,
            5,
            240.228
        ],
        [
            5114,
            1.0,
            2,
            582.9608333333333
        ]
    ],
    "road_connect": {
        "4009": {
            "2": 1
        },
        "4130": {
            "2": 3,
            "4": 1
        }
    },
    "population": [
        1717.318229675293
    ],
    "transport_embedding": [
        -0.18578404188156128,
        -0.5537305474281311,
        0.6218246817588806,
        -0.9418758749961853,
        0.18658097088336945,
        0.5134269595146179,
        -0.10229764878749847,
        1.3583648204803467,
        -0.7134699821472168,
        -0.3940971791744232
    ],
    "roadnet_embedding": [
        0.4613799452781677,
        -0.9337717294692993,
        0.1922350525856018,
        -1.0135314464569092,
        0.4428477883338928,
        -1.7223106622695923,
        0.22090059518814087,
        0.6629087924957275,
        0.04558000713586807,
        -0.48179373145103455
    ],
    "function_embedding": [
        -0.5889206528663635,
        -0.3076522648334503,
        -0.1065886840224266,
        0.01007815171033144,
        -1.421248435974121,
        -0.04503602907061577,
        -0.06869140267372131,
        -0.05978173017501831,
        -0.06355337053537369,
        0.29127246141433716
    ],
    "city_embedding": [
        -0.9891853928565979,
        -0.009271539747714996,
        0.4421873390674591,
        1.1412774324417114,
        -0.6221534609794617,
        1.0917739868164062,
        0.42926856875419617,
        3.0282177925109863,
        2.2818377017974854,
        3.0911948680877686
    ],
    "degree_embedding": [
        -0.9786110520362854,
        -0.6875125169754028,
        0.057338863611221313,
        0.24666990339756012,
        0.9219759702682495,
        0.5355276465415955,
        0.39288750290870667,
        -1.2116397619247437,
        0.00434291735291481,
        -1.4304628372192383
    ]
}