{
    "id": 4044,
    "range": [
        121.186804,
        31.042716,
        121.196804,
        31.032716
    ],
    "image_path": "CitySatellite\\Shanghai\\4044.jpg",
    "poi": [
        [
            2305,
            1,
            4
        ],
        [
            2701,
            1,
            0
        ],
        [
            2303,
            4,
            4
        ],
        [
            2301,
            1,
            4
        ],
        [
            2006,
            1,
            2
        ],
        [
            2723,
            1,
            0
        ],
        [
            2120,
            1,
            0
        ],
        [
            2722,
            2,
            0
        ],
        [
            2401,
            1,
            5
        ],
        [
            2901,
            3,
            0
        ],
        [
            2721,
            1,
            0
        ]
    ],
    "places": [
        [
            1010,
            1,
            5
        ]
    ],
    "transport": [
        [
            5601,
            1,
            2
        ]
    ],
    "traffic": [
        [
            5201,
            7,
            3
        ],
        [
            5263,
            1,
            0
        ],
        [
            5204,
            8,
            1
        ]
    ],
    "buildings": [
        14,
        18088.441000000006
    ],
    "landuse": [
        [
            7203,
            5,
            1,
            3.9825713
        ],
        [
            7202,
            10,
            0,
            0.29362750000000004
        ]
    ],
    "road_inner": [
        [
            5115,
            10,
            3,
            2565.0170000000007
        ],
        [
            5121,
            14,
            4,
            1599.6285
        ],
        [
            5141,
            27,
            5,
            1872.8929999999998
        ],
        [
            5122,
            35,
            4,
            5809.287666666667
        ],
        [
            5153,
            43,
            5,
            4376.788333333334
        ],
        [
            5124,
            10,
            5,
            1040.859
        ],
        [
            5114,
            4,
            2,
            3618.848
        ]
    ],
    "road_connect": {
        "3924": {
            "3": 1,
            "4": 1,
            "2": 4
        },
        "4043": {
            "2": 1
        },
        "4045": {
            "3": 2,
            "4": 3,
            "5": 2,
            "2": 2
        },
        "4165": {
            "4": 1,
            "5": 1
        },
        "4164": {
            "4": 1,
            "5": 1,
            "2": 2
        }
    },
    "population": [
        11704.67066574097
    ],
    "transport_embedding": [
        -2.433176040649414,
        0.41187015175819397,
        -1.0061601400375366,
        -0.11498904228210449,
        0.8571642637252808,
        -0.08658026903867722,
        0.5110070109367371,
        -0.39430224895477295,
        0.21168899536132812,
        -3.326437473297119
    ],
    "roadnet_embedding": [
        -0.45859214663505554,
        -1.1297318935394287,
        -0.3374810814857483,
        1.3631292581558228,
        0.14689511060714722,
        0.6085414886474609,
        -1.1053318977355957,
        3.481025457382202,
        1.347834825515747,
        0.2594001591205597
    ],
    "function_embedding": [
        -1.7357046604156494,
        0.11437547206878662,
        -2.3820371627807617,
        2.213155508041382,
        0.8052291870117188,
        0.2988828718662262,
        -0.5872764587402344,
        -0.005427218042314053,
        -0.8919335603713989,
        -1.171688437461853
    ],
    "city_embedding": [
        -0.9935352206230164,
        1.887205719947815,
        0.8875728845596313,
        1.2399240732192993,
        5.020723819732666,
        -1.5774110555648804,
        -3.586266040802002,
        2.253373622894287,
        7.253926753997803,
        1.9175702333450317
    ],
    "degree_embedding": [
        -0.9833154082298279,
        -0.7617073655128479,
        -0.15725067257881165,
        -0.42521804571151733,
        -0.38486117124557495,
        0.00527817290276289,
        -0.5486693978309631,
        -1.3696943521499634,
        -0.686029314994812,
        -0.22040002048015594
    ]
}