{
    "id": 4066,
    "range": [
        121.186804,
        30.822716,
        121.196804,
        30.812716
    ],
    "image_path": "CitySatellite\\Shanghai\\4066.jpg",
    "poi": [],
    "places": [],
    "transport": [],
    "traffic": [],
    "buildings": [
        1,
        9477.377
    ],
    "landuse": [],
    "road_inner": [],
    "road_connect": {},
    "population": [
        198.9619436264038
    ],
    "transport_embedding": [
        -0.28637072443962097,
        -0.5823938846588135,
        0.7906304001808167,
        -0.7644947171211243,
        1.4568177461624146,
        0.6151715517044067,
        -1.962199330329895,
        -0.516427218914032,
        -0.9802089929580688,
        -0.10259977728128433
    ],
    "roadnet_embedding": [
        1.1563611030578613,
        -0.42809996008872986,
        -0.0025565712712705135,
        0.5811205506324768,
        -2.9654316902160645,
        -0.015089615248143673,
        -0.00024115975247696042,
        -0.1422392874956131,
        -0.034119635820388794,
        0.1864524483680725
    ],
    "function_embedding": [
        -0.6165441870689392,
        -0.3047794699668884,
        -0.0572754442691803,
        0.05558175593614578,
        -1.4298276901245117,
        -0.0657457560300827,
        -0.10797668248414993,
        -0.02860328182578087,
        -0.10830279439687729,
        0.2663440406322479
    ],
    "city_embedding": [
        -0.9853842854499817,
        -0.02330329641699791,
        0.591437041759491,
        1.6839665174484253,
        -0.6529231667518616,
        1.3057504892349243,
        0.20087170600891113,
        3.020162582397461,
        2.5637259483337402,
        3.4816572666168213
    ],
    "degree_embedding": [
        -0.9859232902526855,
        -0.14980502426624298,
        1.1363672018051147,
        1.3890211582183838,
        1.9668338298797607,
        -0.10017327964305878,
        -0.9014211297035217,
        -0.5218036770820618,
        0.12516868114471436,
        0.34269973635673523
    ]
}