{
    "id": 4095,
    "range": [
        121.196804,
        31.732716,
        121.206804,
        31.722716
    ],
    "image_path": "CitySatellite\\Shanghai\\4095.jpg",
    "poi": [],
    "places": [],
    "transport": [],
    "traffic": [],
    "buildings": [],
    "landuse": [],
    "road_inner": [],
    "road_connect": {},
    "population": [
        0.0
    ],
    "transport_embedding": [
        -0.16555216908454895,
        -0.4790745675563812,
        0.5701686143875122,
        -1.0932304859161377,
        -0.5236161947250366,
        0.09485255181789398,
        1.4399807453155518,
        2.754023313522339,
        -1.042198896408081,
        -0.5153257250785828
    ],
    "roadnet_embedding": [
        1.0471616983413696,
        -0.4313104748725891,
        0.07576534152030945,
        0.577875018119812,
        -2.9199204444885254,
        0.002194807631894946,
        0.04282305762171745,
        -0.11105447262525558,
        -0.014618763700127602,
        0.3928550183773041
    ],
    "function_embedding": [
        -0.6347552537918091,
        -0.29512307047843933,
        -0.07242005318403244,
        0.04004208371043205,
        -1.4095381498336792,
        -0.08610507100820541,
        0.035157471895217896,
        -0.10828014463186264,
        -0.11378736048936844,
        0.3104211986064911
    ],
    "city_embedding": [
        -0.983723521232605,
        0.0036167511716485023,
        0.6694934964179993,
        1.3806318044662476,
        -0.5934169292449951,
        1.2560120820999146,
        0.1646505445241928,
        2.77662992477417,
        2.3926258087158203,
        3.5471549034118652
    ],
    "degree_embedding": [
        -0.9859232902526855,
        -0.14980502426624298,
        1.1363672018051147,
        1.3890211582183838,
        1.9668338298797607,
        -0.10017327964305878,
        -0.9014211297035217,
        -0.5218036770820618,
        0.12516868114471436,
        0.34269973635673523
    ]
}