{
    "id": 4122,
    "range": [
        121.196804,
        31.462716,
        121.206804,
        31.452716
    ],
    "image_path": "CitySatellite\\Shanghai\\4122.jpg",
    "poi": [],
    "places": [],
    "transport": [],
    "traffic": [],
    "buildings": [],
    "landuse": [],
    "road_inner": [
        [
            5121,
            4,
            4,
            1242.4859999999999
        ],
        [
            5141,
            13,
            5,
            3612.6559999999995
        ]
    ],
    "road_connect": {
        "4242": {
            "5": 2,
            "4": 1
        }
    },
    "population": [
        99.90757083892822
    ],
    "transport_embedding": [
        -0.14699773490428925,
        -0.7582035660743713,
        0.487855464220047,
        -0.5922080874443054,
        0.21731826663017273,
        1.5988061428070068,
        -0.03513858839869499,
        0.09875642508268356,
        0.8866864442825317,
        -0.26817306876182556
    ],
    "roadnet_embedding": [
        1.52889084815979,
        -0.935265839099884,
        -0.7758309841156006,
        0.031494077295064926,
        0.5624371767044067,
        1.7256892919540405,
        1.0201491117477417,
        -0.7814069986343384,
        -1.0150247812271118,
        -1.899894118309021
    ],
    "function_embedding": [
        -0.5850138068199158,
        -0.30381831526756287,
        -0.0858476459980011,
        0.07868896424770355,
        -1.4856523275375366,
        -0.029588770121335983,
        -0.09512436389923096,
        -0.07182832807302475,
        -0.062281664460897446,
        0.2830866873264313
    ],
    "city_embedding": [
        -0.9840428233146667,
        0.002882196567952633,
        0.6562056541442871,
        1.3667218685150146,
        -0.5955819487571716,
        1.2463446855545044,
        0.18017172813415527,
        2.79131817817688,
        2.385324001312256,
        3.5201878547668457
    ],
    "degree_embedding": [
        -0.9786991477012634,
        -0.5773709416389465,
        0.6347491145133972,
        0.9896551370620728,
        1.2566072940826416,
        0.20339442789554596,
        -0.05384843051433563,
        -0.8887447118759155,
        0.8395659923553467,
        -1.3051222562789917
    ]
}