{
    "id": 4180,
    "range": [
        121.196804,
        30.88271600000001,
        121.206804,
        30.872716
    ],
    "image_path": "CitySatellite\\Shanghai\\4180.jpg",
    "poi": [],
    "places": [],
    "transport": [],
    "traffic": [],
    "buildings": [],
    "landuse": [],
    "road_inner": [
        [
            5111,
            1.0,
            1,
            207.24533333333335
        ],
        [
            5115,
            1.0,
            3,
            183.3955
        ]
    ],
    "road_connect": {
        "4060": {
            "1": 2
        },
        "4179": {
            "1": 2,
            "3": 1
        }
    },
    "population": [
        425.8206443786621
    ],
    "transport_embedding": [
        -0.20540736615657806,
        -0.6728395223617554,
        0.6375000476837158,
        -0.7069324254989624,
        0.42578253149986267,
        0.20623061060905457,
        -0.08853202313184738,
        1.1400541067123413,
        -0.4539742171764374,
        -0.31341075897216797
    ],
    "roadnet_embedding": [
        1.1162052154541016,
        -0.44298651814460754,
        0.0832095518708229,
        0.5897277593612671,
        -2.751375675201416,
        -0.10126394778490067,
        -0.03397887945175171,
        -0.13037997484207153,
        -0.07785604894161224,
        0.30143606662750244
    ],
    "function_embedding": [
        -0.5820343494415283,
        -0.3332636058330536,
        -0.06276919692754745,
        0.07787984609603882,
        -1.4323188066482544,
        -0.028801893815398216,
        -0.044572360813617706,
        -0.0574532225728035,
        -0.10924600064754486,
        0.26689988374710083
    ],
    "city_embedding": [
        -0.985084593296051,
        0.0004709630738943815,
        0.6128528714179993,
        1.3211960792541504,
        -0.6016460061073303,
        1.2147881984710693,
        0.23073725402355194,
        2.839463949203491,
        2.3621482849121094,
        3.4325201511383057
    ],
    "degree_embedding": [
        -0.992999255657196,
        -0.0919869914650917,
        0.7843568325042725,
        0.2692701518535614,
        1.1468425989151,
        0.3418191373348236,
        -0.5088701844215393,
        -0.8511990904808044,
        0.4233991503715515,
        -2.0407145023345947
    ]
}