{
    "id": 4215,
    "range": [
        121.206804,
        31.732716,
        121.216804,
        31.722716
    ],
    "image_path": "CitySatellite\\Shanghai\\4215.jpg",
    "poi": [],
    "places": [],
    "transport": [],
    "traffic": [],
    "buildings": [],
    "landuse": [
        [
            7210,
            1,
            4,
            3.1407719166666666
        ]
    ],
    "road_inner": [],
    "road_connect": {},
    "population": [
        8.677190068042789
    ],
    "transport_embedding": [
        -0.25396013259887695,
        -0.6105072498321533,
        0.7963305711746216,
        -0.710776150226593,
        0.43711528182029724,
        -0.1899324357509613,
        -0.13200724124908447,
        1.262923240661621,
        -0.7716287970542908,
        -0.292672723531723
    ],
    "roadnet_embedding": [
        1.0736867189407349,
        -0.4212280809879303,
        0.06032461300492287,
        0.5202815532684326,
        -2.994950771331787,
        0.052258823066949844,
        0.04286684840917587,
        -0.1382991224527359,
        -0.047924309968948364,
        0.3734274208545685
    ],
    "function_embedding": [
        1.1641699075698853,
        -3.3122591972351074,
        -1.1465718746185303,
        1.3185977935791016,
        0.40421655774116516,
        0.8555794358253479,
        -0.44043973088264465,
        2.8993067741394043,
        -0.7724903225898743,
        5.651540279388428
    ],
    "city_embedding": [
        -0.9837511777877808,
        0.003556089708581567,
        0.6683460474014282,
        1.3794348239898682,
        -0.5936239957809448,
        1.255165457725525,
        0.16601933538913727,
        2.777822732925415,
        2.3919363021850586,
        3.544800043106079
    ],
    "degree_embedding": [
        -0.9859232902526855,
        -0.14980502426624298,
        1.1363672018051147,
        1.3890211582183838,
        1.9668338298797607,
        -0.10017327964305878,
        -0.9014211297035217,
        -0.5218036770820618,
        0.12516868114471436,
        0.34269973635673523
    ]
}