{
    "id": 4216,
    "range": [
        121.206804,
        31.722716,
        121.216804,
        31.712716
    ],
    "image_path": "CitySatellite\\Shanghai\\4216.jpg",
    "poi": [],
    "places": [],
    "transport": [],
    "traffic": [],
    "buildings": [],
    "landuse": [],
    "road_inner": [],
    "road_connect": {},
    "population": [
        0.0
    ],
    "transport_embedding": [
        -0.17433075606822968,
        -0.7888771891593933,
        0.6505173444747925,
        -0.5202407240867615,
        0.1560022383928299,
        -0.0009573237039148808,
        -0.17047636210918427,
        0.2903827726840973,
        0.7176312208175659,
        -0.08397965133190155
    ],
    "roadnet_embedding": [
        1.0646955966949463,
        -0.43987786769866943,
        0.04656974971294403,
        0.6564763784408569,
        -3.004054069519043,
        0.004562507849186659,
        0.07618915289640427,
        -0.1808556616306305,
        -0.07925737649202347,
        0.25991156697273254
    ],
    "function_embedding": [
        -0.6002146601676941,
        -0.28651121258735657,
        -0.06642604619264603,
        0.02031492441892624,
        -1.4392321109771729,
        -0.08254991471767426,
        0.006142257247120142,
        -0.13236406445503235,
        -0.17986899614334106,
        0.2751254439353943
    ],
    "city_embedding": [
        -0.983723521232605,
        0.0036167511716485023,
        0.6694934964179993,
        1.3806318044662476,
        -0.5934169292449951,
        1.2560120820999146,
        0.1646505445241928,
        2.77662992477417,
        2.3926258087158203,
        3.5471549034118652
    ],
    "degree_embedding": [
        -0.9859232902526855,
        -0.14980502426624298,
        1.1363672018051147,
        1.3890211582183838,
        1.9668338298797607,
        -0.10017327964305878,
        -0.9014211297035217,
        -0.5218036770820618,
        0.12516868114471436,
        0.34269973635673523
    ]
}