{
    "id": 4217,
    "range": [
        121.206804,
        31.712716,
        121.216804,
        31.702716
    ],
    "image_path": "CitySatellite\\Shanghai\\4217.jpg",
    "poi": [],
    "places": [],
    "transport": [],
    "traffic": [],
    "buildings": [],
    "landuse": [],
    "road_inner": [],
    "road_connect": {},
    "population": [
        0.0
    ],
    "transport_embedding": [
        -0.09012123942375183,
        -0.8469183444976807,
        0.3814017176628113,
        -0.5365833044052124,
        0.29073649644851685,
        2.021444320678711,
        0.20533816516399384,
        -0.07133983075618744,
        1.0805253982543945,
        -0.19309374690055847
    ],
    "roadnet_embedding": [
        1.0780240297317505,
        -0.4320351481437683,
        0.07133020460605621,
        0.5002050995826721,
        -2.7442498207092285,
        -0.22630959749221802,
        -0.03142208233475685,
        0.05260889604687691,
        -0.057561103254556656,
        0.22182299196720123
    ],
    "function_embedding": [
        -0.601300835609436,
        -0.2738640010356903,
        -0.08344077318906784,
        0.12138033658266068,
        -1.5256216526031494,
        -0.06467528641223907,
        -0.014453783631324768,
        -0.10996567457914352,
        -0.08887364715337753,
        0.34696486592292786
    ],
    "city_embedding": [
        -0.983723521232605,
        0.0036167511716485023,
        0.6694934964179993,
        1.3806318044662476,
        -0.5934169292449951,
        1.2560120820999146,
        0.1646505445241928,
        2.77662992477417,
        2.3926258087158203,
        3.5471549034118652
    ],
    "degree_embedding": [
        -0.9859232902526855,
        -0.14980502426624298,
        1.1363672018051147,
        1.3890211582183838,
        1.9668338298797607,
        -0.10017327964305878,
        -0.9014211297035217,
        -0.5218036770820618,
        0.12516868114471436,
        0.34269973635673523
    ]
}