{
    "id": 4284,
    "range": [
        121.206804,
        31.042716,
        121.216804,
        31.032716
    ],
    "image_path": "CitySatellite\\Shanghai\\4284.jpg",
    "poi": [
        [
            2501,
            2,
            6
        ],
        [
            2401,
            1,
            5
        ],
        [
            2901,
            4,
            0
        ],
        [
            2601,
            12,
            0
        ],
        [
            2511,
            2,
            6
        ],
        [
            2302,
            3,
            4
        ],
        [
            2303,
            4,
            4
        ],
        [
            2301,
            7,
            4
        ],
        [
            2502,
            1,
            6
        ],
        [
            2203,
            2,
            3
        ]
    ],
    "places": [],
    "transport": [
        [
            5601,
            2,
            2
        ]
    ],
    "traffic": [
        [
            5201,
            5,
            3
        ],
        [
            5207,
            1,
            0
        ],
        [
            5263,
            2,
            0
        ],
        [
            5204,
            14,
            1
        ]
    ],
    "buildings": [
        119,
        102128.28500000002
    ],
    "landuse": [
        [
            7209,
            3,
            2,
            0.5511815
        ],
        [
            7202,
            1,
            0,
            2.1609463333333334
        ],
        [
            7203,
            9,
            1,
            4.25748875
        ],
        [
            7201,
            1,
            4,
            0.021699
        ]
    ],
    "road_inner": [
        [
            5122,
            8,
            4,
            3864.524
        ],
        [
            5153,
            45,
            5,
            5159.706000000001
        ],
        [
            5141,
            16,
            5,
            3442.2708333333335
        ],
        [
            5121,
            1.0,
            4,
            971.4623333333333
        ],
        [
            5115,
            1.0,
            3,
            1201.4173333333333
        ],
        [
            5114,
            1.0,
            2,
            1874.9721666666667
        ]
    ],
    "road_connect": {
        "4164": {
            "4": 4,
            "5": 13,
            "3": 1,
            "2": 2
        },
        "4404": {
            "4": 2,
            "3": 1,
            "2": 3,
            "5": 2
        },
        "4283": {
            "5": 1,
            "3": 1,
            "2": 1,
            "4": 4
        },
        "4285": {
            "3": 1,
            "2": 1
        }
    },
    "population": [
        11828.49800491333
    ],
    "transport_embedding": [
        -2.4771320819854736,
        0.46331587433815,
        -1.4010908603668213,
        -0.2973959445953369,
        1.1871213912963867,
        -0.02446897141635418,
        0.483678936958313,
        -0.4030125141143799,
        0.22442245483398438,
        -3.9965498447418213
    ],
    "roadnet_embedding": [
        0.6970056295394897,
        -1.0185167789459229,
        -1.4073127508163452,
        0.8077661395072937,
        0.4082867503166199,
        1.436464548110962,
        -0.4237273335456848,
        3.5156445503234863,
        1.2385865449905396,
        0.4543517231941223
    ],
    "function_embedding": [
        -1.7399563789367676,
        0.11942732334136963,
        -2.5309641361236572,
        2.2504827976226807,
        0.8135881423950195,
        0.3929467499256134,
        -0.6119346618652344,
        0.20728468894958496,
        -0.9353275895118713,
        -1.599835753440857
    ],
    "city_embedding": [
        -1.0205589532852173,
        0.26817619800567627,
        -0.7727950215339661,
        2.8472883701324463,
        -0.4837159812450409,
        -0.08644233644008636,
        0.8098472952842712,
        2.7194223403930664,
        2.0849990844726562,
        3.29813551902771
    ],
    "degree_embedding": [
        -0.9925282597541809,
        -0.5506386756896973,
        1.0597326755523682,
        0.27848342061042786,
        -1.5058679580688477,
        -0.607843279838562,
        -1.3431671857833862,
        -1.1080046892166138,
        0.6462260484695435,
        0.874530553817749
    ]
}