{
    "id": 4288,
    "range": [
        121.206804,
        31.002716,
        121.216804,
        30.99271599999999
    ],
    "image_path": "CitySatellite\\Shanghai\\4288.jpg",
    "poi": [],
    "places": [],
    "transport": [],
    "traffic": [],
    "buildings": [
        1,
        7509.6495
    ],
    "landuse": [],
    "road_inner": [
        [
            5122,
            1,
            4,
            2521.2413333333334
        ],
        [
            5115,
            1.0,
            3,
            633.4606666666667
        ]
    ],
    "road_connect": {
        "4168": {
            "3": 1,
            "4": 3
        },
        "4408": {
            "3": 1,
            "4": 1
        }
    },
    "population": [
        10199.18166351318
    ],
    "transport_embedding": [
        -0.2367250770330429,
        -0.5548632740974426,
        0.6845904588699341,
        -0.9016652703285217,
        0.9233200550079346,
        0.6553130745887756,
        -0.5437491536140442,
        0.9393150806427002,
        -1.5847797393798828,
        -0.3674112558364868
    ],
    "roadnet_embedding": [
        0.406218022108078,
        -1.019822359085083,
        0.4052905738353729,
        -1.6476664543151855,
        0.2970278561115265,
        -0.5085471272468567,
        0.017155742272734642,
        0.3176240026950836,
        -0.016270684078335762,
        0.30544865131378174
    ],
    "function_embedding": [
        -0.6032628417015076,
        -0.3063184916973114,
        -0.06414805352687836,
        0.06828183680772781,
        -1.4226627349853516,
        -0.0841917097568512,
        -0.030649475753307343,
        -0.047430410981178284,
        -0.07278259843587875,
        0.2476453185081482
    ],
    "city_embedding": [
        -1.0150055885314941,
        -0.006671794690191746,
        -0.6154900789260864,
        0.32278236746788025,
        -0.6404547095298767,
        0.4155091345310211,
        1.6177345514297485,
        3.7036375999450684,
        2.4314777851104736,
        1.9220927953720093
    ],
    "degree_embedding": [
        -0.9809726476669312,
        -0.5757767558097839,
        -0.6735342144966125,
        0.3429500162601471,
        0.8735989332199097,
        0.17161738872528076,
        -0.21442995965480804,
        -1.1231597661972046,
        1.2517402172088623,
        -1.958130121231079
    ]
}