{
    "id": 4308,
    "range": [
        121.206804,
        30.802716,
        121.216804,
        30.792716
    ],
    "image_path": "CitySatellite\\Shanghai\\4308.jpg",
    "poi": [],
    "places": [],
    "transport": [],
    "traffic": [],
    "buildings": [],
    "landuse": [],
    "road_inner": [
        [
            5115,
            1,
            3,
            678.525
        ],
        [
            5121,
            1.0,
            4,
            464.9936666666667
        ],
        [
            5114,
            1.0,
            2,
            976.5393333333334
        ]
    ],
    "road_connect": {
        "4068": {
            "4": 1,
            "2": 2
        },
        "4188": {
            "4": 1,
            "2": 2
        }
    },
    "population": [
        235.0089406967163
    ],
    "transport_embedding": [
        -0.2279132753610611,
        -0.7190170288085938,
        0.6784369945526123,
        -0.60270094871521,
        0.9539757966995239,
        0.2761617600917816,
        -0.9333544373512268,
        0.3431742787361145,
        -0.3796885311603546,
        -0.208652064204216
    ],
    "roadnet_embedding": [
        0.24382828176021576,
        -0.8750535845756531,
        0.33067604899406433,
        0.42264121770858765,
        0.4256407916545868,
        -1.5811320543289185,
        0.441323846578598,
        0.23768816888332367,
        -0.5573051571846008,
        -0.09929006546735764
    ],
    "function_embedding": [
        -0.6048716902732849,
        -0.29373663663864136,
        -0.06241678446531296,
        0.09265722334384918,
        -1.4883190393447876,
        -0.07179979234933853,
        -0.021047718822956085,
        -0.07586025446653366,
        -0.10342739522457123,
        0.3059357702732086
    ],
    "city_embedding": [
        -0.9844741225242615,
        0.0019108036067336798,
        0.6382555961608887,
        1.347915530204773,
        -0.5981147885322571,
        1.2332572937011719,
        0.20115259289741516,
        2.8111913204193115,
        2.375375986099243,
        3.4838504791259766
    ],
    "degree_embedding": [
        -0.9779813289642334,
        -0.7311984896659851,
        -0.20537754893302917,
        0.19498424232006073,
        0.8072702884674072,
        0.4794592559337616,
        0.2702614367008209,
        -1.319409728050232,
        0.14109496772289276,
        -1.4503579139709473
    ]
}