{
    "id": 4336,
    "range": [
        121.216804,
        31.722716,
        121.226804,
        31.712716
    ],
    "image_path": "CitySatellite\\Shanghai\\4336.jpg",
    "poi": [],
    "places": [],
    "transport": [],
    "traffic": [],
    "buildings": [],
    "landuse": [],
    "road_inner": [],
    "road_connect": {},
    "population": [
        0.0
    ],
    "transport_embedding": [
        -0.15812517702579498,
        -0.7546661496162415,
        0.5055229067802429,
        -0.5947208404541016,
        0.5627329349517822,
        1.5790165662765503,
        -0.2719002962112427,
        -0.006890237797051668,
        0.5508366823196411,
        -0.2908580005168915
    ],
    "roadnet_embedding": [
        1.10085928440094,
        -0.4373633563518524,
        0.07777612656354904,
        0.5913578867912292,
        -2.868933916091919,
        0.04816153272986412,
        -0.005131738260388374,
        -0.2502945065498352,
        -0.044271308928728104,
        0.38900649547576904
    ],
    "function_embedding": [
        -0.6030508279800415,
        -0.31741806864738464,
        -0.05966110900044441,
        0.06337109953165054,
        -1.435281753540039,
        -0.035520583391189575,
        -0.08705144375562668,
        -0.03802723065018654,
        -0.09670162200927734,
        0.2201031595468521
    ],
    "city_embedding": [
        -0.983723521232605,
        0.0036167511716485023,
        0.6694934964179993,
        1.3806318044662476,
        -0.5934169292449951,
        1.2560120820999146,
        0.1646505445241928,
        2.77662992477417,
        2.3926258087158203,
        3.5471549034118652
    ],
    "degree_embedding": [
        -0.9859232902526855,
        -0.14980502426624298,
        1.1363672018051147,
        1.3890211582183838,
        1.9668338298797607,
        -0.10017327964305878,
        -0.9014211297035217,
        -0.5218036770820618,
        0.12516868114471436,
        0.34269973635673523
    ]
}