{
    "id": 4337,
    "range": [
        121.216804,
        31.712716,
        121.226804,
        31.702716
    ],
    "image_path": "CitySatellite\\Shanghai\\4337.jpg",
    "poi": [],
    "places": [],
    "transport": [],
    "traffic": [],
    "buildings": [],
    "landuse": [],
    "road_inner": [],
    "road_connect": {},
    "population": [
        0.0
    ],
    "transport_embedding": [
        -0.22076982259750366,
        -0.7316890358924866,
        0.7278040051460266,
        -0.5501751899719238,
        0.6443886756896973,
        -0.02033408358693123,
        -0.9660655856132507,
        -0.05193691328167915,
        0.4002504050731659,
        -0.07560394704341888
    ],
    "roadnet_embedding": [
        1.075819492340088,
        -0.42246347665786743,
        0.0824568048119545,
        0.5783125758171082,
        -2.9368369579315186,
        -0.04102722927927971,
        0.006184850353747606,
        -0.07468026131391525,
        -0.07208400219678879,
        0.3318145275115967
    ],
    "function_embedding": [
        -0.597459077835083,
        -0.3126654326915741,
        -0.04335557296872139,
        0.05800647661089897,
        -1.4207714796066284,
        -0.06931847333908081,
        -0.02295895665884018,
        -0.05610918253660202,
        -0.1753212958574295,
        0.22427144646644592
    ],
    "city_embedding": [
        -0.983723521232605,
        0.0036167511716485023,
        0.6694934964179993,
        1.3806318044662476,
        -0.5934169292449951,
        1.2560120820999146,
        0.1646505445241928,
        2.77662992477417,
        2.3926258087158203,
        3.5471549034118652
    ],
    "degree_embedding": [
        -0.9859232902526855,
        -0.14980502426624298,
        1.1363672018051147,
        1.3890211582183838,
        1.9668338298797607,
        -0.10017327964305878,
        -0.9014211297035217,
        -0.5218036770820618,
        0.12516868114471436,
        0.34269973635673523
    ]
}