{
    "id": 4338,
    "range": [
        121.216804,
        31.702716,
        121.226804,
        31.692716
    ],
    "image_path": "CitySatellite\\Shanghai\\4338.jpg",
    "poi": [],
    "places": [],
    "transport": [],
    "traffic": [],
    "buildings": [],
    "landuse": [],
    "road_inner": [],
    "road_connect": {},
    "population": [
        0.0
    ],
    "transport_embedding": [
        -0.09783012419939041,
        -0.865870475769043,
        0.40551361441612244,
        -0.5051095485687256,
        0.38286834955215454,
        1.797641396522522,
        -0.11898335069417953,
        -0.46956393122673035,
        1.1937408447265625,
        -0.10660184919834137
    ],
    "roadnet_embedding": [
        1.077216386795044,
        -0.42455726861953735,
        0.0928843766450882,
        0.5850303769111633,
        -2.938519239425659,
        0.03910383582115173,
        0.017258593812584877,
        -0.16745416820049286,
        -0.06575443595647812,
        0.3903822898864746
    ],
    "function_embedding": [
        -0.5762488842010498,
        -0.32044097781181335,
        -0.06588359922170639,
        0.04938478395342827,
        -1.4357237815856934,
        -0.03788768872618675,
        -0.05581003054976463,
        -0.07777821272611618,
        -0.07555415481328964,
        0.18085864186286926
    ],
    "city_embedding": [
        -0.983723521232605,
        0.0036167511716485023,
        0.6694934964179993,
        1.3806318044662476,
        -0.5934169292449951,
        1.2560120820999146,
        0.1646505445241928,
        2.77662992477417,
        2.3926258087158203,
        3.5471549034118652
    ],
    "degree_embedding": [
        -0.9859232902526855,
        -0.14980502426624298,
        1.1363672018051147,
        1.3890211582183838,
        1.9668338298797607,
        -0.10017327964305878,
        -0.9014211297035217,
        -0.5218036770820618,
        0.12516868114471436,
        0.34269973635673523
    ]
}