{
    "id": 435,
    "range": [
        120.886804,
        31.13271600000001,
        120.896804,
        31.122716
    ],
    "image_path": "CitySatellite\\Shanghai\\435.jpg",
    "poi": [],
    "places": [],
    "transport": [],
    "traffic": [],
    "buildings": [],
    "landuse": [
        [
            7203,
            3,
            1,
            0.656949
        ]
    ],
    "road_inner": [
        [
            5121,
            11,
            4,
            2602.054
        ],
        [
            5115,
            1,
            3,
            622.7035
        ],
        [
            5122,
            10,
            4,
            1000.8080000000001
        ],
        [
            5141,
            1.0,
            5,
            159.0755
        ]
    ],
    "road_connect": {
        "555": {
            "5": 1,
            "4": 2
        },
        "436": {
            "3": 1
        }
    },
    "population": [
        175.5823640823364
    ],
    "transport_embedding": [
        -0.2518221139907837,
        -0.5486816763877869,
        0.6863133907318115,
        -0.9158645272254944,
        0.6881510615348816,
        -0.05268577113747597,
        -0.47336503863334656,
        1.6981356143951416,
        -1.7409921884536743,
        -0.46374082565307617
    ],
    "roadnet_embedding": [
        0.12765680253505707,
        -1.0670349597930908,
        0.7576890587806702,
        -1.5920768976211548,
        -0.05531829968094826,
        0.4356031119823456,
        -0.09345559775829315,
        0.024254372343420982,
        -0.024035988375544548,
        0.33148837089538574
    ],
    "function_embedding": [
        -0.7545329332351685,
        -0.5330791473388672,
        -0.3682960569858551,
        -1.9192811250686646,
        -0.034125085920095444,
        -0.4021449387073517,
        -0.3516145944595337,
        -0.377623587846756,
        -0.26286354660987854,
        0.4941559135913849
    ],
    "city_embedding": [
        -0.984284520149231,
        0.002332663396373391,
        0.6461467146873474,
        1.35618257522583,
        -0.596759557723999,
        1.2389894723892212,
        0.1919301450252533,
        2.8025190830230713,
        2.379727602005005,
        3.4999356269836426
    ],
    "degree_embedding": [
        -0.9798622727394104,
        -0.5586864352226257,
        -0.0462178960442543,
        0.6620542407035828,
        1.1782954931259155,
        0.30680301785469055,
        0.12790662050247192,
        -1.0157759189605713,
        1.0601149797439575,
        -1.9214876890182495
    ]
}