{
    "id": 4420,
    "range": [
        121.216804,
        30.88271600000001,
        121.226804,
        30.872716
    ],
    "image_path": "CitySatellite\\Shanghai\\4420.jpg",
    "poi": [],
    "places": [],
    "transport": [],
    "traffic": [],
    "buildings": [],
    "landuse": [],
    "road_inner": [
        [
            5122,
            1.0,
            4,
            478.42633333333333
        ]
    ],
    "road_connect": {
        "4300": {
            "4": 1
        },
        "4540": {
            "4": 1
        }
    },
    "population": [
        153.2509613037109
    ],
    "transport_embedding": [
        -0.1715027391910553,
        -0.841817319393158,
        0.6487745046615601,
        -0.3874492049217224,
        0.36916583776474,
        0.2973247766494751,
        -0.08984491974115372,
        0.04269735887646675,
        1.1050529479980469,
        -0.06443265080451965
    ],
    "roadnet_embedding": [
        0.9204703569412231,
        -0.6838834285736084,
        0.04870354011654854,
        -0.6245952248573303,
        -0.43402910232543945,
        -2.3112072944641113,
        -0.2423640638589859,
        1.0472949743270874,
        0.6468446850776672,
        -0.792320966720581
    ],
    "function_embedding": [
        -0.6191450357437134,
        -0.30756768584251404,
        -0.04405580833554268,
        0.04746470972895622,
        -1.4222477674484253,
        -0.06962241977453232,
        -0.02500431425869465,
        -0.07882078737020493,
        -0.13945885002613068,
        0.2500637471675873
    ],
    "city_embedding": [
        -0.9842131733894348,
        0.0024960904847830534,
        0.6491163372993469,
        1.3592907190322876,
        -0.5964767336845398,
        1.2411569356918335,
        0.188465878367424,
        2.7992031574249268,
        2.3813579082489014,
        3.5059800148010254
    ],
    "degree_embedding": [
        -0.9803432822227478,
        -0.4955008625984192,
        0.02320222556591034,
        0.8904775381088257,
        1.3509734869003296,
        0.22085069119930267,
        -0.2695158123970032,
        -1.039759874343872,
        0.8916219472885132,
        -1.264162540435791
    ]
}