{
    "id": 4428,
    "range": [
        121.216804,
        30.802716,
        121.226804,
        30.792716
    ],
    "image_path": "CitySatellite\\Shanghai\\4428.jpg",
    "poi": [],
    "places": [],
    "transport": [],
    "traffic": [],
    "buildings": [],
    "landuse": [],
    "road_inner": [],
    "road_connect": {},
    "population": [
        18.92294979095459
    ],
    "transport_embedding": [
        -0.28351616859436035,
        -0.4701266884803772,
        0.7753798961639404,
        -0.9958503842353821,
        0.6511620879173279,
        -0.30950087308883667,
        -1.1771554946899414,
        1.19947350025177,
        -1.544952392578125,
        -0.35659927129745483
    ],
    "roadnet_embedding": [
        1.113951325416565,
        -0.4326755702495575,
        0.03410928696393967,
        0.6265727877616882,
        -3.013608932495117,
        0.04905036836862564,
        0.016659535467624664,
        -0.18013423681259155,
        -0.03386353328824043,
        0.341843843460083
    ],
    "function_embedding": [
        -0.6333082914352417,
        -0.29061079025268555,
        -0.035333301872015,
        0.051844820380210876,
        -1.4451758861541748,
        -0.07773005217313766,
        -0.06711775809526443,
        -0.0858391672372818,
        -0.1654251515865326,
        0.27480384707450867
    ],
    "city_embedding": [
        -0.9837839603424072,
        0.003474080702289939,
        0.6669800877571106,
        1.3780066967010498,
        -0.5937089920043945,
        1.254180908203125,
        0.16760413348674774,
        2.779472589492798,
        2.3912246227264404,
        3.5421242713928223
    ],
    "degree_embedding": [
        -0.9859232902526855,
        -0.14980502426624298,
        1.1363672018051147,
        1.3890211582183838,
        1.9668338298797607,
        -0.10017327964305878,
        -0.9014211297035217,
        -0.5218036770820618,
        0.12516868114471436,
        0.34269973635673523
    ]
}