{
    "id": 4456,
    "range": [
        121.226804,
        31.722716,
        121.236804,
        31.712716
    ],
    "image_path": "CitySatellite\\Shanghai\\4456.jpg",
    "poi": [],
    "places": [],
    "transport": [],
    "traffic": [],
    "buildings": [],
    "landuse": [
        [
            7210,
            1,
            4,
            3.1407719166666666
        ]
    ],
    "road_inner": [
        [
            5153,
            1.0,
            5,
            554.3485
        ]
    ],
    "road_connect": {
        "4455": {
            "5": 1
        }
    },
    "population": [
        0.0
    ],
    "transport_embedding": [
        -0.2250993400812149,
        -0.6530821919441223,
        0.642677903175354,
        -0.7340447902679443,
        0.9812599420547485,
        0.9146385788917542,
        -0.6896564364433289,
        0.4808713495731354,
        -0.9628124237060547,
        -0.3694634437561035
    ],
    "roadnet_embedding": [
        1.2145612239837646,
        -0.6322201490402222,
        -0.08024200797080994,
        0.20825131237506866,
        -0.6514543294906616,
        -0.9556360840797424,
        0.1178053617477417,
        -0.1452680379152298,
        -0.36534297466278076,
        -1.167687177658081
    ],
    "function_embedding": [
        1.1794178485870361,
        -3.3334455490112305,
        -1.1346796751022339,
        1.3602007627487183,
        0.39971765875816345,
        0.8600313067436218,
        -0.42469730973243713,
        2.8513996601104736,
        -0.8053804039955139,
        5.717803478240967
    ],
    "city_embedding": [
        -0.983723521232605,
        0.0036167511716485023,
        0.6694934964179993,
        1.3806318044662476,
        -0.5934169292449951,
        1.2560120820999146,
        0.1646505445241928,
        2.77662992477417,
        2.3926258087158203,
        3.5471549034118652
    ],
    "degree_embedding": [
        -0.9837243556976318,
        -0.280023455619812,
        1.1482605934143066,
        1.295678973197937,
        1.7516933679580688,
        -0.024124333634972572,
        -0.6183432340621948,
        -0.5882564187049866,
        0.31030943989753723,
        -0.11135394126176834
    ]
}