{
    "id": 4458,
    "range": [
        121.226804,
        31.702716,
        121.236804,
        31.692716
    ],
    "image_path": "CitySatellite\\Shanghai\\4458.jpg",
    "poi": [],
    "places": [],
    "transport": [],
    "traffic": [],
    "buildings": [],
    "landuse": [],
    "road_inner": [],
    "road_connect": {},
    "population": [
        0.0
    ],
    "transport_embedding": [
        -0.047964826226234436,
        -0.9383811950683594,
        0.3679221570491791,
        -0.5018020272254944,
        -0.09511148184537888,
        1.0392547845840454,
        0.340134859085083,
        0.2096756547689438,
        1.1022409200668335,
        -0.13191203773021698
    ],
    "roadnet_embedding": [
        1.0911341905593872,
        -0.44642239809036255,
        0.0771072581410408,
        0.6246632933616638,
        -2.7814981937408447,
        -0.06978345662355423,
        -0.02244279906153679,
        -0.15097256004810333,
        -0.0369461290538311,
        0.3378654718399048
    ],
    "function_embedding": [
        -0.5827925801277161,
        -0.2971523106098175,
        -0.08510621637105942,
        0.03539597988128662,
        -1.452210545539856,
        -0.061046045273542404,
        0.03011961095035076,
        -0.13462470471858978,
        -0.15009884536266327,
        0.29759231209754944
    ],
    "city_embedding": [
        -0.983723521232605,
        0.0036167511716485023,
        0.6694934964179993,
        1.3806318044662476,
        -0.5934169292449951,
        1.2560120820999146,
        0.1646505445241928,
        2.77662992477417,
        2.3926258087158203,
        3.5471549034118652
    ],
    "degree_embedding": [
        -0.9859232902526855,
        -0.14980502426624298,
        1.1363672018051147,
        1.3890211582183838,
        1.9668338298797607,
        -0.10017327964305878,
        -0.9014211297035217,
        -0.5218036770820618,
        0.12516868114471436,
        0.34269973635673523
    ]
}