{
    "id": 4459,
    "range": [
        121.226804,
        31.692716,
        121.236804,
        31.682716
    ],
    "image_path": "CitySatellite\\Shanghai\\4459.jpg",
    "poi": [],
    "places": [],
    "transport": [],
    "traffic": [],
    "buildings": [],
    "landuse": [],
    "road_inner": [],
    "road_connect": {},
    "population": [
        0.0
    ],
    "transport_embedding": [
        -0.2913609743118286,
        -0.5957072973251343,
        0.6104317903518677,
        -0.8450363278388977,
        0.5830123424530029,
        -1.2540953159332275,
        -1.073561668395996,
        1.333951711654663,
        -0.9250802993774414,
        -0.3323989808559418
    ],
    "roadnet_embedding": [
        1.1193982362747192,
        -0.42459607124328613,
        0.019039424136281013,
        0.43475422263145447,
        -2.802448034286499,
        -0.22085632383823395,
        -0.05064304545521736,
        0.08324621617794037,
        0.0012829967308789492,
        0.17651060223579407
    ],
    "function_embedding": [
        -0.5848031044006348,
        -0.3313933312892914,
        -0.06349712610244751,
        -0.03168335556983948,
        -1.351277232170105,
        -0.04685605689883232,
        -0.02503976970911026,
        -0.053905051201581955,
        -0.15579134225845337,
        0.2030080407857895
    ],
    "city_embedding": [
        -0.983723521232605,
        0.0036167511716485023,
        0.6694934964179993,
        1.3806318044662476,
        -0.5934169292449951,
        1.2560120820999146,
        0.1646505445241928,
        2.77662992477417,
        2.3926258087158203,
        3.5471549034118652
    ],
    "degree_embedding": [
        -0.9859232902526855,
        -0.14980502426624298,
        1.1363672018051147,
        1.3890211582183838,
        1.9668338298797607,
        -0.10017327964305878,
        -0.9014211297035217,
        -0.5218036770820618,
        0.12516868114471436,
        0.34269973635673523
    ]
}