{
    "id": 4550,
    "range": [
        121.226804,
        30.782716,
        121.236804,
        30.772716
    ],
    "image_path": "CitySatellite\\Shanghai\\4550.jpg",
    "poi": [],
    "places": [],
    "transport": [
        [
            5621,
            14,
            1
        ]
    ],
    "traffic": [],
    "buildings": [],
    "landuse": [],
    "road_inner": [
        [
            5122,
            7,
            4,
            2679.595
        ]
    ],
    "road_connect": {
        "4670": {
            "4": 2
        },
        "4549": {
            "4": 1
        }
    },
    "population": [
        501.9381713867188
    ],
    "transport_embedding": [
        -2.3468008041381836,
        0.29481813311576843,
        -1.2291791439056396,
        -0.14218449592590332,
        0.6585419178009033,
        0.3261699676513672,
        0.01900482177734375,
        0.20725488662719727,
        0.047855377197265625,
        2.1228723526000977
    ],
    "roadnet_embedding": [
        0.38965749740600586,
        -1.0256534814834595,
        0.3747735917568207,
        -1.856870412826538,
        0.18753302097320557,
        -0.476360559463501,
        0.06641775369644165,
        0.4498136639595032,
        0.14809457957744598,
        0.15266115963459015
    ],
    "function_embedding": [
        -0.6121861338615417,
        -0.3041294813156128,
        -0.10911533236503601,
        0.01399170607328415,
        -1.3979419469833374,
        -0.07863099873065948,
        -0.028902137652039528,
        -0.05669016018509865,
        0.024378983303904533,
        0.2761639952659607
    ],
    "city_embedding": [
        -0.985328733921051,
        -0.0001340926974080503,
        0.6026834845542908,
        1.3104749917984009,
        -0.6029363870620728,
        1.20746910572052,
        0.24254287779331207,
        2.850883722305298,
        2.357118844985962,
        3.412001132965088
    ],
    "degree_embedding": [
        -0.978349506855011,
        -0.6245107054710388,
        -0.42773690819740295,
        0.7055791020393372,
        1.0935068130493164,
        0.2870301902294159,
        -0.16148746013641357,
        -1.2399414777755737,
        1.1425660848617554,
        -1.7059062719345093
    ]
}