{
    "id": 4565,
    "range": [
        121.236804,
        31.832716,
        121.246804,
        31.822716
    ],
    "image_path": "CitySatellite\\Shanghai\\4565.jpg",
    "poi": [],
    "places": [],
    "transport": [],
    "traffic": [],
    "buildings": [],
    "landuse": [
        [
            7229,
            1,
            5,
            4.580156428571429
        ]
    ],
    "road_inner": [],
    "road_connect": {},
    "population": [
        14.35911798477173
    ],
    "transport_embedding": [
        -0.07818863540887833,
        -0.7488986849784851,
        0.3567711114883423,
        -0.7980253100395203,
        -0.47710663080215454,
        0.6446890830993652,
        0.8297733664512634,
        1.3394813537597656,
        0.5079137086868286,
        -0.2830969989299774
    ],
    "roadnet_embedding": [
        1.0469589233398438,
        -0.43145322799682617,
        0.09136839210987091,
        0.6272355318069458,
        -2.9955666065216064,
        0.01255632285028696,
        0.05912965163588524,
        -0.11414170265197754,
        -0.07687794417142868,
        0.3866450786590576
    ],
    "function_embedding": [
        -1.1390141248703003,
        -0.5939805507659912,
        1.5417506694793701,
        0.646071195602417,
        0.5796429514884949,
        -2.05387282371521,
        -0.04036024585366249,
        1.0421693325042725,
        -0.27153846621513367,
        -0.07543887197971344
    ],
    "city_embedding": [
        -0.9837692379951477,
        0.003513533156365156,
        0.6675925254821777,
        1.3786473274230957,
        -0.5936054587364197,
        1.2546075582504272,
        0.16689695417881012,
        2.7786991596221924,
        2.3914947509765625,
        3.543485641479492
    ],
    "degree_embedding": [
        -0.9859232902526855,
        -0.14980502426624298,
        1.1363672018051147,
        1.3890211582183838,
        1.9668338298797607,
        -0.10017327964305878,
        -0.9014211297035217,
        -0.5218036770820618,
        0.12516868114471436,
        0.34269973635673523
    ]
}