{
    "id": 4578,
    "range": [
        121.236804,
        31.702716,
        121.246804,
        31.692716
    ],
    "image_path": "CitySatellite\\Shanghai\\4578.jpg",
    "poi": [],
    "places": [],
    "transport": [],
    "traffic": [],
    "buildings": [],
    "landuse": [],
    "road_inner": [],
    "road_connect": {},
    "population": [
        0.0
    ],
    "transport_embedding": [
        -0.08061161637306213,
        -0.8380553126335144,
        0.38403740525245667,
        -0.6198422312736511,
        -0.3195142447948456,
        0.4371422231197357,
        0.8667274713516235,
        1.450505256652832,
        0.7049184441566467,
        -0.31676986813545227
    ],
    "roadnet_embedding": [
        1.0451056957244873,
        -0.4317167103290558,
        0.05443785339593887,
        0.4947148859500885,
        -2.7166991233825684,
        -0.18216153979301453,
        -0.013652966357767582,
        -0.03888172656297684,
        0.06942101567983627,
        0.19538339972496033
    ],
    "function_embedding": [
        -0.5920649170875549,
        -0.3177821934223175,
        -0.036481600254774094,
        0.051655273884534836,
        -1.4094377756118774,
        -0.059787340462207794,
        -0.005780241452157497,
        -0.06278704851865768,
        -0.1641532927751541,
        0.18079718947410583
    ],
    "city_embedding": [
        -0.983723521232605,
        0.0036167511716485023,
        0.6694934964179993,
        1.3806318044662476,
        -0.5934169292449951,
        1.2560120820999146,
        0.1646505445241928,
        2.77662992477417,
        2.3926258087158203,
        3.5471549034118652
    ],
    "degree_embedding": [
        -0.9859232902526855,
        -0.14980502426624298,
        1.1363672018051147,
        1.3890211582183838,
        1.9668338298797607,
        -0.10017327964305878,
        -0.9014211297035217,
        -0.5218036770820618,
        0.12516868114471436,
        0.34269973635673523
    ]
}