{
    "id": 4579,
    "range": [
        121.236804,
        31.692716,
        121.246804,
        31.682716
    ],
    "image_path": "CitySatellite\\Shanghai\\4579.jpg",
    "poi": [],
    "places": [],
    "transport": [],
    "traffic": [],
    "buildings": [],
    "landuse": [],
    "road_inner": [],
    "road_connect": {},
    "population": [
        0.0
    ],
    "transport_embedding": [
        -0.27293524146080017,
        -0.7364183068275452,
        0.6100512146949768,
        -0.5857274532318115,
        0.6027727723121643,
        -1.6972931623458862,
        -0.6324390769004822,
        0.8590754270553589,
        0.029850246384739876,
        -0.1423681527376175
    ],
    "roadnet_embedding": [
        1.13388192653656,
        -0.4384289085865021,
        0.008477131836116314,
        0.6147875189781189,
        -2.9555504322052,
        -0.0750761479139328,
        -0.003528503468260169,
        -0.09930851310491562,
        -0.04353674128651619,
        0.2007768601179123
    ],
    "function_embedding": [
        -0.5922945737838745,
        -0.3045496642589569,
        -0.0689598098397255,
        0.04105904698371887,
        -1.4471756219863892,
        -0.04776353761553764,
        -0.0834602490067482,
        -0.032366394996643066,
        -0.0528872013092041,
        0.19984249770641327
    ],
    "city_embedding": [
        -0.983723521232605,
        0.0036167511716485023,
        0.6694934964179993,
        1.3806318044662476,
        -0.5934169292449951,
        1.2560120820999146,
        0.1646505445241928,
        2.77662992477417,
        2.3926258087158203,
        3.5471549034118652
    ],
    "degree_embedding": [
        -0.9859232902526855,
        -0.14980502426624298,
        1.1363672018051147,
        1.3890211582183838,
        1.9668338298797607,
        -0.10017327964305878,
        -0.9014211297035217,
        -0.5218036770820618,
        0.12516868114471436,
        0.34269973635673523
    ]
}