{
    "id": 4580,
    "range": [
        121.236804,
        31.682716,
        121.246804,
        31.672716
    ],
    "image_path": "CitySatellite\\Shanghai\\4580.jpg",
    "poi": [],
    "places": [],
    "transport": [],
    "traffic": [],
    "buildings": [],
    "landuse": [],
    "road_inner": [],
    "road_connect": {},
    "population": [
        0.0
    ],
    "transport_embedding": [
        -0.16933944821357727,
        -0.599498450756073,
        0.5579879879951477,
        -0.9056315422058105,
        -0.07294797897338867,
        -0.0002691192494239658,
        0.372753769159317,
        1.651638150215149,
        -0.4032064974308014,
        -0.3343466818332672
    ],
    "roadnet_embedding": [
        0.9974762201309204,
        -0.43160104751586914,
        0.07558596134185791,
        0.604945957660675,
        -2.946040153503418,
        -0.0896775871515274,
        0.08417528867721558,
        -0.052509766072034836,
        -0.04831203445792198,
        0.27251380681991577
    ],
    "function_embedding": [
        -0.599463939666748,
        -0.29074376821517944,
        -0.0572219118475914,
        0.08632348477840424,
        -1.4800758361816406,
        -0.07963833212852478,
        -0.060606081038713455,
        -0.08115948736667633,
        -0.09383480250835419,
        0.23217731714248657
    ],
    "city_embedding": [
        -0.983723521232605,
        0.0036167511716485023,
        0.6694934964179993,
        1.3806318044662476,
        -0.5934169292449951,
        1.2560120820999146,
        0.1646505445241928,
        2.77662992477417,
        2.3926258087158203,
        3.5471549034118652
    ],
    "degree_embedding": [
        -0.9859232902526855,
        -0.14980502426624298,
        1.1363672018051147,
        1.3890211582183838,
        1.9668338298797607,
        -0.10017327964305878,
        -0.9014211297035217,
        -0.5218036770820618,
        0.12516868114471436,
        0.34269973635673523
    ]
}