{
    "id": 4655,
    "range": [
        121.236804,
        30.932716,
        121.246804,
        30.922716
    ],
    "image_path": "CitySatellite\\Shanghai\\4655.jpg",
    "poi": [],
    "places": [],
    "transport": [],
    "traffic": [],
    "buildings": [],
    "landuse": [],
    "road_inner": [],
    "road_connect": {},
    "population": [
        64.68592739105225
    ],
    "transport_embedding": [
        -0.1740526258945465,
        -0.675014078617096,
        0.5353155732154846,
        -0.736952543258667,
        0.3711899518966675,
        1.1332955360412598,
        0.0034756255336105824,
        0.6968634724617004,
        -0.0964004322886467,
        -0.3499375581741333
    ],
    "roadnet_embedding": [
        1.0837866067886353,
        -0.4229529798030853,
        0.048941124230623245,
        0.6386831998825073,
        -3.031242609024048,
        0.021897023543715477,
        0.03421458601951599,
        -0.1417628526687622,
        -0.04317454248666763,
        0.2844635248184204
    ],
    "function_embedding": [
        -0.6054593920707703,
        -0.29267388582229614,
        -0.054151616990566254,
        0.06490941345691681,
        -1.47956383228302,
        -0.04098125547170639,
        -0.1002027839422226,
        -0.10532605648040771,
        -0.12785503268241882,
        0.2451724410057068
    ],
    "city_embedding": [
        -0.9839302897453308,
        0.0031346676405519247,
        0.6608869433403015,
        1.371626615524292,
        -0.5947443842887878,
        1.2497529983520508,
        0.17471246421337128,
        2.7860898971557617,
        2.387913465499878,
        3.5297932624816895
    ],
    "degree_embedding": [
        -0.9859232902526855,
        -0.14980502426624298,
        1.1363672018051147,
        1.3890211582183838,
        1.9668338298797607,
        -0.10017327964305878,
        -0.9014211297035217,
        -0.5218036770820618,
        0.12516868114471436,
        0.34269973635673523
    ]
}