{
    "id": 4685,
    "range": [
        121.246804,
        31.832716,
        121.256804,
        31.822716
    ],
    "image_path": "CitySatellite\\Shanghai\\4685.jpg",
    "poi": [],
    "places": [],
    "transport": [],
    "traffic": [],
    "buildings": [],
    "landuse": [
        [
            7229,
            1,
            5,
            4.580156428571429
        ]
    ],
    "road_inner": [],
    "road_connect": {},
    "population": [
        33.40619039535522
    ],
    "transport_embedding": [
        -0.18058504164218903,
        -0.6407508850097656,
        0.5657716989517212,
        -0.8133789300918579,
        0.35335832834243774,
        0.5881760716438293,
        -0.01592063158750534,
        1.200807809829712,
        -0.5576145648956299,
        -0.37776830792427063
    ],
    "roadnet_embedding": [
        1.0286023616790771,
        -0.4266786277294159,
        0.10788930952548981,
        0.6299448609352112,
        -2.968919038772583,
        0.07004712522029877,
        0.06521159410476685,
        -0.22085827589035034,
        -0.07296974211931229,
        0.3780912458896637
    ],
    "function_embedding": [
        -1.1191445589065552,
        -0.6175720691680908,
        1.5405629873275757,
        0.640845000743866,
        0.5779577493667603,
        -2.0451483726501465,
        -0.042131248861551285,
        1.0479860305786133,
        -0.275036096572876,
        -0.08923353254795074
    ],
    "city_embedding": [
        -0.9838302731513977,
        0.0033665092196315527,
        0.6650536060333252,
        1.375986933708191,
        -0.5940195918083191,
        1.2527779340744019,
        0.1698940247297287,
        2.7815322875976562,
        2.3901586532592773,
        3.538235664367676
    ],
    "degree_embedding": [
        -0.9859232902526855,
        -0.14980502426624298,
        1.1363672018051147,
        1.3890211582183838,
        1.9668338298797607,
        -0.10017327964305878,
        -0.9014211297035217,
        -0.5218036770820618,
        0.12516868114471436,
        0.34269973635673523
    ]
}