{
    "id": 4699,
    "range": [
        121.246804,
        31.692716,
        121.256804,
        31.682716
    ],
    "image_path": "CitySatellite\\Shanghai\\4699.jpg",
    "poi": [],
    "places": [],
    "transport": [],
    "traffic": [],
    "buildings": [],
    "landuse": [],
    "road_inner": [],
    "road_connect": {},
    "population": [
        0.0
    ],
    "transport_embedding": [
        -0.24601617455482483,
        -0.7936444282531738,
        0.8013872504234314,
        -0.3876344859600067,
        0.2745402753353119,
        -1.3901352882385254,
        -0.0032853614538908005,
        0.2260761260986328,
        0.8593252897262573,
        0.027101442217826843
    ],
    "roadnet_embedding": [
        0.955020546913147,
        -0.4486800730228424,
        0.11297408491373062,
        0.5613976120948792,
        -2.8501062393188477,
        -0.16503198444843292,
        0.10251680761575699,
        0.003875601338222623,
        -0.0636354312300682,
        0.3135892152786255
    ],
    "function_embedding": [
        -0.5820303559303284,
        -0.3366675078868866,
        -0.06870248168706894,
        0.06742395460605621,
        -1.4269986152648926,
        -0.046455323696136475,
        -0.12960800528526306,
        -0.013093453831970692,
        0.0012443744344636798,
        0.19109638035297394
    ],
    "city_embedding": [
        -0.983723521232605,
        0.0036167511716485023,
        0.6694934964179993,
        1.3806318044662476,
        -0.5934169292449951,
        1.2560120820999146,
        0.1646505445241928,
        2.77662992477417,
        2.3926258087158203,
        3.5471549034118652
    ],
    "degree_embedding": [
        -0.9859232902526855,
        -0.14980502426624298,
        1.1363672018051147,
        1.3890211582183838,
        1.9668338298797607,
        -0.10017327964305878,
        -0.9014211297035217,
        -0.5218036770820618,
        0.12516868114471436,
        0.34269973635673523
    ]
}