{
    "id": 4701,
    "range": [
        121.246804,
        31.672716,
        121.256804,
        31.662716
    ],
    "image_path": "CitySatellite\\Shanghai\\4701.jpg",
    "poi": [],
    "places": [],
    "transport": [],
    "traffic": [],
    "buildings": [],
    "landuse": [],
    "road_inner": [],
    "road_connect": {},
    "population": [
        0.0
    ],
    "transport_embedding": [
        -0.310011625289917,
        -0.6155596971511841,
        0.852418839931488,
        -0.6716644167900085,
        1.3087472915649414,
        -0.18383051455020905,
        -1.7524912357330322,
        0.1897006779909134,
        -1.0817663669586182,
        -0.1498042494058609
    ],
    "roadnet_embedding": [
        1.137344241142273,
        -0.44903764128685,
        0.019671665504574776,
        0.565446138381958,
        -2.731494188308716,
        -0.26036009192466736,
        -0.050560273230075836,
        0.017406083643436432,
        -0.056628793478012085,
        0.09422943741083145
    ],
    "function_embedding": [
        -0.5777597427368164,
        -0.32880276441574097,
        -0.06951077282428741,
        0.06973892450332642,
        -1.4445533752441406,
        -0.03635472059249878,
        -0.12767179310321808,
        0.002911711111664772,
        -0.07808879762887955,
        0.23135130107402802
    ],
    "city_embedding": [
        -0.983723521232605,
        0.0036167511716485023,
        0.6694934964179993,
        1.3806318044662476,
        -0.5934169292449951,
        1.2560120820999146,
        0.1646505445241928,
        2.77662992477417,
        2.3926258087158203,
        3.5471549034118652
    ],
    "degree_embedding": [
        -0.9859232902526855,
        -0.14980502426624298,
        1.1363672018051147,
        1.3890211582183838,
        1.9668338298797607,
        -0.10017327964305878,
        -0.9014211297035217,
        -0.5218036770820618,
        0.12516868114471436,
        0.34269973635673523
    ]
}