{
    "id": 4760,
    "range": [
        121.246804,
        31.082716,
        121.256804,
        31.072716
    ],
    "image_path": "CitySatellite\\Shanghai\\4760.jpg",
    "poi": [],
    "places": [],
    "transport": [],
    "traffic": [],
    "buildings": [],
    "landuse": [
        [
            7202,
            1,
            0,
            1.4772646666666667
        ]
    ],
    "road_inner": [
        [
            5121,
            1.0,
            4,
            193.0855
        ],
        [
            5115,
            1.0,
            3,
            135.2475
        ]
    ],
    "road_connect": {
        "4759": {
            "4": 1,
            "3": 1
        }
    },
    "population": [
        2438.121170043945
    ],
    "transport_embedding": [
        -0.25324514508247375,
        -0.5750942230224609,
        0.6696251630783081,
        -0.8604450225830078,
        1.1981520652770996,
        0.6743655800819397,
        -1.1812881231307983,
        0.39026057720184326,
        -1.3623615503311157,
        -0.2728135287761688
    ],
    "roadnet_embedding": [
        1.0941741466522217,
        -0.42416590452194214,
        0.03743235394358635,
        0.4740820825099945,
        -2.8077449798583984,
        -0.21441780030727386,
        -0.024917205795645714,
        0.07067213952541351,
        -0.0013341997982934117,
        0.17006364464759827
    ],
    "function_embedding": [
        0.10037856549024582,
        -1.9265865087509155,
        -0.6498883366584778,
        -1.911205530166626,
        0.6319915652275085,
        1.195601463317871,
        -0.8363835215568542,
        2.8143906593322754,
        2.461714744567871,
        -3.7822206020355225
    ],
    "city_embedding": [
        -0.9914305806159973,
        -0.013350226916372776,
        0.3491106927394867,
        1.0432482957839966,
        -0.6305267810821533,
        1.0244245529174805,
        0.5395141839981079,
        3.122030258178711,
        2.245898723602295,
        2.9165282249450684
    ],
    "degree_embedding": [
        -0.9833305478096008,
        -0.3556985557079315,
        0.3194912075996399,
        0.8396016359329224,
        1.521409511566162,
        0.22267071902751923,
        -0.11473625898361206,
        -0.7816214561462402,
        0.7237057685852051,
        -1.3073019981384277
    ]
}