{
    "id": 4819,
    "range": [
        121.256804,
        31.692716,
        121.266804,
        31.682716
    ],
    "image_path": "CitySatellite\\Shanghai\\4819.jpg",
    "poi": [],
    "places": [],
    "transport": [],
    "traffic": [],
    "buildings": [],
    "landuse": [],
    "road_inner": [],
    "road_connect": {},
    "population": [
        0.0
    ],
    "transport_embedding": [
        -0.18649569153785706,
        -0.4831068515777588,
        0.5809836983680725,
        -1.0893975496292114,
        0.06803791970014572,
        0.6017738580703735,
        -0.13745659589767456,
        1.4879051446914673,
        -0.9485935568809509,
        -0.44130536913871765
    ],
    "roadnet_embedding": [
        1.0681746006011963,
        -0.4267547130584717,
        0.09008769690990448,
        0.648218035697937,
        -2.9815196990966797,
        0.10295204818248749,
        0.023206034675240517,
        -0.2692311406135559,
        -0.04601043462753296,
        0.3900468349456787
    ],
    "function_embedding": [
        -0.61290043592453,
        -0.29690825939178467,
        -0.06876620650291443,
        -0.0328616201877594,
        -1.3680083751678467,
        -0.11177947372198105,
        0.03632291033864021,
        -0.11536360532045364,
        -0.11433355510234833,
        0.22925816476345062
    ],
    "city_embedding": [
        -0.983723521232605,
        0.0036167511716485023,
        0.6694934964179993,
        1.3806318044662476,
        -0.5934169292449951,
        1.2560120820999146,
        0.1646505445241928,
        2.77662992477417,
        2.3926258087158203,
        3.5471549034118652
    ],
    "degree_embedding": [
        -0.9859232902526855,
        -0.14980502426624298,
        1.1363672018051147,
        1.3890211582183838,
        1.9668338298797607,
        -0.10017327964305878,
        -0.9014211297035217,
        -0.5218036770820618,
        0.12516868114471436,
        0.34269973635673523
    ]
}