{
    "id": 4820,
    "range": [
        121.256804,
        31.682716,
        121.266804,
        31.672716
    ],
    "image_path": "CitySatellite\\Shanghai\\4820.jpg",
    "poi": [],
    "places": [],
    "transport": [],
    "traffic": [],
    "buildings": [],
    "landuse": [],
    "road_inner": [],
    "road_connect": {},
    "population": [
        0.0
    ],
    "transport_embedding": [
        -0.06997659802436829,
        -0.7277280688285828,
        0.3541538417339325,
        -0.7293524742126465,
        -0.5970349907875061,
        2.2008216381073,
        1.5914345979690552,
        1.3092488050460815,
        0.8415920734405518,
        -0.3797939121723175
    ],
    "roadnet_embedding": [
        0.9813700318336487,
        -0.4329659342765808,
        0.09542148560285568,
        0.604371190071106,
        -2.982794761657715,
        -0.05061102658510208,
        0.10449814796447754,
        -0.0680650919675827,
        -0.05883793532848358,
        0.3372223973274231
    ],
    "function_embedding": [
        -0.5804966688156128,
        -0.299088716506958,
        -0.08214911073446274,
        0.1201830804347992,
        -1.5097562074661255,
        -0.041313812136650085,
        -0.07735943049192429,
        -0.05195920541882515,
        -0.0821738913655281,
        0.31299442052841187
    ],
    "city_embedding": [
        -0.983723521232605,
        0.0036167511716485023,
        0.6694934964179993,
        1.3806318044662476,
        -0.5934169292449951,
        1.2560120820999146,
        0.1646505445241928,
        2.77662992477417,
        2.3926258087158203,
        3.5471549034118652
    ],
    "degree_embedding": [
        -0.9859232902526855,
        -0.14980502426624298,
        1.1363672018051147,
        1.3890211582183838,
        1.9668338298797607,
        -0.10017327964305878,
        -0.9014211297035217,
        -0.5218036770820618,
        0.12516868114471436,
        0.34269973635673523
    ]
}