{
    "id": 4821,
    "range": [
        121.256804,
        31.672716,
        121.266804,
        31.662716
    ],
    "image_path": "CitySatellite\\Shanghai\\4821.jpg",
    "poi": [],
    "places": [],
    "transport": [],
    "traffic": [],
    "buildings": [],
    "landuse": [],
    "road_inner": [],
    "road_connect": {},
    "population": [
        0.0
    ],
    "transport_embedding": [
        -0.24312034249305725,
        -0.6284981369972229,
        0.6603191494941711,
        -0.7550720572471619,
        1.2333019971847534,
        0.8363053202629089,
        -1.5154387950897217,
        -0.39482149481773376,
        -0.5585616827011108,
        -0.14509636163711548
    ],
    "roadnet_embedding": [
        1.1091338396072388,
        -0.4234243333339691,
        0.044998738914728165,
        0.47333720326423645,
        -2.787111282348633,
        -0.09018145501613617,
        -0.02672439068555832,
        -0.09875255078077316,
        0.018039071932435036,
        0.20947116613388062
    ],
    "function_embedding": [
        -0.5790608525276184,
        -0.337431937456131,
        -0.12301425635814667,
        -0.025106392800807953,
        -1.380488634109497,
        -0.022811269387602806,
        -0.07864165306091309,
        -0.04567648470401764,
        0.013403086923062801,
        0.256509929895401
    ],
    "city_embedding": [
        -0.983723521232605,
        0.0036167511716485023,
        0.6694934964179993,
        1.3806318044662476,
        -0.5934169292449951,
        1.2560120820999146,
        0.1646505445241928,
        2.77662992477417,
        2.3926258087158203,
        3.5471549034118652
    ],
    "degree_embedding": [
        -0.9859232902526855,
        -0.14980502426624298,
        1.1363672018051147,
        1.3890211582183838,
        1.9668338298797607,
        -0.10017327964305878,
        -0.9014211297035217,
        -0.5218036770820618,
        0.12516868114471436,
        0.34269973635673523
    ]
}