{
    "id": 4939,
    "range": [
        121.266804,
        31.692716,
        121.276804,
        31.682716
    ],
    "image_path": "CitySatellite\\Shanghai\\4939.jpg",
    "poi": [],
    "places": [],
    "transport": [],
    "traffic": [],
    "buildings": [],
    "landuse": [],
    "road_inner": [],
    "road_connect": {},
    "population": [
        0.0
    ],
    "transport_embedding": [
        -0.2006807178258896,
        -0.5331642031669617,
        0.6162363290786743,
        -1.0002835988998413,
        0.0046383473090827465,
        -0.3552705645561218,
        -0.21880175173282623,
        1.478314757347107,
        -0.6560625433921814,
        -0.3115943670272827
    ],
    "roadnet_embedding": [
        1.1235377788543701,
        -0.4155729413032532,
        0.05934804677963257,
        0.578132688999176,
        -2.9606192111968994,
        0.018360886722803116,
        -0.02220635861158371,
        -0.13558834791183472,
        -0.05877302959561348,
        0.31897732615470886
    ],
    "function_embedding": [
        -0.6126313209533691,
        -0.26958566904067993,
        -0.06207064539194107,
        0.09197857975959778,
        -1.5159912109375,
        -0.061040692031383514,
        -0.10190071910619736,
        -0.10433836281299591,
        -0.08700942993164062,
        0.2690839171409607
    ],
    "city_embedding": [
        -0.983723521232605,
        0.0036167511716485023,
        0.6694934964179993,
        1.3806318044662476,
        -0.5934169292449951,
        1.2560120820999146,
        0.1646505445241928,
        2.77662992477417,
        2.3926258087158203,
        3.5471549034118652
    ],
    "degree_embedding": [
        -0.9859232902526855,
        -0.14980502426624298,
        1.1363672018051147,
        1.3890211582183838,
        1.9668338298797607,
        -0.10017327964305878,
        -0.9014211297035217,
        -0.5218036770820618,
        0.12516868114471436,
        0.34269973635673523
    ]
}