{
    "id": 4941,
    "range": [
        121.266804,
        31.672716,
        121.276804,
        31.662716
    ],
    "image_path": "CitySatellite\\Shanghai\\4941.jpg",
    "poi": [],
    "places": [],
    "transport": [],
    "traffic": [],
    "buildings": [],
    "landuse": [],
    "road_inner": [],
    "road_connect": {},
    "population": [
        0.0
    ],
    "transport_embedding": [
        -0.2679176926612854,
        -0.7686751484870911,
        0.7354540824890137,
        -0.4610278308391571,
        0.5434641242027283,
        -1.5537949800491333,
        -0.4247221350669861,
        0.44458693265914917,
        0.3966452479362488,
        -0.05380864068865776
    ],
    "roadnet_embedding": [
        1.0941017866134644,
        -0.4267183542251587,
        0.05083883926272392,
        0.5319857001304626,
        -2.966825246810913,
        0.0737970769405365,
        0.03446916118264198,
        -0.1827981173992157,
        -0.050372302532196045,
        0.3853209912776947
    ],
    "function_embedding": [
        -0.6269606351852417,
        -0.2716321051120758,
        -0.04258524999022484,
        0.05491791293025017,
        -1.4606592655181885,
        -0.08678851276636124,
        0.0015307621797546744,
        -0.1429486721754074,
        -0.1967509388923645,
        0.2816239893436432
    ],
    "city_embedding": [
        -0.983723521232605,
        0.0036167511716485023,
        0.6694934964179993,
        1.3806318044662476,
        -0.5934169292449951,
        1.2560120820999146,
        0.1646505445241928,
        2.77662992477417,
        2.3926258087158203,
        3.5471549034118652
    ],
    "degree_embedding": [
        -0.9859232902526855,
        -0.14980502426624298,
        1.1363672018051147,
        1.3890211582183838,
        1.9668338298797607,
        -0.10017327964305878,
        -0.9014211297035217,
        -0.5218036770820618,
        0.12516868114471436,
        0.34269973635673523
    ]
}