{
    "id": 4943,
    "range": [
        121.266804,
        31.652716,
        121.276804,
        31.642716
    ],
    "image_path": "CitySatellite\\Shanghai\\4943.jpg",
    "poi": [],
    "places": [],
    "transport": [],
    "traffic": [],
    "buildings": [],
    "landuse": [],
    "road_inner": [],
    "road_connect": {},
    "population": [
        0.0
    ],
    "transport_embedding": [
        -0.31539708375930786,
        -0.6048427820205688,
        0.9262518882751465,
        -0.6481971740722656,
        1.2024152278900146,
        -0.051144909113645554,
        -1.6246167421340942,
        0.07359987497329712,
        -1.0671063661575317,
        -0.15406470000743866
    ],
    "roadnet_embedding": [
        1.0655797719955444,
        -0.45134681463241577,
        0.06899673491716385,
        0.6322333216667175,
        -2.9038102626800537,
        -0.09772125631570816,
        0.03785134106874466,
        -0.06286072731018066,
        -0.08371758460998535,
        0.32560548186302185
    ],
    "function_embedding": [
        -0.5825051665306091,
        -0.33607015013694763,
        -0.03948628902435303,
        0.028053034096956253,
        -1.4026494026184082,
        -0.04618411511182785,
        -0.12438257038593292,
        -0.019748950377106667,
        -0.0829957127571106,
        0.1310712844133377
    ],
    "city_embedding": [
        -0.983723521232605,
        0.0036167511716485023,
        0.6694934964179993,
        1.3806318044662476,
        -0.5934169292449951,
        1.2560120820999146,
        0.1646505445241928,
        2.77662992477417,
        2.3926258087158203,
        3.5471549034118652
    ],
    "degree_embedding": [
        -0.9859232902526855,
        -0.14980502426624298,
        1.1363672018051147,
        1.3890211582183838,
        1.9668338298797607,
        -0.10017327964305878,
        -0.9014211297035217,
        -0.5218036770820618,
        0.12516868114471436,
        0.34269973635673523
    ]
}