{
    "id": 4989,
    "range": [
        121.266804,
        31.192716,
        121.276804,
        31.182716
    ],
    "image_path": "CitySatellite\\Shanghai\\4989.jpg",
    "poi": [
        [
            2301,
            2,
            4
        ],
        [
            2504,
            1,
            6
        ],
        [
            2725,
            1,
            0
        ],
        [
            2303,
            4,
            4
        ],
        [
            2525,
            1,
            6
        ],
        [
            2302,
            1,
            4
        ],
        [
            2520,
            2,
            6
        ],
        [
            2601,
            1,
            0
        ]
    ],
    "places": [],
    "transport": [
        [
            5601,
            1,
            2
        ],
        [
            5621,
            6,
            1
        ]
    ],
    "traffic": [
        [
            5201,
            8,
            3
        ],
        [
            5206,
            1,
            2
        ]
    ],
    "buildings": [
        2,
        3572.613
    ],
    "landuse": [
        [
            7202,
            7,
            0,
            0.6548039999999999
        ],
        [
            7203,
            1,
            1,
            0.16420433333333334
        ],
        [
            7201,
            2,
            4,
            0.20744
        ]
    ],
    "road_inner": [
        [
            5131,
            16,
            1,
            5958.874333333332
        ],
        [
            5115,
            8,
            3,
            1840.743
        ],
        [
            5114,
            8,
            2,
            4001.918833333333
        ],
        [
            5113,
            9,
            2,
            2016.9651666666664
        ],
        [
            5133,
            1,
            2,
            282.617
        ],
        [
            5121,
            3,
            4,
            635.185
        ],
        [
            5112,
            3,
            1,
            1953.8735
        ],
        [
            5132,
            3,
            1,
            342.95
        ],
        [
            5134,
            2,
            2,
            173.368
        ],
        [
            5111,
            5,
            1,
            1963.6513333333332
        ],
        [
            5153,
            1,
            5,
            86.877
        ],
        [
            5124,
            46,
            5,
            4865.795333333333
        ],
        [
            5141,
            1,
            5,
            284.13
        ],
        [
            5122,
            7,
            4,
            1282.649
        ]
    ],
    "road_connect": {
        "4750": {
            "3": 1
        },
        "4990": {
            "3": 2,
            "2": 2,
            "1": 5
        },
        "4870": {
            "3": 1
        },
        "4991": {
            "1": 2
        },
        "5111": {
            "1": 2
        },
        "4988": {
            "3": 1,
            "2": 2,
            "4": 3,
            "5": 1
        },
        "5108": {
            "3": 1,
            "2": 1
        },
        "4869": {
            "5": 1,
            "2": 4,
            "1": 8
        },
        "5109": {
            "2": 4,
            "3": 1,
            "1": 6
        },
        "4868": {
            "1": 4,
            "2": 1
        }
    },
    "population": [
        13084.71579360962
    ],
    "transport_embedding": [
        -2.460707426071167,
        0.44272035360336304,
        0.4958057701587677,
        0.4959077835083008,
        -0.02589200809597969,
        0.3897145390510559,
        0.578427791595459,
        -0.07340346276760101,
        -0.3971061706542969,
        1.473090648651123
    ],
    "roadnet_embedding": [
        -2.9992058277130127,
        -1.3742417097091675,
        -3.6420862674713135,
        -0.2705499231815338,
        -0.9750878214836121,
        -1.2051670551300049,
        -3.487072229385376,
        0.17802906036376953,
        -4.4939117431640625,
        -0.7454423904418945
    ],
    "function_embedding": [
        -1.7347215414047241,
        0.11320722103118896,
        -2.222198009490967,
        2.173370599746704,
        0.7967238426208496,
        0.2206781804561615,
        -0.5621556043624878,
        -0.20657950639724731,
        -0.8460789322853088,
        -0.9355981349945068
    ],
    "city_embedding": [
        -1.0225921869277954,
        0.04271065443754196,
        -0.9102488160133362,
        -0.12867103517055511,
        -0.5222263336181641,
        0.19583743810653687,
        1.9510383605957031,
        3.355665683746338,
        2.6496028900146484,
        2.112903356552124
    ],
    "degree_embedding": [
        -1.075709342956543,
        2.8690357208251953,
        0.7179961800575256,
        -0.5970253348350525,
        0.13437312841415405,
        2.046628475189209,
        -2.3399510383605957,
        -3.2034828662872314,
        1.2887001037597656,
        -1.9366893768310547
    ]
}