{
    "id": 4991,
    "range": [
        121.266804,
        31.172716,
        121.276804,
        31.162716
    ],
    "image_path": "CitySatellite\\Shanghai\\4991.jpg",
    "poi": [
        [
            2602,
            1,
            0
        ],
        [
            2601,
            4,
            0
        ],
        [
            2302,
            1,
            4
        ],
        [
            2005,
            1,
            1
        ],
        [
            2901,
            2,
            0
        ],
        [
            2511,
            1,
            6
        ],
        [
            2301,
            5,
            4
        ]
    ],
    "places": [],
    "transport": [
        [
            5621,
            4,
            1
        ]
    ],
    "traffic": [
        [
            5201,
            2,
            3
        ],
        [
            5260,
            1,
            0
        ]
    ],
    "buildings": [
        9,
        14273.43
    ],
    "landuse": [
        [
            7203,
            4,
            1,
            1.1981519999999999
        ],
        [
            7209,
            1,
            2,
            0.193779
        ],
        [
            7202,
            1,
            0,
            0.258593
        ]
    ],
    "road_inner": [
        [
            5114,
            8,
            2,
            1518.105
        ],
        [
            5115,
            7,
            3,
            2044.8109999999997
        ],
        [
            5141,
            4,
            5,
            992.6599999999999
        ],
        [
            5121,
            3,
            4,
            252.22400000000002
        ],
        [
            5135,
            1,
            3,
            84.911
        ],
        [
            5122,
            1,
            4,
            446.34749999999997
        ],
        [
            5152,
            1,
            0,
            1630.7027142857141
        ],
        [
            5111,
            1.0,
            1,
            1223.525
        ],
        [
            5112,
            1.0,
            1,
            1255.6706
        ],
        [
            5131,
            1.0,
            1,
            12.384
        ]
    ],
    "road_connect": {
        "5470": {
            "0": 2
        },
        "4871": {
            "0": 2,
            "3": 2,
            "1": 2,
            "2": 1,
            "5": 2,
            "4": 2
        },
        "5110": {
            "0": 2,
            "1": 2
        },
        "5111": {
            "0": 2,
            "1": 5,
            "3": 1,
            "2": 1
        },
        "5230": {
            "0": 2,
            "1": 2
        },
        "5350": {
            "0": 2
        },
        "4990": {
            "1": 2,
            "3": 2,
            "2": 2
        },
        "4989": {
            "1": 2
        },
        "4992": {
            "5": 1,
            "2": 1
        }
    },
    "population": [
        16043.15906143188
    ],
    "transport_embedding": [
        -0.992000937461853,
        -1.2800989151000977,
        0.5216100215911865,
        1.156930923461914,
        -1.8110260963439941,
        -0.30918821692466736,
        -0.6669942140579224,
        0.5052059888839722,
        -0.08666610717773438,
        -0.3686944842338562
    ],
    "roadnet_embedding": [
        -0.017499877139925957,
        -1.073495626449585,
        -0.978768527507782,
        0.2146962285041809,
        0.2877376079559326,
        -0.15757741034030914,
        -0.10454902797937393,
        -1.2972718477249146,
        1.306123971939087,
        0.8541584610939026
    ],
    "function_embedding": [
        -1.7302401065826416,
        0.10788238048553467,
        -2.24666428565979,
        2.179025173187256,
        0.7974309921264648,
        0.22014033794403076,
        -0.5652785897254944,
        -0.1900997906923294,
        -0.8480419516563416,
        -1.0678471326828003
    ],
    "city_embedding": [
        -1.0309374332427979,
        0.09423825889825821,
        -1.2394062280654907,
        0.02191498503088951,
        -0.46375879645347595,
        0.02883390709757805,
        2.251072406768799,
        3.014420509338379,
        3.2059197425842285,
        2.73928165435791
    ],
    "degree_embedding": [
        -1.0483163595199585,
        1.707625389099121,
        0.8622210025787354,
        -0.21718235313892365,
        -0.875002920627594,
        1.9470887184143066,
        -3.584500312805176,
        4.120019912719727,
        0.6587483882904053,
        -2.411503553390503
    ]
}