{
    "id": 5059,
    "range": [
        121.276804,
        31.692716,
        121.286804,
        31.682716
    ],
    "image_path": "CitySatellite\\Shanghai\\5059.jpg",
    "poi": [],
    "places": [],
    "transport": [],
    "traffic": [],
    "buildings": [],
    "landuse": [],
    "road_inner": [],
    "road_connect": {},
    "population": [
        0.0
    ],
    "transport_embedding": [
        -0.16545934975147247,
        -0.7060388326644897,
        0.5409813523292542,
        -0.6813019514083862,
        0.3316386044025421,
        1.1412280797958374,
        -0.3336244821548462,
        0.3358543813228607,
        0.39056122303009033,
        -0.2954182028770447
    ],
    "roadnet_embedding": [
        1.1308375597000122,
        -0.4285872280597687,
        0.051528993993997574,
        0.5015498399734497,
        -2.7206666469573975,
        -0.16768957674503326,
        -0.055296339094638824,
        -0.03187822178006172,
        -0.06823328137397766,
        0.18736198544502258
    ],
    "function_embedding": [
        -0.5804241895675659,
        -0.3409012258052826,
        -0.04493875429034233,
        0.062318816781044006,
        -1.4301601648330688,
        -0.03053600899875164,
        -0.0631459653377533,
        -0.022926151752471924,
        -0.13857096433639526,
        0.20986998081207275
    ],
    "city_embedding": [
        -0.983723521232605,
        0.0036167511716485023,
        0.6694934964179993,
        1.3806318044662476,
        -0.5934169292449951,
        1.2560120820999146,
        0.1646505445241928,
        2.77662992477417,
        2.3926258087158203,
        3.5471549034118652
    ],
    "degree_embedding": [
        -0.9859232902526855,
        -0.14980502426624298,
        1.1363672018051147,
        1.3890211582183838,
        1.9668338298797607,
        -0.10017327964305878,
        -0.9014211297035217,
        -0.5218036770820618,
        0.12516868114471436,
        0.34269973635673523
    ]
}