{
    "id": 5062,
    "range": [
        121.276804,
        31.662716,
        121.286804,
        31.652716
    ],
    "image_path": "CitySatellite\\Shanghai\\5062.jpg",
    "poi": [],
    "places": [],
    "transport": [],
    "traffic": [],
    "buildings": [],
    "landuse": [],
    "road_inner": [],
    "road_connect": {},
    "population": [
        0.0
    ],
    "transport_embedding": [
        -0.25834009051322937,
        -0.6037463545799255,
        0.584348201751709,
        -0.8706415295600891,
        0.4775426387786865,
        -0.9233566522598267,
        -0.7162660956382751,
        1.7695468664169312,
        -1.1481519937515259,
        -0.435517281293869
    ],
    "roadnet_embedding": [
        0.9467424750328064,
        -0.45378029346466064,
        0.12785129249095917,
        0.5102115869522095,
        -2.667881727218628,
        -0.18607966601848602,
        0.08323650807142258,
        -0.051779720932245255,
        -0.02526506781578064,
        0.32395896315574646
    ],
    "function_embedding": [
        -0.5900053977966309,
        -0.29557883739471436,
        -0.0902772843837738,
        0.08008000999689102,
        -1.4811521768569946,
        -0.0427049957215786,
        -0.022102216258645058,
        -0.08715307712554932,
        -0.08256470412015915,
        0.2826417088508606
    ],
    "city_embedding": [
        -0.983723521232605,
        0.0036167511716485023,
        0.6694934964179993,
        1.3806318044662476,
        -0.5934169292449951,
        1.2560120820999146,
        0.1646505445241928,
        2.77662992477417,
        2.3926258087158203,
        3.5471549034118652
    ],
    "degree_embedding": [
        -0.9859232902526855,
        -0.14980502426624298,
        1.1363672018051147,
        1.3890211582183838,
        1.9668338298797607,
        -0.10017327964305878,
        -0.9014211297035217,
        -0.5218036770820618,
        0.12516868114471436,
        0.34269973635673523
    ]
}