{
    "id": 5063,
    "range": [
        121.276804,
        31.652716,
        121.286804,
        31.642716
    ],
    "image_path": "CitySatellite\\Shanghai\\5063.jpg",
    "poi": [],
    "places": [],
    "transport": [],
    "traffic": [],
    "buildings": [],
    "landuse": [],
    "road_inner": [],
    "road_connect": {},
    "population": [
        0.0
    ],
    "transport_embedding": [
        -0.23562517762184143,
        -0.5867663025856018,
        0.6510269045829773,
        -0.8630493879318237,
        1.078853964805603,
        0.7105047106742859,
        -0.9800687432289124,
        0.5959509015083313,
        -1.338219404220581,
        -0.3165290951728821
    ],
    "roadnet_embedding": [
        1.1230961084365845,
        -0.4270482361316681,
        0.02263214997947216,
        0.6001847982406616,
        -3.0723559856414795,
        0.08127619326114655,
        0.034755464643239975,
        -0.19564813375473022,
        -0.06637615710496902,
        0.32319894433021545
    ],
    "function_embedding": [
        -0.6227185130119324,
        -0.2516275942325592,
        -0.05452602356672287,
        0.08073229342699051,
        -1.5233155488967896,
        -0.07593399286270142,
        -0.056145165115594864,
        -0.14040043950080872,
        -0.1497950553894043,
        0.29401564598083496
    ],
    "city_embedding": [
        -0.983723521232605,
        0.0036167511716485023,
        0.6694934964179993,
        1.3806318044662476,
        -0.5934169292449951,
        1.2560120820999146,
        0.1646505445241928,
        2.77662992477417,
        2.3926258087158203,
        3.5471549034118652
    ],
    "degree_embedding": [
        -0.9859232902526855,
        -0.14980502426624298,
        1.1363672018051147,
        1.3890211582183838,
        1.9668338298797607,
        -0.10017327964305878,
        -0.9014211297035217,
        -0.5218036770820618,
        0.12516868114471436,
        0.34269973635673523
    ]
}