{
    "id": 5064,
    "range": [
        121.276804,
        31.642716,
        121.286804,
        31.632716
    ],
    "image_path": "CitySatellite\\Shanghai\\5064.jpg",
    "poi": [],
    "places": [],
    "transport": [],
    "traffic": [],
    "buildings": [],
    "landuse": [],
    "road_inner": [],
    "road_connect": {},
    "population": [
        0.0
    ],
    "transport_embedding": [
        -0.29203012585639954,
        -0.5600084662437439,
        0.7851489782333374,
        -0.8236351609230042,
        1.6016099452972412,
        0.5204970240592957,
        -1.8431453704833984,
        -0.15518531203269958,
        -1.5587787628173828,
        -0.13827022910118103
    ],
    "roadnet_embedding": [
        1.0827378034591675,
        -0.4272494912147522,
        0.0757579579949379,
        0.6112234592437744,
        -2.975578546524048,
        -0.021863345056772232,
        0.011381847783923149,
        -0.09722163528203964,
        -0.07747378200292587,
        0.34461352229118347
    ],
    "function_embedding": [
        -0.5824822187423706,
        -0.319978266954422,
        -0.07060573995113373,
        0.10764772444963455,
        -1.4500724077224731,
        -0.060089658945798874,
        0.035792093724012375,
        -0.07236044853925705,
        -0.1462240368127823,
        0.2960864007472992
    ],
    "city_embedding": [
        -0.983723521232605,
        0.0036167511716485023,
        0.6694934964179993,
        1.3806318044662476,
        -0.5934169292449951,
        1.2560120820999146,
        0.1646505445241928,
        2.77662992477417,
        2.3926258087158203,
        3.5471549034118652
    ],
    "degree_embedding": [
        -0.9859232902526855,
        -0.14980502426624298,
        1.1363672018051147,
        1.3890211582183838,
        1.9668338298797607,
        -0.10017327964305878,
        -0.9014211297035217,
        -0.5218036770820618,
        0.12516868114471436,
        0.34269973635673523
    ]
}