{
    "id": 5107,
    "range": [
        121.276804,
        31.212716,
        121.286804,
        31.202716
    ],
    "image_path": "CitySatellite\\Shanghai\\5107.jpg",
    "poi": [
        [
            2601,
            2,
            0
        ],
        [
            2301,
            12,
            4
        ],
        [
            2304,
            1,
            4
        ],
        [
            2303,
            4,
            4
        ],
        [
            2566,
            1,
            6
        ],
        [
            2302,
            3,
            4
        ],
        [
            2513,
            1,
            6
        ],
        [
            2501,
            3,
            6
        ],
        [
            2901,
            1,
            0
        ],
        [
            2203,
            1,
            3
        ],
        [
            2511,
            1,
            6
        ],
        [
            2111,
            1,
            0
        ]
    ],
    "places": [],
    "transport": [
        [
            5621,
            3,
            1
        ]
    ],
    "traffic": [
        [
            5201,
            4,
            3
        ],
        [
            5207,
            1,
            0
        ],
        [
            5263,
            1,
            0
        ]
    ],
    "buildings": [
        6,
        55983.7965
    ],
    "landuse": [
        [
            7203,
            14,
            1,
            6.359555000000001
        ],
        [
            7202,
            1,
            0,
            0.313373
        ],
        [
            7209,
            1,
            2,
            0.077377
        ]
    ],
    "road_inner": [
        [
            5115,
            2,
            3,
            2370.1758333333332
        ],
        [
            5141,
            17,
            5,
            2713.367166666666
        ],
        [
            5114,
            2,
            2,
            2095.8828333333336
        ],
        [
            5153,
            30,
            5,
            2299.2520000000004
        ],
        [
            5131,
            7,
            1,
            683.9585
        ],
        [
            5113,
            7,
            2,
            3099.3067499999997
        ],
        [
            5124,
            2,
            5,
            213.23000000000002
        ],
        [
            5111,
            1.0,
            1,
            1302.9995714285715
        ],
        [
            5122,
            1.0,
            4,
            283.4026666666667
        ]
    ],
    "road_connect": {
        "4746": {
            "1": 2
        },
        "4747": {
            "1": 2
        },
        "4987": {
            "1": 3,
            "4": 1,
            "3": 2,
            "2": 8
        },
        "4867": {
            "1": 2
        },
        "5106": {
            "1": 5,
            "3": 1,
            "2": 6,
            "5": 5
        },
        "5226": {
            "1": 2,
            "5": 1
        },
        "4986": {
            "4": 1
        },
        "5108": {
            "2": 4,
            "3": 1,
            "5": 4
        },
        "5228": {
            "2": 2
        },
        "4988": {
            "3": 1
        },
        "5227": {
            "3": 3,
            "2": 1,
            "4": 1,
            "5": 4
        }
    },
    "population": [
        16872.79356765747
    ],
    "transport_embedding": [
        -2.148465394973755,
        0.09390247613191605,
        2.9956765174865723,
        1.6374577283859253,
        -1.7089836597442627,
        0.21866348385810852,
        0.7418360710144043,
        -0.21971285343170166,
        -0.7827167510986328,
        -0.3988838493824005
    ],
    "roadnet_embedding": [
        -0.5362575650215149,
        -1.1371606588363647,
        -1.0872300863265991,
        1.3098903894424438,
        0.11703763902187347,
        0.4604284167289734,
        0.2858859896659851,
        1.5229785442352295,
        0.6079712510108948,
        -0.07079523801803589
    ],
    "function_embedding": [
        -1.739959955215454,
        0.11943161487579346,
        -2.5315451622009277,
        2.250627040863037,
        0.8136191368103027,
        0.3933715224266052,
        -0.6120338439941406,
        0.20818257331848145,
        -0.935490608215332,
        -1.5963876247406006
    ],
    "city_embedding": [
        -1.0378873348236084,
        0.03492603078484535,
        -1.5508785247802734,
        1.223013997077942,
        -0.6221523880958557,
        0.33337125182151794,
        2.4773621559143066,
        2.071963310241699,
        3.8947629928588867,
        3.2264604568481445
    ],
    "degree_embedding": [
        -1.0431818962097168,
        1.3739614486694336,
        1.2742531299591064,
        -0.6032326221466064,
        -1.1953685283660889,
        1.9041597843170166,
        -1.9129159450531006,
        -2.1922013759613037,
        0.017050815746188164,
        0.8533493280410767
    ]
}