{
    "id": 5179,
    "range": [
        121.286804,
        31.692716,
        121.296804,
        31.682716
    ],
    "image_path": "CitySatellite\\Shanghai\\5179.jpg",
    "poi": [],
    "places": [],
    "transport": [],
    "traffic": [],
    "buildings": [],
    "landuse": [
        [
            7229,
            1,
            5,
            1.108498
        ],
        [
            7201,
            1,
            4,
            0.3852345
        ]
    ],
    "road_inner": [
        [
            5141,
            1.0,
            5,
            682.945
        ],
        [
            5142,
            1.0,
            5,
            65.921
        ]
    ],
    "road_connect": {
        "5299": {
            "5": 2
        },
        "5178": {
            "5": 1
        }
    },
    "population": [
        0.0
    ],
    "transport_embedding": [
        -0.17242160439491272,
        -0.6500295996665955,
        0.5344758033752441,
        -0.7840098142623901,
        0.33982306718826294,
        1.1713299751281738,
        0.013079815544188023,
        0.782225489616394,
        -0.19960765540599823,
        -0.3719644844532013
    ],
    "roadnet_embedding": [
        1.437604546546936,
        -0.7074263691902161,
        -0.2448195368051529,
        -0.025716198608279228,
        -0.016750231385231018,
        -0.9544191360473633,
        0.163991317152977,
        -0.15221165120601654,
        -0.5789881348609924,
        -1.529338002204895
    ],
    "function_embedding": [
        -0.3730000853538513,
        -1.2182987928390503,
        0.22244219481945038,
        -0.7820722460746765,
        0.5658339858055115,
        -0.296394944190979,
        0.05151129886507988,
        1.5568475723266602,
        -0.4100102484226227,
        -0.5675733685493469
    ],
    "city_embedding": [
        -0.983723521232605,
        0.0036167511716485023,
        0.6694934964179993,
        1.3806318044662476,
        -0.5934169292449951,
        1.2560120820999146,
        0.1646505445241928,
        2.77662992477417,
        2.3926258087158203,
        3.5471549034118652
    ],
    "degree_embedding": [
        -0.9790068864822388,
        -0.5671721696853638,
        1.1980887651443481,
        1.0841848850250244,
        1.2429808378219604,
        0.13894663751125336,
        -0.04483162984251976,
        -0.7156022787094116,
        0.6782430410385132,
        -1.0499871969223022
    ]
}