{
    "id": 5180,
    "range": [
        121.286804,
        31.682716,
        121.296804,
        31.672716
    ],
    "image_path": "CitySatellite\\Shanghai\\5180.jpg",
    "poi": [],
    "places": [],
    "transport": [],
    "traffic": [],
    "buildings": [],
    "landuse": [],
    "road_inner": [],
    "road_connect": {},
    "population": [
        0.0
    ],
    "transport_embedding": [
        -0.29113706946372986,
        -0.5443726778030396,
        0.6763726472854614,
        -0.9131930470466614,
        0.8093264102935791,
        -0.722201406955719,
        -1.308928370475769,
        1.3528543710708618,
        -1.458846926689148,
        -0.36621373891830444
    ],
    "roadnet_embedding": [
        1.088884711265564,
        -0.42302656173706055,
        0.0699850469827652,
        0.5453927516937256,
        -2.9555678367614746,
        -0.03824189305305481,
        0.00036735620233230293,
        -0.07149794697761536,
        -0.07618191093206406,
        0.3322170078754425
    ],
    "function_embedding": [
        -0.6043004393577576,
        -0.28877976536750793,
        -0.052536897361278534,
        0.08753958344459534,
        -1.5113261938095093,
        -0.05777231976389885,
        -0.09181981533765793,
        -0.08461667597293854,
        -0.1187196671962738,
        0.25003015995025635
    ],
    "city_embedding": [
        -0.983723521232605,
        0.0036167511716485023,
        0.6694934964179993,
        1.3806318044662476,
        -0.5934169292449951,
        1.2560120820999146,
        0.1646505445241928,
        2.77662992477417,
        2.3926258087158203,
        3.5471549034118652
    ],
    "degree_embedding": [
        -0.9859232902526855,
        -0.14980502426624298,
        1.1363672018051147,
        1.3890211582183838,
        1.9668338298797607,
        -0.10017327964305878,
        -0.9014211297035217,
        -0.5218036770820618,
        0.12516868114471436,
        0.34269973635673523
    ]
}