{
    "id": 5181,
    "range": [
        121.286804,
        31.672716,
        121.296804,
        31.662716
    ],
    "image_path": "CitySatellite\\Shanghai\\5181.jpg",
    "poi": [],
    "places": [],
    "transport": [],
    "traffic": [],
    "buildings": [],
    "landuse": [],
    "road_inner": [],
    "road_connect": {},
    "population": [
        0.0
    ],
    "transport_embedding": [
        -0.17088133096694946,
        -0.6264011263847351,
        0.5127337574958801,
        -0.8647549152374268,
        0.3274036645889282,
        0.8425498604774475,
        -0.8087062835693359,
        0.329254686832428,
        0.09683013707399368,
        -0.2730097770690918
    ],
    "roadnet_embedding": [
        0.9847714900970459,
        -0.4410689175128937,
        0.12040866911411285,
        0.6221891045570374,
        -2.8713178634643555,
        0.010015451349318027,
        0.09660841524600983,
        -0.2190847545862198,
        -0.06332801282405853,
        0.3659934103488922
    ],
    "function_embedding": [
        -0.5964505672454834,
        -0.3329174816608429,
        -0.09744678437709808,
        0.0631384626030922,
        -1.4010413885116577,
        -0.03479277342557907,
        -0.02285567671060562,
        -0.03800327330827713,
        -0.05681098997592926,
        0.2905367612838745
    ],
    "city_embedding": [
        -0.983723521232605,
        0.0036167511716485023,
        0.6694934964179993,
        1.3806318044662476,
        -0.5934169292449951,
        1.2560120820999146,
        0.1646505445241928,
        2.77662992477417,
        2.3926258087158203,
        3.5471549034118652
    ],
    "degree_embedding": [
        -0.9859232902526855,
        -0.14980502426624298,
        1.1363672018051147,
        1.3890211582183838,
        1.9668338298797607,
        -0.10017327964305878,
        -0.9014211297035217,
        -0.5218036770820618,
        0.12516868114471436,
        0.34269973635673523
    ]
}