{
    "id": 5182,
    "range": [
        121.286804,
        31.662716,
        121.296804,
        31.652716
    ],
    "image_path": "CitySatellite\\Shanghai\\5182.jpg",
    "poi": [],
    "places": [],
    "transport": [],
    "traffic": [],
    "buildings": [],
    "landuse": [],
    "road_inner": [],
    "road_connect": {},
    "population": [
        0.0
    ],
    "transport_embedding": [
        -0.13757948577404022,
        -0.7453052997589111,
        0.48393183946609497,
        -0.6804126501083374,
        0.3122231364250183,
        1.1004667282104492,
        -0.5037188529968262,
        0.057485807687044144,
        0.6374655365943909,
        -0.2082117199897766
    ],
    "roadnet_embedding": [
        1.1199146509170532,
        -0.4404907822608948,
        0.0391051210463047,
        0.6506482362747192,
        -2.9701967239379883,
        0.06281442195177078,
        0.001707657240331173,
        -0.266371488571167,
        -0.03197385370731354,
        0.3269073963165283
    ],
    "function_embedding": [
        -0.6135050058364868,
        -0.2858571410179138,
        -0.04239195957779884,
        0.08143974840641022,
        -1.4685778617858887,
        -0.09012812376022339,
        0.03312050178647041,
        -0.13952450454235077,
        -0.13202176988124847,
        0.24789392948150635
    ],
    "city_embedding": [
        -0.983723521232605,
        0.0036167511716485023,
        0.6694934964179993,
        1.3806318044662476,
        -0.5934169292449951,
        1.2560120820999146,
        0.1646505445241928,
        2.77662992477417,
        2.3926258087158203,
        3.5471549034118652
    ],
    "degree_embedding": [
        -0.9859232902526855,
        -0.14980502426624298,
        1.1363672018051147,
        1.3890211582183838,
        1.9668338298797607,
        -0.10017327964305878,
        -0.9014211297035217,
        -0.5218036770820618,
        0.12516868114471436,
        0.34269973635673523
    ]
}