{
    "id": 5183,
    "range": [
        121.286804,
        31.652716,
        121.296804,
        31.642716
    ],
    "image_path": "CitySatellite\\Shanghai\\5183.jpg",
    "poi": [],
    "places": [],
    "transport": [],
    "traffic": [],
    "buildings": [],
    "landuse": [],
    "road_inner": [],
    "road_connect": {},
    "population": [
        0.0
    ],
    "transport_embedding": [
        -0.16666366159915924,
        -0.7786983251571655,
        0.5284404754638672,
        -0.6217552423477173,
        0.187732994556427,
        -0.6061285734176636,
        0.03151832893490791,
        1.1365164518356323,
        0.30008217692375183,
        -0.21429118514060974
    ],
    "roadnet_embedding": [
        1.0487678050994873,
        -0.4298589527606964,
        0.06914064288139343,
        0.6605237126350403,
        -3.0674901008605957,
        0.037456631660461426,
        0.07424488663673401,
        -0.15130199491977692,
        -0.0839499905705452,
        0.339173287153244
    ],
    "function_embedding": [
        -0.6161616444587708,
        -0.28571391105651855,
        -0.07747288793325424,
        0.0896584615111351,
        -1.4774606227874756,
        -0.07019618153572083,
        -0.08226107805967331,
        -0.04837969318032265,
        -0.10538529604673386,
        0.3302023410797119
    ],
    "city_embedding": [
        -0.983723521232605,
        0.0036167511716485023,
        0.6694934964179993,
        1.3806318044662476,
        -0.5934169292449951,
        1.2560120820999146,
        0.1646505445241928,
        2.77662992477417,
        2.3926258087158203,
        3.5471549034118652
    ],
    "degree_embedding": [
        -0.9859232902526855,
        -0.14980502426624298,
        1.1363672018051147,
        1.3890211582183838,
        1.9668338298797607,
        -0.10017327964305878,
        -0.9014211297035217,
        -0.5218036770820618,
        0.12516868114471436,
        0.34269973635673523
    ]
}