{
    "id": 5184,
    "range": [
        121.286804,
        31.642716,
        121.296804,
        31.632716
    ],
    "image_path": "CitySatellite\\Shanghai\\5184.jpg",
    "poi": [],
    "places": [],
    "transport": [],
    "traffic": [],
    "buildings": [],
    "landuse": [],
    "road_inner": [],
    "road_connect": {},
    "population": [
        0.0
    ],
    "transport_embedding": [
        -0.11222345381975174,
        -0.9338970184326172,
        0.5217645168304443,
        -0.3038085997104645,
        0.3543153703212738,
        1.729635238647461,
        0.059394728392362595,
        -0.5289108753204346,
        1.4703601598739624,
        -0.11268103867769241
    ],
    "roadnet_embedding": [
        1.0587631464004517,
        -0.4153957664966583,
        0.05873856693506241,
        0.5634815096855164,
        -3.0212481021881104,
        0.013145406730473042,
        0.058713123202323914,
        -0.1061498299241066,
        -0.04297356307506561,
        0.28516820073127747
    ],
    "function_embedding": [
        -0.5884962677955627,
        -0.3152773678302765,
        -0.05856695398688316,
        0.05051456391811371,
        -1.4480621814727783,
        -0.032167740166187286,
        -0.10740907490253448,
        -0.06925037503242493,
        -0.062047749757766724,
        0.17736287415027618
    ],
    "city_embedding": [
        -0.983723521232605,
        0.0036167511716485023,
        0.6694934964179993,
        1.3806318044662476,
        -0.5934169292449951,
        1.2560120820999146,
        0.1646505445241928,
        2.77662992477417,
        2.3926258087158203,
        3.5471549034118652
    ],
    "degree_embedding": [
        -0.9859232902526855,
        -0.14980502426624298,
        1.1363672018051147,
        1.3890211582183838,
        1.9668338298797607,
        -0.10017327964305878,
        -0.9014211297035217,
        -0.5218036770820618,
        0.12516868114471436,
        0.34269973635673523
    ]
}