{
    "id": 5202,
    "range": [
        121.286804,
        31.462716,
        121.296804,
        31.452716
    ],
    "image_path": "CitySatellite\\Shanghai\\5202.jpg",
    "poi": [],
    "places": [],
    "transport": [],
    "traffic": [],
    "buildings": [],
    "landuse": [],
    "road_inner": [],
    "road_connect": {},
    "population": [
        1541.650426864624
    ],
    "transport_embedding": [
        -0.09176581352949142,
        -0.8024250268936157,
        0.3927323818206787,
        -0.6561122536659241,
        -0.2158520221710205,
        0.6631640195846558,
        0.769351601600647,
        1.3987916707992554,
        0.5823248028755188,
        -0.33481138944625854
    ],
    "roadnet_embedding": [
        1.0434952974319458,
        -0.43705832958221436,
        0.08596131950616837,
        0.5599521994590759,
        -2.69484806060791,
        -0.18696628510951996,
        -0.007952735759317875,
        -0.031201310455799103,
        -0.03023625537753105,
        0.22628803551197052
    ],
    "function_embedding": [
        -0.594986081123352,
        -0.3011172115802765,
        -0.03959192335605621,
        0.06629552692174911,
        -1.4688911437988281,
        -0.05274510011076927,
        -0.026128634810447693,
        -0.09575267881155014,
        -0.19040250778198242,
        0.2393755167722702
    ],
    "city_embedding": [
        -0.988632082939148,
        -0.007985406555235386,
        0.4652022123336792,
        1.1654890775680542,
        -0.6197503209114075,
        1.1083170175552368,
        0.40240687131881714,
        3.003290891647339,
        2.2918267250061035,
        3.136127471923828
    ],
    "degree_embedding": [
        -0.9859232902526855,
        -0.14980502426624298,
        1.1363672018051147,
        1.3890211582183838,
        1.9668338298797607,
        -0.10017327964305878,
        -0.9014211297035217,
        -0.5218036770820618,
        0.12516868114471436,
        0.34269973635673523
    ]
}