{
    "id": 5227,
    "range": [
        121.286804,
        31.212716,
        121.296804,
        31.202716
    ],
    "image_path": "CitySatellite\\Shanghai\\5227.jpg",
    "poi": [
        [
            2566,
            1,
            6
        ],
        [
            2901,
            4,
            0
        ],
        [
            2301,
            5,
            4
        ],
        [
            2501,
            2,
            6
        ],
        [
            2302,
            8,
            4
        ],
        [
            2528,
            1,
            6
        ],
        [
            2517,
            1,
            6
        ],
        [
            2101,
            1,
            0
        ],
        [
            2303,
            4,
            4
        ],
        [
            2121,
            1,
            0
        ],
        [
            2511,
            1,
            6
        ],
        [
            2514,
            1,
            6
        ],
        [
            2529,
            1,
            6
        ],
        [
            2601,
            1,
            0
        ],
        [
            2592,
            1,
            6
        ],
        [
            2203,
            1,
            3
        ]
    ],
    "places": [
        [
            1002,
            1,
            2
        ],
        [
            1003,
            1,
            3
        ]
    ],
    "transport": [
        [
            5621,
            6,
            1
        ]
    ],
    "traffic": [
        [
            5201,
            2,
            3
        ],
        [
            5262,
            1,
            0
        ]
    ],
    "buildings": [
        6,
        54778.714499999995
    ],
    "landuse": [
        [
            7203,
            4,
            1,
            1.3219255
        ],
        [
            7209,
            1,
            2,
            0.077377
        ]
    ],
    "road_inner": [
        [
            5115,
            7,
            3,
            2586.9238333333333
        ],
        [
            5114,
            4,
            2,
            1924.2235833333334
        ],
        [
            5122,
            3,
            4,
            284.464
        ],
        [
            5121,
            6,
            4,
            719.52
        ],
        [
            5124,
            2,
            5,
            411.044
        ],
        [
            5123,
            5,
            5,
            725.468
        ],
        [
            5141,
            4,
            5,
            1152.688
        ],
        [
            5153,
            2,
            5,
            477.90450000000004
        ]
    ],
    "road_connect": {
        "4988": {
            "3": 1,
            "2": 1
        },
        "5107": {
            "3": 3,
            "2": 1,
            "4": 1,
            "5": 4
        },
        "5108": {
            "3": 1,
            "2": 1
        },
        "5228": {
            "2": 1,
            "5": 6
        },
        "5106": {
            "3": 1,
            "2": 1
        },
        "5226": {
            "3": 2,
            "5": 2
        },
        "5347": {
            "3": 1
        }
    },
    "population": [
        15942.84112167358
    ],
    "transport_embedding": [
        -1.5588270425796509,
        -0.6801661252975464,
        0.30353599786758423,
        0.9256138801574707,
        -1.813112735748291,
        -0.19555450975894928,
        -0.8102404475212097,
        0.9495767951011658,
        0.3922004699707031,
        0.18736957013607025
    ],
    "roadnet_embedding": [
        0.8415545225143433,
        -0.9992438554763794,
        -0.25878098607063293,
        0.5776614546775818,
        0.5216341614723206,
        1.0844982862472534,
        0.6188054084777832,
        -0.2120719999074936,
        -0.8693214654922485,
        0.1700313240289688
    ],
    "function_embedding": [
        -1.7399595975875854,
        0.11943113803863525,
        -2.5290517807006836,
        2.250009059906006,
        0.8134884834289551,
        0.39168408513069153,
        -0.6116142272949219,
        0.20448756217956543,
        -0.9347988963127136,
        -1.597490668296814
    ],
    "city_embedding": [
        -1.0567214488983154,
        5.426620006561279,
        -0.9355189800262451,
        0.7828221917152405,
        -0.38024646043777466,
        6.286766052246094,
        0.36613911390304565,
        6.942145824432373,
        3.990454912185669,
        3.9145209789276123
    ],
    "degree_embedding": [
        -0.990364670753479,
        -0.5031619071960449,
        1.2589274644851685,
        -0.956143319606781,
        -0.10214987397193909,
        0.07217305898666382,
        0.2761586308479309,
        -0.6607863306999207,
        1.3205708265304565,
        -0.6649283170700073
    ]
}