{
    "id": 5244,
    "range": [
        121.286804,
        31.042716,
        121.296804,
        31.032716
    ],
    "image_path": "CitySatellite\\Shanghai\\5244.jpg",
    "poi": [],
    "places": [],
    "transport": [],
    "traffic": [],
    "buildings": [
        29,
        78778.26100000003
    ],
    "landuse": [
        [
            7204,
            6,
            3,
            7.065671136363636
        ]
    ],
    "road_inner": [
        [
            5115,
            4,
            3,
            1358.201
        ]
    ],
    "road_connect": {
        "5364": {
            "3": 2
        },
        "5245": {
            "3": 1
        }
    },
    "population": [
        6089.030813217163
    ],
    "transport_embedding": [
        -0.13213840126991272,
        -0.626692533493042,
        0.4741504192352295,
        -0.8741583228111267,
        -0.31662580370903015,
        0.9150741100311279,
        1.0591065883636475,
        1.841732144355774,
        -0.18235833942890167,
        -0.46253979206085205
    ],
    "roadnet_embedding": [
        1.1378514766693115,
        -0.8275565505027771,
        0.455583781003952,
        0.4260724186897278,
        0.9229253530502319,
        -1.6056606769561768,
        -0.4274080693721771,
        0.6753565073013306,
        -0.669476330280304,
        0.8639376163482666
    ],
    "function_embedding": [
        -1.6623820066452026,
        0.027255836874246597,
        2.0755703449249268,
        0.7554236054420471,
        0.595984935760498,
        2.638902187347412,
        -0.23342393338680267,
        -0.4474433660507202,
        -0.005971899256110191,
        0.8875436782836914
    ],
    "city_embedding": [
        -1.0097036361694336,
        -0.06869721412658691,
        -0.4269475042819977,
        2.8218390941619873,
        -0.760587751865387,
        1.1267470121383667,
        0.8606393933296204,
        3.0297679901123047,
        3.090317487716675,
        2.530298948287964
    ],
    "degree_embedding": [
        -0.9860461354255676,
        -0.30506011843681335,
        0.28745219111442566,
        0.3241807520389557,
        1.39662766456604,
        0.3940522372722626,
        0.45772624015808105,
        -0.4955085515975952,
        0.8589233756065369,
        -2.2442286014556885
    ]
}