{
    "id": 5279,
    "range": [
        121.286804,
        30.692716,
        121.296804,
        30.682716
    ],
    "image_path": "CitySatellite\\Shanghai\\5279.jpg",
    "poi": [],
    "places": [],
    "transport": [],
    "traffic": [],
    "buildings": [],
    "landuse": [],
    "road_inner": [],
    "road_connect": {},
    "population": [
        0.0
    ],
    "transport_embedding": [
        -0.22931210696697235,
        -0.7857894897460938,
        0.8321442008018494,
        -0.3477700352668762,
        0.6174910664558411,
        0.6806199550628662,
        -0.8351907134056091,
        -0.8809625506401062,
        1.064378023147583,
        -0.007563708815723658
    ],
    "roadnet_embedding": [
        0.9920592904090881,
        -0.45301416516304016,
        0.08514291048049927,
        0.5043675899505615,
        -2.576615810394287,
        -0.3628078103065491,
        0.03212468698620796,
        0.0937231183052063,
        -0.04554244130849838,
        0.11751445382833481
    ],
    "function_embedding": [
        -0.6186287999153137,
        -0.259568452835083,
        -0.03601657226681709,
        0.08900992572307587,
        -1.5082969665527344,
        -0.10716655105352402,
        -0.03550470992922783,
        -0.12461806833744049,
        -0.1606721580028534,
        0.2527400851249695
    ],
    "city_embedding": [
        -0.983723521232605,
        0.0036167511716485023,
        0.6694934964179993,
        1.3806318044662476,
        -0.5934169292449951,
        1.2560120820999146,
        0.1646505445241928,
        2.77662992477417,
        2.3926258087158203,
        3.5471549034118652
    ],
    "degree_embedding": [
        -0.9859232902526855,
        -0.14980502426624298,
        1.1363672018051147,
        1.3890211582183838,
        1.9668338298797607,
        -0.10017327964305878,
        -0.9014211297035217,
        -0.5218036770820618,
        0.12516868114471436,
        0.34269973635673523
    ]
}