{
    "id": 5301,
    "range": [
        121.296804,
        31.672716,
        121.306804,
        31.662716
    ],
    "image_path": "CitySatellite\\Shanghai\\5301.jpg",
    "poi": [],
    "places": [],
    "transport": [],
    "traffic": [],
    "buildings": [],
    "landuse": [],
    "road_inner": [],
    "road_connect": {},
    "population": [
        0.0
    ],
    "transport_embedding": [
        -0.09453210979700089,
        -0.7883824706077576,
        0.3324030041694641,
        -0.6402930617332458,
        -0.6114072799682617,
        1.528320074081421,
        1.337952733039856,
        0.9434503316879272,
        1.1094032526016235,
        -0.28836169838905334
    ],
    "roadnet_embedding": [
        1.0229477882385254,
        -0.44317013025283813,
        0.09414167702198029,
        0.6608889102935791,
        -2.868378162384033,
        -0.08193867653608322,
        0.056496232748031616,
        -0.11382138729095459,
        -0.08436474204063416,
        0.28296610713005066
    ],
    "function_embedding": [
        -0.5885313153266907,
        -0.31916069984436035,
        -0.10152415186166763,
        0.04158209636807442,
        -1.4327572584152222,
        -0.0269398782402277,
        -0.07259097695350647,
        -0.073650062084198,
        -0.06108512729406357,
        0.3090704679489136
    ],
    "city_embedding": [
        -0.983723521232605,
        0.0036167511716485023,
        0.6694934964179993,
        1.3806318044662476,
        -0.5934169292449951,
        1.2560120820999146,
        0.1646505445241928,
        2.77662992477417,
        2.3926258087158203,
        3.5471549034118652
    ],
    "degree_embedding": [
        -0.9859232902526855,
        -0.14980502426624298,
        1.1363672018051147,
        1.3890211582183838,
        1.9668338298797607,
        -0.10017327964305878,
        -0.9014211297035217,
        -0.5218036770820618,
        0.12516868114471436,
        0.34269973635673523
    ]
}