{
    "id": 5303,
    "range": [
        121.296804,
        31.652716,
        121.306804,
        31.642716
    ],
    "image_path": "CitySatellite\\Shanghai\\5303.jpg",
    "poi": [],
    "places": [],
    "transport": [],
    "traffic": [],
    "buildings": [],
    "landuse": [],
    "road_inner": [],
    "road_connect": {},
    "population": [
        0.0
    ],
    "transport_embedding": [
        -0.0836346447467804,
        -0.794611394405365,
        0.38449737429618835,
        -0.6697583794593811,
        -0.307942658662796,
        0.9753026366233826,
        0.711157500743866,
        1.082729697227478,
        0.8066192269325256,
        -0.293340265750885
    ],
    "roadnet_embedding": [
        1.0323249101638794,
        -0.4335155785083771,
        0.0710708424448967,
        0.5564924478530884,
        -2.722118854522705,
        -0.16201604902744293,
        -0.02502957545220852,
        -0.060801927000284195,
        0.03212365135550499,
        0.24540336430072784
    ],
    "function_embedding": [
        -0.6089202761650085,
        -0.2998509109020233,
        -0.11454059928655624,
        0.09644677489995956,
        -1.474187970161438,
        -0.041106585413217545,
        -0.0001648715406190604,
        -0.02634636126458645,
        -0.005032483022660017,
        0.39488106966018677
    ],
    "city_embedding": [
        -0.983723521232605,
        0.0036167511716485023,
        0.6694934964179993,
        1.3806318044662476,
        -0.5934169292449951,
        1.2560120820999146,
        0.1646505445241928,
        2.77662992477417,
        2.3926258087158203,
        3.5471549034118652
    ],
    "degree_embedding": [
        -0.9859232902526855,
        -0.14980502426624298,
        1.1363672018051147,
        1.3890211582183838,
        1.9668338298797607,
        -0.10017327964305878,
        -0.9014211297035217,
        -0.5218036770820618,
        0.12516868114471436,
        0.34269973635673523
    ]
}