{
    "id": 5304,
    "range": [
        121.296804,
        31.642716,
        121.306804,
        31.632716
    ],
    "image_path": "CitySatellite\\Shanghai\\5304.jpg",
    "poi": [],
    "places": [],
    "transport": [],
    "traffic": [],
    "buildings": [],
    "landuse": [],
    "road_inner": [],
    "road_connect": {},
    "population": [
        0.0
    ],
    "transport_embedding": [
        -0.13178515434265137,
        -0.7731144428253174,
        0.46173858642578125,
        -0.5972952842712402,
        -0.21389468014240265,
        1.190163016319275,
        0.5653045177459717,
        0.6037921905517578,
        0.988482654094696,
        -0.25221869349479675
    ],
    "roadnet_embedding": [
        1.081186294555664,
        -0.4182845652103424,
        0.05263014882802963,
        0.6104031205177307,
        -3.1129355430603027,
        0.0942777469754219,
        0.054281074553728104,
        -0.15500900149345398,
        -0.06193813681602478,
        0.3764377236366272
    ],
    "function_embedding": [
        -0.5848000049591064,
        -0.3439922034740448,
        -0.06653060019016266,
        0.06290926039218903,
        -1.4134902954101562,
        -0.012787360697984695,
        0.0008381523075513542,
        -0.04611929506063461,
        -0.11647038161754608,
        0.24860279262065887
    ],
    "city_embedding": [
        -0.983723521232605,
        0.0036167511716485023,
        0.6694934964179993,
        1.3806318044662476,
        -0.5934169292449951,
        1.2560120820999146,
        0.1646505445241928,
        2.77662992477417,
        2.3926258087158203,
        3.5471549034118652
    ],
    "degree_embedding": [
        -0.9859232902526855,
        -0.14980502426624298,
        1.1363672018051147,
        1.3890211582183838,
        1.9668338298797607,
        -0.10017327964305878,
        -0.9014211297035217,
        -0.5218036770820618,
        0.12516868114471436,
        0.34269973635673523
    ]
}