{
    "id": 5305,
    "range": [
        121.296804,
        31.63271600000001,
        121.306804,
        31.622716
    ],
    "image_path": "CitySatellite\\Shanghai\\5305.jpg",
    "poi": [],
    "places": [],
    "transport": [],
    "traffic": [],
    "buildings": [],
    "landuse": [],
    "road_inner": [],
    "road_connect": {},
    "population": [
        0.0
    ],
    "transport_embedding": [
        -0.1236809492111206,
        -0.7923082709312439,
        0.45935097336769104,
        -0.6080437302589417,
        0.24938181042671204,
        1.23459792137146,
        -0.2887113690376282,
        0.020608989521861076,
        0.8778340816497803,
        -0.19435378909111023
    ],
    "roadnet_embedding": [
        1.1015019416809082,
        -0.4305727481842041,
        0.06729089468717575,
        0.4913730025291443,
        -2.751469373703003,
        -0.1507505625486374,
        -0.042771074920892715,
        -0.027454903349280357,
        -0.029040198773145676,
        0.27792319655418396
    ],
    "function_embedding": [
        -0.5842769145965576,
        -0.3351309299468994,
        -0.05573427304625511,
        -0.049061860889196396,
        -1.3530240058898926,
        -0.04826992750167847,
        -0.06437227129936218,
        -0.08024011552333832,
        -0.14802469313144684,
        0.17572683095932007
    ],
    "city_embedding": [
        -0.983723521232605,
        0.0036167511716485023,
        0.6694934964179993,
        1.3806318044662476,
        -0.5934169292449951,
        1.2560120820999146,
        0.1646505445241928,
        2.77662992477417,
        2.3926258087158203,
        3.5471549034118652
    ],
    "degree_embedding": [
        -0.9859232902526855,
        -0.14980502426624298,
        1.1363672018051147,
        1.3890211582183838,
        1.9668338298797607,
        -0.10017327964305878,
        -0.9014211297035217,
        -0.5218036770820618,
        0.12516868114471436,
        0.34269973635673523
    ]
}