{
    "id": 5306,
    "range": [
        121.296804,
        31.622716,
        121.306804,
        31.612716
    ],
    "image_path": "CitySatellite\\Shanghai\\5306.jpg",
    "poi": [],
    "places": [],
    "transport": [],
    "traffic": [],
    "buildings": [],
    "landuse": [],
    "road_inner": [],
    "road_connect": {},
    "population": [
        0.0
    ],
    "transport_embedding": [
        -0.12928901612758636,
        -0.9270152449607849,
        0.5739437341690063,
        -0.27467530965805054,
        0.264821857213974,
        1.6279034614562988,
        0.12311960011720657,
        -0.5554311275482178,
        1.4903987646102905,
        -0.12084810435771942
    ],
    "roadnet_embedding": [
        1.094620704650879,
        -0.4219309091567993,
        0.04563604295253754,
        0.4757220447063446,
        -2.8738858699798584,
        -0.1499125063419342,
        -0.026330338791012764,
        0.030681906268000603,
        -0.03822775557637215,
        0.2383612096309662
    ],
    "function_embedding": [
        -0.5890655517578125,
        -0.30054518580436707,
        -0.08829332888126373,
        0.10961263626813889,
        -1.4780997037887573,
        -0.04883454740047455,
        -0.06336842477321625,
        -0.04324710741639137,
        -0.07311099022626877,
        0.30574625730514526
    ],
    "city_embedding": [
        -0.983723521232605,
        0.0036167511716485023,
        0.6694934964179993,
        1.3806318044662476,
        -0.5934169292449951,
        1.2560120820999146,
        0.1646505445241928,
        2.77662992477417,
        2.3926258087158203,
        3.5471549034118652
    ],
    "degree_embedding": [
        -0.9859232902526855,
        -0.14980502426624298,
        1.1363672018051147,
        1.3890211582183838,
        1.9668338298797607,
        -0.10017327964305878,
        -0.9014211297035217,
        -0.5218036770820618,
        0.12516868114471436,
        0.34269973635673523
    ]
}