{
    "id": 5353,
    "range": [
        121.296804,
        31.152716,
        121.306804,
        31.142716
    ],
    "image_path": "CitySatellite\\Shanghai\\5353.jpg",
    "poi": [
        [
            2401,
            3,
            5
        ],
        [
            2303,
            3,
            4
        ],
        [
            2511,
            2,
            6
        ],
        [
            2501,
            2,
            6
        ],
        [
            2568,
            2,
            6
        ],
        [
            2513,
            1,
            6
        ],
        [
            2083,
            1,
            2
        ],
        [
            2901,
            1,
            0
        ],
        [
            2301,
            13,
            4
        ],
        [
            2129,
            1,
            0
        ],
        [
            2512,
            1,
            6
        ],
        [
            2302,
            2,
            4
        ],
        [
            2502,
            1,
            6
        ],
        [
            2305,
            1,
            4
        ]
    ],
    "places": [
        [
            1010,
            1,
            5
        ]
    ],
    "transport": [
        [
            5621,
            19,
            1
        ]
    ],
    "traffic": [
        [
            5201,
            1,
            3
        ],
        [
            5204,
            1,
            1
        ]
    ],
    "buildings": [
        81,
        68750.01500000003
    ],
    "landuse": [
        [
            7203,
            11,
            1,
            7.478843583333333
        ],
        [
            7204,
            6,
            3,
            0.1519615
        ],
        [
            7208,
            2,
            5,
            0.047316
        ],
        [
            7212,
            3,
            0,
            0.274219
        ],
        [
            7211,
            3,
            0,
            0.192355
        ],
        [
            7202,
            1,
            0,
            0.008605
        ]
    ],
    "road_inner": [
        [
            5115,
            21,
            3,
            5932.553333333334
        ],
        [
            5122,
            89,
            4,
            11451.247000000003
        ],
        [
            5141,
            1,
            5,
            53.706
        ],
        [
            5153,
            3,
            5,
            391.156
        ],
        [
            5124,
            3,
            5,
            328.259
        ],
        [
            5121,
            1.0,
            4,
            351.2445
        ]
    ],
    "road_connect": {
        "5474": {
            "3": 1
        },
        "5473": {
            "3": 3,
            "4": 1
        },
        "5472": {
            "3": 2
        },
        "5352": {
            "3": 3,
            "4": 1
        },
        "5234": {
            "3": 1
        },
        "5354": {
            "3": 3,
            "4": 2
        },
        "5233": {
            "4": 6,
            "3": 2
        }
    },
    "population": [
        14775.01726150513
    ],
    "transport_embedding": [
        -2.469165563583374,
        0.4526698589324951,
        -1.3306585550308228,
        -0.2625579833984375,
        1.1120742559432983,
        0.4301948547363281,
        0.2695941925048828,
        -0.026520252227783203,
        -0.12272262573242188,
        2.425931215286255
    ],
    "roadnet_embedding": [
        -1.1654545068740845,
        -1.1977609395980835,
        3.326373338699341,
        0.002505822805687785,
        -0.3631832003593445,
        0.7118605375289917,
        -3.6730761528015137,
        1.7133349180221558,
        -0.14512582123279572,
        -1.2527296543121338
    ],
    "function_embedding": [
        -1.7399600744247437,
        0.11943161487579346,
        -2.532055139541626,
        2.250753402709961,
        0.8136458396911621,
        0.393705278635025,
        -0.6121177673339844,
        0.2089250087738037,
        -0.9356317520141602,
        -1.5960420370101929
    ],
    "city_embedding": [
        -0.9993418455123901,
        2.144179582595825,
        0.70535808801651,
        2.7683513164520264,
        4.797158241271973,
        -1.9732097387313843,
        -3.3917338848114014,
        3.693720579147339,
        6.806647300720215,
        2.6713600158691406
    ],
    "degree_embedding": [
        -1.0229774713516235,
        0.8442254066467285,
        0.08903197944164276,
        -2.064568519592285,
        0.4909301698207855,
        -1.9699106216430664,
        -0.37214091420173645,
        0.11991268396377563,
        1.2459934949874878,
        -0.21967723965644836
    ]
}