{
    "id": 5399,
    "range": [
        121.296804,
        30.692716,
        121.306804,
        30.682716
    ],
    "image_path": "CitySatellite\\Shanghai\\5399.jpg",
    "poi": [],
    "places": [],
    "transport": [],
    "traffic": [],
    "buildings": [],
    "landuse": [],
    "road_inner": [],
    "road_connect": {},
    "population": [
        0.0
    ],
    "transport_embedding": [
        -0.25245532393455505,
        -0.7331185936927795,
        0.7294144630432129,
        -0.5308020114898682,
        0.8590155243873596,
        -0.4817749857902527,
        -0.9806137681007385,
        0.3847355842590332,
        -0.021296018734574318,
        -0.1396874487400055
    ],
    "roadnet_embedding": [
        1.0242165327072144,
        -0.42825573682785034,
        0.07695044577121735,
        0.6205381155014038,
        -3.033376932144165,
        0.03129732981324196,
        0.081648088991642,
        -0.11816438287496567,
        -0.04208172857761383,
        0.38386350870132446
    ],
    "function_embedding": [
        -0.6247352361679077,
        -0.30131879448890686,
        -0.06478273868560791,
        0.045404013246297836,
        -1.4063466787338257,
        -0.0864359587430954,
        -0.06551569700241089,
        -0.007106499280780554,
        -0.06817411631345749,
        0.2767038345336914
    ],
    "city_embedding": [
        -0.983723521232605,
        0.0036167511716485023,
        0.6694934964179993,
        1.3806318044662476,
        -0.5934169292449951,
        1.2560120820999146,
        0.1646505445241928,
        2.77662992477417,
        2.3926258087158203,
        3.5471549034118652
    ],
    "degree_embedding": [
        -0.9859232902526855,
        -0.14980502426624298,
        1.1363672018051147,
        1.3890211582183838,
        1.9668338298797607,
        -0.10017327964305878,
        -0.9014211297035217,
        -0.5218036770820618,
        0.12516868114471436,
        0.34269973635673523
    ]
}