{
    "id": 5422,
    "range": [
        121.306804,
        31.662716,
        121.316804,
        31.652716
    ],
    "image_path": "CitySatellite\\Shanghai\\5422.jpg",
    "poi": [],
    "places": [],
    "transport": [],
    "traffic": [],
    "buildings": [],
    "landuse": [],
    "road_inner": [],
    "road_connect": {},
    "population": [
        0.0
    ],
    "transport_embedding": [
        -0.028826341032981873,
        -0.9267866611480713,
        0.29401785135269165,
        -0.49584686756134033,
        -0.24457137286663055,
        1.9682852029800415,
        1.158900260925293,
        0.803479015827179,
        1.1494933366775513,
        -0.2575906813144684
    ],
    "roadnet_embedding": [
        1.077486515045166,
        -0.4229588806629181,
        0.0746183693408966,
        0.5891615748405457,
        -2.8630242347717285,
        -0.06465214490890503,
        -0.010814362205564976,
        -0.08699161559343338,
        -0.035014960914850235,
        0.2769337296485901
    ],
    "function_embedding": [
        -0.6034068465232849,
        -0.2847179174423218,
        -0.08828861266374588,
        0.07848302274942398,
        -1.4812779426574707,
        -0.04994364455342293,
        -0.12389882653951645,
        -0.06541771441698074,
        -0.04590974748134613,
        0.2867266535758972
    ],
    "city_embedding": [
        -0.983723521232605,
        0.0036167511716485023,
        0.6694934964179993,
        1.3806318044662476,
        -0.5934169292449951,
        1.2560120820999146,
        0.1646505445241928,
        2.77662992477417,
        2.3926258087158203,
        3.5471549034118652
    ],
    "degree_embedding": [
        -0.9859232902526855,
        -0.14980502426624298,
        1.1363672018051147,
        1.3890211582183838,
        1.9668338298797607,
        -0.10017327964305878,
        -0.9014211297035217,
        -0.5218036770820618,
        0.12516868114471436,
        0.34269973635673523
    ]
}