{
    "id": 5424,
    "range": [
        121.306804,
        31.642716,
        121.316804,
        31.632716
    ],
    "image_path": "CitySatellite\\Shanghai\\5424.jpg",
    "poi": [],
    "places": [],
    "transport": [],
    "traffic": [],
    "buildings": [],
    "landuse": [],
    "road_inner": [],
    "road_connect": {},
    "population": [
        0.0
    ],
    "transport_embedding": [
        -0.21544219553470612,
        -0.6845102906227112,
        0.5947420597076416,
        -0.7197514176368713,
        0.49607235193252563,
        -0.3072758615016937,
        -1.0702375173568726,
        -0.1984831541776657,
        0.39614105224609375,
        -0.002798241563141346
    ],
    "roadnet_embedding": [
        0.999624490737915,
        -0.4439835548400879,
        0.10659518837928772,
        0.6012135744094849,
        -2.7607409954071045,
        -0.1598552018404007,
        0.04426078870892525,
        -0.042768001556396484,
        -0.05996587127447128,
        0.28364071249961853
    ],
    "function_embedding": [
        -0.6325508952140808,
        -0.27872997522354126,
        -0.06569832563400269,
        -0.020031483843922615,
        -1.390994668006897,
        -0.11326471716165543,
        0.04225720837712288,
        -0.13687075674533844,
        -0.21709950268268585,
        0.3116337060928345
    ],
    "city_embedding": [
        -0.983723521232605,
        0.0036167511716485023,
        0.6694934964179993,
        1.3806318044662476,
        -0.5934169292449951,
        1.2560120820999146,
        0.1646505445241928,
        2.77662992477417,
        2.3926258087158203,
        3.5471549034118652
    ],
    "degree_embedding": [
        -0.9859232902526855,
        -0.14980502426624298,
        1.1363672018051147,
        1.3890211582183838,
        1.9668338298797607,
        -0.10017327964305878,
        -0.9014211297035217,
        -0.5218036770820618,
        0.12516868114471436,
        0.34269973635673523
    ]
}