{
    "id": 5425,
    "range": [
        121.306804,
        31.63271600000001,
        121.316804,
        31.622716
    ],
    "image_path": "CitySatellite\\Shanghai\\5425.jpg",
    "poi": [],
    "places": [],
    "transport": [],
    "traffic": [],
    "buildings": [],
    "landuse": [],
    "road_inner": [],
    "road_connect": {},
    "population": [
        0.0
    ],
    "transport_embedding": [
        -0.3432135581970215,
        -0.5158059597015381,
        0.9070537686347961,
        -0.7952119708061218,
        1.0163229703903198,
        -0.3205816149711609,
        -1.7726210355758667,
        0.19908878207206726,
        -1.222939372062683,
        -0.17128556966781616
    ],
    "roadnet_embedding": [
        0.997671902179718,
        -0.4335764944553375,
        0.09467295557260513,
        0.5466897487640381,
        -2.784451723098755,
        -0.0638050064444542,
        0.02513660304248333,
        -0.14008186757564545,
        0.018766770139336586,
        0.33780762553215027
    ],
    "function_embedding": [
        -0.5590953230857849,
        -0.3503783643245697,
        -0.04830692335963249,
        0.06636015325784683,
        -1.4203617572784424,
        -0.009217442944645882,
        -0.020242683589458466,
        -0.032790832221508026,
        -0.12080409377813339,
        0.14257651567459106
    ],
    "city_embedding": [
        -0.983723521232605,
        0.0036167511716485023,
        0.6694934964179993,
        1.3806318044662476,
        -0.5934169292449951,
        1.2560120820999146,
        0.1646505445241928,
        2.77662992477417,
        2.3926258087158203,
        3.5471549034118652
    ],
    "degree_embedding": [
        -0.9859232902526855,
        -0.14980502426624298,
        1.1363672018051147,
        1.3890211582183838,
        1.9668338298797607,
        -0.10017327964305878,
        -0.9014211297035217,
        -0.5218036770820618,
        0.12516868114471436,
        0.34269973635673523
    ]
}