{
    "id": 5426,
    "range": [
        121.306804,
        31.622716,
        121.316804,
        31.612716
    ],
    "image_path": "CitySatellite\\Shanghai\\5426.jpg",
    "poi": [],
    "places": [],
    "transport": [],
    "traffic": [],
    "buildings": [],
    "landuse": [],
    "road_inner": [],
    "road_connect": {},
    "population": [
        0.0
    ],
    "transport_embedding": [
        -0.19228243827819824,
        -0.6915678381919861,
        0.5686807632446289,
        -0.6805200576782227,
        0.5495976209640503,
        1.218070387840271,
        -1.0147019624710083,
        -0.9572098255157471,
        0.7209829092025757,
        -0.06629174202680588
    ],
    "roadnet_embedding": [
        1.1068936586380005,
        -0.42668676376342773,
        0.0450839027762413,
        0.528958261013031,
        -2.7887465953826904,
        -0.10599002987146378,
        -0.06047520786523819,
        -0.08584991842508316,
        0.03224412351846695,
        0.27345556020736694
    ],
    "function_embedding": [
        -0.5969225764274597,
        -0.33166515827178955,
        -0.047275360673666,
        0.0596819743514061,
        -1.4148838520050049,
        -0.029173286631703377,
        -0.05353492498397827,
        -0.04351314157247543,
        -0.12579530477523804,
        0.2430584579706192
    ],
    "city_embedding": [
        -0.983723521232605,
        0.0036167511716485023,
        0.6694934964179993,
        1.3806318044662476,
        -0.5934169292449951,
        1.2560120820999146,
        0.1646505445241928,
        2.77662992477417,
        2.3926258087158203,
        3.5471549034118652
    ],
    "degree_embedding": [
        -0.9859232902526855,
        -0.14980502426624298,
        1.1363672018051147,
        1.3890211582183838,
        1.9668338298797607,
        -0.10017327964305878,
        -0.9014211297035217,
        -0.5218036770820618,
        0.12516868114471436,
        0.34269973635673523
    ]
}