{
    "id": 5427,
    "range": [
        121.306804,
        31.612716,
        121.316804,
        31.602716
    ],
    "image_path": "CitySatellite\\Shanghai\\5427.jpg",
    "poi": [],
    "places": [],
    "transport": [],
    "traffic": [],
    "buildings": [],
    "landuse": [],
    "road_inner": [],
    "road_connect": {},
    "population": [
        0.0
    ],
    "transport_embedding": [
        -0.25437313318252563,
        -0.6717462539672852,
        0.6964616775512695,
        -0.6794859170913696,
        0.9724019169807434,
        -0.1532980501651764,
        -1.2490606307983398,
        0.6407400369644165,
        -0.7184441685676575,
        -0.26258718967437744
    ],
    "roadnet_embedding": [
        1.0329906940460205,
        -0.4655319154262543,
        0.07752122730016708,
        0.6137449145317078,
        -2.704864501953125,
        -0.28045454621315,
        0.02798631601035595,
        0.024180332198739052,
        -0.09234577417373657,
        0.1857939064502716
    ],
    "function_embedding": [
        -0.627018392086029,
        -0.28540441393852234,
        -0.06939378380775452,
        0.08455567806959152,
        -1.4638668298721313,
        -0.08860436081886292,
        -0.020380686968564987,
        -0.08426905423402786,
        -0.12249927967786789,
        0.3427923917770386
    ],
    "city_embedding": [
        -0.983723521232605,
        0.0036167511716485023,
        0.6694934964179993,
        1.3806318044662476,
        -0.5934169292449951,
        1.2560120820999146,
        0.1646505445241928,
        2.77662992477417,
        2.3926258087158203,
        3.5471549034118652
    ],
    "degree_embedding": [
        -0.9859232902526855,
        -0.14980502426624298,
        1.1363672018051147,
        1.3890211582183838,
        1.9668338298797607,
        -0.10017327964305878,
        -0.9014211297035217,
        -0.5218036770820618,
        0.12516868114471436,
        0.34269973635673523
    ]
}