{
    "id": 5468,
    "range": [
        121.306804,
        31.202716,
        121.316804,
        31.192716
    ],
    "image_path": "CitySatellite\\Shanghai\\5468.jpg",
    "poi": [
        [
            2601,
            2,
            0
        ],
        [
            2511,
            2,
            6
        ],
        [
            2303,
            10,
            4
        ],
        [
            2302,
            6,
            4
        ],
        [
            2725,
            1,
            0
        ],
        [
            2901,
            2,
            0
        ],
        [
            2593,
            2,
            6
        ],
        [
            2512,
            4,
            6
        ],
        [
            2906,
            1,
            0
        ],
        [
            2205,
            1,
            3
        ],
        [
            2521,
            1,
            6
        ],
        [
            2101,
            1,
            0
        ],
        [
            2522,
            1,
            6
        ],
        [
            2541,
            1,
            6
        ],
        [
            2502,
            1,
            6
        ],
        [
            2301,
            2,
            4
        ],
        [
            2527,
            1,
            6
        ],
        [
            2526,
            1,
            6
        ],
        [
            2202,
            1,
            3
        ],
        [
            2252,
            1,
            3
        ]
    ],
    "places": [],
    "transport": [
        [
            5601,
            4,
            2
        ],
        [
            5621,
            31,
            1
        ]
    ],
    "traffic": [
        [
            5204,
            4,
            1
        ]
    ],
    "buildings": [
        46,
        241049.11925
    ],
    "landuse": [
        [
            7202,
            7,
            0,
            0.42144275000000003
        ],
        [
            7209,
            6,
            2,
            1.8562775
        ],
        [
            7212,
            1,
            0,
            0.1522295
        ]
    ],
    "road_inner": [
        [
            5132,
            14,
            1,
            3486.88
        ],
        [
            5114,
            24,
            2,
            8753.134333333332
        ],
        [
            5115,
            23,
            3,
            5553.294999999999
        ],
        [
            5153,
            22,
            5,
            2823.8266666666664
        ],
        [
            5112,
            4,
            1,
            2166.5480000000002
        ],
        [
            5113,
            3,
            2,
            1109.7495
        ],
        [
            5152,
            2,
            0,
            993.1600000000001
        ],
        [
            5141,
            21,
            5,
            1320.9910000000004
        ],
        [
            5121,
            1,
            4,
            1274.4045
        ],
        [
            5155,
            3,
            0,
            26.473
        ],
        [
            5122,
            1.0,
            4,
            1083.8515833333333
        ],
        [
            5124,
            1.0,
            5,
            250.8515
        ]
    ],
    "road_connect": {
        "5467": {
            "1": 2,
            "4": 2,
            "2": 4,
            "3": 1
        },
        "5587": {
            "1": 2
        },
        "5347": {
            "4": 1
        },
        "5348": {
            "4": 3,
            "1": 2,
            "2": 5,
            "3": 2,
            "0": 1,
            "5": 3
        },
        "5588": {
            "1": 8,
            "5": 3,
            "4": 2
        },
        "5469": {
            "2": 7,
            "3": 2,
            "1": 1,
            "4": 2,
            "5": 1
        },
        "5349": {
            "3": 1
        }
    },
    "population": [
        16925.8018951416
    ],
    "transport_embedding": [
        -2.4892494678497314,
        0.4786109924316406,
        -1.3899568319320679,
        -0.2999904155731201,
        1.2147836685180664,
        0.4484100341796875,
        0.30442237854003906,
        -0.06507730484008789,
        -0.1453704833984375,
        2.487060070037842
    ],
    "roadnet_embedding": [
        -3.0391361713409424,
        -1.378084659576416,
        -1.8204389810562134,
        1.572911024093628,
        -0.6275005340576172,
        -1.409864068031311,
        -1.2217344045639038,
        1.4875078201293945,
        -0.5336929559707642,
        -0.42535823583602905
    ],
    "function_embedding": [
        -1.7399600744247437,
        0.11943161487579346,
        -2.5332183837890625,
        2.2510416507720947,
        0.8137068748474121,
        0.3944597542285919,
        -0.6123123168945312,
        0.21061134338378906,
        -0.9359521865844727,
        -1.6056679487228394
    ],
    "city_embedding": [
        -1.0656579732894897,
        -0.2635745406150818,
        -2.7909672260284424,
        2.0867598056793213,
        -0.9613640904426575,
        2.2659435272216797,
        1.3120721578598022,
        -3.1961305141448975,
        -2.322075366973877,
        -2.997633218765259
    ],
    "degree_embedding": [
        -1.0467032194137573,
        1.6056252717971802,
        0.9942482113838196,
        -0.38704708218574524,
        -0.8840709328651428,
        0.6177422404289246,
        -2.232813835144043,
        -1.363993525505066,
        -0.4843928813934326,
        -0.4216088354587555
    ]
}