{
    "id": 5519,
    "range": [
        121.306804,
        30.692716,
        121.316804,
        30.682716
    ],
    "image_path": "CitySatellite\\Shanghai\\5519.jpg",
    "poi": [],
    "places": [],
    "transport": [],
    "traffic": [],
    "buildings": [],
    "landuse": [],
    "road_inner": [],
    "road_connect": {},
    "population": [
        0.0
    ],
    "transport_embedding": [
        -0.048792023211717606,
        -0.8731886744499207,
        0.3171822130680084,
        -0.5577049255371094,
        -0.266711950302124,
        1.6911429166793823,
        1.0164101123809814,
        0.9684255719184875,
        1.1172199249267578,
        -0.29116353392601013
    ],
    "roadnet_embedding": [
        1.0324461460113525,
        -0.42131081223487854,
        0.073971688747406,
        0.5720220804214478,
        -2.9761903285980225,
        -0.028215942904353142,
        0.049665667116642,
        -0.05788774788379669,
        -0.015641001984477043,
        0.3410256505012512
    ],
    "function_embedding": [
        -0.6220791339874268,
        -0.3007233142852783,
        -0.09154996275901794,
        0.06628761440515518,
        -1.4197791814804077,
        -0.08044441789388657,
        0.026576964184641838,
        -0.08943382650613785,
        -0.07734278589487076,
        0.3540080487728119
    ],
    "city_embedding": [
        -0.983723521232605,
        0.0036167511716485023,
        0.6694934964179993,
        1.3806318044662476,
        -0.5934169292449951,
        1.2560120820999146,
        0.1646505445241928,
        2.77662992477417,
        2.3926258087158203,
        3.5471549034118652
    ],
    "degree_embedding": [
        -0.9859232902526855,
        -0.14980502426624298,
        1.1363672018051147,
        1.3890211582183838,
        1.9668338298797607,
        -0.10017327964305878,
        -0.9014211297035217,
        -0.5218036770820618,
        0.12516868114471436,
        0.34269973635673523
    ]
}