{
    "id": 5544,
    "range": [
        121.316804,
        31.642716,
        121.326804,
        31.632716
    ],
    "image_path": "CitySatellite\\Shanghai\\5544.jpg",
    "poi": [],
    "places": [],
    "transport": [],
    "traffic": [],
    "buildings": [],
    "landuse": [],
    "road_inner": [],
    "road_connect": {},
    "population": [
        0.0
    ],
    "transport_embedding": [
        -0.2185238003730774,
        -0.6868470907211304,
        0.6931776404380798,
        -0.615999698638916,
        0.2990320324897766,
        0.6934931874275208,
        -0.817145824432373,
        -0.26589375734329224,
        0.5794923901557922,
        -0.15729323029518127
    ],
    "roadnet_embedding": [
        1.0013535022735596,
        -0.4337525963783264,
        0.09848843514919281,
        0.6246296763420105,
        -2.9317409992218018,
        -0.006416101474314928,
        0.09833735227584839,
        -0.16657696664333344,
        -0.08848701417446136,
        0.3025667667388916
    ],
    "function_embedding": [
        -0.5804011821746826,
        -0.32081228494644165,
        -0.04803653806447983,
        0.08194690942764282,
        -1.4412771463394165,
        -0.061461664736270905,
        -0.06969933211803436,
        -0.04646722599864006,
        -0.11754826456308365,
        0.2121080607175827
    ],
    "city_embedding": [
        -0.983723521232605,
        0.0036167511716485023,
        0.6694934964179993,
        1.3806318044662476,
        -0.5934169292449951,
        1.2560120820999146,
        0.1646505445241928,
        2.77662992477417,
        2.3926258087158203,
        3.5471549034118652
    ],
    "degree_embedding": [
        -0.9859232902526855,
        -0.14980502426624298,
        1.1363672018051147,
        1.3890211582183838,
        1.9668338298797607,
        -0.10017327964305878,
        -0.9014211297035217,
        -0.5218036770820618,
        0.12516868114471436,
        0.34269973635673523
    ]
}