{
    "id": 5545,
    "range": [
        121.316804,
        31.63271600000001,
        121.326804,
        31.622716
    ],
    "image_path": "CitySatellite\\Shanghai\\5545.jpg",
    "poi": [],
    "places": [],
    "transport": [],
    "traffic": [],
    "buildings": [],
    "landuse": [],
    "road_inner": [],
    "road_connect": {},
    "population": [
        0.0
    ],
    "transport_embedding": [
        -0.0489649772644043,
        -0.9577973484992981,
        0.2838166356086731,
        -0.403399795293808,
        0.12520159780979156,
        2.3293561935424805,
        0.9260098934173584,
        0.14194324612617493,
        1.3350632190704346,
        -0.19625557959079742
    ],
    "roadnet_embedding": [
        1.0221362113952637,
        -0.4390377104282379,
        0.10067839175462723,
        0.5705282688140869,
        -2.8519015312194824,
        -0.10876475274562836,
        0.05013717710971832,
        -0.027129465714097023,
        -0.058049097657203674,
        0.3517058193683624
    ],
    "function_embedding": [
        -0.5852896571159363,
        -0.3135550022125244,
        -0.06055448204278946,
        0.07739643007516861,
        -1.4858946800231934,
        -0.024591080844402313,
        -0.12441976368427277,
        -0.05666753277182579,
        -0.1091311126947403,
        0.26704683899879456
    ],
    "city_embedding": [
        -0.983723521232605,
        0.0036167511716485023,
        0.6694934964179993,
        1.3806318044662476,
        -0.5934169292449951,
        1.2560120820999146,
        0.1646505445241928,
        2.77662992477417,
        2.3926258087158203,
        3.5471549034118652
    ],
    "degree_embedding": [
        -0.9859232902526855,
        -0.14980502426624298,
        1.1363672018051147,
        1.3890211582183838,
        1.9668338298797607,
        -0.10017327964305878,
        -0.9014211297035217,
        -0.5218036770820618,
        0.12516868114471436,
        0.34269973635673523
    ]
}