{
    "id": 5546,
    "range": [
        121.316804,
        31.622716,
        121.326804,
        31.612716
    ],
    "image_path": "CitySatellite\\Shanghai\\5546.jpg",
    "poi": [],
    "places": [],
    "transport": [],
    "traffic": [],
    "buildings": [],
    "landuse": [],
    "road_inner": [],
    "road_connect": {},
    "population": [
        0.0
    ],
    "transport_embedding": [
        -0.15178418159484863,
        -0.6369115114212036,
        0.5172972679138184,
        -0.8275170922279358,
        -0.3674403429031372,
        0.4459035396575928,
        0.8701560497283936,
        1.4835379123687744,
        0.1893724501132965,
        -0.2878973186016083
    ],
    "roadnet_embedding": [
        1.1032160520553589,
        -0.4209853410720825,
        0.033775754272937775,
        0.6116189360618591,
        -3.0235137939453125,
        0.03718288615345955,
        0.03763115406036377,
        -0.1640956699848175,
        -0.04473914951086044,
        0.25260624289512634
    ],
    "function_embedding": [
        -0.6363815665245056,
        -0.27763599157333374,
        -0.06957042217254639,
        0.06198849901556969,
        -1.4514353275299072,
        -0.10107123106718063,
        -0.07735788822174072,
        -0.07981350272893906,
        -0.08090096712112427,
        0.31095248460769653
    ],
    "city_embedding": [
        -0.983723521232605,
        0.0036167511716485023,
        0.6694934964179993,
        1.3806318044662476,
        -0.5934169292449951,
        1.2560120820999146,
        0.1646505445241928,
        2.77662992477417,
        2.3926258087158203,
        3.5471549034118652
    ],
    "degree_embedding": [
        -0.9859232902526855,
        -0.14980502426624298,
        1.1363672018051147,
        1.3890211582183838,
        1.9668338298797607,
        -0.10017327964305878,
        -0.9014211297035217,
        -0.5218036770820618,
        0.12516868114471436,
        0.34269973635673523
    ]
}