{
    "id": 5547,
    "range": [
        121.316804,
        31.612716,
        121.326804,
        31.602716
    ],
    "image_path": "CitySatellite\\Shanghai\\5547.jpg",
    "poi": [],
    "places": [],
    "transport": [],
    "traffic": [],
    "buildings": [],
    "landuse": [],
    "road_inner": [],
    "road_connect": {},
    "population": [
        0.0
    ],
    "transport_embedding": [
        -0.2650984823703766,
        -0.6310825347900391,
        0.7196927666664124,
        -0.729518711566925,
        1.4978662729263306,
        0.6600253582000732,
        -1.4019428491592407,
        0.03842664510011673,
        -1.2605524063110352,
        -0.2043975293636322
    ],
    "roadnet_embedding": [
        1.0399515628814697,
        -0.4275825023651123,
        0.10097973793745041,
        0.5276697874069214,
        -2.888758897781372,
        -0.04481643810868263,
        0.0383039228618145,
        -0.06907161325216293,
        -0.06030810996890068,
        0.3731687664985657
    ],
    "function_embedding": [
        -0.6109397411346436,
        -0.3046867847442627,
        -0.08896351605653763,
        0.11203256249427795,
        -1.4764423370361328,
        -0.06204701215028763,
        -0.06829337030649185,
        -0.05380381643772125,
        -0.039880912750959396,
        0.3989192545413971
    ],
    "city_embedding": [
        -0.983723521232605,
        0.0036167511716485023,
        0.6694934964179993,
        1.3806318044662476,
        -0.5934169292449951,
        1.2560120820999146,
        0.1646505445241928,
        2.77662992477417,
        2.3926258087158203,
        3.5471549034118652
    ],
    "degree_embedding": [
        -0.9859232902526855,
        -0.14980502426624298,
        1.1363672018051147,
        1.3890211582183838,
        1.9668338298797607,
        -0.10017327964305878,
        -0.9014211297035217,
        -0.5218036770820618,
        0.12516868114471436,
        0.34269973635673523
    ]
}