{
    "id": 5569,
    "range": [
        121.316804,
        31.392716,
        121.326804,
        31.382716
    ],
    "image_path": "CitySatellite\\Shanghai\\5569.jpg",
    "poi": [],
    "places": [
        [
            1004,
            3,
            4
        ]
    ],
    "transport": [],
    "traffic": [],
    "buildings": [],
    "landuse": [],
    "road_inner": [
        [
            5121,
            3,
            4,
            509.369
        ],
        [
            5142,
            4,
            5,
            590.3315
        ]
    ],
    "road_connect": {
        "5689": {
            "4": 1,
            "5": 1
        }
    },
    "population": [
        1745.303325653076
    ],
    "transport_embedding": [
        -0.1523435264825821,
        -0.8267858028411865,
        0.5206241011619568,
        -0.453230082988739,
        0.4580760598182678,
        1.1942338943481445,
        -0.026270383968949318,
        -0.041485220193862915,
        1.0826226472854614,
        -0.12568078935146332
    ],
    "roadnet_embedding": [
        1.2463397979736328,
        -0.710167407989502,
        -0.14701507985591888,
        -0.1889832615852356,
        -0.07631435245275497,
        -1.222818374633789,
        0.12804299592971802,
        0.1612439900636673,
        -0.3269481956958771,
        -1.3715118169784546
    ],
    "function_embedding": [
        -0.6141144037246704,
        -0.27355092763900757,
        -0.08864045143127441,
        0.09896135330200195,
        -1.5058821439743042,
        -0.08453486114740372,
        -0.0796695128083229,
        -0.10839342325925827,
        -0.0682840347290039,
        0.3315148949623108
    ],
    "city_embedding": [
        -1.0739887952804565,
        -7.544190406799316,
        -4.829535007476807,
        -5.914813995361328,
        4.551244258880615,
        1.9006447792053223,
        -5.422643661499023,
        2.758148431777954,
        13.596330642700195,
        12.077702522277832
    ],
    "degree_embedding": [
        -0.980995237827301,
        -0.4414023160934448,
        0.6035708785057068,
        1.0769495964050293,
        1.4869283437728882,
        0.12683270871639252,
        -0.3238888680934906,
        -0.8377190828323364,
        0.6701561808586121,
        -0.8626604080200195
    ]
}