{
    "id": 558,
    "range": [
        120.896804,
        31.102716,
        120.906804,
        31.092716
    ],
    "image_path": "CitySatellite\\Shanghai\\558.jpg",
    "poi": [],
    "places": [],
    "transport": [
        [
            5621,
            2,
            1
        ]
    ],
    "traffic": [],
    "buildings": [],
    "landuse": [
        [
            7203,
            7,
            1,
            1.85034
        ],
        [
            7204,
            1,
            3,
            0.17988
        ]
    ],
    "road_inner": [
        [
            5113,
            4,
            2,
            1529.0356666666667
        ],
        [
            5115,
            2,
            3,
            918.0600000000001
        ],
        [
            5122,
            18,
            4,
            3515.0305
        ],
        [
            5142,
            3,
            5,
            642.615
        ],
        [
            5141,
            3,
            5,
            1298.893
        ]
    ],
    "road_connect": {
        "678": {
            "2": 2,
            "4": 1,
            "3": 1
        },
        "677": {
            "2": 2
        }
    },
    "population": [
        463.4442949295044
    ],
    "transport_embedding": [
        0.20329178869724274,
        -2.0908710956573486,
        -0.9502038359642029,
        0.15772469341754913,
        0.5949373245239258,
        0.307695209980011,
        0.8091449737548828,
        -1.4685324430465698,
        -1.6017879247665405,
        0.2659832835197449
    ],
    "roadnet_embedding": [
        0.02196042239665985,
        -1.0794671773910522,
        0.5543474555015564,
        -0.4565313458442688,
        0.034455981105566025,
        0.6860698461532593,
        0.36025089025497437,
        -0.16525207459926605,
        -0.3230041563510895,
        -0.23567287623882294
    ],
    "function_embedding": [
        -1.120729684829712,
        -0.5166032314300537,
        -0.740487277507782,
        -2.1334903240203857,
        0.8217086791992188,
        -0.6708455681800842,
        -0.7278829216957092,
        -0.9904969334602356,
        -0.46416908502578735,
        1.3388420343399048
    ],
    "city_embedding": [
        -0.9852052330970764,
        0.0001701536966720596,
        0.6078259944915771,
        1.315894365310669,
        -0.6022301912307739,
        1.2111709117889404,
        0.23658165335655212,
        2.845141649246216,
        2.3596339225769043,
        3.4222805500030518
    ],
    "degree_embedding": [
        -0.9801733493804932,
        -0.6276198625564575,
        0.01692502573132515,
        0.17186254262924194,
        0.9306444525718689,
        0.5536431670188904,
        0.4789060950279236,
        -1.1614222526550293,
        0.034677352756261826,
        -1.6176583766937256
    ]
}