{
    "id": 562,
    "range": [
        120.896804,
        31.062716,
        120.906804,
        31.052716
    ],
    "image_path": "CitySatellite\\Shanghai\\562.jpg",
    "poi": [],
    "places": [],
    "transport": [
        [
            5621,
            1,
            1
        ]
    ],
    "traffic": [],
    "buildings": [],
    "landuse": [],
    "road_inner": [
        [
            5111,
            8,
            1,
            1385.561
        ],
        [
            5121,
            3,
            4,
            484.625
        ],
        [
            5113,
            2,
            2,
            1036.2245
        ],
        [
            5152,
            1,
            0,
            720.5464999999999
        ],
        [
            5153,
            1,
            5,
            70.017
        ],
        [
            5142,
            1,
            5,
            415.334
        ]
    ],
    "road_connect": {
        "682": {
            "1": 2,
            "2": 1,
            "0": 1
        }
    },
    "population": [
        0.0
    ],
    "transport_embedding": [
        0.11230409890413284,
        -1.3787062168121338,
        -0.13028445839881897,
        -0.23065054416656494,
        0.5357797145843506,
        2.1855287551879883,
        1.501310110092163,
        -0.8344336152076721,
        0.18181999027729034,
        0.128666952252388
    ],
    "roadnet_embedding": [
        0.42072200775146484,
        -0.9434727430343628,
        -0.3859579563140869,
        0.4270533621311188,
        0.5189381837844849,
        -1.0958064794540405,
        -0.09775446355342865,
        -0.9251965284347534,
        1.1997848749160767,
        -0.34565865993499756
    ],
    "function_embedding": [
        -0.57938551902771,
        -0.31918951869010925,
        -0.06983373314142227,
        0.09052890539169312,
        -1.4449396133422852,
        -0.043182168155908585,
        0.04538480564951897,
        -0.07980848848819733,
        -0.1364762783050537,
        0.2791179120540619
    ],
    "city_embedding": [
        -0.983723521232605,
        0.0036167511716485023,
        0.6694934964179993,
        1.3806318044662476,
        -0.5934169292449951,
        1.2560120820999146,
        0.1646505445241928,
        2.77662992477417,
        2.3926258087158203,
        3.5471549034118652
    ],
    "degree_embedding": [
        -0.9884282350540161,
        -0.22602486610412598,
        0.9456585645675659,
        0.6816620230674744,
        1.219444990158081,
        0.2681346535682678,
        -0.7136776447296143,
        -0.2549823820590973,
        0.04900727793574333,
        -1.0918993949890137
    ]
}