{
    "id": 5639,
    "range": [
        121.316804,
        30.692716,
        121.326804,
        30.682716
    ],
    "image_path": "CitySatellite\\Shanghai\\5639.jpg",
    "poi": [],
    "places": [],
    "transport": [],
    "traffic": [],
    "buildings": [],
    "landuse": [],
    "road_inner": [],
    "road_connect": {},
    "population": [
        0.0
    ],
    "transport_embedding": [
        -0.35560065507888794,
        -0.676905632019043,
        1.0719777345657349,
        -0.3986388146877289,
        1.5348719358444214,
        -0.08140136301517487,
        -1.7809224128723145,
        -0.47021105885505676,
        -0.7737810611724854,
        -0.027598537504673004
    ],
    "roadnet_embedding": [
        1.1110576391220093,
        -0.4203983247280121,
        0.043687861412763596,
        0.5635194182395935,
        -2.889904022216797,
        -0.08932466059923172,
        -0.012093810364603996,
        -0.0514412447810173,
        -0.050678081810474396,
        0.20555724203586578
    ],
    "function_embedding": [
        -0.5912312269210815,
        -0.3306981325149536,
        -0.056136053055524826,
        0.07324541360139847,
        -1.4194114208221436,
        -0.05815516412258148,
        -0.07092174142599106,
        -0.029537314549088478,
        -0.11406946927309036,
        0.23768045008182526
    ],
    "city_embedding": [
        -0.983723521232605,
        0.0036167511716485023,
        0.6694934964179993,
        1.3806318044662476,
        -0.5934169292449951,
        1.2560120820999146,
        0.1646505445241928,
        2.77662992477417,
        2.3926258087158203,
        3.5471549034118652
    ],
    "degree_embedding": [
        -0.9859232902526855,
        -0.14980502426624298,
        1.1363672018051147,
        1.3890211582183838,
        1.9668338298797607,
        -0.10017327964305878,
        -0.9014211297035217,
        -0.5218036770820618,
        0.12516868114471436,
        0.34269973635673523
    ]
}