{
    "id": 5663,
    "range": [
        121.326804,
        31.652716,
        121.336804,
        31.642716
    ],
    "image_path": "CitySatellite\\Shanghai\\5663.jpg",
    "poi": [],
    "places": [],
    "transport": [],
    "traffic": [],
    "buildings": [],
    "landuse": [],
    "road_inner": [],
    "road_connect": {},
    "population": [
        52.69884490966797
    ],
    "transport_embedding": [
        -0.22136616706848145,
        -0.6534772515296936,
        0.6805056929588318,
        -0.7247746586799622,
        0.35931143164634705,
        -0.11631583422422409,
        -0.8280856609344482,
        0.2946479022502899,
        0.08936327695846558,
        -0.116301529109478
    ],
    "roadnet_embedding": [
        1.044818639755249,
        -0.4232633709907532,
        0.07266373932361603,
        0.5131790041923523,
        -2.846271276473999,
        -0.04315650090575218,
        0.00215532467700541,
        -0.10781244188547134,
        0.026862388476729393,
        0.3336450457572937
    ],
    "function_embedding": [
        -0.5640280842781067,
        -0.32791897654533386,
        -0.07289633899927139,
        0.10889264196157455,
        -1.4651482105255127,
        -0.03810051456093788,
        0.008818201720714569,
        -0.06223137304186821,
        -0.10571826994419098,
        0.28103968501091003
    ],
    "city_embedding": [
        -0.983892023563385,
        0.0032211870420724154,
        0.6624791622161865,
        1.3732962608337402,
        -0.5945465564727783,
        1.2509170770645142,
        0.1728368103504181,
        2.784306764602661,
        2.388793468475342,
        3.532672166824341
    ],
    "degree_embedding": [
        -0.9859232902526855,
        -0.14980502426624298,
        1.1363672018051147,
        1.3890211582183838,
        1.9668338298797607,
        -0.10017327964305878,
        -0.9014211297035217,
        -0.5218036770820618,
        0.12516868114471436,
        0.34269973635673523
    ]
}