{
    "id": 5664,
    "range": [
        121.326804,
        31.642716,
        121.336804,
        31.632716
    ],
    "image_path": "CitySatellite\\Shanghai\\5664.jpg",
    "poi": [],
    "places": [],
    "transport": [],
    "traffic": [],
    "buildings": [],
    "landuse": [],
    "road_inner": [],
    "road_connect": {},
    "population": [
        0.0
    ],
    "transport_embedding": [
        -0.2120942920446396,
        -0.7042716145515442,
        0.5800424218177795,
        -0.7091438174247742,
        0.7087294459342957,
        -0.02137017622590065,
        -0.78437340259552,
        0.9582957625389099,
        -0.596972644329071,
        -0.3236343562602997
    ],
    "roadnet_embedding": [
        1.0589848756790161,
        -0.4215264618396759,
        0.05188614875078201,
        0.49509871006011963,
        -2.8518874645233154,
        -0.10091015696525574,
        0.00038000193308107555,
        -0.04120778292417526,
        0.04636010155081749,
        0.2630109488964081
    ],
    "function_embedding": [
        -0.5834342241287231,
        -0.3285488188266754,
        -0.04882204532623291,
        0.04169543832540512,
        -1.4157975912094116,
        -0.0280457753688097,
        -0.06715181469917297,
        -0.04402635246515274,
        -0.08708149194717407,
        0.1472887247800827
    ],
    "city_embedding": [
        -0.983723521232605,
        0.0036167511716485023,
        0.6694934964179993,
        1.3806318044662476,
        -0.5934169292449951,
        1.2560120820999146,
        0.1646505445241928,
        2.77662992477417,
        2.3926258087158203,
        3.5471549034118652
    ],
    "degree_embedding": [
        -0.9859232902526855,
        -0.14980502426624298,
        1.1363672018051147,
        1.3890211582183838,
        1.9668338298797607,
        -0.10017327964305878,
        -0.9014211297035217,
        -0.5218036770820618,
        0.12516868114471436,
        0.34269973635673523
    ]
}