{
    "id": 5665,
    "range": [
        121.326804,
        31.63271600000001,
        121.336804,
        31.622716
    ],
    "image_path": "CitySatellite\\Shanghai\\5665.jpg",
    "poi": [],
    "places": [],
    "transport": [],
    "traffic": [],
    "buildings": [],
    "landuse": [],
    "road_inner": [],
    "road_connect": {},
    "population": [
        0.0
    ],
    "transport_embedding": [
        -0.24252931773662567,
        -0.593056857585907,
        0.689193844795227,
        -0.8307720422744751,
        1.1637580394744873,
        0.6624661684036255,
        -1.3770885467529297,
        0.22500303387641907,
        -1.1104058027267456,
        -0.24271313846111298
    ],
    "roadnet_embedding": [
        1.0908702611923218,
        -0.41353103518486023,
        0.04647190868854523,
        0.6073760390281677,
        -3.0225818157196045,
        0.06543499231338501,
        -0.01133944746106863,
        -0.16903282701969147,
        0.012432336807250977,
        0.35222291946411133
    ],
    "function_embedding": [
        -0.6083954572677612,
        -0.300828754901886,
        -0.016055578365921974,
        0.068279929459095,
        -1.4291574954986572,
        -0.10683839023113251,
        0.03969357907772064,
        -0.10729331523180008,
        -0.1864989995956421,
        0.20747320353984833
    ],
    "city_embedding": [
        -0.983723521232605,
        0.0036167511716485023,
        0.6694934964179993,
        1.3806318044662476,
        -0.5934169292449951,
        1.2560120820999146,
        0.1646505445241928,
        2.77662992477417,
        2.3926258087158203,
        3.5471549034118652
    ],
    "degree_embedding": [
        -0.9859232902526855,
        -0.14980502426624298,
        1.1363672018051147,
        1.3890211582183838,
        1.9668338298797607,
        -0.10017327964305878,
        -0.9014211297035217,
        -0.5218036770820618,
        0.12516868114471436,
        0.34269973635673523
    ]
}