{
    "id": 5668,
    "range": [
        121.326804,
        31.602716,
        121.336804,
        31.592716
    ],
    "image_path": "CitySatellite\\Shanghai\\5668.jpg",
    "poi": [],
    "places": [],
    "transport": [],
    "traffic": [],
    "buildings": [],
    "landuse": [],
    "road_inner": [],
    "road_connect": {},
    "population": [
        0.0
    ],
    "transport_embedding": [
        -0.19660937786102295,
        -0.7281561493873596,
        0.5689224004745483,
        -0.6255631446838379,
        0.7933928966522217,
        1.0151833295822144,
        -0.630416750907898,
        0.12501361966133118,
        -0.06132935360074043,
        -0.2921227812767029
    ],
    "roadnet_embedding": [
        1.0730464458465576,
        -0.4294801950454712,
        0.06289457529783249,
        0.5333409309387207,
        -2.9407284259796143,
        -0.035468123853206635,
        0.02976190857589245,
        -0.05907654017210007,
        -0.05357735976576805,
        0.3608989119529724
    ],
    "function_embedding": [
        -0.6322985887527466,
        -0.2544759511947632,
        -0.05597061291337013,
        0.08389308303594589,
        -1.4897741079330444,
        -0.1186782494187355,
        -0.021605059504508972,
        -0.12450049072504044,
        -0.1710895448923111,
        0.3393370807170868
    ],
    "city_embedding": [
        -0.983723521232605,
        0.0036167511716485023,
        0.6694934964179993,
        1.3806318044662476,
        -0.5934169292449951,
        1.2560120820999146,
        0.1646505445241928,
        2.77662992477417,
        2.3926258087158203,
        3.5471549034118652
    ],
    "degree_embedding": [
        -0.9859232902526855,
        -0.14980502426624298,
        1.1363672018051147,
        1.3890211582183838,
        1.9668338298797607,
        -0.10017327964305878,
        -0.9014211297035217,
        -0.5218036770820618,
        0.12516868114471436,
        0.34269973635673523
    ]
}