{
    "id": 5725,
    "range": [
        121.326804,
        31.032716,
        121.336804,
        31.022716
    ],
    "image_path": "CitySatellite\\Shanghai\\5725.jpg",
    "poi": [],
    "places": [],
    "transport": [],
    "traffic": [],
    "buildings": [],
    "landuse": [],
    "road_inner": [],
    "road_connect": {},
    "population": [
        364.9006042480469
    ],
    "transport_embedding": [
        -0.22917000949382782,
        -0.6846720576286316,
        0.719772458076477,
        -0.6506099700927734,
        0.7359281778335571,
        0.04989410936832428,
        -1.0114991664886475,
        0.3423796594142914,
        -0.23463131487369537,
        -0.16760528087615967
    ],
    "roadnet_embedding": [
        1.0238977670669556,
        -0.4431397020816803,
        0.08737669885158539,
        0.6468377113342285,
        -2.790677785873413,
        -0.10084464401006699,
        0.0026775028090924025,
        -0.11495117843151093,
        -0.027205536141991615,
        0.3108901083469391
    ],
    "function_embedding": [
        -0.5973278284072876,
        -0.3042964041233063,
        -0.06786574423313141,
        0.017535356804728508,
        -1.3849478960037231,
        -0.10100525617599487,
        0.08657553046941757,
        -0.11582327634096146,
        -0.16223490238189697,
        0.24441702663898468
    ],
    "city_embedding": [
        -0.9848890900611877,
        0.0009514906560070813,
        0.6209930181503296,
        1.3297803401947021,
        -0.6006569266319275,
        1.2206839323043823,
        0.22130031883716583,
        2.8303592205047607,
        2.366206169128418,
        3.4489197731018066
    ],
    "degree_embedding": [
        -0.9859232902526855,
        -0.14980502426624298,
        1.1363672018051147,
        1.3890211582183838,
        1.9668338298797607,
        -0.10017327964305878,
        -0.9014211297035217,
        -0.5218036770820618,
        0.12516868114471436,
        0.34269973635673523
    ]
}