{
    "id": 5735,
    "range": [
        121.326804,
        30.932716,
        121.336804,
        30.922716
    ],
    "image_path": "CitySatellite\\Shanghai\\5735.jpg",
    "poi": [],
    "places": [],
    "transport": [],
    "traffic": [],
    "buildings": [],
    "landuse": [
        [
            7201,
            4,
            4,
            2.57404375
        ]
    ],
    "road_inner": [],
    "road_connect": {},
    "population": [
        34.7942590713501
    ],
    "transport_embedding": [
        -0.14776380360126495,
        -0.7464143633842468,
        0.4541533291339874,
        -0.7235496044158936,
        -0.005923195742070675,
        -0.2988346517086029,
        0.47566741704940796,
        1.6660751104354858,
        -0.038929667323827744,
        -0.3333708643913269
    ],
    "roadnet_embedding": [
        1.1082727909088135,
        -0.41596847772598267,
        0.02807609736919403,
        0.5813165903091431,
        -3.0496201515197754,
        0.04131268337368965,
        0.01921531744301319,
        -0.12413445860147476,
        -0.010517789050936699,
        0.2981647849082947
    ],
    "function_embedding": [
        1.0716782808303833,
        -3.1864776611328125,
        -1.1062806844711304,
        1.1620556116104126,
        0.42428433895111084,
        0.8702756762504578,
        -0.4383571743965149,
        2.9559786319732666,
        -0.6566540598869324,
        5.343967437744141
    ],
    "city_embedding": [
        -0.9838346838951111,
        0.003354242304340005,
        0.6648629903793335,
        1.3757960796356201,
        -0.5941324234008789,
        1.2526485919952393,
        0.17008735239505768,
        2.7817065715789795,
        2.390080451965332,
        3.5377025604248047
    ],
    "degree_embedding": [
        -0.9859232902526855,
        -0.14980502426624298,
        1.1363672018051147,
        1.3890211582183838,
        1.9668338298797607,
        -0.10017327964305878,
        -0.9014211297035217,
        -0.5218036770820618,
        0.12516868114471436,
        0.34269973635673523
    ]
}