{
    "id": 5736,
    "range": [
        121.326804,
        30.922716,
        121.336804,
        30.912716
    ],
    "image_path": "CitySatellite\\Shanghai\\5736.jpg",
    "poi": [],
    "places": [],
    "transport": [],
    "traffic": [],
    "buildings": [],
    "landuse": [],
    "road_inner": [],
    "road_connect": {},
    "population": [
        275.470721244812
    ],
    "transport_embedding": [
        -0.2706582844257355,
        -0.4096321761608124,
        0.7944227457046509,
        -1.0896334648132324,
        0.3820800483226776,
        -0.25464940071105957,
        -0.2107042372226715,
        2.1133759021759033,
        -2.0681519508361816,
        -0.49248525500297546
    ],
    "roadnet_embedding": [
        1.1400729417800903,
        -0.4111004173755646,
        0.030484184622764587,
        0.5714589953422546,
        -3.0065529346466064,
        0.04739612713456154,
        -0.015154581516981125,
        -0.15183301270008087,
        -0.039395932108163834,
        0.28037306666374207
    ],
    "function_embedding": [
        -0.6234984397888184,
        -0.2840963304042816,
        -0.037554651498794556,
        0.06206435337662697,
        -1.4491896629333496,
        -0.10315774381160736,
        -0.010086054913699627,
        -0.07639708369970322,
        -0.1803763210773468,
        0.24474145472049713
    ],
    "city_embedding": [
        -0.9846029877662659,
        0.001624149503186345,
        0.6328982710838318,
        1.3423001766204834,
        -0.5989338755607605,
        1.229321837425232,
        0.20740553736686707,
        2.817122459411621,
        2.372476816177368,
        3.473097801208496
    ],
    "degree_embedding": [
        -0.9859232902526855,
        -0.14980502426624298,
        1.1363672018051147,
        1.3890211582183838,
        1.9668338298797607,
        -0.10017327964305878,
        -0.9014211297035217,
        -0.5218036770820618,
        0.12516868114471436,
        0.34269973635673523
    ]
}