{
    "id": 5759,
    "range": [
        121.326804,
        30.692716,
        121.336804,
        30.682716
    ],
    "image_path": "CitySatellite\\Shanghai\\5759.jpg",
    "poi": [],
    "places": [],
    "transport": [],
    "traffic": [],
    "buildings": [],
    "landuse": [],
    "road_inner": [],
    "road_connect": {},
    "population": [
        0.0
    ],
    "transport_embedding": [
        -0.13259917497634888,
        -0.6235214471817017,
        0.4396682679653168,
        -0.9349566698074341,
        -0.6547952890396118,
        -0.37578320503234863,
        1.60069739818573,
        2.437066078186035,
        -0.20464453101158142,
        -0.3843226134777069
    ],
    "roadnet_embedding": [
        1.0765265226364136,
        -0.43189534544944763,
        0.05409885197877884,
        0.6250898241996765,
        -3.064084529876709,
        0.09870566427707672,
        0.07176970690488815,
        -0.1910555213689804,
        -0.07215026766061783,
        0.3991161584854126
    ],
    "function_embedding": [
        -0.613044023513794,
        -0.3297503888607025,
        -0.04180280864238739,
        0.04727444797754288,
        -1.3790925741195679,
        -0.11404795199632645,
        0.011015125550329685,
        -0.03660976514220238,
        -0.09332187473773956,
        0.23018668591976166
    ],
    "city_embedding": [
        -0.983723521232605,
        0.0036167511716485023,
        0.6694934964179993,
        1.3806318044662476,
        -0.5934169292449951,
        1.2560120820999146,
        0.1646505445241928,
        2.77662992477417,
        2.3926258087158203,
        3.5471549034118652
    ],
    "degree_embedding": [
        -0.9859232902526855,
        -0.14980502426624298,
        1.1363672018051147,
        1.3890211582183838,
        1.9668338298797607,
        -0.10017327964305878,
        -0.9014211297035217,
        -0.5218036770820618,
        0.12516868114471436,
        0.34269973635673523
    ]
}