{
    "id": 5785,
    "range": [
        121.336804,
        31.63271600000001,
        121.346804,
        31.622716
    ],
    "image_path": "CitySatellite\\Shanghai\\5785.jpg",
    "poi": [],
    "places": [],
    "transport": [],
    "traffic": [],
    "buildings": [],
    "landuse": [],
    "road_inner": [],
    "road_connect": {},
    "population": [
        0.0
    ],
    "transport_embedding": [
        -0.20926369726657867,
        -0.6009924411773682,
        0.6455760598182678,
        -0.8489702343940735,
        0.573597252368927,
        0.4045581817626953,
        -1.1180429458618164,
        0.4061692953109741,
        -0.3896370530128479,
        -0.23492281138896942
    ],
    "roadnet_embedding": [
        1.0680885314941406,
        -0.45516547560691833,
        0.07178189605474472,
        0.6527384519577026,
        -2.9567081928253174,
        0.08100897818803787,
        0.09542720019817352,
        -0.28926244378089905,
        -0.09991750121116638,
        0.3827223479747772
    ],
    "function_embedding": [
        -0.5840070843696594,
        -0.32483145594596863,
        -0.04586487263441086,
        0.06788647174835205,
        -1.4522240161895752,
        -0.03753216192126274,
        -0.08157537132501602,
        -0.06618258357048035,
        -0.132213294506073,
        0.22557654976844788
    ],
    "city_embedding": [
        -0.983723521232605,
        0.0036167511716485023,
        0.6694934964179993,
        1.3806318044662476,
        -0.5934169292449951,
        1.2560120820999146,
        0.1646505445241928,
        2.77662992477417,
        2.3926258087158203,
        3.5471549034118652
    ],
    "degree_embedding": [
        -0.9859232902526855,
        -0.14980502426624298,
        1.1363672018051147,
        1.3890211582183838,
        1.9668338298797607,
        -0.10017327964305878,
        -0.9014211297035217,
        -0.5218036770820618,
        0.12516868114471436,
        0.34269973635673523
    ]
}