{
    "id": 5786,
    "range": [
        121.336804,
        31.622716,
        121.346804,
        31.612716
    ],
    "image_path": "CitySatellite\\Shanghai\\5786.jpg",
    "poi": [],
    "places": [],
    "transport": [],
    "traffic": [],
    "buildings": [],
    "landuse": [],
    "road_inner": [],
    "road_connect": {},
    "population": [
        0.0
    ],
    "transport_embedding": [
        -0.08903808146715164,
        -0.8087289333343506,
        0.34674593806266785,
        -0.6674153804779053,
        -0.3861321806907654,
        0.6398981213569641,
        1.1002055406570435,
        1.6126898527145386,
        0.5296602249145508,
        -0.35869652032852173
    ],
    "roadnet_embedding": [
        0.9734696745872498,
        -0.4532676041126251,
        0.13790997862815857,
        0.5880352854728699,
        -2.743131637573242,
        -0.11977923661470413,
        0.09085641801357269,
        -0.09443750977516174,
        -0.08413413166999817,
        0.3513733148574829
    ],
    "function_embedding": [
        -0.5890393853187561,
        -0.3166840672492981,
        -0.08491669595241547,
        0.05849163979291916,
        -1.4063583612442017,
        -0.07974787801504135,
        -0.008214830420911312,
        -0.08005200326442719,
        -0.09817775338888168,
        0.28428733348846436
    ],
    "city_embedding": [
        -0.983723521232605,
        0.0036167511716485023,
        0.6694934964179993,
        1.3806318044662476,
        -0.5934169292449951,
        1.2560120820999146,
        0.1646505445241928,
        2.77662992477417,
        2.3926258087158203,
        3.5471549034118652
    ],
    "degree_embedding": [
        -0.9859232902526855,
        -0.14980502426624298,
        1.1363672018051147,
        1.3890211582183838,
        1.9668338298797607,
        -0.10017327964305878,
        -0.9014211297035217,
        -0.5218036770820618,
        0.12516868114471436,
        0.34269973635673523
    ]
}