{
    "id": 5787,
    "range": [
        121.336804,
        31.612716,
        121.346804,
        31.602716
    ],
    "image_path": "CitySatellite\\Shanghai\\5787.jpg",
    "poi": [],
    "places": [],
    "transport": [],
    "traffic": [],
    "buildings": [],
    "landuse": [],
    "road_inner": [],
    "road_connect": {},
    "population": [
        0.0
    ],
    "transport_embedding": [
        -0.11899809539318085,
        -0.7454161643981934,
        0.43211105465888977,
        -0.6869040131568909,
        0.18374426662921906,
        1.517913579940796,
        -0.006974352989345789,
        0.33704259991645813,
        0.6945728063583374,
        -0.2642894685268402
    ],
    "roadnet_embedding": [
        1.025450587272644,
        -0.43925005197525024,
        0.08215712755918503,
        0.665456235408783,
        -2.951475143432617,
        -0.050742071121931076,
        0.07126122713088989,
        -0.10919338464736938,
        -0.08650405704975128,
        0.29561224579811096
    ],
    "function_embedding": [
        -0.5596194863319397,
        -0.3355092406272888,
        -0.091490738093853,
        0.05345107614994049,
        -1.4169853925704956,
        0.01482441183179617,
        -0.06126651540398598,
        -0.03259161859750748,
        -0.099519744515419,
        0.2593907117843628
    ],
    "city_embedding": [
        -0.983723521232605,
        0.0036167511716485023,
        0.6694934964179993,
        1.3806318044662476,
        -0.5934169292449951,
        1.2560120820999146,
        0.1646505445241928,
        2.77662992477417,
        2.3926258087158203,
        3.5471549034118652
    ],
    "degree_embedding": [
        -0.9859232902526855,
        -0.14980502426624298,
        1.1363672018051147,
        1.3890211582183838,
        1.9668338298797607,
        -0.10017327964305878,
        -0.9014211297035217,
        -0.5218036770820618,
        0.12516868114471436,
        0.34269973635673523
    ]
}