{
    "id": 5788,
    "range": [
        121.336804,
        31.602716,
        121.346804,
        31.592716
    ],
    "image_path": "CitySatellite\\Shanghai\\5788.jpg",
    "poi": [],
    "places": [],
    "transport": [],
    "traffic": [],
    "buildings": [],
    "landuse": [],
    "road_inner": [],
    "road_connect": {},
    "population": [
        0.0
    ],
    "transport_embedding": [
        -0.17260009050369263,
        -0.6896815299987793,
        0.5550837516784668,
        -0.7642745971679688,
        0.3815038502216339,
        0.19413313269615173,
        -0.6595558524131775,
        0.7651589512825012,
        -0.07133865356445312,
        -0.2684263586997986
    ],
    "roadnet_embedding": [
        1.0439977645874023,
        -0.4292640686035156,
        0.08315933495759964,
        0.5946365594863892,
        -3.0102379322052,
        -0.014563028700649738,
        0.054131802171468735,
        -0.07362350076436996,
        -0.07305018603801727,
        0.37555092573165894
    ],
    "function_embedding": [
        -0.5781477689743042,
        -0.34349462389945984,
        -0.08133114129304886,
        0.06743402779102325,
        -1.4352381229400635,
        0.019593672826886177,
        -0.16024212539196014,
        0.0035736998543143272,
        -0.023538541048765182,
        0.27800706028938293
    ],
    "city_embedding": [
        -0.983723521232605,
        0.0036167511716485023,
        0.6694934964179993,
        1.3806318044662476,
        -0.5934169292449951,
        1.2560120820999146,
        0.1646505445241928,
        2.77662992477417,
        2.3926258087158203,
        3.5471549034118652
    ],
    "degree_embedding": [
        -0.9859232902526855,
        -0.14980502426624298,
        1.1363672018051147,
        1.3890211582183838,
        1.9668338298797607,
        -0.10017327964305878,
        -0.9014211297035217,
        -0.5218036770820618,
        0.12516868114471436,
        0.34269973635673523
    ]
}