{
    "id": 5789,
    "range": [
        121.336804,
        31.592716,
        121.346804,
        31.58271599999999
    ],
    "image_path": "CitySatellite\\Shanghai\\5789.jpg",
    "poi": [],
    "places": [],
    "transport": [],
    "traffic": [],
    "buildings": [],
    "landuse": [],
    "road_inner": [],
    "road_connect": {},
    "population": [
        0.0
    ],
    "transport_embedding": [
        -0.06890107691287994,
        -0.9345049262046814,
        0.4150460660457611,
        -0.3890692889690399,
        -0.04161369055509567,
        1.5251063108444214,
        0.6851113438606262,
        0.25020739436149597,
        1.4971983432769775,
        -0.15543638169765472
    ],
    "roadnet_embedding": [
        0.9596977829933167,
        -0.44523948431015015,
        0.09799092262983322,
        0.49035337567329407,
        -2.8065736293792725,
        -0.21294870972633362,
        0.0851990357041359,
        0.05546001344919205,
        -0.01879057101905346,
        0.2867591977119446
    ],
    "function_embedding": [
        -0.5861822366714478,
        -0.3421553373336792,
        -0.017280489206314087,
        0.0403883196413517,
        -1.4000537395477295,
        -0.042524322867393494,
        -0.06379170715808868,
        -0.05547381564974785,
        -0.1140349805355072,
        0.14053313434123993
    ],
    "city_embedding": [
        -0.983723521232605,
        0.0036167511716485023,
        0.6694934964179993,
        1.3806318044662476,
        -0.5934169292449951,
        1.2560120820999146,
        0.1646505445241928,
        2.77662992477417,
        2.3926258087158203,
        3.5471549034118652
    ],
    "degree_embedding": [
        -0.9859232902526855,
        -0.14980502426624298,
        1.1363672018051147,
        1.3890211582183838,
        1.9668338298797607,
        -0.10017327964305878,
        -0.9014211297035217,
        -0.5218036770820618,
        0.12516868114471436,
        0.34269973635673523
    ]
}