{
    "id": 5822,
    "range": [
        121.336804,
        31.262716,
        121.346804,
        31.252716
    ],
    "image_path": "CitySatellite\\Shanghai\\5822.jpg",
    "poi": [
        [
            2511,
            1,
            6
        ],
        [
            2301,
            1,
            4
        ]
    ],
    "places": [],
    "transport": [
        [
            5621,
            3,
            1
        ],
        [
            5601,
            1,
            2
        ]
    ],
    "traffic": [
        [
            5206,
            1,
            2
        ],
        [
            5201,
            2,
            3
        ],
        [
            5331,
            1,
            0
        ],
        [
            5207,
            1,
            0
        ]
    ],
    "buildings": [
        16,
        30042.873
    ],
    "landuse": [
        [
            7201,
            1,
            4,
            0.6551636000000001
        ],
        [
            7202,
            2,
            0,
            1.3786545000000001
        ],
        [
            7204,
            1,
            3,
            1.048274
        ],
        [
            7203,
            6,
            1,
            1.923581
        ]
    ],
    "road_inner": [
        [
            5112,
            4,
            1,
            1781.552333333333
        ],
        [
            5111,
            8,
            1,
            1797.349
        ],
        [
            5114,
            3,
            2,
            738.363
        ],
        [
            5141,
            17,
            5,
            1539.0225
        ],
        [
            5115,
            7,
            3,
            1324.8135
        ],
        [
            5122,
            12,
            4,
            3328.686833333333
        ],
        [
            5153,
            1,
            5,
            641.2049999999999
        ],
        [
            5131,
            5,
            1,
            889.0933333333335
        ],
        [
            5121,
            2,
            4,
            1303.3726666666666
        ],
        [
            5133,
            1,
            2,
            49.449
        ],
        [
            5123,
            2,
            5,
            219.466
        ],
        [
            5154,
            1.0,
            5,
            178.6865
        ]
    ],
    "road_connect": {
        "5702": {
            "4": 2,
            "1": 4,
            "2": 1
        },
        "5701": {
            "1": 2
        },
        "5942": {
            "1": 8,
            "4": 5,
            "5": 4
        },
        "5823": {
            "1": 3,
            "5": 1,
            "4": 1,
            "3": 1
        },
        "5821": {
            "5": 1,
            "3": 1,
            "2": 1,
            "4": 1
        },
        "5943": {
            "1": 1
        },
        "5941": {
            "4": 1
        },
        "6062": {
            "4": 1
        }
    },
    "population": [
        15949.10598754883
    ],
    "transport_embedding": [
        -0.9011815786361694,
        -1.0075966119766235,
        1.1729704141616821,
        0.8326388001441956,
        -1.9860261678695679,
        -0.033640697598457336,
        0.29356059432029724,
        -0.3328035771846771,
        -0.960324764251709,
        -0.5066690444946289
    ],
    "roadnet_embedding": [
        -0.417171835899353,
        -1.1254605054855347,
        -1.203210473060608,
        0.8181115984916687,
        0.07193906605243683,
        0.4644133746623993,
        -1.6409252882003784,
        -1.165734887123108,
        0.8092601299285889,
        -0.1596924513578415
    ],
    "function_embedding": [
        -1.0857603549957275,
        -0.6411042213439941,
        -0.9824910163879395,
        -0.28181377053260803,
        0.8181306719779968,
        0.048136528581380844,
        -0.3469485640525818,
        -0.11441624164581299,
        0.02539336308836937,
        1.1242519617080688
    ],
    "city_embedding": [
        -1.0316561460494995,
        0.08809852600097656,
        -1.274290680885315,
        0.6030621528625488,
        -0.5346083045005798,
        0.06537844240665436,
        2.2337255477905273,
        2.9763801097869873,
        3.415677309036255,
        3.0511555671691895
    ],
    "degree_embedding": [
        -1.0479236841201782,
        1.7537040710449219,
        1.0154210329055786,
        -0.09451571106910706,
        -0.42073267698287964,
        -0.13782939314842224,
        -2.5045623779296875,
        -1.809492588043213,
        0.2817882001399994,
        -1.9067100286483765
    ]
}