{
    "id": 5824,
    "range": [
        121.336804,
        31.242716,
        121.346804,
        31.232716
    ],
    "image_path": "CitySatellite\\Shanghai\\5824.jpg",
    "poi": [
        [
            2907,
            1,
            0
        ],
        [
            2904,
            1,
            0
        ],
        [
            2901,
            1,
            0
        ]
    ],
    "places": [],
    "transport": [
        [
            5621,
            1,
            1
        ]
    ],
    "traffic": [
        [
            5204,
            37,
            1
        ],
        [
            5206,
            1,
            2
        ]
    ],
    "buildings": [
        32,
        125534.597
    ],
    "landuse": [
        [
            7204,
            1,
            3,
            0.261293
        ],
        [
            7202,
            3,
            0,
            2.2548512857142855
        ],
        [
            7201,
            1,
            4,
            0.6551636000000001
        ],
        [
            7209,
            4,
            2,
            0.8464383333333333
        ],
        [
            7218,
            3,
            5,
            0.045678
        ]
    ],
    "road_inner": [
        [
            5141,
            6,
            5,
            2845.916
        ],
        [
            5122,
            3,
            4,
            980.4386666666667
        ],
        [
            5115,
            2,
            3,
            1082.3605
        ],
        [
            5111,
            4,
            1,
            2051.5245
        ],
        [
            5121,
            3,
            4,
            649.4893333333333
        ],
        [
            5153,
            10,
            5,
            2945.9694999999997
        ],
        [
            5155,
            2,
            0,
            7.2620000000000005
        ],
        [
            5152,
            8,
            0,
            1191.2355
        ],
        [
            5142,
            1,
            5,
            71.184
        ],
        [
            5124,
            1,
            5,
            447.638
        ],
        [
            5131,
            1.0,
            1,
            544.035
        ],
        [
            5114,
            1.0,
            2,
            136.885
        ],
        [
            5154,
            1.0,
            5,
            340.6035
        ]
    ],
    "road_connect": {
        "5704": {
            "4": 1
        },
        "5825": {
            "4": 2,
            "1": 4,
            "5": 5,
            "3": 2,
            "0": 1
        },
        "5944": {
            "3": 2,
            "4": 1,
            "2": 1,
            "5": 9
        },
        "5823": {
            "1": 2,
            "5": 1
        },
        "5945": {
            "4": 1
        }
    },
    "population": [
        7372.276172637939
    ],
    "transport_embedding": [
        -2.4895107746124268,
        0.47894859313964844,
        -1.3932247161865234,
        -0.30150890350341797,
        1.2176895141601562,
        0.448615163564682,
        0.30449676513671875,
        -0.06559419631958008,
        -0.14523696899414062,
        -4.178670883178711
    ],
    "roadnet_embedding": [
        0.8527870178222656,
        -1.0035144090652466,
        -1.4583549499511719,
        0.6700510382652283,
        0.43146494030952454,
        1.5535343885421753,
        0.11393913626670837,
        1.6623213291168213,
        0.8449603319168091,
        -0.4568744897842407
    ],
    "function_embedding": [
        -0.6688052415847778,
        -1.1517869234085083,
        -1.47834050655365,
        1.0808210372924805,
        0.6990637183189392,
        0.47755903005599976,
        -0.35239410400390625,
        0.6658118367195129,
        0.7026050686836243,
        -0.2881551682949066
    ],
    "city_embedding": [
        -1.021585464477539,
        -0.17151431739330292,
        -0.9440879225730896,
        3.1740615367889404,
        -0.579521119594574,
        1.650444746017456,
        0.9883348345756531,
        0.980800449848175,
        3.225060224533081,
        2.126363515853882
    ],
    "degree_embedding": [
        -0.9972066283226013,
        -0.355098158121109,
        2.002314567565918,
        -0.01883380301296711,
        -1.2282592058181763,
        -0.09496356546878815,
        -1.053848385810852,
        -0.7441775798797607,
        1.0687874555587769,
        -0.9193903207778931
    ]
}