{
    "id": 5905,
    "range": [
        121.346804,
        31.63271600000001,
        121.356804,
        31.622716
    ],
    "image_path": "CitySatellite\\Shanghai\\5905.jpg",
    "poi": [],
    "places": [],
    "transport": [],
    "traffic": [],
    "buildings": [],
    "landuse": [],
    "road_inner": [],
    "road_connect": {},
    "population": [
        0.0
    ],
    "transport_embedding": [
        -0.10653502494096756,
        -0.856625497341156,
        0.4080534875392914,
        -0.5355930328369141,
        0.24575510621070862,
        1.099605679512024,
        0.0011875528143718839,
        0.409646213054657,
        0.8604589104652405,
        -0.23846429586410522
    ],
    "roadnet_embedding": [
        1.1300231218338013,
        -0.42323100566864014,
        0.021012503653764725,
        0.5188296437263489,
        -2.946237564086914,
        -0.06902121007442474,
        -0.011965712532401085,
        -0.0580662377178669,
        -0.07670798897743225,
        0.2375655323266983
    ],
    "function_embedding": [
        -0.579305112361908,
        -0.3174961805343628,
        -0.0565536767244339,
        0.0916736051440239,
        -1.460842490196228,
        -0.06871651858091354,
        -0.06544183939695358,
        -0.043141577392816544,
        -0.08878302574157715,
        0.23134653270244598
    ],
    "city_embedding": [
        -0.983723521232605,
        0.0036167511716485023,
        0.6694934964179993,
        1.3806318044662476,
        -0.5934169292449951,
        1.2560120820999146,
        0.1646505445241928,
        2.77662992477417,
        2.3926258087158203,
        3.5471549034118652
    ],
    "degree_embedding": [
        -0.9859232902526855,
        -0.14980502426624298,
        1.1363672018051147,
        1.3890211582183838,
        1.9668338298797607,
        -0.10017327964305878,
        -0.9014211297035217,
        -0.5218036770820618,
        0.12516868114471436,
        0.34269973635673523
    ]
}