{
    "id": 5906,
    "range": [
        121.346804,
        31.622716,
        121.356804,
        31.612716
    ],
    "image_path": "CitySatellite\\Shanghai\\5906.jpg",
    "poi": [],
    "places": [],
    "transport": [],
    "traffic": [],
    "buildings": [],
    "landuse": [],
    "road_inner": [],
    "road_connect": {},
    "population": [
        0.0
    ],
    "transport_embedding": [
        -0.24679316580295563,
        -0.6418635845184326,
        0.7105799317359924,
        -0.7044556140899658,
        1.2459819316864014,
        0.8509184122085571,
        -1.6165812015533447,
        -0.4817550778388977,
        -0.46804165840148926,
        -0.1457555890083313
    ],
    "roadnet_embedding": [
        1.035483956336975,
        -0.45008760690689087,
        0.07977557182312012,
        0.5430566072463989,
        -2.6816232204437256,
        -0.23801851272583008,
        0.028704164549708366,
        -0.002659262390807271,
        -0.10811569541692734,
        0.190230131149292
    ],
    "function_embedding": [
        -0.5935692191123962,
        -0.328952819108963,
        -0.020672021433711052,
        0.046643756330013275,
        -1.3981139659881592,
        -0.07327069342136383,
        0.04004916176199913,
        -0.09998548775911331,
        -0.16599708795547485,
        0.15671949088573456
    ],
    "city_embedding": [
        -0.983723521232605,
        0.0036167511716485023,
        0.6694934964179993,
        1.3806318044662476,
        -0.5934169292449951,
        1.2560120820999146,
        0.1646505445241928,
        2.77662992477417,
        2.3926258087158203,
        3.5471549034118652
    ],
    "degree_embedding": [
        -0.9859232902526855,
        -0.14980502426624298,
        1.1363672018051147,
        1.3890211582183838,
        1.9668338298797607,
        -0.10017327964305878,
        -0.9014211297035217,
        -0.5218036770820618,
        0.12516868114471436,
        0.34269973635673523
    ]
}