{
    "id": 5908,
    "range": [
        121.346804,
        31.602716,
        121.356804,
        31.592716
    ],
    "image_path": "CitySatellite\\Shanghai\\5908.jpg",
    "poi": [],
    "places": [],
    "transport": [],
    "traffic": [],
    "buildings": [],
    "landuse": [],
    "road_inner": [],
    "road_connect": {},
    "population": [
        0.0
    ],
    "transport_embedding": [
        -0.1603376567363739,
        -0.8315296769142151,
        0.5432173609733582,
        -0.40823909640312195,
        0.3764169216156006,
        1.6412615776062012,
        -0.14252229034900665,
        -0.38653939962387085,
        1.3153316974639893,
        -0.188375785946846
    ],
    "roadnet_embedding": [
        1.152510404586792,
        -0.4250272512435913,
        0.017140286043286324,
        0.5509441494941711,
        -2.93030047416687,
        -0.05053325742483139,
        -0.024282343685626984,
        -0.09890826791524887,
        -0.07577599585056305,
        0.22355686128139496
    ],
    "function_embedding": [
        -0.6122807264328003,
        -0.288370817899704,
        -0.06516096740961075,
        0.09620486944913864,
        -1.48382568359375,
        -0.06542909890413284,
        -0.10376816987991333,
        -0.0746515691280365,
        -0.09649664163589478,
        0.27949756383895874
    ],
    "city_embedding": [
        -0.983723521232605,
        0.0036167511716485023,
        0.6694934964179993,
        1.3806318044662476,
        -0.5934169292449951,
        1.2560120820999146,
        0.1646505445241928,
        2.77662992477417,
        2.3926258087158203,
        3.5471549034118652
    ],
    "degree_embedding": [
        -0.9859232902526855,
        -0.14980502426624298,
        1.1363672018051147,
        1.3890211582183838,
        1.9668338298797607,
        -0.10017327964305878,
        -0.9014211297035217,
        -0.5218036770820618,
        0.12516868114471436,
        0.34269973635673523
    ]
}