{
    "id": 5910,
    "range": [
        121.346804,
        31.582716,
        121.356804,
        31.572716
    ],
    "image_path": "CitySatellite\\Shanghai\\5910.jpg",
    "poi": [],
    "places": [],
    "transport": [],
    "traffic": [],
    "buildings": [],
    "landuse": [],
    "road_inner": [],
    "road_connect": {},
    "population": [
        0.0
    ],
    "transport_embedding": [
        -0.08874975144863129,
        -0.7718144655227661,
        0.3694753050804138,
        -0.6497188210487366,
        -0.1385008543729782,
        2.0033562183380127,
        0.755795419216156,
        0.7506835460662842,
        0.9460664987564087,
        -0.3621140718460083
    ],
    "roadnet_embedding": [
        1.0810935497283936,
        -0.4297337830066681,
        0.039136599749326706,
        0.5683242678642273,
        -2.8084733486175537,
        -0.08675895631313324,
        0.006435324903577566,
        -0.1348973512649536,
        0.038816750049591064,
        0.16069254279136658
    ],
    "function_embedding": [
        -0.6089184284210205,
        -0.2933485209941864,
        -0.059409551322460175,
        0.07404445111751556,
        -1.4858042001724243,
        -0.0405195988714695,
        -0.11966600269079208,
        -0.0694979652762413,
        -0.14163655042648315,
        0.2830082178115845
    ],
    "city_embedding": [
        -0.983723521232605,
        0.0036167511716485023,
        0.6694934964179993,
        1.3806318044662476,
        -0.5934169292449951,
        1.2560120820999146,
        0.1646505445241928,
        2.77662992477417,
        2.3926258087158203,
        3.5471549034118652
    ],
    "degree_embedding": [
        -0.9859232902526855,
        -0.14980502426624298,
        1.1363672018051147,
        1.3890211582183838,
        1.9668338298797607,
        -0.10017327964305878,
        -0.9014211297035217,
        -0.5218036770820618,
        0.12516868114471436,
        0.34269973635673523
    ]
}