{
    "id": 5944,
    "range": [
        121.346804,
        31.242716,
        121.356804,
        31.232716
    ],
    "image_path": "CitySatellite\\Shanghai\\5944.jpg",
    "poi": [
        [
            2082,
            1,
            2
        ],
        [
            2511,
            1,
            6
        ],
        [
            2901,
            1,
            0
        ],
        [
            2902,
            2,
            0
        ],
        [
            2725,
            1,
            0
        ],
        [
            2906,
            3,
            0
        ]
    ],
    "places": [],
    "transport": [
        [
            5621,
            10,
            1
        ]
    ],
    "traffic": [
        [
            5331,
            1,
            0
        ],
        [
            5201,
            6,
            3
        ],
        [
            5270,
            1,
            0
        ],
        [
            5204,
            10,
            1
        ]
    ],
    "buildings": [
        71,
        57036.0045
    ],
    "landuse": [
        [
            7209,
            5,
            2,
            1.2424438333333334
        ],
        [
            7202,
            3,
            0,
            0.871747
        ],
        [
            7218,
            5,
            5,
            0.258779
        ],
        [
            7203,
            12,
            1,
            2.607080166666667
        ],
        [
            7201,
            11,
            4,
            0.346081
        ],
        [
            7204,
            1,
            3,
            0.018474333333333332
        ]
    ],
    "road_inner": [
        [
            5115,
            10,
            3,
            3447.9401666666663
        ],
        [
            5122,
            4,
            4,
            1290.292
        ],
        [
            5121,
            5,
            4,
            1446.7633333333333
        ],
        [
            5141,
            19,
            5,
            1478.5923333333335
        ],
        [
            5153,
            22,
            5,
            4494.425333333333
        ],
        [
            5142,
            1,
            5,
            41.645
        ],
        [
            5124,
            1,
            5,
            125.582
        ],
        [
            5113,
            1.0,
            2,
            528.46825
        ],
        [
            5114,
            1.0,
            2,
            378.5175
        ]
    ],
    "road_connect": {
        "6184": {
            "2": 1
        },
        "5943": {
            "2": 1,
            "5": 1,
            "3": 2
        },
        "6064": {
            "2": 1,
            "3": 2,
            "4": 6,
            "5": 5
        },
        "5824": {
            "3": 2,
            "4": 1,
            "2": 1,
            "5": 9
        },
        "5945": {
            "4": 3,
            "3": 2,
            "2": 1,
            "5": 1
        },
        "5825": {
            "3": 1
        },
        "5823": {
            "5": 1
        },
        "6063": {
            "3": 1
        },
        "6065": {
            "5": 1
        }
    },
    "population": [
        8877.792804718018
    ],
    "transport_embedding": [
        -2.4627583026885986,
        0.4447624385356903,
        -1.103655219078064,
        -0.16526436805725098,
        0.9770889282226562,
        0.42410221695899963,
        0.3092252016067505,
        -0.03823232650756836,
        -0.16173553466796875,
        -0.8572945594787598
    ],
    "roadnet_embedding": [
        1.058056116104126,
        -0.9837549924850464,
        -1.0656676292419434,
        0.7609929442405701,
        0.5138251781463623,
        1.717353343963623,
        0.09109625220298767,
        1.6518856287002563,
        0.49272963404655457,
        -0.4372210204601288
    ],
    "function_embedding": [
        -1.6246577501296997,
        -0.017570137977600098,
        -2.126756191253662,
        2.122676372528076,
        0.7792315483093262,
        0.20354455709457397,
        -0.552197277545929,
        -0.2787603437900543,
        -0.7538319230079651,
        -0.7693756818771362
    ],
    "city_embedding": [
        -1.0096286535263062,
        0.1805330067873001,
        -0.3506418764591217,
        2.239577054977417,
        -0.7647430300712585,
        0.11564535647630692,
        0.8481634259223938,
        4.275867462158203,
        2.125216007232666,
        2.706150531768799
    ],
    "degree_embedding": [
        -1.006554365158081,
        -0.013820838183164597,
        1.1272345781326294,
        -0.0945880264043808,
        -1.4233981370925903,
        -0.44636186957359314,
        -1.0076900720596313,
        -1.2442010641098022,
        1.5036288499832153,
        1.1290477514266968
    ]
}