{
    "id": 5945,
    "range": [
        121.346804,
        31.232716,
        121.356804,
        31.222716
    ],
    "image_path": "CitySatellite\\Shanghai\\5945.jpg",
    "poi": [
        [
            2601,
            2,
            0
        ],
        [
            2511,
            10,
            6
        ],
        [
            2303,
            21,
            4
        ],
        [
            2301,
            39,
            4
        ],
        [
            2901,
            2,
            0
        ],
        [
            2906,
            10,
            0
        ],
        [
            2502,
            4,
            6
        ],
        [
            2602,
            1,
            0
        ],
        [
            2302,
            7,
            4
        ],
        [
            2525,
            1,
            6
        ],
        [
            2561,
            2,
            6
        ],
        [
            2529,
            4,
            6
        ],
        [
            2121,
            2,
            0
        ],
        [
            2111,
            1,
            0
        ],
        [
            2203,
            1,
            3
        ],
        [
            2519,
            1,
            6
        ],
        [
            2401,
            2,
            5
        ],
        [
            2001,
            1,
            2
        ],
        [
            2421,
            1,
            5
        ],
        [
            2902,
            2,
            0
        ],
        [
            2512,
            1,
            6
        ]
    ],
    "places": [],
    "transport": [
        [
            5621,
            13,
            1
        ]
    ],
    "traffic": [
        [
            5201,
            2,
            3
        ],
        [
            5204,
            11,
            1
        ],
        [
            5270,
            1,
            0
        ]
    ],
    "buildings": [
        95,
        192109.1265
    ],
    "landuse": [
        [
            7209,
            11,
            2,
            3.488433333333333
        ],
        [
            7202,
            1,
            0,
            0.12031
        ],
        [
            7203,
            2,
            1,
            0.8239289999999999
        ],
        [
            7204,
            1,
            3,
            0.4239463333333333
        ]
    ],
    "road_inner": [
        [
            5114,
            4,
            2,
            1501.9273333333333
        ],
        [
            5112,
            2,
            1,
            3090.3801428571433
        ],
        [
            5115,
            3,
            3,
            1953.4756666666667
        ],
        [
            5141,
            18,
            5,
            1901.86
        ],
        [
            5121,
            15,
            4,
            2415.5054999999993
        ],
        [
            5153,
            24,
            5,
            2869.8270833333327
        ],
        [
            5132,
            2,
            1,
            279.68399999999997
        ],
        [
            5113,
            4,
            2,
            2310.971
        ],
        [
            5122,
            1.0,
            4,
            15.256
        ]
    ],
    "road_connect": {
        "5466": {
            "1": 2
        },
        "5465": {
            "1": 2
        },
        "5585": {
            "1": 2
        },
        "5705": {
            "1": 2
        },
        "5825": {
            "1": 2,
            "4": 3,
            "3": 3,
            "2": 2
        },
        "5346": {
            "1": 2
        },
        "5826": {
            "4": 1
        },
        "5824": {
            "4": 1
        },
        "5944": {
            "4": 3,
            "3": 2,
            "2": 1,
            "5": 1
        },
        "6065": {
            "3": 2,
            "2": 4,
            "5": 7,
            "1": 2,
            "4": 1
        },
        "5946": {
            "3": 2,
            "2": 3,
            "4": 3,
            "5": 3
        },
        "6066": {
            "5": 1
        }
    },
    "population": [
        14903.47225952148
    ],
    "transport_embedding": [
        -2.4650421142578125,
        0.4474208652973175,
        -1.187625527381897,
        -0.20093393325805664,
        1.0254874229431152,
        0.4260292053222656,
        0.2932453155517578,
        -0.0325932502746582,
        -0.14615631103515625,
        1.0769972801208496
    ],
    "roadnet_embedding": [
        -0.5901769399642944,
        -1.1423317193984985,
        -1.3958386182785034,
        0.9885700345039368,
        0.03834789991378784,
        0.4384540021419525,
        -0.33056405186653137,
        1.0149041414260864,
        0.9242196679115295,
        0.11059651523828506
    ],
    "function_embedding": [
        -1.7399601936340332,
        0.11943185329437256,
        -2.5353174209594727,
        2.2515621185302734,
        0.813817024230957,
        0.39586591720581055,
        -0.6126670837402344,
        0.21370506286621094,
        -0.9365334510803223,
        -1.6095995903015137
    ],
    "city_embedding": [
        -1.0481959581375122,
        -0.031626615673303604,
        -2.0030517578125,
        2.662121057510376,
        -0.8085198402404785,
        1.2886157035827637,
        1.058178186416626,
        -1.8385696411132812,
        0.3071480989456177,
        0.21956823766231537
    ],
    "degree_embedding": [
        -1.0463775396347046,
        1.593359112739563,
        1.1771862506866455,
        -0.1188257485628128,
        -1.030478596687317,
        0.15768752992153168,
        -2.0455031394958496,
        -1.4589145183563232,
        0.3016727864742279,
        -0.4839458167552948
    ]
}