{
    "id": 5946,
    "range": [
        121.346804,
        31.222716,
        121.356804,
        31.212716
    ],
    "image_path": "CitySatellite\\Shanghai\\5946.jpg",
    "poi": [
        [
            2302,
            6,
            4
        ],
        [
            2601,
            5,
            0
        ],
        [
            2511,
            5,
            6
        ],
        [
            2303,
            4,
            4
        ],
        [
            2602,
            2,
            0
        ],
        [
            2901,
            5,
            0
        ],
        [
            2251,
            1,
            3
        ],
        [
            2205,
            1,
            3
        ],
        [
            2301,
            10,
            4
        ],
        [
            2906,
            4,
            0
        ],
        [
            2306,
            1,
            4
        ],
        [
            2529,
            1,
            6
        ],
        [
            2907,
            1,
            0
        ]
    ],
    "places": [],
    "transport": [
        [
            5601,
            1,
            2
        ],
        [
            5621,
            17,
            1
        ]
    ],
    "traffic": [
        [
            5204,
            12,
            1
        ],
        [
            5206,
            1,
            2
        ]
    ],
    "buildings": [
        48,
        94022.82450000002
    ],
    "landuse": [
        [
            7209,
            9,
            2,
            2.7322811666666666
        ],
        [
            7202,
            4,
            0,
            2.1918949857142858
        ],
        [
            7203,
            14,
            1,
            3.770617000000001
        ],
        [
            7212,
            1,
            0,
            0.314879
        ]
    ],
    "road_inner": [
        [
            5122,
            6,
            4,
            704.052
        ],
        [
            5115,
            24,
            3,
            4487.856166666667
        ],
        [
            5114,
            26,
            2,
            5677.642833333333
        ],
        [
            5113,
            4,
            2,
            369.2355
        ],
        [
            5111,
            2,
            1,
            1051.2236666666668
        ],
        [
            5141,
            21,
            5,
            1880.0450000000005
        ],
        [
            5121,
            15,
            4,
            2188.4759999999997
        ],
        [
            5153,
            13,
            5,
            2010.6374166666665
        ],
        [
            5152,
            3,
            0,
            736.4703333333333
        ],
        [
            5131,
            1.0,
            1,
            688.5840000000001
        ],
        [
            5124,
            1.0,
            5,
            41.1415
        ]
    ],
    "road_connect": {
        "6186": {
            "3": 1,
            "5": 2
        },
        "6066": {
            "3": 4,
            "5": 7,
            "2": 3
        },
        "5826": {
            "1": 4,
            "2": 4,
            "0": 3,
            "4": 2,
            "5": 1
        },
        "5825": {
            "1": 2,
            "3": 1
        },
        "5947": {
            "0": 2,
            "1": 2,
            "5": 1,
            "2": 1,
            "3": 1
        },
        "5945": {
            "3": 2,
            "2": 3,
            "4": 3,
            "5": 3
        },
        "6067": {
            "3": 1,
            "2": 2
        },
        "6065": {
            "2": 1,
            "5": 1
        }
    },
    "population": [
        21858.84707641602
    ],
    "transport_embedding": [
        -2.4758141040802,
        0.4612669050693512,
        -1.2889257669448853,
        -0.24961161613464355,
        1.1113940477371216,
        0.435455322265625,
        0.29344749450683594,
        -0.043138980865478516,
        -0.14122772216796875,
        2.0796589851379395
    ],
    "roadnet_embedding": [
        -1.2514441013336182,
        -1.206013798713684,
        -0.3674357831478119,
        1.8433325290679932,
        -0.007924740202724934,
        -0.07238252460956573,
        0.08066917210817337,
        1.3693898916244507,
        0.6832451224327087,
        0.056211140006780624
    ],
    "function_embedding": [
        -1.7399601936340332,
        0.11943185329437256,
        -2.534748077392578,
        2.2514209747314453,
        0.8137874603271484,
        0.3954835832118988,
        -0.6125717163085938,
        0.21286463737487793,
        -0.936375617980957,
        -1.608498454093933
    ],
    "city_embedding": [
        -1.050561547279358,
        0.21783964335918427,
        -2.025195837020874,
        1.5986239910125732,
        -0.6334789991378784,
        -0.022269882261753082,
        2.517008066177368,
        0.41626495122909546,
        3.335684299468994,
        3.8137073516845703
    ],
    "degree_embedding": [
        -1.0268146991729736,
        0.7276129126548767,
        1.165944218635559,
        -0.5527592897415161,
        -1.4423532485961914,
        1.2014169692993164,
        -2.326742649078369,
        0.8478876948356628,
        0.30397674441337585,
        0.4378572702407837
    ]
}