{
    "id": 5947,
    "range": [
        121.346804,
        31.212716,
        121.356804,
        31.202716
    ],
    "image_path": "CitySatellite\\Shanghai\\5947.jpg",
    "poi": [
        [
            2511,
            3,
            6
        ],
        [
            2901,
            2,
            0
        ],
        [
            2528,
            2,
            6
        ],
        [
            2516,
            2,
            6
        ],
        [
            2601,
            1,
            0
        ],
        [
            2561,
            1,
            6
        ],
        [
            2101,
            2,
            0
        ],
        [
            2501,
            1,
            6
        ],
        [
            2543,
            1,
            6
        ],
        [
            2301,
            2,
            4
        ],
        [
            2004,
            1,
            2
        ],
        [
            2526,
            1,
            6
        ],
        [
            2902,
            11,
            0
        ],
        [
            2907,
            8,
            0
        ],
        [
            2593,
            1,
            6
        ],
        [
            2906,
            8,
            0
        ]
    ],
    "places": [
        [
            1050,
            1,
            0
        ]
    ],
    "transport": [
        [
            5621,
            10,
            1
        ]
    ],
    "traffic": [
        [
            5204,
            2,
            1
        ]
    ],
    "buildings": [
        4,
        9351.850999999999
    ],
    "landuse": [
        [
            7203,
            20,
            1,
            4.615298666666668
        ],
        [
            7202,
            2,
            0,
            2.0478544857142857
        ],
        [
            7212,
            1,
            0,
            0.029449
        ]
    ],
    "road_inner": [
        [
            5114,
            9,
            2,
            4455.9535
        ],
        [
            5121,
            2,
            4,
            928.6010000000001
        ],
        [
            5141,
            4,
            5,
            1097.038
        ],
        [
            5122,
            4,
            4,
            1020.5475
        ],
        [
            5115,
            10,
            3,
            2446.8084999999996
        ],
        [
            5111,
            10,
            1,
            2878.795
        ],
        [
            5152,
            10,
            0,
            2533.9538333333335
        ],
        [
            5153,
            7,
            5,
            1433.382
        ]
    ],
    "road_connect": {
        "5826": {
            "0": 1
        },
        "5946": {
            "0": 2,
            "1": 2,
            "5": 1,
            "2": 1,
            "3": 1
        },
        "5827": {
            "4": 5,
            "2": 4
        },
        "5948": {
            "4": 2,
            "3": 1,
            "1": 2,
            "2": 2,
            "0": 2
        },
        "6067": {
            "4": 1,
            "3": 2,
            "2": 1,
            "5": 1
        }
    },
    "population": [
        15802.04576873779
    ],
    "transport_embedding": [
        -1.95150625705719,
        -0.21199041604995728,
        -1.20659339427948,
        0.11523246765136719,
        -0.49494853615760803,
        0.015417098999023438,
        -0.7706255912780762,
        0.8827204704284668,
        0.5725746154785156,
        1.2426844835281372
    ],
    "roadnet_embedding": [
        -1.2918630838394165,
        -1.2095980644226074,
        -1.1338484287261963,
        0.8298978805541992,
        -0.20593367516994476,
        -0.09605758637189865,
        0.4033842980861664,
        0.045128483325242996,
        1.0137956142425537,
        0.2527790069580078
    ],
    "function_embedding": [
        -1.739959478378296,
        0.11943089962005615,
        -2.5352256298065186,
        2.2515392303466797,
        0.813812255859375,
        0.39580464363098145,
        -0.6126518249511719,
        0.21356964111328125,
        -0.9365081787109375,
        -1.6094481945037842
    ],
    "city_embedding": [
        -1.0547124147415161,
        -1.6809766292572021,
        -2.682654857635498,
        -0.8797377347946167,
        -0.9645532965660095,
        1.2093579769134521,
        0.9717736840248108,
        1.7396215200424194,
        3.6543095111846924,
        4.562802314758301
    ],
    "degree_embedding": [
        -1.0053579807281494,
        0.02912033535540104,
        -0.10084153711795807,
        -0.4729621708393097,
        -0.9027910232543945,
        0.090372733771801,
        -2.423157215118408,
        1.2314599752426147,
        -0.3659927248954773,
        -0.823687732219696
    ]
}