{
    "id": 5949,
    "range": [
        121.346804,
        31.192716,
        121.356804,
        31.182716
    ],
    "image_path": "CitySatellite\\Shanghai\\5949.jpg",
    "poi": [
        [
            2567,
            1,
            6
        ]
    ],
    "places": [],
    "transport": [
        [
            5621,
            8,
            1
        ]
    ],
    "traffic": [
        [
            5206,
            4,
            2
        ],
        [
            5201,
            14,
            3
        ],
        [
            5204,
            20,
            1
        ]
    ],
    "buildings": [
        43,
        34071.790499999996
    ],
    "landuse": [
        [
            7202,
            2,
            0,
            2.0478544857142857
        ],
        [
            7203,
            1,
            1,
            0.267265
        ],
        [
            7212,
            1,
            0,
            0.007984
        ]
    ],
    "road_inner": [
        [
            5131,
            34,
            1,
            7696.962499999998
        ],
        [
            5132,
            4,
            1,
            2249.463
        ],
        [
            5111,
            2,
            1,
            4207.112999999999
        ],
        [
            5133,
            6,
            2,
            460.43600000000004
        ],
        [
            5112,
            8,
            1,
            2247.77
        ],
        [
            5113,
            14,
            2,
            4382.7970000000005
        ],
        [
            5134,
            4,
            2,
            494.6205
        ],
        [
            5152,
            1,
            0,
            1668.5173333333332
        ],
        [
            5153,
            7,
            5,
            1453.2804999999998
        ],
        [
            5155,
            1,
            0,
            6.975
        ],
        [
            5141,
            3,
            5,
            368.634
        ],
        [
            5123,
            2,
            5,
            193.246
        ],
        [
            5115,
            1,
            3,
            2140.6555
        ],
        [
            5114,
            3,
            2,
            1712.1493
        ],
        [
            5121,
            1.0,
            4,
            191.116
        ],
        [
            5122,
            1.0,
            4,
            163.99733333333333
        ]
    ],
    "road_connect": {
        "5590": {
            "2": 1
        },
        "5710": {
            "2": 1
        },
        "5830": {
            "2": 1,
            "1": 2,
            "0": 2
        },
        "5829": {
            "2": 4,
            "1": 2,
            "0": 2,
            "3": 1
        },
        "5828": {
            "2": 1
        },
        "5948": {
            "2": 2,
            "1": 6,
            "3": 2,
            "4": 1,
            "5": 1
        },
        "5950": {
            "1": 11,
            "3": 3,
            "5": 2
        },
        "6070": {
            "1": 1,
            "4": 1
        },
        "6069": {
            "1": 8,
            "2": 6,
            "4": 1,
            "5": 1
        }
    },
    "population": [
        19316.03755187988
    ],
    "transport_embedding": [
        -2.4894115924835205,
        0.4788217842578888,
        -1.3899421691894531,
        -0.300091028213501,
        1.21533203125,
        0.44842174649238586,
        0.30486106872558594,
        -0.06551980972290039,
        -0.14554214477539062,
        -4.154848098754883
    ],
    "roadnet_embedding": [
        -4.040632247924805,
        -1.4744690656661987,
        -4.862612724304199,
        -1.3738124370574951,
        -1.5218887329101562,
        -1.8509293794631958,
        -5.008111000061035,
        0.5163364410400391,
        -8.226752281188965,
        -0.5783753395080566
    ],
    "function_embedding": [
        0.029431801289319992,
        -1.9452848434448242,
        -0.8915249705314636,
        -1.5244133472442627,
        0.7577093243598938,
        1.088380217552185,
        -0.9063426852226257,
        2.7402758598327637,
        2.592409610748291,
        -3.4905154705047607
    ],
    "city_embedding": [
        -1.0384198427200317,
        0.2338523119688034,
        -1.5111165046691895,
        0.5168771147727966,
        -0.44982966780662537,
        -0.3394632637500763,
        2.3002898693084717,
        2.700669288635254,
        3.423828363418579,
        3.837578058242798
    ],
    "degree_embedding": [
        -1.0909523963928223,
        3.5137782096862793,
        0.1827978789806366,
        0.03571333363652229,
        0.17617318034172058,
        2.9745306968688965,
        -2.393909215927124,
        -2.7934494018554688,
        1.9376194477081299,
        -1.5830518007278442
    ]
}