{
    "id": 5974,
    "range": [
        121.346804,
        30.942716,
        121.356804,
        30.932716
    ],
    "image_path": "CitySatellite\\Shanghai\\5974.jpg",
    "poi": [],
    "places": [],
    "transport": [],
    "traffic": [],
    "buildings": [],
    "landuse": [],
    "road_inner": [
        [
            5121,
            1,
            4,
            690.139
        ],
        [
            5141,
            1.0,
            5,
            240.789
        ]
    ],
    "road_connect": {
        "5854": {
            "4": 1
        },
        "5973": {
            "5": 1
        }
    },
    "population": [
        3.492965875864518
    ],
    "transport_embedding": [
        -0.23496919870376587,
        -0.7340482473373413,
        0.7616435289382935,
        -0.4770939350128174,
        0.803284227848053,
        0.8812037706375122,
        -1.1108310222625732,
        -0.777428925037384,
        0.6215083003044128,
        -0.08298750966787338
    ],
    "roadnet_embedding": [
        0.843280553817749,
        -0.7450738549232483,
        0.07731635868549347,
        -0.7623439431190491,
        -0.06788342446088791,
        -2.3280084133148193,
        -0.14508220553398132,
        1.0258413553237915,
        0.5523338913917542,
        -0.8230011463165283
    ],
    "function_embedding": [
        -0.5826440453529358,
        -0.3163357675075531,
        -0.017365524545311928,
        0.055768635123968124,
        -1.4379380941390991,
        -0.06650543212890625,
        -0.026148393750190735,
        -0.0906611979007721,
        -0.1843421757221222,
        0.13811025023460388
    ],
    "city_embedding": [
        -0.9837347269058228,
        0.0035879500210285187,
        0.6690322756767273,
        1.380149006843567,
        -0.59339839220047,
        1.2556710243225098,
        0.16521507501602173,
        2.7771151065826416,
        2.392362594604492,
        3.5462820529937744
    ],
    "degree_embedding": [
        -0.980995237827301,
        -0.4414023160934448,
        0.6035708785057068,
        1.0769495964050293,
        1.4869283437728882,
        0.12683270871639252,
        -0.3238888680934906,
        -0.8377190828323364,
        0.6701561808586121,
        -0.8626604080200195
    ]
}