{
    "id": 5975,
    "range": [
        121.346804,
        30.932716,
        121.356804,
        30.922716
    ],
    "image_path": "CitySatellite\\Shanghai\\5975.jpg",
    "poi": [],
    "places": [],
    "transport": [],
    "traffic": [],
    "buildings": [],
    "landuse": [],
    "road_inner": [],
    "road_connect": {},
    "population": [
        116.4313035011292
    ],
    "transport_embedding": [
        -0.25825759768486023,
        -0.40612271428108215,
        0.7474113702774048,
        -1.1257908344268799,
        0.300020307302475,
        -0.1687212437391281,
        -0.09598561376333237,
        2.213548421859741,
        -2.068190097808838,
        -0.5343946814537048
    ],
    "roadnet_embedding": [
        0.9794883728027344,
        -0.4600524306297302,
        0.1271454393863678,
        0.5731974244117737,
        -2.6655967235565186,
        -0.22522103786468506,
        0.06379853934049606,
        -0.005899448879063129,
        -0.07374344766139984,
        0.30519166588783264
    ],
    "function_embedding": [
        -0.5878026485443115,
        -0.3221466541290283,
        -0.09438762813806534,
        0.10567043721675873,
        -1.4403021335601807,
        -0.06129094213247299,
        0.011786472983658314,
        -0.0884605348110199,
        -0.07070529460906982,
        0.3525070548057556
    ],
    "city_embedding": [
        -0.9840957522392273,
        0.002759044524282217,
        0.654000997543335,
        1.364409327507019,
        -0.5957704782485962,
        1.2447311878204346,
        0.18276959657669067,
        2.7937726974487305,
        2.3840279579162598,
        3.5158097743988037
    ],
    "degree_embedding": [
        -0.9859232902526855,
        -0.14980502426624298,
        1.1363672018051147,
        1.3890211582183838,
        1.9668338298797607,
        -0.10017327964305878,
        -0.9014211297035217,
        -0.5218036770820618,
        0.12516868114471436,
        0.34269973635673523
    ]
}