{
    "id": 5998,
    "range": [
        121.346804,
        30.702716,
        121.356804,
        30.692716
    ],
    "image_path": "CitySatellite\\Shanghai\\5998.jpg",
    "poi": [],
    "places": [],
    "transport": [],
    "traffic": [],
    "buildings": [],
    "landuse": [],
    "road_inner": [],
    "road_connect": {},
    "population": [
        0.0
    ],
    "transport_embedding": [
        -0.27932342886924744,
        -0.7805559039115906,
        0.978377640247345,
        -0.25661662220954895,
        0.7714323401451111,
        0.07816886156797409,
        -0.7697025537490845,
        -0.6215567588806152,
        0.7491834759712219,
        0.009099048562347889
    ],
    "roadnet_embedding": [
        1.0512653589248657,
        -0.43640199303627014,
        0.0645083338022232,
        0.665877103805542,
        -2.9370474815368652,
        0.005982525181025267,
        0.05814677104353905,
        -0.2124989628791809,
        -0.060845013707876205,
        0.2582174241542816
    ],
    "function_embedding": [
        -0.6169769167900085,
        -0.2812315821647644,
        -0.042161725461483,
        0.1075792908668518,
        -1.4572527408599854,
        -0.12383133918046951,
        -0.06968400627374649,
        -0.14524754881858826,
        -0.0021278904750943184,
        0.29782241582870483
    ],
    "city_embedding": [
        -0.983723521232605,
        0.0036167511716485023,
        0.6694934964179993,
        1.3806318044662476,
        -0.5934169292449951,
        1.2560120820999146,
        0.1646505445241928,
        2.77662992477417,
        2.3926258087158203,
        3.5471549034118652
    ],
    "degree_embedding": [
        -0.9859232902526855,
        -0.14980502426624298,
        1.1363672018051147,
        1.3890211582183838,
        1.9668338298797607,
        -0.10017327964305878,
        -0.9014211297035217,
        -0.5218036770820618,
        0.12516868114471436,
        0.34269973635673523
    ]
}