{
    "id": 5999,
    "range": [
        121.346804,
        30.692716,
        121.356804,
        30.682716
    ],
    "image_path": "CitySatellite\\Shanghai\\5999.jpg",
    "poi": [],
    "places": [],
    "transport": [],
    "traffic": [],
    "buildings": [],
    "landuse": [],
    "road_inner": [],
    "road_connect": {},
    "population": [
        0.0
    ],
    "transport_embedding": [
        -0.2938823103904724,
        -0.5016514658927917,
        0.6894586682319641,
        -0.9782371520996094,
        0.5558079481124878,
        -1.016857624053955,
        -1.0816906690597534,
        1.5993214845657349,
        -1.428177833557129,
        -0.39065441489219666
    ],
    "roadnet_embedding": [
        1.0341769456863403,
        -0.43706342577934265,
        0.10203351080417633,
        0.6525885462760925,
        -2.9083495140075684,
        -0.027127202600240707,
        0.04515779763460159,
        -0.13441170752048492,
        -0.0765785351395607,
        0.3504509925842285
    ],
    "function_embedding": [
        -0.6134660840034485,
        -0.30580979585647583,
        -0.08879172056913376,
        0.08077646791934967,
        -1.436381220817566,
        -0.05663198605179787,
        -0.06164364144206047,
        -0.030872371047735214,
        -0.06285122781991959,
        0.3164769411087036
    ],
    "city_embedding": [
        -0.983723521232605,
        0.0036167511716485023,
        0.6694934964179993,
        1.3806318044662476,
        -0.5934169292449951,
        1.2560120820999146,
        0.1646505445241928,
        2.77662992477417,
        2.3926258087158203,
        3.5471549034118652
    ],
    "degree_embedding": [
        -0.9859232902526855,
        -0.14980502426624298,
        1.1363672018051147,
        1.3890211582183838,
        1.9668338298797607,
        -0.10017327964305878,
        -0.9014211297035217,
        -0.5218036770820618,
        0.12516868114471436,
        0.34269973635673523
    ]
}