{
    "id": 6006,
    "range": [
        121.356804,
        31.822716,
        121.366804,
        31.812716
    ],
    "image_path": "CitySatellite\\Shanghai\\6006.jpg",
    "poi": [],
    "places": [],
    "transport": [],
    "traffic": [],
    "buildings": [],
    "landuse": [
        [
            7229,
            4,
            5,
            12.324022034722223
        ],
        [
            7215,
            1,
            5,
            0.7213321666666667
        ]
    ],
    "road_inner": [
        [
            5142,
            1.0,
            5,
            576.327
        ]
    ],
    "road_connect": {
        "6126": {
            "5": 1
        }
    },
    "population": [
        160.0423865318298
    ],
    "transport_embedding": [
        -0.09988806396722794,
        -0.7655314207077026,
        0.41779056191444397,
        -0.7373600006103516,
        -0.4213394224643707,
        -0.041246429085731506,
        0.9235098361968994,
        1.5954891443252563,
        0.4256526231765747,
        -0.26395300030708313
    ],
    "roadnet_embedding": [
        1.2698938846588135,
        -0.6782621741294861,
        -0.11262237280607224,
        0.19235093891620636,
        -0.272628515958786,
        -1.039459228515625,
        0.11848363280296326,
        -0.1351451277732849,
        -0.5306724905967712,
        -1.3381925821304321
    ],
    "function_embedding": [
        -1.6337785720825195,
        -0.006732821464538574,
        2.0782196521759033,
        1.0969834327697754,
        0.5582156181335449,
        -2.6666009426116943,
        0.1602935791015625,
        0.9179002046585083,
        -0.08280328661203384,
        0.7540763020515442
    ],
    "city_embedding": [
        -0.9842349886894226,
        0.00244848127476871,
        0.6482077836990356,
        1.3583405017852783,
        -0.5966930389404297,
        1.2405123710632324,
        0.18951350450515747,
        2.8001787662506104,
        2.380871295928955,
        3.504034996032715
    ],
    "degree_embedding": [
        -0.9837243556976318,
        -0.280023455619812,
        1.1482605934143066,
        1.295678973197937,
        1.7516933679580688,
        -0.024124333634972572,
        -0.6183432340621948,
        -0.5882564187049866,
        0.31030943989753723,
        -0.11135394126176834
    ]
}