{
    "id": 6026,
    "range": [
        121.356804,
        31.622716,
        121.366804,
        31.612716
    ],
    "image_path": "CitySatellite\\Shanghai\\6026.jpg",
    "poi": [],
    "places": [],
    "transport": [],
    "traffic": [],
    "buildings": [],
    "landuse": [],
    "road_inner": [],
    "road_connect": {},
    "population": [
        0.0
    ],
    "transport_embedding": [
        -0.2008531242609024,
        -0.734438419342041,
        0.5299911499023438,
        -0.6347218751907349,
        0.8055891990661621,
        1.059890866279602,
        -0.3055557906627655,
        0.4326878786087036,
        -0.4257354140281677,
        -0.34529244899749756
    ],
    "roadnet_embedding": [
        1.0817291736602783,
        -0.42143216729164124,
        0.060668617486953735,
        0.5983837842941284,
        -3.0638163089752197,
        0.08128710091114044,
        0.060047827661037445,
        -0.1890932321548462,
        -0.0902925580739975,
        0.33210334181785583
    ],
    "function_embedding": [
        -0.5823742747306824,
        -0.30921849608421326,
        -0.08361165970563889,
        0.09271109849214554,
        -1.4776225090026855,
        -0.024061419069767,
        -0.13135400414466858,
        -0.01835528202354908,
        -0.05087026208639145,
        0.2572709619998932
    ],
    "city_embedding": [
        -0.983723521232605,
        0.0036167511716485023,
        0.6694934964179993,
        1.3806318044662476,
        -0.5934169292449951,
        1.2560120820999146,
        0.1646505445241928,
        2.77662992477417,
        2.3926258087158203,
        3.5471549034118652
    ],
    "degree_embedding": [
        -0.9859232902526855,
        -0.14980502426624298,
        1.1363672018051147,
        1.3890211582183838,
        1.9668338298797607,
        -0.10017327964305878,
        -0.9014211297035217,
        -0.5218036770820618,
        0.12516868114471436,
        0.34269973635673523
    ]
}