{
    "id": 6027,
    "range": [
        121.356804,
        31.612716,
        121.366804,
        31.602716
    ],
    "image_path": "CitySatellite\\Shanghai\\6027.jpg",
    "poi": [],
    "places": [],
    "transport": [],
    "traffic": [],
    "buildings": [],
    "landuse": [],
    "road_inner": [],
    "road_connect": {},
    "population": [
        0.0
    ],
    "transport_embedding": [
        -0.17546141147613525,
        -0.6534174680709839,
        0.5679288506507874,
        -0.7835960388183594,
        -0.2145138829946518,
        -0.07220854610204697,
        0.48597583174705505,
        1.2391197681427002,
        0.18618182837963104,
        -0.20595967769622803
    ],
    "roadnet_embedding": [
        1.0428506135940552,
        -0.4217909574508667,
        0.09830406308174133,
        0.631365954875946,
        -3.0378756523132324,
        0.07953382283449173,
        0.06598815321922302,
        -0.18483419716358185,
        -0.08073639124631882,
        0.3869667053222656
    ],
    "function_embedding": [
        -0.6106569766998291,
        -0.2764170467853546,
        -0.02711493708193302,
        0.07777897268533707,
        -1.494680404663086,
        -0.07363339513540268,
        -0.0459967665374279,
        -0.11750601977109909,
        -0.16536135971546173,
        0.21397395431995392
    ],
    "city_embedding": [
        -0.983723521232605,
        0.0036167511716485023,
        0.6694934964179993,
        1.3806318044662476,
        -0.5934169292449951,
        1.2560120820999146,
        0.1646505445241928,
        2.77662992477417,
        2.3926258087158203,
        3.5471549034118652
    ],
    "degree_embedding": [
        -0.9859232902526855,
        -0.14980502426624298,
        1.1363672018051147,
        1.3890211582183838,
        1.9668338298797607,
        -0.10017327964305878,
        -0.9014211297035217,
        -0.5218036770820618,
        0.12516868114471436,
        0.34269973635673523
    ]
}