{
    "id": 6029,
    "range": [
        121.356804,
        31.592716,
        121.366804,
        31.58271599999999
    ],
    "image_path": "CitySatellite\\Shanghai\\6029.jpg",
    "poi": [],
    "places": [],
    "transport": [],
    "traffic": [],
    "buildings": [],
    "landuse": [],
    "road_inner": [],
    "road_connect": {},
    "population": [
        0.0
    ],
    "transport_embedding": [
        -0.1134212464094162,
        -0.8036555051803589,
        0.43066200613975525,
        -0.5656587481498718,
        0.31956300139427185,
        1.8290667533874512,
        0.06088593974709511,
        0.1267818808555603,
        0.953568160533905,
        -0.26176077127456665
    ],
    "roadnet_embedding": [
        1.0674076080322266,
        -0.4305468201637268,
        0.07613970339298248,
        0.5277293920516968,
        -2.714021921157837,
        -0.16725319623947144,
        -0.03702518716454506,
        -0.04161950945854187,
        0.00043421570444479585,
        0.24417980015277863
    ],
    "function_embedding": [
        -0.619190514087677,
        -0.2778492569923401,
        -0.03796371817588806,
        0.0787726566195488,
        -1.4892947673797607,
        -0.08971212804317474,
        -0.0505383163690567,
        -0.09519536048173904,
        -0.14403103291988373,
        0.2820742428302765
    ],
    "city_embedding": [
        -0.983723521232605,
        0.0036167511716485023,
        0.6694934964179993,
        1.3806318044662476,
        -0.5934169292449951,
        1.2560120820999146,
        0.1646505445241928,
        2.77662992477417,
        2.3926258087158203,
        3.5471549034118652
    ],
    "degree_embedding": [
        -0.9859232902526855,
        -0.14980502426624298,
        1.1363672018051147,
        1.3890211582183838,
        1.9668338298797607,
        -0.10017327964305878,
        -0.9014211297035217,
        -0.5218036770820618,
        0.12516868114471436,
        0.34269973635673523
    ]
}