{
    "id": 6030,
    "range": [
        121.356804,
        31.582716,
        121.366804,
        31.572716
    ],
    "image_path": "CitySatellite\\Shanghai\\6030.jpg",
    "poi": [],
    "places": [],
    "transport": [],
    "traffic": [],
    "buildings": [],
    "landuse": [],
    "road_inner": [],
    "road_connect": {},
    "population": [
        0.0
    ],
    "transport_embedding": [
        -0.26187145709991455,
        -0.6892883777618408,
        0.74336838722229,
        -0.6180764436721802,
        1.40629243850708,
        0.4528363347053528,
        -1.0507577657699585,
        0.23803262412548065,
        -1.1574745178222656,
        -0.1919141411781311
    ],
    "roadnet_embedding": [
        1.1165380477905273,
        -0.41765496134757996,
        0.037983886897563934,
        0.5305124521255493,
        -2.9130895137786865,
        0.009587396867573261,
        -0.028062155470252037,
        -0.16747312247753143,
        0.01889880560338497,
        0.2801052927970886
    ],
    "function_embedding": [
        -0.6291929483413696,
        -0.27928033471107483,
        -0.04975590482354164,
        0.08989685773849487,
        -1.4668852090835571,
        -0.11291555315256119,
        -0.026217851787805557,
        -0.06963653117418289,
        -0.16602949798107147,
        0.3354880213737488
    ],
    "city_embedding": [
        -0.983723521232605,
        0.0036167511716485023,
        0.6694934964179993,
        1.3806318044662476,
        -0.5934169292449951,
        1.2560120820999146,
        0.1646505445241928,
        2.77662992477417,
        2.3926258087158203,
        3.5471549034118652
    ],
    "degree_embedding": [
        -0.9859232902526855,
        -0.14980502426624298,
        1.1363672018051147,
        1.3890211582183838,
        1.9668338298797607,
        -0.10017327964305878,
        -0.9014211297035217,
        -0.5218036770820618,
        0.12516868114471436,
        0.34269973635673523
    ]
}