{
    "id": 6064,
    "range": [
        121.356804,
        31.242716,
        121.366804,
        31.232716
    ],
    "image_path": "CitySatellite\\Shanghai\\6064.jpg",
    "poi": [
        [
            2401,
            1,
            5
        ],
        [
            2110,
            1,
            0
        ],
        [
            2501,
            1,
            6
        ],
        [
            2253,
            1,
            3
        ],
        [
            2541,
            3,
            6
        ],
        [
            2601,
            2,
            0
        ],
        [
            2302,
            2,
            4
        ],
        [
            2303,
            1,
            4
        ],
        [
            2502,
            1,
            6
        ],
        [
            2907,
            1,
            0
        ],
        [
            2301,
            1,
            4
        ]
    ],
    "places": [],
    "transport": [
        [
            5621,
            9,
            1
        ],
        [
            5601,
            1,
            2
        ]
    ],
    "traffic": [
        [
            5201,
            39,
            3
        ],
        [
            5204,
            58,
            1
        ]
    ],
    "buildings": [
        16,
        8796.402
    ],
    "landuse": [
        [
            7209,
            2,
            2,
            0.489215
        ],
        [
            7203,
            19,
            1,
            5.431423416666666
        ],
        [
            7204,
            2,
            3,
            0.44242066666666663
        ]
    ],
    "road_inner": [
        [
            5122,
            10,
            4,
            3519.214
        ],
        [
            5115,
            5,
            3,
            1749.3379999999997
        ],
        [
            5153,
            18,
            5,
            203.11800000000002
        ],
        [
            5141,
            10,
            5,
            583.1179999999998
        ],
        [
            5113,
            2,
            2,
            2898.569
        ],
        [
            5121,
            1.0,
            4,
            214.183
        ],
        [
            5152,
            1.0,
            0,
            427.1356666666667
        ]
    ],
    "road_connect": {
        "6184": {
            "4": 2,
            "3": 1,
            "2": 2
        },
        "6063": {
            "4": 3,
            "2": 3,
            "0": 2
        },
        "5943": {
            "2": 2
        },
        "5944": {
            "2": 1,
            "3": 2,
            "4": 6,
            "5": 5
        },
        "6185": {
            "4": 1
        },
        "6183": {
            "4": 1,
            "0": 2
        },
        "6065": {
            "2": 2,
            "3": 3,
            "4": 1
        }
    },
    "population": [
        19791.18043518066
    ],
    "transport_embedding": [
        -2.489511251449585,
        0.47894930839538574,
        -1.3932232856750488,
        -0.30150890350341797,
        1.2176904678344727,
        0.4487018585205078,
        0.3044586181640625,
        -0.06552934646606445,
        -0.14530181884765625,
        -4.178707122802734
    ],
    "roadnet_embedding": [
        -0.9610235095024109,
        -1.1763280630111694,
        0.9544532895088196,
        0.4676620364189148,
        -0.13685546815395355,
        0.15687349438667297,
        0.6762254238128662,
        -0.0730329379439354,
        -0.2981855273246765,
        0.18970610201358795
    ],
    "function_embedding": [
        -1.7356940507888794,
        0.11436283588409424,
        -2.306908369064331,
        2.191868782043457,
        0.801548957824707,
        0.25418779253959656,
        -0.575511634349823,
        -0.1074117049574852,
        -0.8709951043128967,
        -0.4441883862018585
    ],
    "city_embedding": [
        -1.0394877195358276,
        0.19345103204250336,
        -1.5606352090835571,
        -0.47939959168434143,
        -0.3401617407798767,
        -0.24925895035266876,
        2.5211904048919678,
        2.4053404331207275,
        3.456571102142334,
        3.2964417934417725
    ],
    "degree_embedding": [
        -1.019386649131775,
        0.6240612864494324,
        -0.10878387838602066,
        0.21672765910625458,
        -0.9710386395454407,
        -1.0655421018600464,
        -1.6445032358169556,
        0.617979109287262,
        -0.5947555899620056,
        0.2623016834259033
    ]
}