{
    "id": 6065,
    "range": [
        121.356804,
        31.232716,
        121.366804,
        31.222716
    ],
    "image_path": "CitySatellite\\Shanghai\\6065.jpg",
    "poi": [
        [
            2001,
            1,
            2
        ],
        [
            2901,
            1,
            0
        ],
        [
            2568,
            1,
            6
        ],
        [
            2401,
            1,
            5
        ],
        [
            2518,
            1,
            6
        ],
        [
            2593,
            1,
            6
        ],
        [
            2012,
            1,
            2
        ],
        [
            2906,
            10,
            0
        ],
        [
            2542,
            1,
            6
        ],
        [
            2902,
            22,
            0
        ],
        [
            2564,
            1,
            6
        ],
        [
            2301,
            1,
            4
        ],
        [
            2082,
            1,
            2
        ],
        [
            2101,
            2,
            0
        ],
        [
            2907,
            20,
            0
        ],
        [
            2725,
            2,
            0
        ],
        [
            2302,
            1,
            4
        ],
        [
            2501,
            1,
            6
        ],
        [
            2421,
            2,
            5
        ],
        [
            2004,
            1,
            2
        ],
        [
            2205,
            1,
            3
        ]
    ],
    "places": [
        [
            1004,
            1,
            4
        ]
    ],
    "transport": [
        [
            5621,
            1,
            1
        ]
    ],
    "traffic": [
        [
            5201,
            3,
            3
        ],
        [
            5204,
            10,
            1
        ],
        [
            5207,
            1,
            0
        ]
    ],
    "buildings": [
        50,
        64084.316999999995
    ],
    "landuse": [
        [
            7203,
            13,
            1,
            2.578956
        ],
        [
            7202,
            3,
            0,
            0.610206
        ],
        [
            7204,
            3,
            3,
            0.5646856666666666
        ],
        [
            7209,
            2,
            2,
            0.774628
        ]
    ],
    "road_inner": [
        [
            5113,
            6,
            2,
            2995.723166666666
        ],
        [
            5115,
            7,
            3,
            2878.0161666666663
        ],
        [
            5122,
            11,
            4,
            1481.9315000000001
        ],
        [
            5153,
            39,
            5,
            6233.77525
        ],
        [
            5121,
            7,
            4,
            1650.1684999999998
        ],
        [
            5152,
            3,
            0,
            546.6585
        ],
        [
            5141,
            29,
            5,
            2687.5419999999995
        ],
        [
            5132,
            1,
            1,
            215.23149999999998
        ],
        [
            5124,
            1,
            5,
            146.708
        ],
        [
            5155,
            5,
            0,
            30.946999999999996
        ],
        [
            5112,
            1.0,
            1,
            1723.627
        ],
        [
            5135,
            1.0,
            3,
            666.1055
        ],
        [
            5114,
            1.0,
            2,
            125.95133333333332
        ]
    ],
    "road_connect": {
        "6186": {
            "1": 2,
            "2": 2,
            "5": 2
        },
        "6185": {
            "1": 3,
            "2": 2,
            "5": 5,
            "3": 2,
            "4": 1,
            "0": 1
        },
        "6066": {
            "5": 6,
            "4": 3,
            "2": 1,
            "3": 1
        },
        "5825": {
            "3": 1
        },
        "5945": {
            "3": 2,
            "2": 4,
            "5": 7,
            "1": 2,
            "4": 1
        },
        "5946": {
            "2": 1,
            "5": 1
        },
        "5944": {
            "5": 1
        },
        "6064": {
            "2": 2,
            "3": 3,
            "4": 1
        }
    },
    "population": [
        24302.54423522949
    ],
    "transport_embedding": [
        -2.43178391456604,
        0.4080374836921692,
        -1.42001473903656,
        -0.2816295623779297,
        1.0850499868392944,
        -0.4382638931274414,
        0.5755459070205688,
        -0.6367776989936829,
        0.5631084442138672,
        -3.8869669437408447
    ],
    "roadnet_embedding": [
        0.4367290437221527,
        -1.043566107749939,
        -1.829627513885498,
        0.6828879714012146,
        0.30212166905403137,
        1.2353379726409912,
        -0.40006816387176514,
        3.8555727005004883,
        1.4641025066375732,
        1.0290720462799072
    ],
    "function_embedding": [
        -1.7399601936340332,
        0.11943185329437256,
        -2.5353171825408936,
        2.2515618801116943,
        0.813817024230957,
        0.39586567878723145,
        -0.6126670837402344,
        0.21370458602905273,
        -0.9365329742431641,
        -1.6095995903015137
    ],
    "city_embedding": [
        -1.0598325729370117,
        -1.1395301818847656,
        -2.7092134952545166,
        -0.39801377058029175,
        0.8992859125137329,
        -0.642943799495697,
        0.9120731949806213,
        3.122804880142212,
        5.944361209869385,
        6.7969746589660645
    ],
    "degree_embedding": [
        -1.0202993154525757,
        0.4340001344680786,
        1.888219952583313,
        -0.09087637066841125,
        -1.7808258533477783,
        0.9459056258201599,
        -1.7827777862548828,
        -1.2571145296096802,
        1.1750038862228394,
        1.4419540166854858
    ]
}