{
    "id": 6066,
    "range": [
        121.356804,
        31.222716,
        121.366804,
        31.212716
    ],
    "image_path": "CitySatellite\\Shanghai\\6066.jpg",
    "poi": [
        [
            2528,
            7,
            6
        ],
        [
            2301,
            8,
            4
        ],
        [
            2901,
            1,
            0
        ],
        [
            2101,
            2,
            0
        ],
        [
            2511,
            9,
            6
        ],
        [
            2601,
            3,
            0
        ],
        [
            2501,
            3,
            6
        ],
        [
            2543,
            3,
            6
        ],
        [
            2561,
            4,
            6
        ],
        [
            2205,
            1,
            3
        ],
        [
            2564,
            2,
            6
        ],
        [
            2001,
            2,
            2
        ],
        [
            2602,
            3,
            0
        ],
        [
            2512,
            5,
            6
        ],
        [
            2568,
            1,
            6
        ],
        [
            2906,
            5,
            0
        ],
        [
            2526,
            2,
            6
        ],
        [
            2513,
            1,
            6
        ],
        [
            2006,
            1,
            2
        ],
        [
            2544,
            1,
            6
        ],
        [
            2519,
            3,
            6
        ],
        [
            2302,
            2,
            4
        ],
        [
            2529,
            1,
            6
        ],
        [
            2520,
            2,
            6
        ],
        [
            2421,
            2,
            5
        ],
        [
            2401,
            2,
            5
        ],
        [
            2907,
            3,
            0
        ],
        [
            2902,
            3,
            0
        ],
        [
            2083,
            1,
            2
        ],
        [
            2082,
            1,
            2
        ],
        [
            2525,
            1,
            6
        ],
        [
            2542,
            1,
            6
        ],
        [
            2004,
            1,
            2
        ],
        [
            2111,
            1,
            0
        ],
        [
            2014,
            1,
            2
        ],
        [
            2303,
            1,
            4
        ]
    ],
    "places": [],
    "transport": [
        [
            5621,
            16,
            1
        ]
    ],
    "traffic": [
        [
            5204,
            27,
            1
        ]
    ],
    "buildings": [
        57,
        33926.94150000001
    ],
    "landuse": [
        [
            7203,
            25,
            1,
            6.085172999999999
        ],
        [
            7202,
            2,
            0,
            0.22044950000000002
        ]
    ],
    "road_inner": [
        [
            5154,
            4,
            5,
            544.437
        ],
        [
            5153,
            23,
            5,
            2130.89425
        ],
        [
            5124,
            3,
            5,
            209.9995
        ],
        [
            5122,
            23,
            4,
            2773.6695000000004
        ],
        [
            5141,
            42,
            5,
            2763.3645000000006
        ],
        [
            5113,
            5,
            2,
            1139.05
        ],
        [
            5115,
            10,
            3,
            3272.4829999999997
        ],
        [
            5121,
            1.0,
            4,
            358.8125
        ],
        [
            5114,
            1.0,
            2,
            931.9575
        ]
    ],
    "road_connect": {
        "6186": {
            "3": 2,
            "4": 1,
            "5": 5,
            "2": 1
        },
        "5946": {
            "3": 4,
            "5": 7,
            "2": 3
        },
        "6185": {
            "5": 1
        },
        "6065": {
            "5": 6,
            "4": 3,
            "2": 1,
            "3": 1
        },
        "6067": {
            "3": 2,
            "2": 3
        },
        "5945": {
            "5": 1
        }
    },
    "population": [
        40551.76362609863
    ],
    "transport_embedding": [
        -2.4894983768463135,
        0.47893261909484863,
        -1.3930248022079468,
        -0.3014183044433594,
        1.2175251245498657,
        0.4486865997314453,
        0.30446434020996094,
        -0.06550931930541992,
        -0.14531326293945312,
        -4.177716255187988
    ],
    "roadnet_embedding": [
        0.7970512509346008,
        -1.0088406801223755,
        -0.7994069457054138,
        0.7741082906723022,
        0.43439820408821106,
        1.5368444919586182,
        0.09882288426160812,
        1.3170440196990967,
        0.324363648891449,
        -0.24875372648239136
    ],
    "function_embedding": [
        -1.7399601936340332,
        0.11943185329437256,
        -2.5353169441223145,
        2.2515618801116943,
        0.813817024230957,
        0.39586567878723145,
        -0.6126670837402344,
        0.21370458602905273,
        -0.9365329742431641,
        -1.6095985174179077
    ],
    "city_embedding": [
        -1.080747365951538,
        0.7472547888755798,
        -3.110966444015503,
        -0.9754025936126709,
        -0.12849310040473938,
        -1.2963275909423828,
        2.9034228324890137,
        -0.3993494510650635,
        3.3713014125823975,
        6.880599021911621
    ],
    "degree_embedding": [
        -0.9949275255203247,
        -0.49877217411994934,
        1.8903605937957764,
        -0.24817794561386108,
        -1.4005677700042725,
        0.34866929054260254,
        -0.6445916295051575,
        -1.3318322896957397,
        1.6677035093307495,
        1.0881922245025635
    ]
}