{
    "id": 6067,
    "range": [
        121.356804,
        31.212716,
        121.366804,
        31.202716
    ],
    "image_path": "CitySatellite\\Shanghai\\6067.jpg",
    "poi": [
        [
            2601,
            4,
            0
        ],
        [
            2501,
            1,
            6
        ],
        [
            2542,
            1,
            6
        ],
        [
            2301,
            6,
            4
        ],
        [
            2302,
            1,
            4
        ],
        [
            2203,
            1,
            3
        ],
        [
            2101,
            2,
            0
        ],
        [
            2303,
            3,
            4
        ],
        [
            2522,
            1,
            6
        ],
        [
            2950,
            1,
            0
        ],
        [
            2901,
            2,
            0
        ],
        [
            2906,
            1,
            0
        ],
        [
            2526,
            1,
            6
        ],
        [
            2257,
            1,
            3
        ],
        [
            2511,
            2,
            6
        ],
        [
            2110,
            1,
            0
        ],
        [
            2525,
            1,
            6
        ],
        [
            2561,
            1,
            6
        ]
    ],
    "places": [],
    "transport": [
        [
            5621,
            8,
            1
        ]
    ],
    "traffic": [
        [
            5201,
            2,
            3
        ],
        [
            5204,
            7,
            1
        ]
    ],
    "buildings": [
        5,
        37676.1075
    ],
    "landuse": [
        [
            7203,
            20,
            1,
            4.5709715
        ],
        [
            7202,
            2,
            0,
            0.38682900000000003
        ],
        [
            7212,
            2,
            0,
            0.18186650000000001
        ],
        [
            7209,
            1,
            2,
            0.103425
        ]
    ],
    "road_inner": [
        [
            5115,
            20,
            3,
            5192.959333333333
        ],
        [
            5153,
            18,
            5,
            2875.905833333334
        ],
        [
            5141,
            6,
            5,
            820.9875000000001
        ],
        [
            5155,
            3,
            0,
            26.823999999999998
        ],
        [
            5122,
            3,
            4,
            751.3655000000001
        ],
        [
            5113,
            5,
            2,
            1415.4336666666666
        ],
        [
            5114,
            2,
            2,
            1222.3505
        ]
    ],
    "road_connect": {
        "6186": {
            "3": 1,
            "5": 1
        },
        "6187": {
            "3": 3,
            "5": 3,
            "2": 1
        },
        "6188": {
            "2": 1
        },
        "6068": {
            "2": 1,
            "3": 3,
            "4": 1
        },
        "5946": {
            "3": 1,
            "2": 2
        },
        "6066": {
            "3": 2,
            "2": 3
        },
        "5947": {
            "4": 1,
            "3": 2,
            "2": 1,
            "5": 1
        }
    },
    "population": [
        18330.67375946045
    ],
    "transport_embedding": [
        -2.2733049392700195,
        0.203902468085289,
        -0.6608241200447083,
        0.13313841819763184,
        0.3470369875431061,
        0.29428499937057495,
        0.1093829795718193,
        0.14295175671577454,
        -0.0806732177734375,
        0.5039194226264954
    ],
    "roadnet_embedding": [
        1.1086217164993286,
        -0.9787120819091797,
        0.03278534114360809,
        1.460438847541809,
        0.6787776947021484,
        1.6210111379623413,
        -0.39551347494125366,
        0.4030802547931671,
        -0.5154690146446228,
        1.7620313167572021
    ],
    "function_embedding": [
        -1.7399299144744873,
        0.11939585208892822,
        -2.516857147216797,
        2.2469844818115234,
        0.8128447532653809,
        0.38353878259658813,
        -0.6095657348632812,
        0.18653744459152222,
        -0.9314154982566833,
        -1.5603028535842896
    ],
    "city_embedding": [
        -1.0396381616592407,
        0.0850951299071312,
        -1.6041169166564941,
        0.6033229827880859,
        -0.49757346510887146,
        0.11278972774744034,
        2.617511749267578,
        2.1779136657714844,
        3.9974124431610107,
        3.440685987472534
    ],
    "degree_embedding": [
        -1.0011827945709229,
        -0.0734296515583992,
        0.40447479486465454,
        -1.99072265625,
        0.3045293092727661,
        -0.13299629092216492,
        0.40540069341659546,
        -0.28306716680526733,
        0.5219505429267883,
        -0.6777045726776123
    ]
}