{
    "id": 6074,
    "range": [
        121.356804,
        31.142716,
        121.366804,
        31.132716
    ],
    "image_path": "CitySatellite\\Shanghai\\6074.jpg",
    "poi": [
        [
            2501,
            1,
            6
        ],
        [
            2302,
            1,
            4
        ],
        [
            2301,
            8,
            4
        ],
        [
            2082,
            1,
            2
        ],
        [
            2528,
            1,
            6
        ],
        [
            2405,
            1,
            5
        ],
        [
            2701,
            1,
            0
        ],
        [
            2566,
            3,
            6
        ],
        [
            2511,
            1,
            6
        ],
        [
            2601,
            1,
            0
        ],
        [
            2303,
            1,
            4
        ]
    ],
    "places": [],
    "transport": [
        [
            5621,
            11,
            1
        ],
        [
            5601,
            1,
            2
        ]
    ],
    "traffic": [
        [
            5260,
            1,
            0
        ],
        [
            5207,
            1,
            0
        ],
        [
            5204,
            1,
            1
        ]
    ],
    "buildings": [
        4,
        14237.222
    ],
    "landuse": [
        [
            7202,
            1,
            0,
            1.924489
        ],
        [
            7203,
            11,
            1,
            4.198996083333333
        ],
        [
            7209,
            3,
            2,
            0.461465
        ]
    ],
    "road_inner": [
        [
            5115,
            7,
            3,
            2082.5615000000003
        ],
        [
            5141,
            4,
            5,
            1409.69
        ],
        [
            5122,
            6,
            4,
            1519.548
        ],
        [
            5114,
            3,
            2,
            1735.9093333333333
        ],
        [
            5123,
            9,
            5,
            2230.2379999999994
        ],
        [
            5153,
            3,
            5,
            109.572
        ],
        [
            5113,
            3,
            2,
            1485.7415
        ]
    ],
    "road_connect": {
        "6194": {
            "5": 8,
            "2": 2
        },
        "6193": {
            "5": 2
        },
        "6314": {
            "2": 1
        },
        "6073": {
            "2": 1,
            "5": 3,
            "4": 2
        },
        "5954": {
            "3": 1,
            "2": 3
        },
        "5955": {
            "2": 1
        },
        "6075": {
            "5": 2,
            "2": 2,
            "3": 1
        }
    },
    "population": [
        16416.02621459961
    ],
    "transport_embedding": [
        -2.1534605026245117,
        0.046293631196022034,
        -1.1948109865188599,
        -0.005550861358642578,
        0.051709339022636414,
        0.1693572998046875,
        -0.3796442747116089,
        0.5570721626281738,
        0.3174324035644531,
        1.6825474500656128
    ],
    "roadnet_embedding": [
        0.31930556893348694,
        -1.0538239479064941,
        -0.5428546667098999,
        0.8667701482772827,
        0.3233485221862793,
        1.034179449081421,
        0.8329720497131348,
        0.2816298305988312,
        -0.3256229758262634,
        -0.4865013360977173
    ],
    "function_embedding": [
        -1.739747166633606,
        0.1191786527633667,
        -2.4638187885284424,
        2.233823537826538,
        0.8100380897521973,
        0.35121577978134155,
        -0.6008491516113281,
        0.11207246035337448,
        -0.9167627096176147,
        -1.36130952835083
    ],
    "city_embedding": [
        -1.0323917865753174,
        0.08254113793373108,
        -1.3022162914276123,
        -0.023239262402057648,
        -0.4478243887424469,
        0.06253483146429062,
        2.3389766216278076,
        2.847020149230957,
        3.36277174949646,
        2.7854604721069336
    ],
    "degree_embedding": [
        -0.9772156476974487,
        -1.1541874408721924,
        1.7408223152160645,
        -0.12516701221466064,
        -1.201149582862854,
        0.524793267250061,
        -0.1996186375617981,
        -1.2980115413665771,
        0.22979210317134857,
        0.19454163312911987
    ]
}