{
    "id": 6117,
    "range": [
        121.356804,
        30.712716,
        121.366804,
        30.702716
    ],
    "image_path": "CitySatellite\\Shanghai\\6117.jpg",
    "poi": [],
    "places": [],
    "transport": [],
    "traffic": [],
    "buildings": [],
    "landuse": [],
    "road_inner": [
        [
            5141,
            1.0,
            5,
            452.635
        ]
    ],
    "road_connect": {
        "5996": {
            "5": 1
        },
        "5997": {
            "5": 1
        }
    },
    "population": [
        0.0
    ],
    "transport_embedding": [
        -0.10554780811071396,
        -0.8482968807220459,
        0.4394611716270447,
        -0.5109841227531433,
        0.03166105970740318,
        1.6639496088027954,
        0.08711419254541397,
        -0.16033248603343964,
        1.2269330024719238,
        -0.1812114119529724
    ],
    "roadnet_embedding": [
        1.2183501720428467,
        -0.6097093224525452,
        -0.04367481917142868,
        0.29245010018348694,
        -0.7967233657836914,
        -0.9149905443191528,
        0.06819728761911392,
        -0.1514427214860916,
        -0.3823506832122803,
        -1.030203938484192
    ],
    "function_embedding": [
        -0.5857020616531372,
        -0.31978774070739746,
        -0.07680292427539825,
        0.05256374552845955,
        -1.4123586416244507,
        -0.04124535992741585,
        -0.022693848237395287,
        -0.03796921297907829,
        -0.09490438550710678,
        0.23565959930419922
    ],
    "city_embedding": [
        -0.983723521232605,
        0.0036167511716485023,
        0.6694934964179993,
        1.3806318044662476,
        -0.5934169292449951,
        1.2560120820999146,
        0.1646505445241928,
        2.77662992477417,
        2.3926258087158203,
        3.5471549034118652
    ],
    "degree_embedding": [
        -0.9813666343688965,
        -0.4224967956542969,
        1.1640962362289429,
        1.1915993690490723,
        1.5031216144561768,
        0.06068969517946243,
        -0.3323799669742584,
        -0.6514042615890503,
        0.49402618408203125,
        -0.5870565176010132
    ]
}