{
    "id": 6148,
    "range": [
        121.366804,
        31.602716,
        121.376804,
        31.592716
    ],
    "image_path": "CitySatellite\\Shanghai\\6148.jpg",
    "poi": [],
    "places": [],
    "transport": [],
    "traffic": [],
    "buildings": [],
    "landuse": [],
    "road_inner": [],
    "road_connect": {},
    "population": [
        0.0
    ],
    "transport_embedding": [
        -0.3049134314060211,
        -0.669562816619873,
        0.6135595440864563,
        -0.6824114918708801,
        0.6826794147491455,
        -1.6270570755004883,
        -1.1047184467315674,
        0.8915615081787109,
        -0.3112490177154541,
        -0.2141292691230774
    ],
    "roadnet_embedding": [
        1.003549575805664,
        -0.4367786943912506,
        0.11731228977441788,
        0.5748960971832275,
        -2.8588993549346924,
        0.0005919742397964001,
        0.0745953842997551,
        -0.16698752343654633,
        -0.04693182185292244,
        0.3941667377948761
    ],
    "function_embedding": [
        -0.5896663665771484,
        -0.3161470293998718,
        -0.08023132383823395,
        0.025835778564214706,
        -1.419273853302002,
        -0.026718948036432266,
        -0.06545208394527435,
        -0.08536255359649658,
        -0.14106197655200958,
        0.293131560087204
    ],
    "city_embedding": [
        -0.983723521232605,
        0.0036167511716485023,
        0.6694934964179993,
        1.3806318044662476,
        -0.5934169292449951,
        1.2560120820999146,
        0.1646505445241928,
        2.77662992477417,
        2.3926258087158203,
        3.5471549034118652
    ],
    "degree_embedding": [
        -0.9859232902526855,
        -0.14980502426624298,
        1.1363672018051147,
        1.3890211582183838,
        1.9668338298797607,
        -0.10017327964305878,
        -0.9014211297035217,
        -0.5218036770820618,
        0.12516868114471436,
        0.34269973635673523
    ]
}