{
    "id": 6149,
    "range": [
        121.366804,
        31.592716,
        121.376804,
        31.58271599999999
    ],
    "image_path": "CitySatellite\\Shanghai\\6149.jpg",
    "poi": [],
    "places": [],
    "transport": [],
    "traffic": [],
    "buildings": [],
    "landuse": [],
    "road_inner": [],
    "road_connect": {},
    "population": [
        0.0
    ],
    "transport_embedding": [
        -0.1688813418149948,
        -0.7705385088920593,
        0.5093314051628113,
        -0.5599814057350159,
        0.6633833050727844,
        1.446005940437317,
        -0.31068089604377747,
        -0.08568538725376129,
        0.5193729400634766,
        -0.26218247413635254
    ],
    "roadnet_embedding": [
        0.9882861375808716,
        -0.4482165277004242,
        0.08501605689525604,
        0.6589606404304504,
        -2.972231388092041,
        -0.03805115446448326,
        0.1274937093257904,
        -0.1287418156862259,
        -0.08144497871398926,
        0.32352131605148315
    ],
    "function_embedding": [
        -0.5716431736946106,
        -0.33089950680732727,
        -0.06720404326915741,
        0.08750469237565994,
        -1.4609301090240479,
        -0.030530404299497604,
        -0.10661282390356064,
        -0.0475040040910244,
        -0.08532708883285522,
        0.2544420063495636
    ],
    "city_embedding": [
        -0.983723521232605,
        0.0036167511716485023,
        0.6694934964179993,
        1.3806318044662476,
        -0.5934169292449951,
        1.2560120820999146,
        0.1646505445241928,
        2.77662992477417,
        2.3926258087158203,
        3.5471549034118652
    ],
    "degree_embedding": [
        -0.9859232902526855,
        -0.14980502426624298,
        1.1363672018051147,
        1.3890211582183838,
        1.9668338298797607,
        -0.10017327964305878,
        -0.9014211297035217,
        -0.5218036770820618,
        0.12516868114471436,
        0.34269973635673523
    ]
}