{
    "id": 6150,
    "range": [
        121.366804,
        31.582716,
        121.376804,
        31.572716
    ],
    "image_path": "CitySatellite\\Shanghai\\6150.jpg",
    "poi": [],
    "places": [],
    "transport": [],
    "traffic": [],
    "buildings": [],
    "landuse": [],
    "road_inner": [],
    "road_connect": {},
    "population": [
        0.0
    ],
    "transport_embedding": [
        -0.06642064452171326,
        -0.7987521290779114,
        0.38294854760169983,
        -0.6932411193847656,
        -0.663182258605957,
        0.7772364020347595,
        1.4795738458633423,
        1.8168728351593018,
        0.4756939113140106,
        -0.3757361173629761
    ],
    "roadnet_embedding": [
        1.0911601781845093,
        -0.4230489730834961,
        0.06985753029584885,
        0.5649875998497009,
        -2.8927292823791504,
        -0.008205311372876167,
        -0.01716393232345581,
        -0.12799663841724396,
        -0.02027811110019684,
        0.3540048897266388
    ],
    "function_embedding": [
        -0.617924153804779,
        -0.2803384065628052,
        -0.052155621349811554,
        0.07619985938072205,
        -1.5030641555786133,
        -0.06582967936992645,
        -0.09228240698575974,
        -0.09042752534151077,
        -0.07764177769422531,
        0.26748716831207275
    ],
    "city_embedding": [
        -0.983723521232605,
        0.0036167511716485023,
        0.6694934964179993,
        1.3806318044662476,
        -0.5934169292449951,
        1.2560120820999146,
        0.1646505445241928,
        2.77662992477417,
        2.3926258087158203,
        3.5471549034118652
    ],
    "degree_embedding": [
        -0.9859232902526855,
        -0.14980502426624298,
        1.1363672018051147,
        1.3890211582183838,
        1.9668338298797607,
        -0.10017327964305878,
        -0.9014211297035217,
        -0.5218036770820618,
        0.12516868114471436,
        0.34269973635673523
    ]
}