{
    "id": 6151,
    "range": [
        121.366804,
        31.572716,
        121.376804,
        31.562716
    ],
    "image_path": "CitySatellite\\Shanghai\\6151.jpg",
    "poi": [],
    "places": [],
    "transport": [],
    "traffic": [],
    "buildings": [],
    "landuse": [],
    "road_inner": [],
    "road_connect": {},
    "population": [
        0.0
    ],
    "transport_embedding": [
        -0.15843647718429565,
        -0.7871310114860535,
        0.5577033758163452,
        -0.6026026010513306,
        0.19916781783103943,
        -0.3603304326534271,
        -0.1595156341791153,
        0.7861700057983398,
        0.4488028883934021,
        -0.15967361629009247
    ],
    "roadnet_embedding": [
        1.1077290773391724,
        -0.4359419643878937,
        0.03793865442276001,
        0.6378856897354126,
        -2.9776110649108887,
        -0.048985034227371216,
        0.0111484844237566,
        -0.11092928051948547,
        -0.07272461801767349,
        0.25454962253570557
    ],
    "function_embedding": [
        -0.6113393902778625,
        -0.28919103741645813,
        -0.10160685330629349,
        0.08740351349115372,
        -1.4745043516159058,
        -0.033732928335666656,
        -0.012186067178845406,
        -0.07093587517738342,
        -0.12016385793685913,
        0.39616307616233826
    ],
    "city_embedding": [
        -0.983723521232605,
        0.0036167511716485023,
        0.6694934964179993,
        1.3806318044662476,
        -0.5934169292449951,
        1.2560120820999146,
        0.1646505445241928,
        2.77662992477417,
        2.3926258087158203,
        3.5471549034118652
    ],
    "degree_embedding": [
        -0.9859232902526855,
        -0.14980502426624298,
        1.1363672018051147,
        1.3890211582183838,
        1.9668338298797607,
        -0.10017327964305878,
        -0.9014211297035217,
        -0.5218036770820618,
        0.12516868114471436,
        0.34269973635673523
    ]
}