{
    "id": 6183,
    "range": [
        121.366804,
        31.252716,
        121.376804,
        31.24271599999999
    ],
    "image_path": "CitySatellite\\Shanghai\\6183.jpg",
    "poi": [
        [
            2950,
            1,
            0
        ],
        [
            2721,
            1,
            0
        ],
        [
            2901,
            1,
            0
        ],
        [
            2904,
            1,
            0
        ]
    ],
    "places": [],
    "transport": [
        [
            5621,
            2,
            1
        ]
    ],
    "traffic": [
        [
            5201,
            17,
            3
        ],
        [
            5204,
            7,
            1
        ]
    ],
    "buildings": [
        13,
        8232.865
    ],
    "landuse": [
        [
            7203,
            14,
            1,
            4.46129
        ],
        [
            7218,
            1,
            5,
            0.007163
        ],
        [
            7202,
            2,
            0,
            0.28050600000000003
        ],
        [
            7212,
            1,
            0,
            0.16882
        ]
    ],
    "road_inner": [
        [
            5122,
            5,
            4,
            1907.2899999999997
        ],
        [
            5115,
            7,
            3,
            3798.2325
        ],
        [
            5121,
            2,
            4,
            777.527
        ],
        [
            5124,
            2,
            5,
            900.8050000000001
        ],
        [
            5113,
            2,
            2,
            552.5408333333334
        ],
        [
            5141,
            19,
            5,
            1812.0570000000002
        ],
        [
            5155,
            2,
            0,
            21.090000000000003
        ],
        [
            5153,
            1,
            5,
            35.176
        ],
        [
            5112,
            1.0,
            1,
            1644.018
        ],
        [
            5111,
            1.0,
            1,
            1318.1892500000001
        ],
        [
            5131,
            1.0,
            1,
            85.542
        ],
        [
            5152,
            1.0,
            0,
            427.1356666666667
        ]
    ],
    "road_connect": {
        "6184": {
            "3": 2,
            "5": 3,
            "4": 1
        },
        "6182": {
            "1": 2,
            "5": 1,
            "2": 2,
            "3": 1
        },
        "6063": {
            "2": 2,
            "4": 3,
            "1": 2,
            "0": 2,
            "3": 1
        },
        "6303": {
            "1": 5,
            "3": 4,
            "5": 9
        },
        "6064": {
            "4": 1,
            "0": 2
        },
        "5942": {
            "1": 2
        },
        "6062": {
            "1": 2
        }
    },
    "population": [
        20888.26577758789
    ],
    "transport_embedding": [
        -2.489417314529419,
        0.4788287580013275,
        -1.178084135055542,
        -0.2125558853149414,
        1.0826464891433716,
        0.44407153129577637,
        0.3405953645706177,
        -0.06998968124389648,
        -0.17672348022460938,
        1.3778949975967407
    ],
    "roadnet_embedding": [
        0.503372311592102,
        -1.0360945463180542,
        -0.7312639355659485,
        0.7990617156028748,
        0.3938388228416443,
        1.0072780847549438,
        -1.0300078392028809,
        -1.300908088684082,
        0.8653692007064819,
        0.9414072036743164
    ],
    "function_embedding": [
        -1.6022368669509888,
        -0.04417351260781288,
        -1.773658275604248,
        1.655069351196289,
        0.7949763536453247,
        -0.05520245432853699,
        -0.5540540218353271,
        -0.6437804698944092,
        -0.6468052864074707,
        0.8997775912284851
    ],
    "city_embedding": [
        -1.042438268661499,
        0.20203712582588196,
        -1.6791281700134277,
        -0.5948156714439392,
        -0.31258395314216614,
        -0.2714683413505554,
        2.6489784717559814,
        2.1053600311279297,
        3.6505351066589355,
        3.4760539531707764
    ],
    "degree_embedding": [
        -1.031133770942688,
        0.9684736132621765,
        1.6835229396820068,
        -0.5312461853027344,
        -1.0205814838409424,
        0.5839654803276062,
        -2.44273042678833,
        0.27502188086509705,
        0.5011600852012634,
        -1.0295330286026
    ]
}