{
    "id": 6186,
    "range": [
        121.366804,
        31.222716,
        121.376804,
        31.212716
    ],
    "image_path": "CitySatellite\\Shanghai\\6186.jpg",
    "poi": [
        [
            2405,
            1,
            5
        ],
        [
            2302,
            4,
            4
        ],
        [
            2404,
            1,
            5
        ],
        [
            2601,
            2,
            0
        ],
        [
            2111,
            2,
            0
        ],
        [
            2501,
            2,
            6
        ],
        [
            2303,
            7,
            4
        ],
        [
            2502,
            2,
            6
        ],
        [
            2511,
            5,
            6
        ],
        [
            2568,
            2,
            6
        ],
        [
            2543,
            1,
            6
        ],
        [
            2301,
            12,
            4
        ],
        [
            2561,
            4,
            6
        ],
        [
            2593,
            1,
            6
        ],
        [
            2033,
            1,
            2
        ],
        [
            2907,
            3,
            0
        ],
        [
            2906,
            11,
            0
        ],
        [
            2901,
            1,
            0
        ],
        [
            2004,
            1,
            2
        ],
        [
            2005,
            1,
            1
        ],
        [
            2602,
            1,
            0
        ],
        [
            2006,
            1,
            2
        ],
        [
            2110,
            1,
            0
        ],
        [
            2014,
            2,
            2
        ],
        [
            2101,
            1,
            0
        ],
        [
            2401,
            1,
            5
        ]
    ],
    "places": [
        [
            1002,
            1,
            2
        ],
        [
            1010,
            1,
            5
        ]
    ],
    "transport": [
        [
            5601,
            1,
            2
        ],
        [
            5621,
            7,
            1
        ]
    ],
    "traffic": [
        [
            5204,
            19,
            1
        ],
        [
            5206,
            3,
            2
        ],
        [
            5201,
            2,
            3
        ]
    ],
    "buildings": [
        47,
        48413.937
    ],
    "landuse": [
        [
            7203,
            16,
            1,
            3.0459144999999994
        ],
        [
            7202,
            10,
            0,
            0.4921326666666667
        ],
        [
            7209,
            1,
            2,
            0.163269
        ],
        [
            7212,
            1,
            0,
            0.032856
        ],
        [
            7204,
            2,
            3,
            0.824209
        ],
        [
            7201,
            14,
            4,
            0.1271365
        ],
        [
            7208,
            3,
            5,
            0.013944000000000002
        ]
    ],
    "road_inner": [
        [
            5115,
            16,
            3,
            4735.515
        ],
        [
            5132,
            18,
            1,
            5318.487999999999
        ],
        [
            5114,
            3,
            2,
            1190.7295
        ],
        [
            5112,
            7,
            1,
            5280.909
        ],
        [
            5113,
            12,
            2,
            3692.0396666666666
        ],
        [
            5141,
            4,
            5,
            473.05199999999996
        ],
        [
            5121,
            2,
            4,
            837.7025
        ],
        [
            5122,
            3,
            4,
            1661.1965
        ],
        [
            5124,
            5,
            5,
            513.828
        ],
        [
            5153,
            15,
            5,
            3422.7978333333335
        ],
        [
            5152,
            4,
            0,
            1268.23425
        ],
        [
            5155,
            1,
            0,
            10.821
        ],
        [
            5154,
            4,
            5,
            272.847
        ]
    ],
    "road_connect": {
        "6306": {
            "2": 3,
            "3": 1,
            "0": 2,
            "1": 4,
            "5": 2,
            "4": 8
        },
        "6426": {
            "2": 2,
            "0": 1,
            "5": 1
        },
        "6185": {
            "1": 8,
            "4": 2,
            "2": 2,
            "0": 2,
            "5": 4
        },
        "6187": {
            "1": 2,
            "2": 2,
            "3": 3,
            "4": 2,
            "5": 1
        },
        "6065": {
            "1": 2,
            "2": 2,
            "5": 2
        },
        "6067": {
            "3": 1,
            "5": 1
        },
        "5946": {
            "3": 1,
            "5": 2
        },
        "6066": {
            "3": 2,
            "4": 1,
            "5": 5,
            "2": 1
        }
    },
    "population": [
        54462.70291137695
    ],
    "transport_embedding": [
        -2.48848557472229,
        0.4776434898376465,
        -1.391451120376587,
        -0.30014824867248535,
        1.2134312391281128,
        0.4451017677783966,
        0.3038349151611328,
        -0.06581497192382812,
        -0.14203262329101562,
        -4.178689479827881
    ],
    "roadnet_embedding": [
        -2.7059590816497803,
        -1.3460196256637573,
        -3.7021679878234863,
        -0.39807575941085815,
        -0.9068589806556702,
        -0.9788232445716858,
        -3.601222276687622,
        -0.44510430097579956,
        -4.544003963470459,
        -0.9674072265625
    ],
    "function_embedding": [
        -1.7399601936340332,
        0.11943185329437256,
        -2.535288095474243,
        2.2515547275543213,
        0.8138155937194824,
        0.3958461284637451,
        -0.6126594543457031,
        0.21366167068481445,
        -0.9365253448486328,
        -1.6095529794692993
    ],
    "city_embedding": [
        -1.0983725786209106,
        5.479500770568848,
        -2.641087532043457,
        -0.05111490190029144,
        -0.4593501687049866,
        1.5715217590332031,
        -2.2903358936309814,
        3.4864633083343506,
        5.183237075805664,
        3.5634403228759766
    ],
    "degree_embedding": [
        -1.0632435083389282,
        2.2529819011688232,
        1.1905405521392822,
        0.8715489506721497,
        -1.4260503053665161,
        1.2397397756576538,
        -2.4218554496765137,
        -0.2672554850578308,
        0.8527742624282837,
        0.2028975635766983
    ]
}