{
    "id": 6187,
    "range": [
        121.366804,
        31.212716,
        121.376804,
        31.202716
    ],
    "image_path": "CitySatellite\\Shanghai\\6187.jpg",
    "poi": [
        [
            2110,
            2,
            0
        ],
        [
            2526,
            1,
            6
        ],
        [
            2303,
            1,
            4
        ],
        [
            2511,
            3,
            6
        ],
        [
            2301,
            1,
            4
        ],
        [
            2082,
            1,
            2
        ],
        [
            2542,
            1,
            6
        ]
    ],
    "places": [],
    "transport": [
        [
            5621,
            4,
            1
        ]
    ],
    "traffic": [
        [
            5201,
            3,
            3
        ],
        [
            5206,
            1,
            2
        ],
        [
            5204,
            2,
            1
        ]
    ],
    "buildings": [
        94,
        89994.5408333333
    ],
    "landuse": [
        [
            7203,
            8,
            1,
            2.180824
        ],
        [
            7202,
            1,
            0,
            0.015776000000000002
        ],
        [
            7212,
            2,
            0,
            0.1922565
        ],
        [
            7201,
            4,
            4,
            1.230948
        ],
        [
            7208,
            6,
            5,
            0.07277199999999999
        ]
    ],
    "road_inner": [
        [
            5115,
            3,
            3,
            4729.760499999999
        ],
        [
            5112,
            2,
            1,
            1465.7555
        ],
        [
            5141,
            11,
            5,
            1784.5361666666663
        ],
        [
            5132,
            1,
            1,
            107.403
        ],
        [
            5153,
            6,
            5,
            630.3488333333333
        ],
        [
            5122,
            18,
            4,
            2830.8629999999994
        ],
        [
            5133,
            1,
            2,
            50.291
        ],
        [
            5124,
            1,
            5,
            157.702
        ],
        [
            5113,
            1.0,
            2,
            1084.6390000000001
        ],
        [
            5114,
            1.0,
            2,
            615.0235
        ]
    ],
    "road_connect": {
        "6186": {
            "1": 2,
            "2": 2,
            "3": 3,
            "4": 2,
            "5": 1
        },
        "6067": {
            "3": 3,
            "5": 3,
            "2": 1
        },
        "6188": {
            "3": 1
        },
        "6068": {
            "3": 1
        },
        "6307": {
            "2": 1,
            "3": 4,
            "1": 2,
            "5": 1,
            "4": 4
        },
        "6427": {
            "3": 1
        },
        "6308": {
            "5": 1
        }
    },
    "population": [
        29541.83203887939
    ],
    "transport_embedding": [
        -1.8443279266357422,
        -0.2684917449951172,
        1.910638689994812,
        1.3328850269317627,
        -1.565346121788025,
        0.07431714981794357,
        0.362240731716156,
        0.04935237392783165,
        -0.5371551513671875,
        -0.35963478684425354
    ],
    "roadnet_embedding": [
        0.661013662815094,
        -1.0213186740875244,
        0.2794809639453888,
        1.0353167057037354,
        0.4796258807182312,
        1.2700098752975464,
        -0.7008132934570312,
        -0.5883635878562927,
        -0.4074960947036743,
        2.0285654067993164
    ],
    "function_embedding": [
        -1.6835200786590576,
        0.05237053334712982,
        -1.9334547519683838,
        2.0711910724639893,
        0.7775400280952454,
        0.08625715225934982,
        -0.5185639262199402,
        -0.5020685791969299,
        -0.7330654859542847,
        0.3618422746658325
    ],
    "city_embedding": [
        -1.0632429122924805,
        0.5136197209358215,
        -2.4627811908721924,
        1.0444875955581665,
        -0.4493134617805481,
        -0.8215754628181458,
        2.5049638748168945,
        0.27023348212242126,
        2.565037965774536,
        5.172122001647949
    ],
    "degree_embedding": [
        -1.0157006978988647,
        0.4984295070171356,
        0.6697593927383423,
        -1.993614673614502,
        0.29438745975494385,
        -0.9790503978729248,
        -0.49967750906944275,
        -0.1936141401529312,
        0.9506670832633972,
        -0.7896926403045654
    ]
}