{
    "id": 6194,
    "range": [
        121.366804,
        31.142716,
        121.376804,
        31.132716
    ],
    "image_path": "CitySatellite\\Shanghai\\6194.jpg",
    "poi": [
        [
            2901,
            2,
            0
        ],
        [
            2252,
            1,
            3
        ],
        [
            2902,
            2,
            0
        ],
        [
            2906,
            1,
            0
        ],
        [
            2742,
            1,
            0
        ],
        [
            2511,
            1,
            6
        ]
    ],
    "places": [],
    "transport": [
        [
            5621,
            2,
            1
        ],
        [
            5601,
            1,
            2
        ]
    ],
    "traffic": [
        [
            5201,
            4,
            3
        ],
        [
            5206,
            1,
            2
        ],
        [
            5204,
            4,
            1
        ]
    ],
    "buildings": [
        2,
        7914.359
    ],
    "landuse": [
        [
            7201,
            5,
            4,
            0.8979064999999999
        ],
        [
            7202,
            2,
            0,
            2.550497
        ],
        [
            7203,
            6,
            1,
            2.803269583333334
        ]
    ],
    "road_inner": [
        [
            5114,
            4,
            2,
            2962.925166666667
        ],
        [
            5153,
            29,
            5,
            3647.1764999999978
        ],
        [
            5131,
            6,
            1,
            1730.3999999999996
        ],
        [
            5115,
            2,
            3,
            1115.8206666666667
        ],
        [
            5111,
            6,
            1,
            1929.6664999999998
        ],
        [
            5121,
            1,
            4,
            819.8254999999999
        ],
        [
            5155,
            4,
            0,
            55.961000000000006
        ],
        [
            5152,
            2,
            0,
            184.558
        ],
        [
            5141,
            1.0,
            5,
            261.17966666666666
        ],
        [
            5122,
            1.0,
            4,
            315.4545
        ],
        [
            5123,
            1.0,
            5,
            982.688
        ]
    ],
    "road_connect": {
        "6193": {
            "1": 4,
            "5": 2,
            "3": 1,
            "4": 1
        },
        "6074": {
            "5": 8,
            "2": 2
        },
        "6195": {
            "2": 2,
            "3": 1,
            "5": 5,
            "1": 1
        },
        "6075": {
            "3": 1
        },
        "6314": {
            "3": 2,
            "1": 1,
            "2": 1,
            "5": 1,
            "4": 1
        },
        "6315": {
            "1": 1
        },
        "6073": {
            "2": 1
        }
    },
    "population": [
        14589.53001403809
    ],
    "transport_embedding": [
        -1.9902790784835815,
        -0.04129287227988243,
        1.186501145362854,
        0.8737826943397522,
        -0.6926944255828857,
        -0.3146113157272339,
        0.8333265781402588,
        -0.6454579830169678,
        -0.2914145588874817,
        -1.7602589130401611
    ],
    "roadnet_embedding": [
        -0.15447303652763367,
        -1.10037100315094,
        -1.5912431478500366,
        0.8111160397529602,
        0.14382398128509521,
        0.7514547109603882,
        -0.3521623909473419,
        0.8502253890037537,
        0.9665754437446594,
        0.07671921700239182
    ],
    "function_embedding": [
        -1.5618125200271606,
        -0.09224224835634232,
        -2.087597608566284,
        2.0697948932647705,
        0.7727805972099304,
        0.21111705899238586,
        -0.5543599724769592,
        -0.25341615080833435,
        -0.6967249512672424,
        -0.3734964430332184
    ],
    "city_embedding": [
        -1.0271127223968506,
        0.05864718183875084,
        -1.091543197631836,
        -0.10201571881771088,
        -0.4823295474052429,
        0.13918130099773407,
        2.1399354934692383,
        3.144230842590332,
        2.9818336963653564,
        2.383793354034424
    ],
    "degree_embedding": [
        -0.9997244477272034,
        -0.2786687910556793,
        2.1741209030151367,
        -0.42999324202537537,
        -1.0749808549880981,
        0.41857799887657166,
        -0.9046111702919006,
        -1.3553932905197144,
        0.8226814866065979,
        -0.5532821416854858
    ]
}