{
    "id": 6196,
    "range": [
        121.366804,
        31.122716,
        121.376804,
        31.112716
    ],
    "image_path": "CitySatellite\\Shanghai\\6196.jpg",
    "poi": [
        [
            2301,
            5,
            4
        ],
        [
            2405,
            3,
            5
        ],
        [
            2566,
            4,
            6
        ],
        [
            2501,
            3,
            6
        ],
        [
            2012,
            1,
            2
        ],
        [
            2511,
            8,
            6
        ],
        [
            2082,
            2,
            2
        ],
        [
            2502,
            1,
            6
        ],
        [
            2602,
            1,
            0
        ],
        [
            2517,
            1,
            6
        ],
        [
            2101,
            2,
            0
        ],
        [
            2303,
            1,
            4
        ],
        [
            2901,
            1,
            0
        ],
        [
            2601,
            3,
            0
        ],
        [
            2302,
            1,
            4
        ],
        [
            2013,
            1,
            2
        ]
    ],
    "places": [],
    "transport": [
        [
            5621,
            11,
            1
        ]
    ],
    "traffic": [
        [
            5206,
            3,
            2
        ]
    ],
    "buildings": [
        37,
        18298.599000000002
    ],
    "landuse": [
        [
            7211,
            2,
            0,
            0.138814
        ],
        [
            7218,
            3,
            5,
            0.1420605
        ],
        [
            7203,
            1,
            1,
            0.52321
        ]
    ],
    "road_inner": [
        [
            5115,
            2,
            3,
            1254.0425
        ],
        [
            5131,
            9,
            1,
            2619.402
        ],
        [
            5122,
            10,
            4,
            3886.7756666666655
        ],
        [
            5113,
            5,
            2,
            3407.47
        ],
        [
            5142,
            2,
            5,
            222.026
        ],
        [
            5114,
            1.0,
            2,
            909.2613333333334
        ],
        [
            5111,
            1.0,
            1,
            1482.1325000000002
        ],
        [
            5134,
            1.0,
            2,
            196.853
        ],
        [
            5141,
            1.0,
            5,
            430.8145
        ],
        [
            5133,
            1.0,
            2,
            77.65
        ]
    ],
    "road_connect": {
        "6195": {
            "2": 4,
            "3": 1
        },
        "6316": {
            "2": 6,
            "4": 1,
            "1": 7
        },
        "6075": {
            "2": 2
        },
        "6315": {
            "3": 1,
            "1": 1
        },
        "6435": {
            "3": 1
        },
        "6197": {
            "2": 4,
            "4": 5,
            "5": 1
        },
        "5956": {
            "2": 2
        },
        "6076": {
            "2": 3,
            "1": 2,
            "4": 2,
            "3": 1,
            "5": 1
        },
        "6317": {
            "4": 1
        },
        "6077": {
            "4": 2
        }
    },
    "population": [
        21262.27145385742
    ],
    "transport_embedding": [
        -2.074995279312134,
        -0.05252685025334358,
        -1.2773579359054565,
        0.006554603576660156,
        -0.15124934911727905,
        0.106719970703125,
        -0.5603406429290771,
        0.7089333534240723,
        0.4451751708984375,
        1.5399149656295776
    ],
    "roadnet_embedding": [
        -1.495336890220642,
        -1.2293437719345093,
        -1.0302257537841797,
        1.3591947555541992,
        -0.17123538255691528,
        -0.3079789876937866,
        -0.8468189239501953,
        -0.637744665145874,
        0.7548611164093018,
        -0.2812299132347107
    ],
    "function_embedding": [
        -1.7399518489837646,
        0.11942183971405029,
        -2.5285897254943848,
        2.2498939037323,
        0.8134632110595703,
        0.39136698842048645,
        -0.6115341186523438,
        0.2037973254919052,
        -0.9346709847450256,
        -1.5903805494308472
    ],
    "city_embedding": [
        -1.0422823429107666,
        0.271572470664978,
        -1.655640959739685,
        -0.1902499794960022,
        -0.3445056080818176,
        -0.4622265100479126,
        2.4806084632873535,
        2.4332518577575684,
        3.466029644012451,
        3.8835220336914062
    ],
    "degree_embedding": [
        -1.0377174615859985,
        1.2088940143585205,
        0.7302037477493286,
        -0.5728378891944885,
        -1.1339417695999146,
        0.44216620922088623,
        -1.1792924404144287,
        -1.8443771600723267,
        -1.8085721731185913,
        0.764025866985321
    ]
}