{
    "id": 6197,
    "range": [
        121.366804,
        31.112716,
        121.376804,
        31.102716
    ],
    "image_path": "CitySatellite\\Shanghai\\6197.jpg",
    "poi": [
        [
            2601,
            15,
            0
        ],
        [
            2501,
            2,
            6
        ],
        [
            2511,
            6,
            6
        ],
        [
            2405,
            1,
            5
        ],
        [
            2302,
            2,
            4
        ],
        [
            2519,
            2,
            6
        ],
        [
            2520,
            2,
            6
        ],
        [
            2512,
            5,
            6
        ],
        [
            2101,
            3,
            0
        ],
        [
            2303,
            3,
            4
        ],
        [
            2566,
            5,
            6
        ],
        [
            2203,
            1,
            3
        ],
        [
            2301,
            7,
            4
        ],
        [
            2901,
            4,
            0
        ],
        [
            2906,
            4,
            0
        ],
        [
            2525,
            1,
            6
        ],
        [
            2121,
            1,
            0
        ],
        [
            2515,
            1,
            6
        ],
        [
            2568,
            1,
            6
        ],
        [
            2561,
            1,
            6
        ]
    ],
    "places": [
        [
            1002,
            1,
            2
        ]
    ],
    "transport": [
        [
            5621,
            12,
            1
        ]
    ],
    "traffic": [
        [
            5201,
            14,
            3
        ],
        [
            5204,
            12,
            1
        ],
        [
            5263,
            3,
            0
        ]
    ],
    "buildings": [
        180,
        181525.15525
    ],
    "landuse": [
        [
            7203,
            18,
            1,
            3.1114694999999997
        ],
        [
            7218,
            2,
            5,
            0.147544
        ],
        [
            7202,
            3,
            0,
            0.6064915
        ],
        [
            7201,
            2,
            4,
            0.026887499999999998
        ],
        [
            7209,
            1,
            2,
            0.016611
        ]
    ],
    "road_inner": [
        [
            5122,
            64,
            4,
            11025.235499999999
        ],
        [
            5113,
            13,
            2,
            3239.153
        ],
        [
            5133,
            2,
            2,
            425.11899999999997
        ],
        [
            5141,
            33,
            5,
            2939.7215000000006
        ],
        [
            5153,
            20,
            5,
            1871.9804999999997
        ],
        [
            5115,
            2,
            3,
            392.04366666666664
        ]
    ],
    "road_connect": {
        "6198": {
            "4": 7,
            "5": 1
        },
        "6078": {
            "4": 2
        },
        "6196": {
            "2": 4,
            "4": 5,
            "5": 1
        },
        "6316": {
            "2": 2,
            "3": 1
        },
        "6317": {
            "4": 1,
            "3": 1,
            "5": 1,
            "2": 2
        },
        "6077": {
            "4": 12,
            "2": 1,
            "5": 3
        }
    },
    "population": [
        20594.99430847168
    ],
    "transport_embedding": [
        -2.4890294075012207,
        0.4783279299736023,
        -1.3419761657714844,
        -0.2800257205963135,
        1.1842049360275269,
        0.4472370147705078,
        0.3121376037597656,
        -0.06580591201782227,
        -0.15216827392578125,
        -0.22053465247154236
    ],
    "roadnet_embedding": [
        -1.6483291387557983,
        -1.2442330121994019,
        2.6171271800994873,
        1.1275142431259155,
        -0.2901798188686371,
        0.0872713029384613,
        -3.192061424255371,
        2.7458150386810303,
        0.200438991189003,
        -1.9282944202423096
    ],
    "function_embedding": [
        -1.7399601936340332,
        0.11943185329437256,
        -2.5352940559387207,
        2.251556158065796,
        0.8138160705566406,
        0.39585041999816895,
        -0.6126632690429688,
        0.2136707305908203,
        -0.9365272521972656,
        -1.6095683574676514
    ],
    "city_embedding": [
        -1.072341799736023,
        5.631631374359131,
        -1.5428014993667603,
        1.7735800743103027,
        -0.9457136988639832,
        4.401988506317139,
        -0.3610195815563202,
        6.371987819671631,
        1.5356559753417969,
        4.193692684173584
    ],
    "degree_embedding": [
        -1.0910935401916504,
        3.741497278213501,
        0.842789888381958,
        3.42531418800354,
        -0.38937222957611084,
        -1.9681816101074219,
        3.956209659576416,
        -1.0001164674758911,
        -0.9640688300132751,
        -1.9587469100952148
    ]
}