{
    "id": 6225,
    "range": [
        121.366804,
        30.832716,
        121.376804,
        30.822716
    ],
    "image_path": "CitySatellite\\Shanghai\\6225.jpg",
    "poi": [],
    "places": [],
    "transport": [],
    "traffic": [],
    "buildings": [],
    "landuse": [],
    "road_inner": [],
    "road_connect": {},
    "population": [
        256.1321954727173
    ],
    "transport_embedding": [
        -0.14921405911445618,
        -0.7707870006561279,
        0.49123695492744446,
        -0.6185172200202942,
        0.2278255969285965,
        0.6053863167762756,
        0.11591348797082901,
        0.853606104850769,
        0.38952696323394775,
        -0.29268720746040344
    ],
    "roadnet_embedding": [
        1.1210272312164307,
        -0.4299212396144867,
        0.04905427247285843,
        0.5939011573791504,
        -2.8531341552734375,
        -0.07974549382925034,
        -0.011412816122174263,
        -0.10732723772525787,
        -0.0900142565369606,
        0.20254354178905487
    ],
    "function_embedding": [
        -0.5522276163101196,
        -0.3492838442325592,
        -0.10107257962226868,
        0.07337599247694016,
        -1.4356759786605835,
        0.018532700836658478,
        -0.13369818031787872,
        0.007522799074649811,
        -0.016737831756472588,
        0.2531245946884155
    ],
    "city_embedding": [
        -0.9845413565635681,
        0.0017581511056050658,
        0.6354612708091736,
        1.3449854850769043,
        -0.5985196828842163,
        1.231192946434021,
        0.2044275552034378,
        2.81435489654541,
        2.3738532066345215,
        3.4782533645629883
    ],
    "degree_embedding": [
        -0.9859232902526855,
        -0.14980502426624298,
        1.1363672018051147,
        1.3890211582183838,
        1.9668338298797607,
        -0.10017327964305878,
        -0.9014211297035217,
        -0.5218036770820618,
        0.12516868114471436,
        0.34269973635673523
    ]
}