{
    "id": 6226,
    "range": [
        121.366804,
        30.822716,
        121.376804,
        30.812716
    ],
    "image_path": "CitySatellite\\Shanghai\\6226.jpg",
    "poi": [],
    "places": [],
    "transport": [],
    "traffic": [],
    "buildings": [],
    "landuse": [],
    "road_inner": [],
    "road_connect": {},
    "population": [
        16.67140674591064
    ],
    "transport_embedding": [
        -0.2893662452697754,
        -0.6726444363594055,
        0.867896318435669,
        -0.5454827547073364,
        0.9821237921714783,
        -0.24783657491207123,
        -1.5658537149429321,
        -0.5418868064880371,
        0.06905265152454376,
        0.015107544139027596
    ],
    "roadnet_embedding": [
        1.0774405002593994,
        -0.43409883975982666,
        0.07707933336496353,
        0.5911483764648438,
        -2.858778715133667,
        -0.07334421575069427,
        -0.0010808734223246574,
        -0.07590410113334656,
        -0.04396989569067955,
        0.330912709236145
    ],
    "function_embedding": [
        -0.6397861242294312,
        -0.2654132544994354,
        -0.03301096707582474,
        0.0764094665646553,
        -1.4761433601379395,
        -0.13659241795539856,
        0.014754221774637699,
        -0.09234762191772461,
        -0.1798437237739563,
        0.2955833375453949
    ],
    "city_embedding": [
        -0.9837767481803894,
        0.003496834309771657,
        0.6672773957252502,
        1.3783189058303833,
        -0.5937182307243347,
        1.2544025182724,
        0.1672450453042984,
        2.7790515422821045,
        2.391425371170044,
        3.542696475982666
    ],
    "degree_embedding": [
        -0.9859232902526855,
        -0.14980502426624298,
        1.1363672018051147,
        1.3890211582183838,
        1.9668338298797607,
        -0.10017327964305878,
        -0.9014211297035217,
        -0.5218036770820618,
        0.12516868114471436,
        0.34269973635673523
    ]
}