{
    "id": 6236,
    "range": [
        121.366804,
        30.722716,
        121.376804,
        30.712716
    ],
    "image_path": "CitySatellite\\Shanghai\\6236.jpg",
    "poi": [],
    "places": [],
    "transport": [],
    "traffic": [],
    "buildings": [],
    "landuse": [],
    "road_inner": [],
    "road_connect": {},
    "population": [
        0.0
    ],
    "transport_embedding": [
        -0.22823655605316162,
        -0.6632128357887268,
        0.6980920433998108,
        -0.7032957673072815,
        0.9101604223251343,
        0.3233840763568878,
        -1.1367326974868774,
        0.3420727849006653,
        -0.5384244918823242,
        -0.2086770087480545
    ],
    "roadnet_embedding": [
        0.9884011149406433,
        -0.44771796464920044,
        0.12070021778345108,
        0.6334246397018433,
        -2.848256826400757,
        -0.08147476613521576,
        0.08527051657438278,
        -0.09663940966129303,
        -0.0855565220117569,
        0.35122165083885193
    ],
    "function_embedding": [
        -0.6206607818603516,
        -0.2790548503398895,
        -0.07139413058757782,
        0.050037045031785965,
        -1.464040756225586,
        -0.1041666641831398,
        -0.04766179993748665,
        -0.1318892389535904,
        -0.09771795570850372,
        0.2826515734195709
    ],
    "city_embedding": [
        -0.983723521232605,
        0.0036167511716485023,
        0.6694934964179993,
        1.3806318044662476,
        -0.5934169292449951,
        1.2560120820999146,
        0.1646505445241928,
        2.77662992477417,
        2.3926258087158203,
        3.5471549034118652
    ],
    "degree_embedding": [
        -0.9859232902526855,
        -0.14980502426624298,
        1.1363672018051147,
        1.3890211582183838,
        1.9668338298797607,
        -0.10017327964305878,
        -0.9014211297035217,
        -0.5218036770820618,
        0.12516868114471436,
        0.34269973635673523
    ]
}