{
    "id": 6237,
    "range": [
        121.366804,
        30.712716,
        121.376804,
        30.702716
    ],
    "image_path": "CitySatellite\\Shanghai\\6237.jpg",
    "poi": [],
    "places": [],
    "transport": [],
    "traffic": [],
    "buildings": [],
    "landuse": [],
    "road_inner": [],
    "road_connect": {},
    "population": [
        0.0
    ],
    "transport_embedding": [
        -0.2116704136133194,
        -0.6382851600646973,
        0.6550257205963135,
        -0.7682672739028931,
        -0.0780143141746521,
        -0.7763633728027344,
        0.15879185497760773,
        1.2277036905288696,
        0.010693466290831566,
        -0.18194006383419037
    ],
    "roadnet_embedding": [
        1.0049062967300415,
        -0.43753165006637573,
        0.12194077670574188,
        0.5781868696212769,
        -2.8003358840942383,
        -0.08930237591266632,
        0.04935936629772186,
        -0.08908650279045105,
        -0.06452357769012451,
        0.35077059268951416
    ],
    "function_embedding": [
        -0.5975058674812317,
        -0.30872592329978943,
        -0.06370460987091064,
        -0.019303519278764725,
        -1.3987213373184204,
        -0.06998121738433838,
        -0.05558580160140991,
        -0.11541149020195007,
        -0.15121221542358398,
        0.23547358810901642
    ],
    "city_embedding": [
        -0.983723521232605,
        0.0036167511716485023,
        0.6694934964179993,
        1.3806318044662476,
        -0.5934169292449951,
        1.2560120820999146,
        0.1646505445241928,
        2.77662992477417,
        2.3926258087158203,
        3.5471549034118652
    ],
    "degree_embedding": [
        -0.9859232902526855,
        -0.14980502426624298,
        1.1363672018051147,
        1.3890211582183838,
        1.9668338298797607,
        -0.10017327964305878,
        -0.9014211297035217,
        -0.5218036770820618,
        0.12516868114471436,
        0.34269973635673523
    ]
}