{
    "id": 6238,
    "range": [
        121.366804,
        30.702716,
        121.376804,
        30.692716
    ],
    "image_path": "CitySatellite\\Shanghai\\6238.jpg",
    "poi": [],
    "places": [],
    "transport": [],
    "traffic": [],
    "buildings": [],
    "landuse": [],
    "road_inner": [],
    "road_connect": {},
    "population": [
        0.0
    ],
    "transport_embedding": [
        -0.17957468330860138,
        -0.7841134667396545,
        0.48393547534942627,
        -0.641534149646759,
        0.25387799739837646,
        -0.9893160462379456,
        -0.1620529741048813,
        1.1212290525436401,
        0.22355125844478607,
        -0.22020496428012848
    ],
    "roadnet_embedding": [
        1.0340323448181152,
        -0.43004482984542847,
        0.08134299516677856,
        0.5569698214530945,
        -2.768508195877075,
        -0.1310715526342392,
        0.02152513712644577,
        -0.06753584742546082,
        -0.02588217705488205,
        0.22515986859798431
    ],
    "function_embedding": [
        -0.551619827747345,
        -0.35422009229660034,
        -0.09202709048986435,
        0.09562753885984421,
        -1.4516223669052124,
        0.010252665728330612,
        -0.10161207616329193,
        0.001167060574516654,
        -0.050857558846473694,
        0.2665437161922455
    ],
    "city_embedding": [
        -0.983723521232605,
        0.0036167511716485023,
        0.6694934964179993,
        1.3806318044662476,
        -0.5934169292449951,
        1.2560120820999146,
        0.1646505445241928,
        2.77662992477417,
        2.3926258087158203,
        3.5471549034118652
    ],
    "degree_embedding": [
        -0.9859232902526855,
        -0.14980502426624298,
        1.1363672018051147,
        1.3890211582183838,
        1.9668338298797607,
        -0.10017327964305878,
        -0.9014211297035217,
        -0.5218036770820618,
        0.12516868114471436,
        0.34269973635673523
    ]
}