{
    "id": 6267,
    "range": [
        121.376804,
        31.612716,
        121.386804,
        31.602716
    ],
    "image_path": "CitySatellite\\Shanghai\\6267.jpg",
    "poi": [],
    "places": [],
    "transport": [],
    "traffic": [],
    "buildings": [],
    "landuse": [],
    "road_inner": [],
    "road_connect": {},
    "population": [
        0.0
    ],
    "transport_embedding": [
        -0.12532274425029755,
        -0.8733005523681641,
        0.46157360076904297,
        -0.38167935609817505,
        0.10737504065036774,
        1.8433952331542969,
        0.4408243000507355,
        -0.12759077548980713,
        1.5768455266952515,
        -0.18631131947040558
    ],
    "roadnet_embedding": [
        1.0121833086013794,
        -0.4481315016746521,
        0.1095099002122879,
        0.6015084385871887,
        -2.904059886932373,
        -0.06381900608539581,
        0.08749375492334366,
        -0.10142692178487778,
        -0.10129567980766296,
        0.357265442609787
    ],
    "function_embedding": [
        -0.6194677352905273,
        -0.3066130578517914,
        -0.08391502499580383,
        0.0339556448161602,
        -1.4053043127059937,
        -0.04876559227705002,
        -0.047725215554237366,
        -0.0738261342048645,
        -0.10088881850242615,
        0.2887297570705414
    ],
    "city_embedding": [
        -0.983723521232605,
        0.0036167511716485023,
        0.6694934964179993,
        1.3806318044662476,
        -0.5934169292449951,
        1.2560120820999146,
        0.1646505445241928,
        2.77662992477417,
        2.3926258087158203,
        3.5471549034118652
    ],
    "degree_embedding": [
        -0.9859232902526855,
        -0.14980502426624298,
        1.1363672018051147,
        1.3890211582183838,
        1.9668338298797607,
        -0.10017327964305878,
        -0.9014211297035217,
        -0.5218036770820618,
        0.12516868114471436,
        0.34269973635673523
    ]
}