{
    "id": 6269,
    "range": [
        121.376804,
        31.592716,
        121.386804,
        31.58271599999999
    ],
    "image_path": "CitySatellite\\Shanghai\\6269.jpg",
    "poi": [],
    "places": [],
    "transport": [],
    "traffic": [],
    "buildings": [],
    "landuse": [],
    "road_inner": [],
    "road_connect": {},
    "population": [
        0.0
    ],
    "transport_embedding": [
        -0.23204593360424042,
        -0.46829092502593994,
        0.6807187795639038,
        -1.055535078048706,
        0.1428874284029007,
        -0.1834745556116104,
        0.05573997646570206,
        2.1583774089813232,
        -1.5455236434936523,
        -0.5190038681030273
    ],
    "roadnet_embedding": [
        0.968488335609436,
        -0.46748441457748413,
        0.14027434587478638,
        0.48959776759147644,
        -2.572502851486206,
        -0.29062625765800476,
        0.0587904118001461,
        0.024621739983558655,
        -0.07525776326656342,
        0.28875693678855896
    ],
    "function_embedding": [
        -0.5859951972961426,
        -0.33227822184562683,
        -0.027213461697101593,
        -0.016474289819598198,
        -1.3633698225021362,
        -0.04051061347126961,
        -0.048888299614191055,
        -0.03772011026740074,
        -0.12883910536766052,
        0.07154589891433716
    ],
    "city_embedding": [
        -0.983723521232605,
        0.0036167511716485023,
        0.6694934964179993,
        1.3806318044662476,
        -0.5934169292449951,
        1.2560120820999146,
        0.1646505445241928,
        2.77662992477417,
        2.3926258087158203,
        3.5471549034118652
    ],
    "degree_embedding": [
        -0.9859232902526855,
        -0.14980502426624298,
        1.1363672018051147,
        1.3890211582183838,
        1.9668338298797607,
        -0.10017327964305878,
        -0.9014211297035217,
        -0.5218036770820618,
        0.12516868114471436,
        0.34269973635673523
    ]
}