{
    "id": 6296,
    "range": [
        121.376804,
        31.322716,
        121.386804,
        31.312716
    ],
    "image_path": "CitySatellite\\Shanghai\\6296.jpg",
    "poi": [
        [
            2501,
            3,
            6
        ],
        [
            2005,
            4,
            1
        ],
        [
            2203,
            1,
            3
        ],
        [
            2302,
            3,
            4
        ],
        [
            2303,
            5,
            4
        ],
        [
            2511,
            1,
            6
        ],
        [
            2502,
            2,
            6
        ],
        [
            2401,
            1,
            5
        ],
        [
            2301,
            5,
            4
        ],
        [
            2593,
            2,
            6
        ],
        [
            2523,
            1,
            6
        ],
        [
            2519,
            1,
            6
        ],
        [
            2528,
            1,
            6
        ]
    ],
    "places": [],
    "transport": [
        [
            5601,
            1,
            2
        ],
        [
            5621,
            6,
            1
        ]
    ],
    "traffic": [
        [
            5331,
            1,
            0
        ],
        [
            5204,
            2,
            1
        ]
    ],
    "buildings": [
        51,
        64083.49350000002
    ],
    "landuse": [
        [
            7203,
            7,
            1,
            5.511666166666666
        ],
        [
            7209,
            2,
            2,
            0.170695
        ],
        [
            7218,
            8,
            5,
            0.34485199999999994
        ],
        [
            7202,
            1,
            0,
            0.035808
        ],
        [
            7201,
            8,
            4,
            0.262665
        ],
        [
            7212,
            1,
            0,
            0.22301866666666667
        ]
    ],
    "road_inner": [
        [
            5121,
            6,
            4,
            2724.8135
        ],
        [
            5141,
            33,
            5,
            4510.741833333334
        ],
        [
            5122,
            3,
            4,
            1016.0200000000001
        ],
        [
            5115,
            4,
            3,
            1523.2661666666668
        ],
        [
            5154,
            7,
            5,
            845.618
        ],
        [
            5153,
            32,
            5,
            2158.394500000001
        ],
        [
            5123,
            9,
            5,
            1407.68
        ],
        [
            5113,
            7,
            2,
            3961.8695
        ],
        [
            5155,
            2,
            0,
            47.477000000000004
        ],
        [
            5124,
            1,
            5,
            982.8405
        ]
    ],
    "road_connect": {
        "6176": {
            "2": 4,
            "4": 1
        },
        "6177": {
            "3": 1
        },
        "6297": {
            "3": 1,
            "4": 1,
            "5": 2
        },
        "6295": {
            "2": 3,
            "4": 4,
            "5": 1
        },
        "6415": {
            "2": 2,
            "5": 1
        },
        "6535": {
            "2": 2
        },
        "6416": {
            "4": 4,
            "5": 11,
            "2": 1,
            "3": 1
        }
    },
    "population": [
        18372.40385437012
    ],
    "transport_embedding": [
        -1.0679963827133179,
        -1.290152668952942,
        -1.280035138130188,
        0.5464760661125183,
        -1.8499966859817505,
        -0.4807325005531311,
        -1.803632378578186,
        1.529872179031372,
        1.0293502807617188,
        -0.17844802141189575
    ],
    "roadnet_embedding": [
        0.3908533453941345,
        -1.0479812622070312,
        -1.901319146156311,
        0.6697737574577332,
        0.28514522314071655,
        1.1990375518798828,
        -0.4438643455505371,
        4.7870774269104,
        1.5616652965545654,
        1.5173149108886719
    ],
    "function_embedding": [
        -1.7399533987045288,
        0.1194237470626831,
        -2.5175833702087402,
        2.2471659183502197,
        0.8128862380981445,
        0.384257435798645,
        -0.6097030639648438,
        0.1878776103258133,
        -0.9316383004188538,
        -1.5317329168319702
    ],
    "city_embedding": [
        -1.0387334823608398,
        0.2062760889530182,
        -1.538106918334961,
        1.3981083631515503,
        -0.5976728796958923,
        -0.1359349936246872,
        2.171976089477539,
        2.2313528060913086,
        3.3976545333862305,
        3.758647918701172
    ],
    "degree_embedding": [
        -0.9951899647712708,
        -0.46657565236091614,
        0.8287549614906311,
        0.13115878403186798,
        -1.5273617506027222,
        -0.2929079830646515,
        -1.5647578239440918,
        -1.151160717010498,
        -0.03587497025728226,
        1.2932343482971191
    ]
}