{
    "id": 6307,
    "range": [
        121.376804,
        31.212716,
        121.386804,
        31.202716
    ],
    "image_path": "CitySatellite\\Shanghai\\6307.jpg",
    "poi": [
        [
            2005,
            1,
            1
        ],
        [
            2253,
            1,
            3
        ],
        [
            2502,
            2,
            6
        ],
        [
            2511,
            4,
            6
        ],
        [
            2301,
            18,
            4
        ],
        [
            2004,
            1,
            2
        ],
        [
            2401,
            4,
            5
        ],
        [
            2302,
            13,
            4
        ],
        [
            2513,
            1,
            6
        ],
        [
            2303,
            1,
            4
        ],
        [
            2906,
            9,
            0
        ],
        [
            2602,
            2,
            0
        ],
        [
            2421,
            1,
            5
        ],
        [
            2083,
            1,
            2
        ],
        [
            2501,
            1,
            6
        ],
        [
            2101,
            2,
            0
        ],
        [
            2528,
            3,
            6
        ],
        [
            2512,
            4,
            6
        ],
        [
            2016,
            1,
            2
        ],
        [
            2601,
            3,
            0
        ],
        [
            2529,
            2,
            6
        ],
        [
            2525,
            1,
            6
        ],
        [
            2520,
            1,
            6
        ]
    ],
    "places": [],
    "transport": [
        [
            5621,
            12,
            1
        ],
        [
            5622,
            1,
            0
        ]
    ],
    "traffic": [
        [
            5204,
            2,
            1
        ]
    ],
    "buildings": [
        413,
        225392.71091666666
    ],
    "landuse": [
        [
            7201,
            1,
            4,
            1.19855
        ],
        [
            7203,
            8,
            1,
            2.3965805
        ],
        [
            7202,
            2,
            0,
            0.112351
        ],
        [
            7218,
            1,
            5,
            0.003557
        ],
        [
            7208,
            1,
            5,
            0.023156
        ]
    ],
    "road_inner": [
        [
            5115,
            4,
            3,
            3837.2278333333334
        ],
        [
            5114,
            4,
            2,
            1950.1560000000002
        ],
        [
            5153,
            22,
            5,
            907.3810000000002
        ],
        [
            5124,
            4,
            5,
            289.389
        ],
        [
            5141,
            8,
            5,
            998.6356666666667
        ],
        [
            5142,
            1,
            5,
            25.965
        ],
        [
            5122,
            42,
            4,
            6099.008500000002
        ],
        [
            5132,
            2,
            1,
            222.61700000000002
        ],
        [
            5112,
            1.0,
            1,
            1675.257
        ],
        [
            5121,
            1.0,
            4,
            188.04
        ]
    ],
    "road_connect": {
        "6187": {
            "2": 1,
            "3": 4,
            "1": 2,
            "5": 1,
            "4": 4
        },
        "6427": {
            "3": 3,
            "2": 1,
            "4": 2
        },
        "6308": {
            "5": 1,
            "1": 2,
            "4": 1
        },
        "6306": {
            "3": 2,
            "4": 6,
            "2": 1
        },
        "6426": {
            "3": 1
        },
        "6428": {
            "3": 1
        }
    },
    "population": [
        33217.26807403564
    ],
    "transport_embedding": [
        -2.1703498363494873,
        0.06774677336215973,
        -1.2156667709350586,
        -0.02442622184753418,
        0.11391699314117432,
        0.18298721313476562,
        -0.34963417053222656,
        0.5286917686462402,
        0.29816436767578125,
        1.723776936531067
    ],
    "roadnet_embedding": [
        -0.4953436851501465,
        -1.133215308189392,
        0.9493302702903748,
        0.5751237273216248,
        -0.020324982702732086,
        0.7846909761428833,
        -1.3118096590042114,
        0.23051516711711884,
        0.5510483980178833,
        0.544987678527832
    ],
    "function_embedding": [
        -1.7399601936340332,
        0.11943185329437256,
        -2.535311698913574,
        2.251560688018799,
        0.813817024230957,
        0.3958621025085449,
        -0.6126632690429688,
        0.21369647979736328,
        -0.9365320205688477,
        -1.6095906496047974
    ],
    "city_embedding": [
        -1.0777924060821533,
        1.126934289932251,
        -2.898090362548828,
        1.6266920566558838,
        -0.15721076726913452,
        -1.9418820142745972,
        -0.5027660131454468,
        -0.42910242080688477,
        -8.04060173034668,
        3.32342267036438
    ],
    "degree_embedding": [
        -1.0258980989456177,
        0.9055835604667664,
        0.14929720759391785,
        -0.8170392513275146,
        -0.3422940969467163,
        -1.5982484817504883,
        -1.3274173736572266,
        -0.5914781093597412,
        0.37307435274124146,
        -0.5298874378204346
    ]
}