{
    "id": 6308,
    "range": [
        121.376804,
        31.202716,
        121.386804,
        31.192716
    ],
    "image_path": "CitySatellite\\Shanghai\\6308.jpg",
    "poi": [
        [
            2301,
            19,
            4
        ],
        [
            2304,
            3,
            4
        ],
        [
            2901,
            1,
            0
        ],
        [
            2504,
            1,
            6
        ],
        [
            2253,
            1,
            3
        ],
        [
            2303,
            1,
            4
        ],
        [
            2530,
            2,
            6
        ],
        [
            2305,
            2,
            4
        ],
        [
            2528,
            1,
            6
        ],
        [
            2519,
            1,
            6
        ],
        [
            2512,
            1,
            6
        ],
        [
            2004,
            1,
            2
        ],
        [
            2721,
            1,
            0
        ]
    ],
    "places": [],
    "transport": [
        [
            5621,
            9,
            1
        ]
    ],
    "traffic": [
        [
            5201,
            7,
            3
        ],
        [
            5206,
            1,
            2
        ],
        [
            5204,
            1,
            1
        ],
        [
            5260,
            2,
            0
        ]
    ],
    "buildings": [
        69,
        35228.70025
    ],
    "landuse": [
        [
            7201,
            1,
            4,
            1.19855
        ],
        [
            7203,
            8,
            1,
            2.6445967500000003
        ],
        [
            7202,
            1,
            0,
            0.077393
        ]
    ],
    "road_inner": [
        [
            5113,
            14,
            2,
            7171.826999999999
        ],
        [
            5132,
            9,
            1,
            1256.6995
        ],
        [
            5124,
            1,
            5,
            458.199
        ],
        [
            5153,
            2,
            5,
            568.853
        ],
        [
            5155,
            2,
            0,
            44.232
        ],
        [
            5123,
            2,
            5,
            515.4114999999999
        ],
        [
            5141,
            4,
            5,
            1188.1531666666667
        ],
        [
            5115,
            2,
            3,
            1956.0738333333334
        ],
        [
            5121,
            1,
            4,
            581.8240000000001
        ],
        [
            5112,
            1.0,
            1,
            2989.060214285714
        ],
        [
            5122,
            1.0,
            4,
            371.983
        ]
    ],
    "road_connect": {
        "6187": {
            "5": 1
        },
        "6307": {
            "5": 1,
            "1": 2,
            "4": 1
        },
        "6188": {
            "1": 2,
            "3": 1,
            "4": 2,
            "2": 3
        },
        "6189": {
            "1": 2,
            "2": 1
        },
        "6428": {
            "1": 4,
            "2": 6,
            "3": 1,
            "4": 1,
            "5": 3
        },
        "6547": {
            "1": 2
        },
        "6548": {
            "1": 2
        },
        "6069": {
            "1": 2
        },
        "6068": {
            "3": 1
        },
        "6309": {
            "2": 3,
            "3": 2,
            "1": 2,
            "5": 1
        },
        "6429": {
            "2": 2,
            "1": 2,
            "3": 1,
            "5": 1
        },
        "6430": {
            "3": 1
        },
        "6427": {
            "2": 1
        }
    },
    "population": [
        22262.0679359436
    ],
    "transport_embedding": [
        -2.4479870796203613,
        0.42572540044784546,
        -0.14963804185390472,
        0.23836731910705566,
        0.3227182924747467,
        0.3903064727783203,
        0.43304938077926636,
        -0.023769855499267578,
        -0.2742042541503906,
        1.9397227764129639
    ],
    "roadnet_embedding": [
        -2.307100772857666,
        -1.3076156377792358,
        -1.377917766571045,
        1.676559329032898,
        -0.3737739324569702,
        -0.8919937610626221,
        -0.5492334961891174,
        0.5548533201217651,
        0.40184256434440613,
        -0.36432936787605286
    ],
    "function_embedding": [
        -1.7399601936340332,
        0.11943185329437256,
        -2.534266948699951,
        2.2513015270233154,
        0.8137621879577637,
        0.39517083764076233,
        -0.6124916076660156,
        0.21216702461242676,
        -0.9362430572509766,
        -1.6068434715270996
    ],
    "city_embedding": [
        -1.0438182353973389,
        0.3667372763156891,
        -1.695457100868225,
        0.3661077916622162,
        -0.3634837865829468,
        -0.6881296038627625,
        2.290807008743286,
        2.6000752449035645,
        3.2636656761169434,
        4.47323751449585
    ],
    "degree_embedding": [
        -1.0523637533187866,
        1.8423057794570923,
        1.1787241697311401,
        -0.7707682847976685,
        -0.505519688129425,
        1.4456706047058105,
        -2.1692044734954834,
        -2.1496083736419678,
        0.24066992104053497,
        -1.0194586515426636
    ]
}