{
    "id": 6316,
    "range": [
        121.376804,
        31.122716,
        121.386804,
        31.112716
    ],
    "image_path": "CitySatellite\\Shanghai\\6316.jpg",
    "poi": [
        [
            2082,
            1,
            2
        ],
        [
            2601,
            2,
            0
        ],
        [
            2602,
            1,
            0
        ],
        [
            2302,
            2,
            4
        ],
        [
            2566,
            2,
            6
        ],
        [
            2901,
            1,
            0
        ],
        [
            2303,
            1,
            4
        ],
        [
            2301,
            4,
            4
        ],
        [
            2501,
            1,
            6
        ],
        [
            2404,
            1,
            5
        ]
    ],
    "places": [
        [
            1001,
            1,
            1
        ]
    ],
    "transport": [
        [
            5621,
            13,
            1
        ],
        [
            5641,
            1,
            0
        ],
        [
            5601,
            2,
            2
        ]
    ],
    "traffic": [
        [
            5206,
            2,
            2
        ],
        [
            5204,
            6,
            1
        ]
    ],
    "buildings": [
        35,
        64553.02900000002
    ],
    "landuse": [
        [
            7218,
            3,
            5,
            0.0745235
        ],
        [
            7201,
            8,
            4,
            1.5940675
        ],
        [
            7203,
            5,
            1,
            0.7282277500000001
        ],
        [
            7202,
            2,
            0,
            1.6230413333333333
        ],
        [
            7209,
            1,
            2,
            0.339823
        ]
    ],
    "road_inner": [
        [
            5131,
            31,
            1,
            9201.812666666665
        ],
        [
            5115,
            14,
            3,
            3543.7571666666663
        ],
        [
            5111,
            4,
            1,
            3096.496166666667
        ],
        [
            5113,
            8,
            2,
            2683.377333333334
        ],
        [
            5122,
            9,
            4,
            2896.079833333333
        ],
        [
            5142,
            6,
            5,
            1083.3380000000002
        ],
        [
            5141,
            10,
            5,
            1749.836
        ],
        [
            5153,
            3,
            5,
            107.827
        ],
        [
            5114,
            1.0,
            2,
            909.2613333333334
        ],
        [
            5134,
            1.0,
            2,
            196.853
        ]
    ],
    "road_connect": {
        "6195": {
            "2": 2
        },
        "6196": {
            "2": 6,
            "4": 1,
            "1": 7
        },
        "6197": {
            "2": 2,
            "3": 1
        },
        "6315": {
            "1": 12,
            "4": 2,
            "2": 2
        },
        "6317": {
            "3": 5,
            "5": 4,
            "4": 1
        },
        "6435": {
            "4": 1,
            "1": 2,
            "2": 2
        },
        "6436": {
            "1": 8,
            "4": 1,
            "3": 1
        },
        "6437": {
            "1": 1
        }
    },
    "population": [
        15603.92144775391
    ],
    "transport_embedding": [
        -2.3158469200134277,
        0.25531697273254395,
        -1.1066399812698364,
        -0.07244086265563965,
        0.5118233561515808,
        0.30208396911621094,
        -0.011964797973632812,
        0.24431467056274414,
        0.06061553955078125,
        1.9695504903793335
    ],
    "roadnet_embedding": [
        -2.9617526531219482,
        -1.37063729763031,
        -4.120245456695557,
        -0.7886277437210083,
        -1.0645521879196167,
        -1.1256108283996582,
        -4.127960681915283,
        -0.5413516759872437,
        -5.774694919586182,
        -1.0169709920883179
    ],
    "function_embedding": [
        -1.732704520225525,
        0.11081063747406006,
        -2.286306858062744,
        2.189188003540039,
        0.7998170852661133,
        0.25283968448638916,
        -0.5722764134407043,
        -0.12491489201784134,
        -0.8620943427085876,
        -1.0058387517929077
    ],
    "city_embedding": [
        -1.0789400339126587,
        2.625354290008545,
        -2.605651617050171,
        1.4767132997512817,
        -1.881563663482666,
        -0.85650634765625,
        6.446732997894287,
        -3.1259353160858154,
        -15.576115608215332,
        -9.28126335144043
    ],
    "degree_embedding": [
        -1.0885934829711914,
        3.4096524715423584,
        0.5433533191680908,
        -0.04781694710254669,
        0.13710646331310272,
        2.3345980644226074,
        -2.2349135875701904,
        -3.5792346000671387,
        1.7727240324020386,
        -1.946824312210083
    ]
}