{
    "id": 6346,
    "range": [
        121.376804,
        30.822716,
        121.386804,
        30.812716
    ],
    "image_path": "CitySatellite\\Shanghai\\6346.jpg",
    "poi": [],
    "places": [],
    "transport": [],
    "traffic": [],
    "buildings": [],
    "landuse": [],
    "road_inner": [
        [
            5121,
            1,
            4,
            674.2764999999999
        ]
    ],
    "road_connect": {
        "6347": {
            "4": 1
        },
        "6345": {
            "4": 1
        }
    },
    "population": [
        301.450852394104
    ],
    "transport_embedding": [
        -0.06637449562549591,
        -0.9232888221740723,
        0.36846470832824707,
        -0.42759406566619873,
        0.03521505370736122,
        1.8123760223388672,
        0.5174888968467712,
        0.20080555975437164,
        1.4246063232421875,
        -0.20664262771606445
    ],
    "roadnet_embedding": [
        0.8585646152496338,
        -0.6943760514259338,
        0.0711180716753006,
        -0.5632258057594299,
        -0.3777579665184021,
        -2.1844773292541504,
        -0.199637770652771,
        0.9140096306800842,
        0.602143406867981,
        -0.6958776712417603
    ],
    "function_embedding": [
        -0.581238329410553,
        -0.3270588219165802,
        -0.07874208688735962,
        0.06185787916183472,
        -1.4459081888198853,
        0.0045646619983017445,
        -0.1458900421857834,
        -0.0065671708434820175,
        -0.0736573338508606,
        0.22740322351455688
    ],
    "city_embedding": [
        -0.9846857190132141,
        0.001436566119082272,
        0.6294571757316589,
        1.338695764541626,
        -0.5995643734931946,
        1.2268235683441162,
        0.21143792569637299,
        2.8209407329559326,
        2.370582342147827,
        3.466179847717285
    ],
    "degree_embedding": [
        -0.9803432822227478,
        -0.4955008625984192,
        0.02320222556591034,
        0.8904775381088257,
        1.3509734869003296,
        0.22085069119930267,
        -0.2695158123970032,
        -1.039759874343872,
        0.8916219472885132,
        -1.264162540435791
    ]
}