{
    "id": 6348,
    "range": [
        121.376804,
        30.802716,
        121.386804,
        30.792716
    ],
    "image_path": "CitySatellite\\Shanghai\\6348.jpg",
    "poi": [],
    "places": [],
    "transport": [],
    "traffic": [],
    "buildings": [],
    "landuse": [
        [
            7203,
            2,
            1,
            2.8594850000000003
        ]
    ],
    "road_inner": [
        [
            5113,
            1.0,
            2,
            555.3963333333334
        ]
    ],
    "road_connect": {
        "6228": {
            "2": 1
        },
        "6468": {
            "2": 1
        }
    },
    "population": [
        1719.939982414246
    ],
    "transport_embedding": [
        -0.18468178808689117,
        -0.635506272315979,
        0.5838594436645508,
        -0.7975269556045532,
        0.4180469810962677,
        0.8296641707420349,
        -0.3831484019756317,
        0.7311180830001831,
        -0.24490578472614288,
        -0.3267364799976349
    ],
    "roadnet_embedding": [
        0.7408779859542847,
        -0.5638588666915894,
        0.1719965934753418,
        0.5991783142089844,
        -2.0072174072265625,
        -0.7270947694778442,
        0.25001972913742065,
        0.07828395813703537,
        -0.0759168341755867,
        -0.016351617872714996
    ],
    "function_embedding": [
        -1.3205714225769043,
        -0.3455975353717804,
        -0.9640580415725708,
        -1.6649911403656006,
        0.9448329210281372,
        -0.7710517644882202,
        -0.8450939655303955,
        -1.284505009651184,
        -0.5572139620780945,
        1.7942832708358765
    ],
    "city_embedding": [
        -0.9891934990882874,
        -0.009286039508879185,
        0.4418480396270752,
        1.1409269571304321,
        -0.6221442222595215,
        1.091532588005066,
        0.4296628534793854,
        3.028592586517334,
        2.2817673683166504,
        3.090477705001831
    ],
    "degree_embedding": [
        -0.9824398159980774,
        -0.405774861574173,
        0.6997080445289612,
        0.8250610828399658,
        1.488135814666748,
        0.25427624583244324,
        -0.19215181469917297,
        -0.8231723308563232,
        0.010657534934580326,
        -0.5656991600990295
    ]
}