{
    "id": 6350,
    "range": [
        121.376804,
        30.782716,
        121.386804,
        30.772716
    ],
    "image_path": "CitySatellite\\Shanghai\\6350.jpg",
    "poi": [],
    "places": [],
    "transport": [],
    "traffic": [],
    "buildings": [],
    "landuse": [],
    "road_inner": [],
    "road_connect": {},
    "population": [
        59.57403659820557
    ],
    "transport_embedding": [
        -0.20547911524772644,
        -0.7478556036949158,
        0.5523245930671692,
        -0.6201832294464111,
        0.7225314974784851,
        0.41928431391716003,
        -0.327577143907547,
        0.8764006495475769,
        -0.4965708553791046,
        -0.33743610978126526
    ],
    "roadnet_embedding": [
        1.0612881183624268,
        -0.41719871759414673,
        0.0857212170958519,
        0.6347498893737793,
        -3.0265910625457764,
        0.06054127588868141,
        0.03988002985715866,
        -0.16880165040493011,
        -0.07194012403488159,
        0.34825676679611206
    ],
    "function_embedding": [
        -0.5808510184288025,
        -0.3267090618610382,
        -0.016825303435325623,
        0.028353968635201454,
        -1.3996020555496216,
        -0.07946556806564331,
        -0.04438399523496628,
        -0.009300467558205128,
        -0.12584084272384644,
        0.10018762201070786
    ],
    "city_embedding": [
        -0.9839140176773071,
        0.0031707168091088533,
        0.6615655422210693,
        1.3723374605178833,
        -0.5945280194282532,
        1.250239610671997,
        0.17392726242542267,
        2.7854197025299072,
        2.388239860534668,
        3.531388521194458
    ],
    "degree_embedding": [
        -0.9859232902526855,
        -0.14980502426624298,
        1.1363672018051147,
        1.3890211582183838,
        1.9668338298797607,
        -0.10017327964305878,
        -0.9014211297035217,
        -0.5218036770820618,
        0.12516868114471436,
        0.34269973635673523
    ]
}