{
    "id": 6355,
    "range": [
        121.376804,
        30.732716,
        121.386804,
        30.722716
    ],
    "image_path": "CitySatellite\\Shanghai\\6355.jpg",
    "poi": [],
    "places": [],
    "transport": [],
    "traffic": [],
    "buildings": [],
    "landuse": [],
    "road_inner": [],
    "road_connect": {},
    "population": [
        0.0
    ],
    "transport_embedding": [
        -0.24446572363376617,
        -0.48585283756256104,
        0.699038565158844,
        -0.9897948503494263,
        -0.3804876208305359,
        -1.3583712577819824,
        0.7333127856254578,
        2.0114457607269287,
        -0.5938376188278198,
        -0.2598852217197418
    ],
    "roadnet_embedding": [
        1.0991157293319702,
        -0.4210750460624695,
        0.04735015332698822,
        0.47541654109954834,
        -2.911524534225464,
        -0.058574240654706955,
        -0.012117549777030945,
        -0.05651943385601044,
        -0.03670646995306015,
        0.29013144969940186
    ],
    "function_embedding": [
        -0.6272813677787781,
        -0.2875882685184479,
        -0.034704916179180145,
        0.07332389801740646,
        -1.4672365188598633,
        -0.10405156761407852,
        -0.08901401609182358,
        -0.065482497215271,
        -0.11503022909164429,
        0.27232789993286133
    ],
    "city_embedding": [
        -0.983723521232605,
        0.0036167511716485023,
        0.6694934964179993,
        1.3806318044662476,
        -0.5934169292449951,
        1.2560120820999146,
        0.1646505445241928,
        2.77662992477417,
        2.3926258087158203,
        3.5471549034118652
    ],
    "degree_embedding": [
        -0.9859232902526855,
        -0.14980502426624298,
        1.1363672018051147,
        1.3890211582183838,
        1.9668338298797607,
        -0.10017327964305878,
        -0.9014211297035217,
        -0.5218036770820618,
        0.12516868114471436,
        0.34269973635673523
    ]
}