{
    "id": 6356,
    "range": [
        121.376804,
        30.722716,
        121.386804,
        30.712716
    ],
    "image_path": "CitySatellite\\Shanghai\\6356.jpg",
    "poi": [],
    "places": [],
    "transport": [],
    "traffic": [],
    "buildings": [],
    "landuse": [],
    "road_inner": [],
    "road_connect": {},
    "population": [
        0.0
    ],
    "transport_embedding": [
        -0.12926414608955383,
        -0.5270984768867493,
        0.5064268112182617,
        -1.0310137271881104,
        -0.49889206886291504,
        1.1287075281143188,
        1.2044686079025269,
        2.106306314468384,
        -0.4539717137813568,
        -0.4982835352420807
    ],
    "roadnet_embedding": [
        1.0581330060958862,
        -0.44469937682151794,
        0.10804541409015656,
        0.6521003842353821,
        -2.873095989227295,
        -0.000210232290555723,
        0.047379616647958755,
        -0.2139158993959427,
        -0.1114657074213028,
        0.3478183448314667
    ],
    "function_embedding": [
        -0.6003464460372925,
        -0.2877141535282135,
        -0.07685094326734543,
        0.11467204242944717,
        -1.5147631168365479,
        -0.04470241442322731,
        -0.0611240528523922,
        -0.07712274044752121,
        -0.09181813895702362,
        0.34766289591789246
    ],
    "city_embedding": [
        -0.983723521232605,
        0.0036167511716485023,
        0.6694934964179993,
        1.3806318044662476,
        -0.5934169292449951,
        1.2560120820999146,
        0.1646505445241928,
        2.77662992477417,
        2.3926258087158203,
        3.5471549034118652
    ],
    "degree_embedding": [
        -0.9859232902526855,
        -0.14980502426624298,
        1.1363672018051147,
        1.3890211582183838,
        1.9668338298797607,
        -0.10017327964305878,
        -0.9014211297035217,
        -0.5218036770820618,
        0.12516868114471436,
        0.34269973635673523
    ]
}