{
    "id": 6357,
    "range": [
        121.376804,
        30.712716,
        121.386804,
        30.702716
    ],
    "image_path": "CitySatellite\\Shanghai\\6357.jpg",
    "poi": [],
    "places": [],
    "transport": [],
    "traffic": [],
    "buildings": [],
    "landuse": [],
    "road_inner": [],
    "road_connect": {},
    "population": [
        0.0
    ],
    "transport_embedding": [
        -0.20349711179733276,
        -0.6440359354019165,
        0.580811619758606,
        -0.8305020332336426,
        -0.004075430799275637,
        -1.03290593624115,
        -0.2396063208580017,
        1.0972034931182861,
        -0.025977550074458122,
        -0.1830826848745346
    ],
    "roadnet_embedding": [
        1.0601933002471924,
        -0.41908156871795654,
        0.07480767369270325,
        0.6209322810173035,
        -2.9912824630737305,
        0.047003958374261856,
        0.05156223848462105,
        -0.17924068868160248,
        -0.07741808891296387,
        0.3009148836135864
    ],
    "function_embedding": [
        -0.6079960465431213,
        -0.28026846051216125,
        -0.09564767777919769,
        0.018967213109135628,
        -1.4432905912399292,
        -0.07219351083040237,
        -0.044986795634031296,
        -0.11558625847101212,
        -0.12470181286334991,
        0.33980792760849
    ],
    "city_embedding": [
        -0.983723521232605,
        0.0036167511716485023,
        0.6694934964179993,
        1.3806318044662476,
        -0.5934169292449951,
        1.2560120820999146,
        0.1646505445241928,
        2.77662992477417,
        2.3926258087158203,
        3.5471549034118652
    ],
    "degree_embedding": [
        -0.9859232902526855,
        -0.14980502426624298,
        1.1363672018051147,
        1.3890211582183838,
        1.9668338298797607,
        -0.10017327964305878,
        -0.9014211297035217,
        -0.5218036770820618,
        0.12516868114471436,
        0.34269973635673523
    ]
}