{
    "id": 6387,
    "range": [
        121.386804,
        31.612716,
        121.396804,
        31.602716
    ],
    "image_path": "CitySatellite\\Shanghai\\6387.jpg",
    "poi": [],
    "places": [],
    "transport": [],
    "traffic": [],
    "buildings": [],
    "landuse": [],
    "road_inner": [],
    "road_connect": {},
    "population": [
        0.0
    ],
    "transport_embedding": [
        -0.11316588521003723,
        -0.8388066291809082,
        0.45966506004333496,
        -0.6131340861320496,
        -0.06472644954919815,
        -0.089170441031456,
        -0.062321387231349945,
        0.20107205212116241,
        0.8435620665550232,
        -0.07046528160572052
    ],
    "roadnet_embedding": [
        1.069473147392273,
        -0.43276482820510864,
        0.055446188896894455,
        0.5239893794059753,
        -2.6967740058898926,
        -0.17454561591148376,
        -0.0027189224492758512,
        -0.06127152591943741,
        0.010964739136397839,
        0.13902676105499268
    ],
    "function_embedding": [
        -0.5715014338493347,
        -0.32814666628837585,
        -0.08611693233251572,
        0.10465134680271149,
        -1.4454867839813232,
        -0.030065858736634254,
        -0.07129522413015366,
        -0.006348356604576111,
        -0.06118534877896309,
        0.2881958484649658
    ],
    "city_embedding": [
        -0.983723521232605,
        0.0036167511716485023,
        0.6694934964179993,
        1.3806318044662476,
        -0.5934169292449951,
        1.2560120820999146,
        0.1646505445241928,
        2.77662992477417,
        2.3926258087158203,
        3.5471549034118652
    ],
    "degree_embedding": [
        -0.9859232902526855,
        -0.14980502426624298,
        1.1363672018051147,
        1.3890211582183838,
        1.9668338298797607,
        -0.10017327964305878,
        -0.9014211297035217,
        -0.5218036770820618,
        0.12516868114471436,
        0.34269973635673523
    ]
}