{
    "id": 6388,
    "range": [
        121.386804,
        31.602716,
        121.396804,
        31.592716
    ],
    "image_path": "CitySatellite\\Shanghai\\6388.jpg",
    "poi": [],
    "places": [],
    "transport": [],
    "traffic": [],
    "buildings": [],
    "landuse": [],
    "road_inner": [],
    "road_connect": {},
    "population": [
        0.0
    ],
    "transport_embedding": [
        -0.2632979154586792,
        -0.7019611597061157,
        0.808657705783844,
        -0.5420862436294556,
        0.9601023197174072,
        -0.1809556484222412,
        -1.3800570964813232,
        -0.20924478769302368,
        0.04639469087123871,
        -0.048809368163347244
    ],
    "roadnet_embedding": [
        1.0728139877319336,
        -0.43273991346359253,
        0.05181517079472542,
        0.5951189398765564,
        -2.9864346981048584,
        -0.04166914522647858,
        0.03338632360100746,
        -0.05769652500748634,
        -0.04322588071227074,
        0.3376123011112213
    ],
    "function_embedding": [
        -0.6551679372787476,
        -0.2726907730102539,
        -0.06811646372079849,
        0.015409909188747406,
        -1.4115649461746216,
        -0.0866047590970993,
        0.006847723387181759,
        -0.107836052775383,
        -0.16002364456653595,
        0.32643359899520874
    ],
    "city_embedding": [
        -0.983723521232605,
        0.0036167511716485023,
        0.6694934964179993,
        1.3806318044662476,
        -0.5934169292449951,
        1.2560120820999146,
        0.1646505445241928,
        2.77662992477417,
        2.3926258087158203,
        3.5471549034118652
    ],
    "degree_embedding": [
        -0.9859232902526855,
        -0.14980502426624298,
        1.1363672018051147,
        1.3890211582183838,
        1.9668338298797607,
        -0.10017327964305878,
        -0.9014211297035217,
        -0.5218036770820618,
        0.12516868114471436,
        0.34269973635673523
    ]
}