{
    "id": 6422,
    "range": [
        121.386804,
        31.262716,
        121.396804,
        31.252716
    ],
    "image_path": "CitySatellite\\Shanghai\\6422.jpg",
    "poi": [
        [
            2501,
            1,
            6
        ],
        [
            2110,
            1,
            0
        ],
        [
            2541,
            1,
            6
        ],
        [
            2007,
            1,
            2
        ]
    ],
    "places": [
        [
            1010,
            1,
            5
        ]
    ],
    "transport": [
        [
            5622,
            1,
            0
        ],
        [
            5621,
            12,
            1
        ]
    ],
    "traffic": [
        [
            5206,
            2,
            2
        ],
        [
            5201,
            15,
            3
        ]
    ],
    "buildings": [
        39,
        71185.96700000002
    ],
    "landuse": [
        [
            7202,
            3,
            0,
            1.59164525
        ],
        [
            7203,
            15,
            1,
            3.940543
        ],
        [
            7204,
            1,
            3,
            0.590218
        ]
    ],
    "road_inner": [
        [
            5141,
            3,
            5,
            330.8015
        ],
        [
            5114,
            5,
            2,
            1886.0895000000003
        ],
        [
            5132,
            8,
            1,
            1274.0365
        ],
        [
            5133,
            4,
            2,
            579.4570000000001
        ],
        [
            5115,
            4,
            3,
            1789.0759999999998
        ],
        [
            5122,
            25,
            4,
            2582.1389999999997
        ],
        [
            5113,
            10,
            2,
            4929.302000000001
        ],
        [
            5121,
            1,
            4,
            653.9530000000001
        ],
        [
            5142,
            3,
            5,
            215.03500000000003
        ],
        [
            5112,
            1.0,
            1,
            1364.6996666666666
        ],
        [
            5131,
            1.0,
            1,
            146.87533333333332
        ]
    ],
    "road_connect": {
        "6302": {
            "1": 3,
            "2": 5,
            "3": 1
        },
        "6303": {
            "1": 2,
            "2": 1
        },
        "6423": {
            "2": 3,
            "4": 1
        },
        "6421": {
            "1": 3,
            "5": 1,
            "2": 6,
            "4": 1,
            "3": 1
        },
        "6542": {
            "3": 2,
            "4": 3
        },
        "6541": {
            "2": 2,
            "4": 1
        },
        "6543": {
            "3": 1
        }
    },
    "population": [
        29257.31798553467
    ],
    "transport_embedding": [
        -2.4892942905426025,
        0.47866931557655334,
        -1.2163923978805542,
        -0.22830414772033691,
        1.1061482429504395,
        0.4447650909423828,
        0.3338031768798828,
        -0.06885766983032227,
        -0.17086410522460938,
        2.4118995666503906
    ],
    "roadnet_embedding": [
        -2.5313398838043213,
        -1.3291820287704468,
        -0.18889962136745453,
        2.3581082820892334,
        -0.3131216764450073,
        -1.0745928287506104,
        0.35092681646347046,
        0.50086510181427,
        0.8632602691650391,
        -0.5946244597434998
    ],
    "function_embedding": [
        -1.594601035118103,
        -0.052826330065727234,
        -1.5660536289215088,
        0.7782614827156067,
        0.8633124232292175,
        -0.2912725508213043,
        -0.6563157439231873,
        -0.9600229859352112,
        -0.6176567673683167,
        1.9994257688522339
    ],
    "city_embedding": [
        -1.0347100496292114,
        2.3144960403442383,
        -0.7367266416549683,
        1.5552293062210083,
        3.477557897567749,
        -2.099724769592285,
        -2.1483986377716064,
        2.4860191345214844,
        6.173995018005371,
        1.4758591651916504
    ],
    "degree_embedding": [
        -1.017057180404663,
        0.3831886351108551,
        0.8647414445877075,
        -1.2501204013824463,
        -0.973635733127594,
        0.409024178981781,
        -1.0637725591659546,
        -1.644257664680481,
        -2.1479990482330322,
        0.36451077461242676
    ]
}