{
    "id": 6426,
    "range": [
        121.386804,
        31.222716,
        121.396804,
        31.212716
    ],
    "image_path": "CitySatellite\\Shanghai\\6426.jpg",
    "poi": [
        [
            2901,
            3,
            0
        ],
        [
            2302,
            5,
            4
        ],
        [
            2601,
            3,
            0
        ],
        [
            2301,
            12,
            4
        ],
        [
            2002,
            1,
            2
        ],
        [
            2253,
            1,
            3
        ],
        [
            2101,
            3,
            0
        ],
        [
            2305,
            7,
            4
        ],
        [
            2511,
            8,
            6
        ],
        [
            2304,
            1,
            4
        ],
        [
            2501,
            1,
            6
        ],
        [
            2529,
            4,
            6
        ],
        [
            2518,
            2,
            6
        ],
        [
            2512,
            2,
            6
        ],
        [
            2520,
            2,
            6
        ],
        [
            2561,
            3,
            6
        ],
        [
            2906,
            3,
            0
        ],
        [
            2525,
            2,
            6
        ],
        [
            2121,
            1,
            0
        ],
        [
            2082,
            1,
            2
        ],
        [
            2303,
            3,
            4
        ],
        [
            2083,
            1,
            2
        ],
        [
            2544,
            1,
            6
        ],
        [
            2513,
            1,
            6
        ],
        [
            2502,
            1,
            6
        ],
        [
            2401,
            1,
            5
        ]
    ],
    "places": [],
    "transport": [
        [
            5621,
            9,
            1
        ],
        [
            5641,
            1,
            0
        ],
        [
            5601,
            1,
            2
        ]
    ],
    "traffic": [
        [
            5204,
            23,
            1
        ],
        [
            5201,
            4,
            3
        ]
    ],
    "buildings": [
        236,
        151232.97533333334
    ],
    "landuse": [
        [
            7202,
            3,
            0,
            0.8677285
        ],
        [
            7203,
            2,
            1,
            1.738924
        ],
        [
            7217,
            8,
            5,
            0.041867
        ],
        [
            7218,
            10,
            5,
            0.025536
        ],
        [
            7201,
            11,
            4,
            0.15737950000000003
        ],
        [
            7209,
            1,
            2,
            0.089248
        ]
    ],
    "road_inner": [
        [
            5115,
            7,
            3,
            3301.1265000000003
        ],
        [
            5114,
            13,
            2,
            4511.963
        ],
        [
            5121,
            1,
            4,
            469.72450000000003
        ],
        [
            5153,
            40,
            5,
            5800.986250000001
        ],
        [
            5141,
            9,
            5,
            1934.4515000000001
        ],
        [
            5124,
            5,
            5,
            783.987
        ],
        [
            5155,
            6,
            0,
            179.673
        ],
        [
            5152,
            6,
            0,
            1327.12125
        ],
        [
            5122,
            2,
            4,
            432.154
        ],
        [
            5112,
            1.0,
            1,
            1282.1456
        ],
        [
            5113,
            1.0,
            2,
            2489.982
        ]
    ],
    "road_connect": {
        "6665": {
            "5": 1,
            "1": 2
        },
        "6546": {
            "5": 2,
            "1": 2,
            "2": 3,
            "3": 1
        },
        "6545": {
            "5": 2,
            "1": 2
        },
        "6306": {
            "1": 2,
            "2": 3,
            "0": 3,
            "5": 2,
            "3": 3,
            "4": 1
        },
        "6186": {
            "2": 2,
            "0": 1,
            "5": 1
        },
        "6185": {
            "0": 1
        },
        "6425": {
            "3": 2,
            "4": 1,
            "5": 6,
            "2": 2
        },
        "6307": {
            "3": 1
        },
        "6427": {
            "3": 1,
            "2": 1
        }
    },
    "population": [
        33102.93971252441
    ],
    "transport_embedding": [
        -2.489413261413574,
        0.47882336378097534,
        -1.3929431438446045,
        -0.3013308048248291,
        1.2172034978866577,
        0.44832319021224976,
        0.30442237854003906,
        -0.06557273864746094,
        -0.1449737548828125,
        -4.178686618804932
    ],
    "roadnet_embedding": [
        -0.6997389793395996,
        -1.1529401540756226,
        -2.0047500133514404,
        0.8273237943649292,
        -0.03035159595310688,
        0.38167816400527954,
        0.011639418080449104,
        4.399846076965332,
        1.5072218179702759,
        1.4317606687545776
    ],
    "function_embedding": [
        -1.7399601936340332,
        0.11943185329437256,
        -2.5353100299835205,
        2.2515602111816406,
        0.813817024230957,
        0.3958609104156494,
        -0.6126632690429688,
        0.21369409561157227,
        -0.9365310668945312,
        -1.6095852851867676
    ],
    "city_embedding": [
        -1.0710331201553345,
        0.7782750725746155,
        -2.7124688625335693,
        1.4641727209091187,
        -0.3337980806827545,
        -1.547027587890625,
        1.0098265409469604,
        0.15191371738910675,
        -2.237366199493408,
        4.932314872741699
    ],
    "degree_embedding": [
        -1.017444372177124,
        0.3751959502696991,
        1.5246927738189697,
        -0.7001961469650269,
        -1.2752405405044556,
        1.1232774257659912,
        -2.015836238861084,
        1.1349483728408813,
        0.0946996733546257,
        -0.2791595757007599
    ]
}