{
    "id": 6427,
    "range": [
        121.386804,
        31.212716,
        121.396804,
        31.202716
    ],
    "image_path": "CitySatellite\\Shanghai\\6427.jpg",
    "poi": [
        [
            2303,
            6,
            4
        ],
        [
            2004,
            5,
            2
        ],
        [
            2602,
            4,
            0
        ],
        [
            2601,
            8,
            0
        ],
        [
            2301,
            21,
            4
        ],
        [
            2501,
            2,
            6
        ],
        [
            2401,
            5,
            5
        ],
        [
            2011,
            1,
            2
        ],
        [
            2901,
            1,
            0
        ],
        [
            2593,
            5,
            6
        ],
        [
            2701,
            1,
            0
        ],
        [
            2902,
            8,
            0
        ],
        [
            2502,
            2,
            6
        ],
        [
            2512,
            19,
            6
        ],
        [
            2518,
            2,
            6
        ],
        [
            2528,
            8,
            6
        ],
        [
            2542,
            1,
            6
        ],
        [
            2511,
            12,
            6
        ],
        [
            2906,
            5,
            0
        ],
        [
            2121,
            1,
            0
        ],
        [
            2202,
            1,
            3
        ],
        [
            2111,
            3,
            0
        ],
        [
            2513,
            3,
            6
        ],
        [
            2083,
            1,
            2
        ],
        [
            2529,
            9,
            6
        ],
        [
            2305,
            11,
            4
        ],
        [
            2544,
            2,
            6
        ],
        [
            2519,
            3,
            6
        ],
        [
            2129,
            1,
            0
        ],
        [
            2561,
            5,
            6
        ],
        [
            2568,
            2,
            6
        ],
        [
            2101,
            2,
            0
        ],
        [
            2081,
            1,
            2
        ],
        [
            2525,
            1,
            6
        ],
        [
            2302,
            4,
            4
        ],
        [
            2033,
            2,
            2
        ],
        [
            2523,
            2,
            6
        ],
        [
            2517,
            3,
            6
        ],
        [
            2520,
            1,
            6
        ],
        [
            2526,
            1,
            6
        ],
        [
            2005,
            1,
            1
        ]
    ],
    "places": [
        [
            1010,
            1,
            5
        ]
    ],
    "transport": [
        [
            5621,
            14,
            1
        ],
        [
            5641,
            1,
            0
        ]
    ],
    "traffic": [
        [
            5260,
            1,
            0
        ],
        [
            5270,
            1,
            0
        ],
        [
            5204,
            4,
            1
        ]
    ],
    "buildings": [
        392,
        251210.03708333324
    ],
    "landuse": [
        [
            7211,
            1,
            0,
            0.01877
        ],
        [
            7203,
            1,
            1,
            0.572109
        ],
        [
            7218,
            3,
            5,
            0.034192
        ],
        [
            7202,
            1,
            0,
            0.079749
        ]
    ],
    "road_inner": [
        [
            5115,
            3,
            3,
            3199.9388333333336
        ],
        [
            5122,
            5,
            4,
            1753.198
        ],
        [
            5114,
            5,
            2,
            2007.8759999999997
        ],
        [
            5141,
            29,
            5,
            3259.249999999999
        ],
        [
            5121,
            1,
            4,
            53.05
        ],
        [
            5153,
            1,
            5,
            437.246
        ],
        [
            5113,
            1.0,
            2,
            795.1045
        ],
        [
            5132,
            1.0,
            1,
            55.6475
        ],
        [
            5133,
            1.0,
            2,
            53.1325
        ]
    ],
    "road_connect": {
        "6187": {
            "3": 1
        },
        "6307": {
            "3": 3,
            "2": 1,
            "4": 2
        },
        "6428": {
            "3": 1,
            "2": 7,
            "1": 1
        },
        "6308": {
            "2": 1
        },
        "6426": {
            "3": 1,
            "2": 1
        },
        "6547": {
            "1": 1,
            "3": 3,
            "4": 1,
            "2": 4
        },
        "6548": {
            "1": 1
        }
    },
    "population": [
        42827.06999206543
    ],
    "transport_embedding": [
        -2.3444743156433105,
        0.29182738065719604,
        -1.2353841066360474,
        -0.14327454566955566,
        0.6577458381652832,
        0.3247528076171875,
        0.014303207397460938,
        0.21002721786499023,
        0.050823211669921875,
        2.1088526248931885
    ],
    "roadnet_embedding": [
        0.4713219404220581,
        -1.0395195484161377,
        -0.41712307929992676,
        0.8776337504386902,
        0.3719433844089508,
        1.1768378019332886,
        0.5549527406692505,
        0.3277502954006195,
        -0.3477482497692108,
        -0.07177459448575974
    ],
    "function_embedding": [
        -1.7399601936340332,
        0.11943185329437256,
        -2.5353174209594727,
        2.2515621185302734,
        0.813817024230957,
        0.39586591720581055,
        -0.6126670837402344,
        0.21370506286621094,
        -0.9365334510803223,
        -1.6095995903015137
    ],
    "city_embedding": [
        -1.0807791948318481,
        2.767124652862549,
        -2.566791296005249,
        1.7756131887435913,
        1.5227514505386353,
        -2.5320959091186523,
        -2.933199405670166,
        -1.2996692657470703,
        -6.293524742126465,
        -1.0082234144210815
    ],
    "degree_embedding": [
        -1.0052690505981445,
        -0.016896478831768036,
        0.6022816896438599,
        -1.6413623094558716,
        -0.5032934546470642,
        0.35257208347320557,
        -0.16519713401794434,
        -1.1477839946746826,
        -1.5344082117080688,
        0.056087248027324677
    ]
}