{
    "id": 6428,
    "range": [
        121.386804,
        31.202716,
        121.396804,
        31.192716
    ],
    "image_path": "CitySatellite\\Shanghai\\6428.jpg",
    "poi": [
        [
            2401,
            1,
            5
        ],
        [
            2302,
            3,
            4
        ],
        [
            2082,
            1,
            2
        ],
        [
            2301,
            6,
            4
        ],
        [
            2303,
            10,
            4
        ],
        [
            2511,
            3,
            6
        ],
        [
            2601,
            6,
            0
        ],
        [
            2502,
            5,
            6
        ],
        [
            2014,
            1,
            2
        ],
        [
            2305,
            2,
            4
        ],
        [
            2512,
            1,
            6
        ],
        [
            2525,
            2,
            6
        ],
        [
            2110,
            1,
            0
        ],
        [
            2901,
            1,
            0
        ],
        [
            2514,
            1,
            6
        ],
        [
            2501,
            2,
            6
        ],
        [
            2011,
            1,
            2
        ],
        [
            2111,
            1,
            0
        ]
    ],
    "places": [],
    "transport": [
        [
            5601,
            1,
            2
        ],
        [
            5621,
            8,
            1
        ]
    ],
    "traffic": [
        [
            5206,
            1,
            2
        ],
        [
            5201,
            4,
            3
        ]
    ],
    "buildings": [
        130,
        145956.15324999992
    ],
    "landuse": [
        [
            7203,
            9,
            1,
            4.311967749999999
        ],
        [
            7202,
            2,
            0,
            0.6563936666666667
        ],
        [
            7209,
            1,
            2,
            0.003683
        ],
        [
            7212,
            1,
            0,
            0.831679
        ],
        [
            7201,
            4,
            4,
            0.040831000000000006
        ],
        [
            7208,
            5,
            5,
            0.082803
        ]
    ],
    "road_inner": [
        [
            5132,
            1,
            1,
            474.49999999999994
        ],
        [
            5113,
            25,
            2,
            5516.596500000001
        ],
        [
            5122,
            14,
            4,
            2121.4835
        ],
        [
            5115,
            3,
            3,
            3288.3105
        ],
        [
            5153,
            7,
            5,
            1889.3616666666667
        ],
        [
            5123,
            12,
            5,
            1835.0975
        ],
        [
            5114,
            7,
            2,
            2052.44
        ],
        [
            5133,
            4,
            2,
            314.8085
        ],
        [
            5141,
            3,
            5,
            250.45600000000002
        ],
        [
            5124,
            2,
            5,
            715.963
        ],
        [
            5112,
            1.0,
            1,
            1160.3137142857142
        ]
    ],
    "road_connect": {
        "6188": {
            "1": 2
        },
        "6189": {
            "1": 2
        },
        "6308": {
            "1": 4,
            "2": 6,
            "3": 1,
            "4": 1,
            "5": 3
        },
        "6547": {
            "1": 3,
            "2": 2,
            "5": 1
        },
        "6548": {
            "1": 3,
            "2": 2,
            "3": 3,
            "4": 1,
            "5": 2
        },
        "6069": {
            "1": 2
        },
        "6307": {
            "3": 1
        },
        "6427": {
            "3": 1,
            "2": 7,
            "1": 1
        },
        "6429": {
            "5": 3,
            "3": 1,
            "2": 1
        },
        "6549": {
            "2": 1
        }
    },
    "population": [
        35325.40888214111
    ],
    "transport_embedding": [
        -2.220576524734497,
        0.13678470253944397,
        0.37714332342147827,
        0.594283938407898,
        -0.6096916794776917,
        0.20977164804935455,
        0.1006329208612442,
        0.3135322332382202,
        -0.0819091796875,
        1.3328291177749634
    ],
    "roadnet_embedding": [
        -1.8918108940124512,
        -1.267659306526184,
        -0.6152487397193909,
        2.0725715160369873,
        -0.16666501760482788,
        -0.5822446942329407,
        0.4304608106613159,
        1.8239414691925049,
        0.8816731572151184,
        -0.37306448817253113
    ],
    "function_embedding": [
        -1.7399601936340332,
        0.11943185329437256,
        -2.534759283065796,
        2.2514235973358154,
        0.8137879371643066,
        0.395491361618042,
        -0.6125717163085938,
        0.21288156509399414,
        -0.9363784790039062,
        -1.6081972122192383
    ],
    "city_embedding": [
        -1.0782524347305298,
        0.6554363965988159,
        -3.0500800609588623,
        1.1481364965438843,
        -0.6564479470252991,
        -0.9471926093101501,
        2.164764881134033,
        -1.6353782415390015,
        -1.1414107084274292,
        4.020463466644287
    ],
    "degree_embedding": [
        -1.042152762413025,
        1.3705978393554688,
        1.239117980003357,
        -0.9376547336578369,
        -0.8506240248680115,
        1.6540812253952026,
        -1.7966713905334473,
        -2.1243908405303955,
        -0.3262661099433899,
        0.018037939444184303
    ]
}