{
    "id": 6429,
    "range": [
        121.386804,
        31.192716,
        121.396804,
        31.182716
    ],
    "image_path": "CitySatellite\\Shanghai\\6429.jpg",
    "poi": [
        [
            2005,
            1,
            1
        ],
        [
            2401,
            3,
            5
        ],
        [
            2901,
            1,
            0
        ],
        [
            2253,
            1,
            3
        ],
        [
            2301,
            4,
            4
        ],
        [
            2303,
            1,
            4
        ],
        [
            2511,
            3,
            6
        ],
        [
            2542,
            1,
            6
        ],
        [
            2601,
            1,
            0
        ]
    ],
    "places": [],
    "transport": [
        [
            5621,
            4,
            1
        ]
    ],
    "traffic": [
        [
            5201,
            1,
            3
        ],
        [
            5206,
            1,
            2
        ]
    ],
    "buildings": [
        30,
        46251.36549999999
    ],
    "landuse": [
        [
            7203,
            5,
            1,
            1.9282432500000002
        ],
        [
            7209,
            1,
            2,
            0.011862
        ],
        [
            7204,
            1,
            3,
            0.451968
        ]
    ],
    "road_inner": [
        [
            5133,
            2,
            2,
            121.924
        ],
        [
            5124,
            1,
            5,
            116.365
        ],
        [
            5122,
            2,
            4,
            884.758
        ],
        [
            5113,
            4,
            2,
            1660.1385000000002
        ],
        [
            5132,
            2,
            1,
            205.15
        ],
        [
            5141,
            6,
            5,
            1242.9905
        ],
        [
            5123,
            4,
            5,
            671.825
        ],
        [
            5114,
            2,
            2,
            1487.7015
        ],
        [
            5115,
            2,
            3,
            2232.15
        ],
        [
            5112,
            2,
            1,
            1580.229
        ]
    ],
    "road_connect": {
        "6669": {
            "2": 1
        },
        "6549": {
            "2": 2,
            "3": 1,
            "5": 1
        },
        "6308": {
            "2": 2,
            "1": 2,
            "3": 1,
            "5": 1
        },
        "6309": {
            "2": 2,
            "1": 2,
            "3": 3
        },
        "6430": {
            "3": 1,
            "1": 2,
            "4": 1,
            "2": 3
        },
        "6428": {
            "5": 3,
            "3": 1,
            "2": 1
        }
    },
    "population": [
        23693.47400665283
    ],
    "transport_embedding": [
        -0.38665497303009033,
        -2.011744976043701,
        -1.2401121854782104,
        0.7336409091949463,
        -1.7682374715805054,
        -0.6187801361083984,
        -1.6744614839553833,
        1.0434566736221313,
        0.5074062347412109,
        -0.5635462403297424
    ],
    "roadnet_embedding": [
        -0.4507559537887573,
        -1.1247406005859375,
        -0.4409157335758209,
        1.181084394454956,
        0.20180639624595642,
        0.11821194738149643,
        0.40822333097457886,
        -0.2147684097290039,
        0.05152261257171631,
        0.3607412278652191
    ],
    "function_embedding": [
        -1.7313642501831055,
        0.10921823978424072,
        -2.154660224914551,
        2.1547627449035645,
        0.7929015159606934,
        0.1881984919309616,
        -0.5516260862350464,
        -0.28919893503189087,
        -0.8249112367630005,
        -0.5347196459770203
    ],
    "city_embedding": [
        -1.0512089729309082,
        0.25785231590270996,
        -2.0321288108825684,
        0.477458119392395,
        -0.4162929952144623,
        -0.3215557634830475,
        2.833024263381958,
        1.3109577894210815,
        4.135783672332764,
        4.515014171600342
    ],
    "degree_embedding": [
        -1.0042394399642944,
        -0.009420008398592472,
        0.9801262617111206,
        -1.2878447771072388,
        -0.2485317885875702,
        0.5533161163330078,
        -0.5282760262489319,
        -1.066001296043396,
        -0.9106653332710266,
        -0.8317255973815918
    ]
}