{
    "id": 6431,
    "range": [
        121.386804,
        31.172716,
        121.396804,
        31.162716
    ],
    "image_path": "CitySatellite\\Shanghai\\6431.jpg",
    "poi": [
        [
            2601,
            1,
            0
        ],
        [
            2602,
            1,
            0
        ],
        [
            2511,
            1,
            6
        ],
        [
            2722,
            1,
            0
        ],
        [
            2012,
            2,
            2
        ],
        [
            2906,
            2,
            0
        ],
        [
            2401,
            1,
            5
        ],
        [
            2301,
            3,
            4
        ],
        [
            2505,
            1,
            6
        ],
        [
            2303,
            2,
            4
        ]
    ],
    "places": [],
    "transport": [
        [
            5621,
            12,
            1
        ],
        [
            5601,
            1,
            2
        ],
        [
            5641,
            1,
            0
        ]
    ],
    "traffic": [
        [
            5206,
            1,
            2
        ],
        [
            5201,
            2,
            3
        ],
        [
            5260,
            1,
            0
        ],
        [
            5204,
            2,
            1
        ]
    ],
    "buildings": [
        54,
        84153.25524999999
    ],
    "landuse": [
        [
            7209,
            14,
            2,
            3.90562525
        ],
        [
            7202,
            2,
            0,
            0.438203
        ],
        [
            7218,
            1,
            5,
            0.00696
        ],
        [
            7204,
            1,
            3,
            0.82234
        ]
    ],
    "road_inner": [
        [
            5141,
            17,
            5,
            1041.9850000000001
        ],
        [
            5132,
            1,
            1,
            117.587
        ],
        [
            5133,
            1,
            2,
            63.909
        ],
        [
            5122,
            2,
            4,
            821.2075
        ],
        [
            5121,
            1,
            4,
            594.711
        ],
        [
            5114,
            6,
            2,
            2247.2830000000004
        ],
        [
            5113,
            3,
            2,
            2549.4039999999995
        ],
        [
            5153,
            13,
            5,
            1674.9799999999998
        ],
        [
            5155,
            2,
            0,
            37.039
        ],
        [
            5112,
            2,
            1,
            1239.1575
        ],
        [
            5115,
            7,
            3,
            4014.2871666666674
        ],
        [
            5135,
            1,
            3,
            24.132
        ],
        [
            5154,
            1,
            5,
            28.714
        ]
    ],
    "road_connect": {
        "6311": {
            "3": 3,
            "2": 1
        },
        "6432": {
            "3": 1,
            "2": 3
        },
        "6551": {
            "2": 4,
            "3": 3,
            "1": 2,
            "4": 2,
            "5": 1
        },
        "6430": {
            "3": 2,
            "1": 2,
            "2": 4
        },
        "6550": {
            "2": 2
        },
        "6552": {
            "2": 1
        }
    },
    "population": [
        27607.21214294434
    ],
    "transport_embedding": [
        -2.2357075214385986,
        0.1518576294183731,
        -1.1454870700836182,
        -0.03698372840881348,
        0.2717577815055847,
        0.2348804473876953,
        -0.19873428344726562,
        0.40585947036743164,
        0.19272232055664062,
        1.8469771146774292
    ],
    "roadnet_embedding": [
        -0.8104734420776367,
        -1.1633588075637817,
        -0.09967701882123947,
        1.8258494138717651,
        0.13866569101810455,
        0.1936136782169342,
        0.3344182074069977,
        0.4382755756378174,
        -0.006342904642224312,
        0.44319912791252136
    ],
    "function_embedding": [
        -1.7173775434494019,
        0.09259927272796631,
        -2.215366840362549,
        2.1699583530426025,
        0.7941479682922363,
        0.2213267982006073,
        -0.56135094165802,
        -0.21062064170837402,
        -0.8133125901222229,
        -1.1210193634033203
    ],
    "city_embedding": [
        -1.061366081237793,
        0.38311484456062317,
        -2.4227402210235596,
        1.0214987993240356,
        -0.5458306670188904,
        -0.4360239505767822,
        2.844193696975708,
        -0.04640767723321915,
        3.3771469593048096,
        4.796702861785889
    ],
    "degree_embedding": [
        -1.006683349609375,
        0.007835334166884422,
        0.8175753355026245,
        -1.730561375617981,
        -0.6034758687019348,
        0.5033009052276611,
        -0.16651535034179688,
        -1.2345597743988037,
        -1.7809675931930542,
        0.22780020534992218
    ]
}