{
    "id": 6434,
    "range": [
        121.386804,
        31.142716,
        121.396804,
        31.132716
    ],
    "image_path": "CitySatellite\\Shanghai\\6434.jpg",
    "poi": [
        [
            2501,
            1,
            6
        ],
        [
            2005,
            1,
            1
        ],
        [
            2511,
            6,
            6
        ],
        [
            2303,
            2,
            4
        ],
        [
            2082,
            1,
            2
        ],
        [
            2502,
            1,
            6
        ],
        [
            2301,
            2,
            4
        ],
        [
            2302,
            4,
            4
        ],
        [
            2203,
            1,
            3
        ],
        [
            2601,
            1,
            0
        ],
        [
            2110,
            1,
            0
        ],
        [
            2721,
            1,
            0
        ],
        [
            2504,
            1,
            6
        ]
    ],
    "places": [],
    "transport": [
        [
            5621,
            12,
            1
        ]
    ],
    "traffic": [
        [
            5201,
            1,
            3
        ],
        [
            5204,
            2,
            1
        ]
    ],
    "buildings": [
        90,
        91253.45449999996
    ],
    "landuse": [
        [
            7202,
            3,
            0,
            0.305528
        ],
        [
            7203,
            8,
            1,
            3.8248042499999997
        ],
        [
            7212,
            1,
            0,
            0.411702
        ]
    ],
    "road_inner": [
        [
            5113,
            4,
            2,
            1799.5085
        ],
        [
            5122,
            9,
            4,
            2963.0230000000006
        ],
        [
            5141,
            44,
            5,
            6681.969
        ],
        [
            5153,
            18,
            5,
            1497.0554999999997
        ],
        [
            5121,
            8,
            4,
            1167.4070000000002
        ],
        [
            5114,
            1.0,
            2,
            1428.7906666666668
        ],
        [
            5112,
            1.0,
            1,
            49.132666666666665
        ],
        [
            5124,
            1.0,
            5,
            109.9665
        ],
        [
            5155,
            1.0,
            0,
            18.8665
        ]
    ],
    "road_connect": {
        "6314": {
            "2": 3,
            "4": 2,
            "5": 2
        },
        "6433": {
            "2": 2,
            "4": 1,
            "5": 7
        },
        "6313": {
            "2": 2
        },
        "6554": {
            "4": 3,
            "1": 1,
            "5": 10,
            "0": 1,
            "2": 4
        },
        "6435": {
            "1": 1,
            "2": 6
        },
        "6553": {
            "4": 1
        },
        "6432": {
            "2": 1
        }
    },
    "population": [
        18875.70137786865
    ],
    "transport_embedding": [
        -2.241868019104004,
        0.15972460806369781,
        -1.179885745048523,
        -0.055010080337524414,
        0.3096882402896881,
        0.2402324676513672,
        -0.1929798126220703,
        0.39704179763793945,
        0.190338134765625,
        1.8728797435760498
    ],
    "roadnet_embedding": [
        0.568431556224823,
        -1.0308904647827148,
        -1.447309136390686,
        0.8086782097816467,
        0.3677084147930145,
        1.3400565385818481,
        -0.21177233755588531,
        3.2825374603271484,
        1.157517671585083,
        0.34532496333122253
    ],
    "function_embedding": [
        -1.7397204637527466,
        0.11914694309234619,
        -2.4671518802642822,
        2.234647274017334,
        0.8102097511291504,
        0.35203784704208374,
        -0.6013221740722656,
        0.11537222564220428,
        -0.9176526069641113,
        -1.3540890216827393
    ],
    "city_embedding": [
        -1.0400396585464478,
        0.29068663716316223,
        -1.5695346593856812,
        1.9312069416046143,
        -0.55450838804245,
        -0.29558759927749634,
        1.846447229385376,
        1.7398096323013306,
        2.699553966522217,
        3.8422582149505615
    ],
    "degree_embedding": [
        -1.0004820823669434,
        -0.3704184293746948,
        1.402119517326355,
        0.03255480155348778,
        -1.9950650930404663,
        0.8130184412002563,
        -1.6462552547454834,
        -1.1151890754699707,
        -0.510395884513855,
        2.1527016162872314
    ]
}