{
    "id": 6435,
    "range": [
        121.386804,
        31.13271600000001,
        121.396804,
        31.122716
    ],
    "image_path": "CitySatellite\\Shanghai\\6435.jpg",
    "poi": [],
    "places": [],
    "transport": [
        [
            5621,
            2,
            1
        ],
        [
            5601,
            1,
            2
        ]
    ],
    "traffic": [
        [
            5206,
            2,
            2
        ],
        [
            5201,
            2,
            3
        ]
    ],
    "buildings": [
        4,
        9601.777833333334
    ],
    "landuse": [
        [
            7203,
            3,
            1,
            1.293711
        ],
        [
            7201,
            4,
            4,
            0.47995449999999995
        ],
        [
            7202,
            3,
            0,
            1.1937950000000002
        ],
        [
            7212,
            1,
            0,
            0.411702
        ]
    ],
    "road_inner": [
        [
            5132,
            2,
            1,
            851.277
        ],
        [
            5112,
            6,
            1,
            2237.575666666666
        ],
        [
            5122,
            13,
            4,
            3152.2494999999994
        ],
        [
            5133,
            3,
            2,
            849.112
        ],
        [
            5153,
            7,
            5,
            940.142
        ],
        [
            5131,
            9,
            1,
            1324.745
        ],
        [
            5155,
            2,
            0,
            58.249
        ],
        [
            5113,
            7,
            2,
            3218.535666666667
        ],
        [
            5154,
            1,
            5,
            591.605
        ],
        [
            5141,
            2,
            5,
            196.60399999999998
        ],
        [
            5124,
            1,
            5,
            374.5618333333333
        ],
        [
            5111,
            2,
            1,
            628.0396666666667
        ],
        [
            5115,
            2,
            3,
            1880.4871666666666
        ],
        [
            5114,
            1.0,
            2,
            540.4775
        ]
    ],
    "road_connect": {
        "6674": {
            "2": 1
        },
        "6554": {
            "2": 3,
            "1": 2,
            "4": 1,
            "5": 1
        },
        "6555": {
            "2": 1,
            "4": 6,
            "3": 1,
            "1": 1,
            "5": 1
        },
        "6675": {
            "4": 1,
            "3": 1
        },
        "6195": {
            "3": 1
        },
        "6196": {
            "3": 1
        },
        "6315": {
            "3": 1,
            "4": 2,
            "1": 3,
            "0": 1,
            "2": 2
        },
        "6316": {
            "4": 1,
            "1": 2,
            "2": 2
        },
        "6434": {
            "1": 1,
            "2": 6
        },
        "6436": {
            "1": 1,
            "4": 2,
            "3": 2,
            "5": 1
        }
    },
    "population": [
        17865.13915252686
    ],
    "transport_embedding": [
        -1.423644781112671,
        1.7565653324127197,
        0.5789188742637634,
        -3.3125526905059814,
        -5.498837947845459,
        0.9350903034210205,
        3.793994665145874,
        -1.433095932006836,
        -3.269174098968506,
        -0.002460883231833577
    ],
    "roadnet_embedding": [
        -1.617486834526062,
        -1.241188406944275,
        -1.6262836456298828,
        1.1734403371810913,
        -0.24932986497879028,
        -0.37902864813804626,
        -1.2298849821090698,
        -0.5288320183753967,
        0.20949651300907135,
        -0.3416811525821686
    ],
    "function_embedding": [
        -0.10256875306367874,
        -1.7421056032180786,
        -0.9000663161277771,
        -1.5653026103973389,
        0.7084269523620605,
        0.7421615719795227,
        -0.8590618371963501,
        1.9348527193069458,
        2.00484299659729,
        -2.2331809997558594
    ],
    "city_embedding": [
        -1.0357297658920288,
        0.11591865867376328,
        -1.4283814430236816,
        -0.3197133541107178,
        -0.38482609391212463,
        -0.03531438484787941,
        2.4635634422302246,
        2.5745158195495605,
        3.452115297317505,
        2.9221560955047607
    ],
    "degree_embedding": [
        -1.0410257577896118,
        1.4157240390777588,
        0.5202738046646118,
        -0.2669079899787903,
        -0.8922030925750732,
        -0.11251978576183319,
        -1.6756194829940796,
        -1.0437088012695312,
        -0.6909530758857727,
        -0.4050773084163666
    ]
}