{
    "id": 6465,
    "range": [
        121.386804,
        30.832716,
        121.396804,
        30.822716
    ],
    "image_path": "CitySatellite\\Shanghai\\6465.jpg",
    "poi": [],
    "places": [],
    "transport": [],
    "traffic": [],
    "buildings": [],
    "landuse": [],
    "road_inner": [],
    "road_connect": {},
    "population": [
        370.5940642356873
    ],
    "transport_embedding": [
        -0.24076254665851593,
        -0.4315185248851776,
        0.688510537147522,
        -1.115959644317627,
        0.6905798316001892,
        0.8455735445022583,
        0.20159457623958588,
        1.6605533361434937,
        -2.4627652168273926,
        -0.5333030819892883
    ],
    "roadnet_embedding": [
        1.006735920906067,
        -0.44806337356567383,
        0.10620597004890442,
        0.5800458192825317,
        -2.6308131217956543,
        -0.19056953489780426,
        0.02602401375770569,
        -0.08146325498819351,
        -0.06677359342575073,
        0.22234848141670227
    ],
    "function_embedding": [
        -0.570590078830719,
        -0.3234899640083313,
        -0.054360371083021164,
        0.07799303531646729,
        -1.4437047243118286,
        -0.047326069325208664,
        -0.00238587218336761,
        -0.057611625641584396,
        -0.12812356650829315,
        0.21743202209472656
    ],
    "city_embedding": [
        -0.9849073886871338,
        0.000903253210708499,
        0.6202318668365479,
        1.328977108001709,
        -0.6006383895874023,
        1.2201260328292847,
        0.22219635546207428,
        2.831216335296631,
        2.3657970428466797,
        3.4477832317352295
    ],
    "degree_embedding": [
        -0.9859232902526855,
        -0.14980502426624298,
        1.1363672018051147,
        1.3890211582183838,
        1.9668338298797607,
        -0.10017327964305878,
        -0.9014211297035217,
        -0.5218036770820618,
        0.12516868114471436,
        0.34269973635673523
    ]
}