{
    "id": 6466,
    "range": [
        121.386804,
        30.822716,
        121.396804,
        30.812716
    ],
    "image_path": "CitySatellite\\Shanghai\\6466.jpg",
    "poi": [],
    "places": [],
    "transport": [],
    "traffic": [],
    "buildings": [],
    "landuse": [],
    "road_inner": [
        [
            5121,
            1.0,
            4,
            685.01
        ]
    ],
    "road_connect": {
        "6467": {
            "4": 1
        }
    },
    "population": [
        269.6122198104858
    ],
    "transport_embedding": [
        -0.2234051674604416,
        -0.7211028933525085,
        0.7156559824943542,
        -0.5694842338562012,
        0.8687050342559814,
        0.48555460572242737,
        -1.344211220741272,
        -0.4909932315349579,
        0.3152350187301636,
        -0.08174342662096024
    ],
    "roadnet_embedding": [
        0.8973293304443359,
        -0.7058218717575073,
        0.07075561583042145,
        -0.745095431804657,
        -0.3456534743309021,
        -2.4768776893615723,
        -0.22211448848247528,
        1.2017848491668701,
        0.7082163095474243,
        -0.8642483353614807
    ],
    "function_embedding": [
        -0.6300212144851685,
        -0.2798589766025543,
        -0.09933009743690491,
        0.08050566911697388,
        -1.4777733087539673,
        -0.06458067893981934,
        -0.01898425817489624,
        -0.10820160061120987,
        -0.09545347094535828,
        0.4245966970920563
    ],
    "city_embedding": [
        -0.984584391117096,
        0.001661646063439548,
        0.6336708664894104,
        1.3431065082550049,
        -0.5989523530006409,
        1.229884386062622,
        0.2065003514289856,
        2.816255569458008,
        2.372882604598999,
        3.47462797164917
    ],
    "degree_embedding": [
        -0.9831920266151428,
        -0.3173981308937073,
        0.5776484608650208,
        1.1417187452316284,
        1.6773102283477783,
        0.05792992189526558,
        -0.5776814818382263,
        -0.7830755114555359,
        0.5181704163551331,
        -0.4565789997577667
    ]
}