{
    "id": 6475,
    "range": [
        121.386804,
        30.732716,
        121.396804,
        30.722716
    ],
    "image_path": "CitySatellite\\Shanghai\\6475.jpg",
    "poi": [],
    "places": [],
    "transport": [],
    "traffic": [],
    "buildings": [],
    "landuse": [],
    "road_inner": [],
    "road_connect": {},
    "population": [
        0.0
    ],
    "transport_embedding": [
        -0.08580165356397629,
        -0.919468343257904,
        0.38629990816116333,
        -0.48153921961784363,
        0.02573622576892376,
        0.44724240899086,
        0.29036661982536316,
        0.7650889158248901,
        0.9861475229263306,
        -0.21492846310138702
    ],
    "roadnet_embedding": [
        1.0907093286514282,
        -0.4282076954841614,
        0.032731954008340836,
        0.5357909798622131,
        -3.029724359512329,
        0.019866978749632835,
        0.04921889677643776,
        -0.10961414873600006,
        -0.07502768933773041,
        0.34569883346557617
    ],
    "function_embedding": [
        -0.580676257610321,
        -0.3237866163253784,
        -0.05558328330516815,
        0.07019036263227463,
        -1.4099727869033813,
        -0.0703502967953682,
        0.002756447996944189,
        -0.0480191670358181,
        -0.13020996749401093,
        0.21413716673851013
    ],
    "city_embedding": [
        -0.983723521232605,
        0.0036167511716485023,
        0.6694934964179993,
        1.3806318044662476,
        -0.5934169292449951,
        1.2560120820999146,
        0.1646505445241928,
        2.77662992477417,
        2.3926258087158203,
        3.5471549034118652
    ],
    "degree_embedding": [
        -0.9859232902526855,
        -0.14980502426624298,
        1.1363672018051147,
        1.3890211582183838,
        1.9668338298797607,
        -0.10017327964305878,
        -0.9014211297035217,
        -0.5218036770820618,
        0.12516868114471436,
        0.34269973635673523
    ]
}