{
    "id": 6476,
    "range": [
        121.386804,
        30.722716,
        121.396804,
        30.712716
    ],
    "image_path": "CitySatellite\\Shanghai\\6476.jpg",
    "poi": [],
    "places": [],
    "transport": [],
    "traffic": [],
    "buildings": [],
    "landuse": [],
    "road_inner": [],
    "road_connect": {},
    "population": [
        0.0
    ],
    "transport_embedding": [
        -0.19427619874477386,
        -0.6599240899085999,
        0.6205012798309326,
        -0.7352091073989868,
        0.31377559900283813,
        0.3392098844051361,
        -0.14347679913043976,
        0.9703646302223206,
        -0.1694096326828003,
        -0.27413612604141235
    ],
    "roadnet_embedding": [
        0.9664912819862366,
        -0.4536606967449188,
        0.129304900765419,
        0.5947108864784241,
        -2.8307294845581055,
        -0.11399232596158981,
        0.11277694255113602,
        -0.08294879645109177,
        -0.10451091080904007,
        0.3354750871658325
    ],
    "function_embedding": [
        -0.600559651851654,
        -0.29951682686805725,
        -0.07588392496109009,
        0.08632270991802216,
        -1.4635686874389648,
        -0.07410023361444473,
        -0.009078478440642357,
        -0.09990929812192917,
        -0.10891050100326538,
        0.31753256916999817
    ],
    "city_embedding": [
        -0.983723521232605,
        0.0036167511716485023,
        0.6694934964179993,
        1.3806318044662476,
        -0.5934169292449951,
        1.2560120820999146,
        0.1646505445241928,
        2.77662992477417,
        2.3926258087158203,
        3.5471549034118652
    ],
    "degree_embedding": [
        -0.9859232902526855,
        -0.14980502426624298,
        1.1363672018051147,
        1.3890211582183838,
        1.9668338298797607,
        -0.10017327964305878,
        -0.9014211297035217,
        -0.5218036770820618,
        0.12516868114471436,
        0.34269973635673523
    ]
}