{
    "id": 6507,
    "range": [
        121.396804,
        31.612716,
        121.406804,
        31.602716
    ],
    "image_path": "CitySatellite\\Shanghai\\6507.jpg",
    "poi": [],
    "places": [],
    "transport": [],
    "traffic": [],
    "buildings": [],
    "landuse": [],
    "road_inner": [],
    "road_connect": {},
    "population": [
        0.0
    ],
    "transport_embedding": [
        -0.10412762314081192,
        -0.8900977373123169,
        0.3929111957550049,
        -0.4830619990825653,
        0.4476201832294464,
        1.9071954488754272,
        -0.13023914396762848,
        -0.8979345560073853,
        1.0429024696350098,
        -0.07290824502706528
    ],
    "roadnet_embedding": [
        1.0956357717514038,
        -0.4359026253223419,
        0.07398969680070877,
        0.6075655817985535,
        -2.941419839859009,
        0.09776687622070312,
        0.020174197852611542,
        -0.280585378408432,
        -0.051535286009311676,
        0.4001986086368561
    ],
    "function_embedding": [
        -0.595862627029419,
        -0.2937179207801819,
        -0.06509670615196228,
        0.1046672835946083,
        -1.501660704612732,
        -0.04235558956861496,
        -0.07095877826213837,
        -0.07762490957975388,
        -0.1291363686323166,
        0.31077298521995544
    ],
    "city_embedding": [
        -0.983723521232605,
        0.0036167511716485023,
        0.6694934964179993,
        1.3806318044662476,
        -0.5934169292449951,
        1.2560120820999146,
        0.1646505445241928,
        2.77662992477417,
        2.3926258087158203,
        3.5471549034118652
    ],
    "degree_embedding": [
        -0.9859232902526855,
        -0.14980502426624298,
        1.1363672018051147,
        1.3890211582183838,
        1.9668338298797607,
        -0.10017327964305878,
        -0.9014211297035217,
        -0.5218036770820618,
        0.12516868114471436,
        0.34269973635673523
    ]
}