{
    "id": 6508,
    "range": [
        121.396804,
        31.602716,
        121.406804,
        31.592716
    ],
    "image_path": "CitySatellite\\Shanghai\\6508.jpg",
    "poi": [],
    "places": [],
    "transport": [],
    "traffic": [],
    "buildings": [],
    "landuse": [],
    "road_inner": [],
    "road_connect": {},
    "population": [
        0.0
    ],
    "transport_embedding": [
        -0.23836974799633026,
        -0.7357698082923889,
        0.7997568249702454,
        -0.4799216687679291,
        0.7087189555168152,
        0.12527072429656982,
        -0.9929677844047546,
        -0.36948925256729126,
        0.5282451510429382,
        -0.02934691123664379
    ],
    "roadnet_embedding": [
        1.0320947170257568,
        -0.4317253828048706,
        0.08477569371461868,
        0.6036378145217896,
        -2.800177574157715,
        -0.052608802914619446,
        0.012346296571195126,
        -0.17211435735225677,
        -0.025831693783402443,
        0.26855361461639404
    ],
    "function_embedding": [
        -0.6250901818275452,
        -0.2723156809806824,
        -0.053689755499362946,
        0.09852833300828934,
        -1.510023832321167,
        -0.06843554228544235,
        -0.10077428072690964,
        -0.09214341640472412,
        -0.11130731552839279,
        0.3041858673095703
    ],
    "city_embedding": [
        -0.983723521232605,
        0.0036167511716485023,
        0.6694934964179993,
        1.3806318044662476,
        -0.5934169292449951,
        1.2560120820999146,
        0.1646505445241928,
        2.77662992477417,
        2.3926258087158203,
        3.5471549034118652
    ],
    "degree_embedding": [
        -0.9859232902526855,
        -0.14980502426624298,
        1.1363672018051147,
        1.3890211582183838,
        1.9668338298797607,
        -0.10017327964305878,
        -0.9014211297035217,
        -0.5218036770820618,
        0.12516868114471436,
        0.34269973635673523
    ]
}