{
    "id": 6547,
    "range": [
        121.396804,
        31.212716,
        121.406804,
        31.202716
    ],
    "image_path": "CitySatellite\\Shanghai\\6547.jpg",
    "poi": [
        [
            2101,
            1,
            0
        ],
        [
            2601,
            6,
            0
        ],
        [
            2301,
            101,
            4
        ],
        [
            2011,
            5,
            2
        ],
        [
            2302,
            8,
            4
        ],
        [
            2401,
            3,
            5
        ],
        [
            2512,
            49,
            6
        ],
        [
            2303,
            27,
            4
        ],
        [
            2511,
            5,
            6
        ],
        [
            2906,
            17,
            0
        ],
        [
            2006,
            2,
            2
        ],
        [
            2502,
            4,
            6
        ],
        [
            2305,
            3,
            4
        ],
        [
            2901,
            33,
            0
        ],
        [
            2904,
            1,
            0
        ],
        [
            2529,
            18,
            6
        ],
        [
            2561,
            5,
            6
        ],
        [
            2005,
            1,
            1
        ],
        [
            2501,
            3,
            6
        ],
        [
            2514,
            1,
            6
        ],
        [
            2513,
            1,
            6
        ],
        [
            2520,
            2,
            6
        ],
        [
            2522,
            2,
            6
        ],
        [
            2517,
            2,
            6
        ],
        [
            2521,
            1,
            6
        ],
        [
            2111,
            1,
            0
        ],
        [
            2519,
            1,
            6
        ],
        [
            2505,
            1,
            6
        ],
        [
            2544,
            9,
            6
        ],
        [
            2526,
            4,
            6
        ],
        [
            2014,
            1,
            2
        ],
        [
            2082,
            2,
            2
        ],
        [
            2205,
            1,
            3
        ],
        [
            2251,
            1,
            3
        ],
        [
            2515,
            2,
            6
        ],
        [
            2203,
            1,
            3
        ],
        [
            2602,
            1,
            0
        ],
        [
            2121,
            2,
            0
        ],
        [
            2120,
            1,
            0
        ],
        [
            2541,
            1,
            6
        ],
        [
            2902,
            4,
            0
        ],
        [
            2528,
            1,
            6
        ],
        [
            2546,
            1,
            6
        ],
        [
            2004,
            1,
            2
        ]
    ],
    "places": [
        [
            1010,
            1,
            5
        ]
    ],
    "transport": [
        [
            5655,
            1,
            0
        ],
        [
            5621,
            16,
            1
        ],
        [
            5641,
            2,
            0
        ]
    ],
    "traffic": [
        [
            5206,
            2,
            2
        ],
        [
            5204,
            12,
            1
        ],
        [
            5260,
            1,
            0
        ]
    ],
    "buildings": [
        265,
        228269.61274999983
    ],
    "landuse": [
        [
            7202,
            2,
            0,
            0.6375046666666666
        ],
        [
            7209,
            2,
            2,
            0.611898
        ]
    ],
    "road_inner": [
        [
            5112,
            4,
            1,
            2767.4312142857143
        ],
        [
            5132,
            8,
            1,
            1139.7735
        ],
        [
            5153,
            42,
            5,
            4305.409166666668
        ],
        [
            5115,
            17,
            3,
            4026.2334999999994
        ],
        [
            5122,
            6,
            4,
            1277.8220000000003
        ],
        [
            5114,
            3,
            2,
            1366.5785
        ],
        [
            5113,
            14,
            2,
            3289.3321666666666
        ],
        [
            5141,
            22,
            5,
            1860.6205000000002
        ],
        [
            5133,
            1,
            2,
            78.92
        ],
        [
            5124,
            4,
            5,
            705.566
        ],
        [
            5155,
            15,
            0,
            101.80499999999999
        ],
        [
            5123,
            2,
            5,
            96.22200000000001
        ],
        [
            5152,
            1.0,
            0,
            192.602
        ]
    ],
    "road_connect": {
        "6667": {
            "1": 6,
            "3": 2,
            "4": 1,
            "2": 7,
            "5": 3,
            "0": 1
        },
        "6188": {
            "1": 2
        },
        "6189": {
            "1": 2
        },
        "6308": {
            "1": 2
        },
        "6428": {
            "1": 3,
            "2": 2,
            "5": 1
        },
        "6548": {
            "1": 3,
            "5": 9,
            "3": 1
        },
        "6069": {
            "1": 2
        },
        "6427": {
            "1": 1,
            "3": 3,
            "4": 1,
            "2": 4
        },
        "6546": {
            "3": 2,
            "2": 1,
            "5": 4,
            "4": 1
        }
    },
    "population": [
        56567.14309692383
    ],
    "transport_embedding": [
        -2.470156669616699,
        0.4539761245250702,
        -1.2606266736984253,
        -0.23430418968200684,
        1.077682375907898,
        0.4304351806640625,
        0.2869224548339844,
        -0.034220218658447266,
        -0.13790130615234375,
        1.894344687461853
    ],
    "roadnet_embedding": [
        -0.646801769733429,
        -1.1478434801101685,
        -1.8407996892929077,
        0.8855757713317871,
        -0.002234663348644972,
        0.4186040461063385,
        -0.5562469363212585,
        2.53611421585083,
        1.0409440994262695,
        0.6792998313903809
    ],
    "function_embedding": [
        -1.7399601936340332,
        0.11943185329437256,
        -2.5353174209594727,
        2.2515621185302734,
        0.813817024230957,
        0.39586591720581055,
        -0.6126670837402344,
        0.21370506286621094,
        -0.9365334510803223,
        -1.6095995903015137
    ],
    "city_embedding": [
        -1.0981367826461792,
        2.9284346103668213,
        -3.2601656913757324,
        0.987846314907074,
        0.6452463865280151,
        -2.4297430515289307,
        -2.0755209922790527,
        -2.9454033374786377,
        -6.7471184730529785,
        -1.0867136716842651
    ],
    "degree_embedding": [
        -1.057230830192566,
        2.0067999362945557,
        1.5242770910263062,
        -0.1855134218931198,
        -0.850680410861969,
        1.9546815156936646,
        -2.3438034057617188,
        -2.002030611038208,
        1.0027598142623901,
        -0.03866203501820564
    ]
}