{
    "id": 6548,
    "range": [
        121.396804,
        31.202716,
        121.406804,
        31.192716
    ],
    "image_path": "CitySatellite\\Shanghai\\6548.jpg",
    "poi": [
        [
            2301,
            4,
            4
        ],
        [
            2505,
            1,
            6
        ],
        [
            2302,
            1,
            4
        ],
        [
            2724,
            1,
            0
        ],
        [
            2901,
            1,
            0
        ],
        [
            2082,
            1,
            2
        ],
        [
            2205,
            1,
            3
        ],
        [
            2303,
            3,
            4
        ],
        [
            2602,
            1,
            0
        ],
        [
            2513,
            1,
            6
        ],
        [
            2722,
            1,
            0
        ],
        [
            2007,
            1,
            2
        ],
        [
            2016,
            1,
            2
        ],
        [
            2401,
            1,
            5
        ]
    ],
    "places": [
        [
            1010,
            1,
            5
        ]
    ],
    "transport": [
        [
            5601,
            1,
            2
        ],
        [
            5621,
            13,
            1
        ]
    ],
    "traffic": [
        [
            5270,
            1,
            0
        ]
    ],
    "buildings": [
        241,
        227547.8055000002
    ],
    "landuse": [
        [
            7202,
            2,
            0,
            0.6202796666666667
        ],
        [
            7203,
            4,
            1,
            3.0275030000000003
        ],
        [
            7209,
            1,
            2,
            0.003683
        ],
        [
            7212,
            3,
            0,
            0.380288
        ],
        [
            7208,
            3,
            5,
            0.054268
        ],
        [
            7201,
            4,
            4,
            0.184938
        ]
    ],
    "road_inner": [
        [
            5115,
            9,
            3,
            4531.674999999999
        ],
        [
            5153,
            15,
            5,
            2869.8456666666666
        ],
        [
            5122,
            5,
            4,
            1960.1515
        ],
        [
            5113,
            2,
            2,
            1476.8975
        ],
        [
            5141,
            3,
            5,
            880.1799999999998
        ],
        [
            5154,
            2,
            5,
            363.482
        ],
        [
            5124,
            1.0,
            5,
            545.672
        ],
        [
            5112,
            1.0,
            1,
            1160.3137142857142
        ],
        [
            5132,
            1.0,
            1,
            55.6475
        ]
    ],
    "road_connect": {
        "6668": {
            "3": 3,
            "5": 2,
            "2": 2
        },
        "6188": {
            "1": 2
        },
        "6189": {
            "1": 2
        },
        "6308": {
            "1": 2
        },
        "6428": {
            "1": 3,
            "2": 2,
            "3": 3,
            "4": 1,
            "5": 2
        },
        "6547": {
            "1": 3,
            "5": 9,
            "3": 1
        },
        "6069": {
            "1": 2
        },
        "6427": {
            "1": 1
        },
        "6549": {
            "3": 2
        }
    },
    "population": [
        42551.17032623291
    ],
    "transport_embedding": [
        -2.2958290576934814,
        0.22916534543037415,
        -1.2104644775390625,
        -0.10194873809814453,
        0.4889318346977234,
        0.2840385437011719,
        -0.08670616149902344,
        0.301908016204834,
        0.11971664428710938,
        2.003202438354492
    ],
    "roadnet_embedding": [
        1.0296993255615234,
        -0.9863530993461609,
        -0.5397048592567444,
        0.9021726846694946,
        0.5400216579437256,
        1.6520161628723145,
        -0.16930733621120453,
        0.4439771771430969,
        -0.01573067717254162,
        0.3055098056793213
    ],
    "function_embedding": [
        -1.7381339073181152,
        0.11726176738739014,
        -2.373415470123291,
        2.2112574577331543,
        0.8050880432128906,
        0.29879117012023926,
        -0.5861605405807495,
        -0.011499423533678055,
        -0.8903003334999084,
        -1.1197466850280762
    ],
    "city_embedding": [
        -1.0786608457565308,
        2.5559628009796143,
        -2.5350637435913086,
        1.7770544290542603,
        1.4581823348999023,
        -2.0438425540924072,
        -2.273688793182373,
        -1.835049033164978,
        -4.013764381408691,
        -1.5451483726501465
    ],
    "degree_embedding": [
        -1.031810998916626,
        1.0349899530410767,
        1.7708905935287476,
        -1.1158937215805054,
        -0.4040331542491913,
        0.7320716977119446,
        -1.5456619262695312,
        -1.5581401586532593,
        0.8593581318855286,
        -1.251579761505127
    ]
}