{
    "id": 6551,
    "range": [
        121.396804,
        31.172716,
        121.406804,
        31.162716
    ],
    "image_path": "CitySatellite\\Shanghai\\6551.jpg",
    "poi": [
        [
            2005,
            1,
            1
        ],
        [
            2601,
            2,
            0
        ],
        [
            2004,
            2,
            2
        ],
        [
            2303,
            1,
            4
        ],
        [
            2518,
            1,
            6
        ],
        [
            2602,
            1,
            0
        ]
    ],
    "places": [],
    "transport": [
        [
            5601,
            1,
            2
        ],
        [
            5621,
            19,
            1
        ]
    ],
    "traffic": [
        [
            5201,
            10,
            3
        ],
        [
            5331,
            1,
            0
        ],
        [
            5260,
            1,
            0
        ]
    ],
    "buildings": [
        189,
        190702.90974999996
    ],
    "landuse": [
        [
            7202,
            1,
            0,
            0.2515435
        ],
        [
            7209,
            1,
            2,
            0.2677575
        ],
        [
            7203,
            1,
            1,
            0.4340865
        ],
        [
            7204,
            1,
            3,
            0.541044
        ]
    ],
    "road_inner": [
        [
            5115,
            10,
            3,
            4058.558666666667
        ],
        [
            5112,
            2,
            1,
            1836.4695000000002
        ],
        [
            5133,
            2,
            2,
            141.978
        ],
        [
            5113,
            6,
            2,
            3027.974
        ],
        [
            5122,
            6,
            4,
            1827.7469999999998
        ],
        [
            5153,
            1,
            5,
            355.08799999999997
        ],
        [
            5141,
            11,
            5,
            553.7040000000001
        ],
        [
            5114,
            1.0,
            2,
            498.317
        ],
        [
            5121,
            1.0,
            4,
            187.368
        ]
    ],
    "road_connect": {
        "6671": {
            "4": 1,
            "2": 3,
            "3": 1
        },
        "6432": {
            "2": 2
        },
        "6431": {
            "2": 4,
            "3": 3,
            "1": 2,
            "4": 2,
            "5": 1
        },
        "6430": {
            "3": 1
        },
        "6552": {
            "2": 2,
            "1": 2,
            "3": 1
        },
        "6550": {
            "4": 1,
            "3": 2,
            "2": 1
        }
    },
    "population": [
        24955.86792755127
    ],
    "transport_embedding": [
        -2.488374948501587,
        0.47748175263404846,
        -1.3033428192138672,
        -0.2636394500732422,
        1.1576391458511353,
        0.4458332061767578,
        0.3170795440673828,
        -0.06518220901489258,
        -0.15668869018554688,
        2.460941791534424
    ],
    "roadnet_embedding": [
        -0.32426121830940247,
        -1.1158597469329834,
        0.06232411786913872,
        1.5501151084899902,
        0.2748751640319824,
        0.42832303047180176,
        -0.23079748451709747,
        -0.7212712168693542,
        -0.012278059497475624,
        1.6154046058654785
    ],
    "function_embedding": [
        -1.4232877492904663,
        -0.2566165328025818,
        -1.44027841091156,
        1.6890226602554321,
        0.7411565780639648,
        0.09575437754392624,
        -0.18613684177398682,
        -0.5250014662742615,
        -0.20280154049396515,
        0.6558051109313965
    ],
    "city_embedding": [
        -1.0627515316009521,
        0.4745029807090759,
        -2.4613823890686035,
        2.074388027191162,
        -0.723721444606781,
        -0.4235198199748993,
        0.9694838523864746,
        -1.7163918018341064,
        -2.4504168033599854,
        1.7681149244308472
    ],
    "degree_embedding": [
        -1.0049911737442017,
        0.016554241999983788,
        0.5536780953407288,
        -1.3675026893615723,
        -0.3555698096752167,
        0.1906200647354126,
        -0.5087665915489197,
        -1.0630642175674438,
        -1.1319916248321533,
        -0.5413925051689148
    ]
}