{
    "id": 6554,
    "range": [
        121.396804,
        31.142716,
        121.406804,
        31.132716
    ],
    "image_path": "CitySatellite\\Shanghai\\6554.jpg",
    "poi": [
        [
            2303,
            1,
            4
        ],
        [
            2601,
            2,
            0
        ],
        [
            2512,
            1,
            6
        ],
        [
            2511,
            4,
            6
        ],
        [
            2505,
            1,
            6
        ],
        [
            2502,
            1,
            6
        ],
        [
            2566,
            1,
            6
        ],
        [
            2721,
            1,
            0
        ],
        [
            2305,
            1,
            4
        ],
        [
            2504,
            1,
            6
        ]
    ],
    "places": [],
    "transport": [
        [
            5621,
            10,
            1
        ],
        [
            5601,
            1,
            2
        ]
    ],
    "traffic": [
        [
            5201,
            7,
            3
        ],
        [
            5260,
            1,
            0
        ],
        [
            5204,
            3,
            1
        ]
    ],
    "buildings": [
        19,
        26028.128833333336
    ],
    "landuse": [
        [
            7203,
            5,
            1,
            2.1438615
        ],
        [
            7202,
            2,
            0,
            0.059251000000000005
        ]
    ],
    "road_inner": [
        [
            5114,
            11,
            2,
            2586.5645000000004
        ],
        [
            5141,
            16,
            5,
            3193.002499999999
        ],
        [
            5122,
            7,
            4,
            3400.2583333333337
        ],
        [
            5112,
            2,
            1,
            2649.8813333333337
        ],
        [
            5115,
            2,
            3,
            792.3555
        ],
        [
            5124,
            4,
            5,
            1142.6018333333332
        ],
        [
            5153,
            2,
            5,
            155.7375
        ],
        [
            5113,
            1,
            2,
            1407.052
        ],
        [
            5133,
            1,
            2,
            64.5655
        ],
        [
            5132,
            1,
            1,
            585.8115
        ],
        [
            5155,
            1.0,
            0,
            18.8665
        ]
    ],
    "road_connect": {
        "6674": {
            "1": 4,
            "2": 5,
            "3": 1,
            "4": 3
        },
        "6553": {
            "2": 1,
            "1": 2,
            "4": 3,
            "5": 1
        },
        "6673": {
            "1": 3,
            "2": 1
        },
        "6435": {
            "2": 3,
            "1": 2,
            "4": 1,
            "5": 1
        },
        "6555": {
            "2": 4,
            "4": 3,
            "1": 1,
            "5": 6,
            "3": 1
        },
        "6675": {
            "4": 1
        },
        "6434": {
            "4": 3,
            "1": 1,
            "5": 10,
            "0": 1,
            "2": 4
        }
    },
    "population": [
        23576.46159362793
    ],
    "transport_embedding": [
        -2.4467430114746094,
        0.42415034770965576,
        -0.34242188930511475,
        0.15945696830749512,
        0.44068607687950134,
        0.3935356140136719,
        0.3984760344028473,
        -0.018065929412841797,
        -0.24474334716796875,
        1.9482507705688477
    ],
    "roadnet_embedding": [
        -0.8458163738250732,
        -1.166935682296753,
        -1.22825288772583,
        1.1298099756240845,
        -0.01587521657347679,
        0.24555175006389618,
        -0.4560307264328003,
        0.9415189623832703,
        0.9647077918052673,
        0.008713748306035995
    ],
    "function_embedding": [
        -1.7324680089950562,
        0.11052954196929932,
        -2.3134334087371826,
        2.1952764987945557,
        0.8012704849243164,
        0.25947967171669006,
        -0.5762669444084167,
        -0.09698788821697235,
        -0.8728642463684082,
        -0.9647119641304016
    ],
    "city_embedding": [
        -1.049965500831604,
        0.24148470163345337,
        -1.9810585975646973,
        -0.1438044160604477,
        -0.32869768142700195,
        -0.3512217700481415,
        2.87650203704834,
        1.497625470161438,
        4.205763816833496,
        4.323530673980713
    ],
    "degree_embedding": [
        -1.0539168119430542,
        1.8690699338912964,
        1.1673952341079712,
        0.8306483626365662,
        -1.4424036741256714,
        0.8663160800933838,
        -1.7970528602600098,
        -1.4609698057174683,
        0.17093147337436676,
        0.6848391890525818
    ]
}