{
    "id": 6576,
    "range": [
        121.396804,
        30.922716,
        121.406804,
        30.912716
    ],
    "image_path": "CitySatellite\\Shanghai\\6576.jpg",
    "poi": [],
    "places": [],
    "transport": [],
    "traffic": [],
    "buildings": [],
    "landuse": [
        [
            7204,
            1,
            3,
            0.61188175
        ]
    ],
    "road_inner": [
        [
            5122,
            1.0,
            4,
            255.981
        ]
    ],
    "road_connect": {
        "6696": {
            "4": 1
        }
    },
    "population": [
        1871.785289764404
    ],
    "transport_embedding": [
        -0.08472765237092972,
        -0.8777223229408264,
        0.3782980442047119,
        -0.4581323564052582,
        0.3139757215976715,
        2.354377269744873,
        0.492376446723938,
        -0.07717821002006531,
        1.2392531633377075,
        -0.22376768290996552
    ],
    "roadnet_embedding": [
        0.9387854933738708,
        -0.48718592524528503,
        0.12344566732645035,
        0.3105674386024475,
        -2.2445969581604004,
        -0.5711565613746643,
        0.016841184347867966,
        0.14003869891166687,
        0.05662669241428375,
        0.12179772555828094
    ],
    "function_embedding": [
        -0.5898719429969788,
        -0.7657508850097656,
        0.2957191467285156,
        -1.241390585899353,
        -0.3458085358142853,
        0.7525886297225952,
        0.11027906090021133,
        0.5725701451301575,
        -0.3752973973751068,
        -0.696433424949646
    ],
    "city_embedding": [
        -0.9896696209907532,
        -0.010277258232235909,
        0.42207857966423035,
        1.1201130151748657,
        -0.6242737770080566,
        1.077299952507019,
        0.45287802815437317,
        3.049192428588867,
        2.273559808731079,
        3.0521492958068848
    ],
    "degree_embedding": [
        -0.9831920266151428,
        -0.3173981308937073,
        0.5776484608650208,
        1.1417187452316284,
        1.6773102283477783,
        0.05792992189526558,
        -0.5776814818382263,
        -0.7830755114555359,
        0.5181704163551331,
        -0.4565789997577667
    ]
}