{
    "id": 6583,
    "range": [
        121.396804,
        30.852716,
        121.406804,
        30.842716
    ],
    "image_path": "CitySatellite\\Shanghai\\6583.jpg",
    "poi": [],
    "places": [],
    "transport": [],
    "traffic": [],
    "buildings": [],
    "landuse": [],
    "road_inner": [
        [
            5115,
            1,
            3,
            1395.1924999999999
        ],
        [
            5142,
            1,
            5,
            720.259
        ]
    ],
    "road_connect": {
        "6703": {
            "3": 1,
            "5": 1
        },
        "6463": {
            "3": 1,
            "5": 1
        }
    },
    "population": [
        429.0677480697632
    ],
    "transport_embedding": [
        -0.22274965047836304,
        -0.5451297163963318,
        0.6300657391548157,
        -0.9511944055557251,
        -0.020659668371081352,
        -0.8515821099281311,
        0.2676564157009125,
        2.1518921852111816,
        -0.9533467888832092,
        -0.42599600553512573
    ],
    "roadnet_embedding": [
        1.3471742868423462,
        -0.8229027986526489,
        0.17042815685272217,
        0.18916796147823334,
        0.9917876124382019,
        -1.2286432981491089,
        -0.36208176612854004,
        0.33503520488739014,
        -0.8026289343833923,
        0.2177118957042694
    ],
    "function_embedding": [
        -0.5816379189491272,
        -0.31066539883613586,
        -0.06881143897771835,
        0.06833883374929428,
        -1.4541443586349487,
        -0.02850981242954731,
        -0.07126045227050781,
        -0.062117550522089005,
        -0.09341993182897568,
        0.20742806792259216
    ],
    "city_embedding": [
        -0.9850950837135315,
        0.0004423265054356307,
        0.6124157905578613,
        1.3207368850708008,
        -0.6017495393753052,
        1.2144770622253418,
        0.23123964667320251,
        2.839977264404297,
        2.3619329929351807,
        3.4315617084503174
    ],
    "degree_embedding": [
        -0.9820458889007568,
        -0.4774194061756134,
        0.6361510753631592,
        0.567614734172821,
        1.2416627407073975,
        0.34189295768737793,
        0.45661288499832153,
        -0.6361842155456543,
        0.9080424904823303,
        -2.051915168762207
    ]
}