{
    "id": 6594,
    "range": [
        121.396804,
        30.742716,
        121.406804,
        30.732716
    ],
    "image_path": "CitySatellite\\Shanghai\\6594.jpg",
    "poi": [],
    "places": [],
    "transport": [],
    "traffic": [],
    "buildings": [],
    "landuse": [],
    "road_inner": [],
    "road_connect": {},
    "population": [
        0.0
    ],
    "transport_embedding": [
        -0.30017709732055664,
        -0.6805462837219238,
        0.7682288885116577,
        -0.5835673213005066,
        0.9098047018051147,
        -1.173478364944458,
        -1.278017520904541,
        0.48124250769615173,
        -0.23196803033351898,
        -0.11743073910474777
    ],
    "roadnet_embedding": [
        1.0986236333847046,
        -0.43364468216896057,
        0.07053989171981812,
        0.5121005773544312,
        -2.8335275650024414,
        -0.12386496365070343,
        -0.02508043684065342,
        -0.04192628338932991,
        -0.08274836093187332,
        0.29788467288017273
    ],
    "function_embedding": [
        -0.5886672735214233,
        -0.33905133605003357,
        -0.07447662204504013,
        -0.0779341459274292,
        -1.3288743495941162,
        -0.06144102290272713,
        -0.012527401559054852,
        -0.09329815208911896,
        -0.20210455358028412,
        0.28509441018104553
    ],
    "city_embedding": [
        -0.983723521232605,
        0.0036167511716485023,
        0.6694934964179993,
        1.3806318044662476,
        -0.5934169292449951,
        1.2560120820999146,
        0.1646505445241928,
        2.77662992477417,
        2.3926258087158203,
        3.5471549034118652
    ],
    "degree_embedding": [
        -0.9859232902526855,
        -0.14980502426624298,
        1.1363672018051147,
        1.3890211582183838,
        1.9668338298797607,
        -0.10017327964305878,
        -0.9014211297035217,
        -0.5218036770820618,
        0.12516868114471436,
        0.34269973635673523
    ]
}