{
    "id": 6595,
    "range": [
        121.396804,
        30.732716,
        121.406804,
        30.722716
    ],
    "image_path": "CitySatellite\\Shanghai\\6595.jpg",
    "poi": [],
    "places": [],
    "transport": [],
    "traffic": [],
    "buildings": [],
    "landuse": [],
    "road_inner": [],
    "road_connect": {},
    "population": [
        0.0
    ],
    "transport_embedding": [
        -0.28845512866973877,
        -0.6884978413581848,
        0.8419998288154602,
        -0.5464220643043518,
        1.3382084369659424,
        0.02904764749109745,
        -1.540677547454834,
        -0.19923967123031616,
        -0.604887843132019,
        -0.06377237290143967
    ],
    "roadnet_embedding": [
        1.0918388366699219,
        -0.4199873208999634,
        0.04400038346648216,
        0.5414714813232422,
        -2.9932336807250977,
        -0.0014520179247483611,
        0.03464795649051666,
        -0.11199826002120972,
        -0.07510692626237869,
        0.27014559507369995
    ],
    "function_embedding": [
        -0.6032035946846008,
        -0.2895679473876953,
        -0.05443168804049492,
        0.06051909551024437,
        -1.4598699808120728,
        -0.09622740000486374,
        -0.015747809782624245,
        -0.11122776567935944,
        -0.12670427560806274,
        0.24155490100383759
    ],
    "city_embedding": [
        -0.983723521232605,
        0.0036167511716485023,
        0.6694934964179993,
        1.3806318044662476,
        -0.5934169292449951,
        1.2560120820999146,
        0.1646505445241928,
        2.77662992477417,
        2.3926258087158203,
        3.5471549034118652
    ],
    "degree_embedding": [
        -0.9859232902526855,
        -0.14980502426624298,
        1.1363672018051147,
        1.3890211582183838,
        1.9668338298797607,
        -0.10017327964305878,
        -0.9014211297035217,
        -0.5218036770820618,
        0.12516868114471436,
        0.34269973635673523
    ]
}