{
    "id": 6627,
    "range": [
        121.406804,
        31.612716,
        121.416804,
        31.602716
    ],
    "image_path": "CitySatellite\\Shanghai\\6627.jpg",
    "poi": [],
    "places": [],
    "transport": [],
    "traffic": [],
    "buildings": [],
    "landuse": [],
    "road_inner": [],
    "road_connect": {},
    "population": [
        253.8380527496338
    ],
    "transport_embedding": [
        -0.17429780960083008,
        -0.7909170985221863,
        0.6621890664100647,
        -0.4716643691062927,
        0.4271041750907898,
        0.8860258460044861,
        -0.637721836566925,
        -0.39867645502090454,
        1.0088951587677002,
        -0.10859959572553635
    ],
    "roadnet_embedding": [
        1.0017740726470947,
        -0.4394059479236603,
        0.06984224170446396,
        0.6122869253158569,
        -2.968885898590088,
        -0.09990066289901733,
        0.09278172254562378,
        -0.04521282762289047,
        -0.0712190791964531,
        0.2756587266921997
    ],
    "function_embedding": [
        -0.5982843041419983,
        -0.3175349533557892,
        -0.03682761639356613,
        0.06280959397554398,
        -1.4468917846679688,
        -0.07075267285108566,
        -0.07817444205284119,
        -0.06625493615865707,
        -0.12291065603494644,
        0.20098192989826202
    ],
    "city_embedding": [
        -0.9845341444015503,
        0.001773855066858232,
        0.635765016078949,
        1.3453035354614258,
        -0.5984069108963013,
        1.2314119338989258,
        0.20408350229263306,
        2.814002513885498,
        2.3739891052246094,
        3.4790546894073486
    ],
    "degree_embedding": [
        -0.9859232902526855,
        -0.14980502426624298,
        1.1363672018051147,
        1.3890211582183838,
        1.9668338298797607,
        -0.10017327964305878,
        -0.9014211297035217,
        -0.5218036770820618,
        0.12516868114471436,
        0.34269973635673523
    ]
}