{
    "id": 6628,
    "range": [
        121.406804,
        31.602716,
        121.416804,
        31.592716
    ],
    "image_path": "CitySatellite\\Shanghai\\6628.jpg",
    "poi": [],
    "places": [],
    "transport": [],
    "traffic": [],
    "buildings": [],
    "landuse": [],
    "road_inner": [],
    "road_connect": {},
    "population": [
        0.0
    ],
    "transport_embedding": [
        -0.22218646109104156,
        -0.5153905153274536,
        0.6336396932601929,
        -1.0119858980178833,
        0.2592763900756836,
        -0.16702988743782043,
        -0.8165323138237,
        1.2522294521331787,
        -0.8569110035896301,
        -0.37696510553359985
    ],
    "roadnet_embedding": [
        1.0868812799453735,
        -0.4086267948150635,
        0.05502014979720116,
        0.5447982549667358,
        -3.0132880210876465,
        0.038887687027454376,
        0.010071108117699623,
        -0.10973651707172394,
        -0.013523117639124393,
        0.3366357088088989
    ],
    "function_embedding": [
        -0.590338408946991,
        -0.3245414197444916,
        -0.06581079959869385,
        0.06225929409265518,
        -1.4213999509811401,
        -0.05083754286170006,
        -0.002984968014061451,
        -0.07505380362272263,
        -0.10913848131895065,
        0.22807034850120544
    ],
    "city_embedding": [
        -0.983723521232605,
        0.0036167511716485023,
        0.6694934964179993,
        1.3806318044662476,
        -0.5934169292449951,
        1.2560120820999146,
        0.1646505445241928,
        2.77662992477417,
        2.3926258087158203,
        3.5471549034118652
    ],
    "degree_embedding": [
        -0.9859232902526855,
        -0.14980502426624298,
        1.1363672018051147,
        1.3890211582183838,
        1.9668338298797607,
        -0.10017327964305878,
        -0.9014211297035217,
        -0.5218036770820618,
        0.12516868114471436,
        0.34269973635673523
    ]
}