{
    "id": 6663,
    "range": [
        121.406804,
        31.252716,
        121.416804,
        31.24271599999999
    ],
    "image_path": "CitySatellite\\Shanghai\\6663.jpg",
    "poi": [
        [
            2511,
            2,
            6
        ],
        [
            2007,
            1,
            2
        ],
        [
            2205,
            1,
            3
        ],
        [
            2302,
            1,
            4
        ],
        [
            2528,
            1,
            6
        ]
    ],
    "places": [],
    "transport": [
        [
            5621,
            3,
            1
        ],
        [
            5601,
            1,
            2
        ]
    ],
    "traffic": [
        [
            5201,
            5,
            3
        ],
        [
            5270,
            1,
            0
        ]
    ],
    "buildings": [
        247,
        178165.48575000002
    ],
    "landuse": [
        [
            7203,
            6,
            1,
            1.5476180000000002
        ],
        [
            7201,
            3,
            4,
            0.019971
        ],
        [
            7204,
            1,
            3,
            0.2571675
        ],
        [
            7202,
            3,
            0,
            0.48232400000000003
        ],
        [
            7208,
            3,
            5,
            0.026979000000000003
        ]
    ],
    "road_inner": [
        [
            5132,
            3,
            1,
            525.46
        ],
        [
            5121,
            7,
            4,
            2366.4440000000004
        ],
        [
            5113,
            13,
            2,
            5001.5373333333355
        ],
        [
            5122,
            6,
            4,
            1807.9108333333334
        ],
        [
            5115,
            3,
            3,
            830.6265000000001
        ],
        [
            5153,
            9,
            5,
            1172.3545
        ],
        [
            5141,
            14,
            5,
            2560.7460000000005
        ],
        [
            5112,
            1.0,
            1,
            1269.4855714285713
        ],
        [
            5114,
            1.0,
            2,
            427.42533333333336
        ]
    ],
    "road_connect": {
        "6783": {
            "1": 4,
            "4": 4,
            "2": 2,
            "3": 1
        },
        "6664": {
            "1": 4,
            "4": 1,
            "2": 8,
            "5": 6
        },
        "6902": {
            "1": 2
        },
        "6903": {
            "1": 2
        },
        "6544": {
            "1": 2
        },
        "6545": {
            "1": 2
        },
        "6666": {
            "1": 1
        },
        "6667": {
            "1": 1
        },
        "6546": {
            "1": 1
        },
        "6543": {
            "2": 8,
            "4": 1
        },
        "6784": {
            "2": 2
        },
        "6423": {
            "2": 2
        },
        "6662": {
            "4": 3,
            "5": 1
        },
        "6542": {
            "2": 1
        }
    },
    "population": [
        47395.95317077637
    ],
    "transport_embedding": [
        -2.262407064437866,
        0.21272487938404083,
        2.3722805976867676,
        1.3544901609420776,
        -1.3538236618041992,
        0.2640170753002167,
        0.7291126251220703,
        -0.10205626487731934,
        -0.6571235656738281,
        0.038325533270835876
    ],
    "roadnet_embedding": [
        -1.4468019008636475,
        -1.2247816324234009,
        -0.21344079077243805,
        1.622651219367981,
        -0.11382877081632614,
        -0.16916005313396454,
        0.21126893162727356,
        1.247359275817871,
        0.6992592215538025,
        -0.4359094798564911
    ],
    "function_embedding": [
        -1.5192300081253052,
        -0.14219675958156586,
        -1.4083870649337769,
        1.5479661226272583,
        0.7648486495018005,
        0.033896949142217636,
        -0.2603122889995575,
        -0.5068570375442505,
        -0.36704665422439575,
        1.2101964950561523
    ],
    "city_embedding": [
        -1.0985774993896484,
        1.0699646472930908,
        -3.778895616531372,
        0.5634086728096008,
        -0.6148910522460938,
        -1.787856936454773,
        1.033655047416687,
        -2.0699257850646973,
        -6.509224891662598,
        5.034327983856201
    ],
    "degree_embedding": [
        -1.0590380430221558,
        2.0764386653900146,
        0.8713042736053467,
        -0.24308227002620697,
        -0.8813523650169373,
        1.5146269798278809,
        -1.6247209310531616,
        -2.3061575889587402,
        -0.48291680216789246,
        0.3650831878185272
    ]
}