{
    "id": 6664,
    "range": [
        121.406804,
        31.242716,
        121.416804,
        31.232716
    ],
    "image_path": "CitySatellite\\Shanghai\\6664.jpg",
    "poi": [
        [
            2522,
            1,
            6
        ],
        [
            2904,
            20,
            0
        ],
        [
            2301,
            1,
            4
        ],
        [
            2502,
            1,
            6
        ],
        [
            2302,
            2,
            4
        ],
        [
            2501,
            1,
            6
        ],
        [
            2303,
            1,
            4
        ],
        [
            2511,
            2,
            6
        ],
        [
            2601,
            1,
            0
        ]
    ],
    "places": [],
    "transport": [
        [
            5621,
            9,
            1
        ],
        [
            5601,
            3,
            2
        ]
    ],
    "traffic": [
        [
            5206,
            2,
            2
        ],
        [
            5201,
            20,
            3
        ],
        [
            5204,
            1,
            1
        ]
    ],
    "buildings": [
        319,
        205881.16858333332
    ],
    "landuse": [
        [
            7203,
            9,
            1,
            2.12699
        ],
        [
            7209,
            2,
            2,
            0.5513410000000001
        ],
        [
            7218,
            24,
            5,
            0.022521000000000003
        ],
        [
            7201,
            9,
            4,
            0.14154099999999997
        ],
        [
            7204,
            1,
            3,
            0.2571675
        ],
        [
            7202,
            2,
            0,
            0.091066
        ]
    ],
    "road_inner": [
        [
            5113,
            10,
            2,
            5769.882333333334
        ],
        [
            5122,
            3,
            4,
            2709.243833333334
        ],
        [
            5114,
            4,
            2,
            2222.841
        ],
        [
            5115,
            4,
            3,
            874.1105
        ],
        [
            5155,
            9,
            0,
            69.26800000000001
        ],
        [
            5153,
            45,
            5,
            2640.5078333333327
        ],
        [
            5152,
            1,
            0,
            286.753
        ],
        [
            5141,
            39,
            5,
            4564.325
        ],
        [
            5124,
            5,
            5,
            852.8019999999999
        ],
        [
            5132,
            1,
            1,
            748.923
        ],
        [
            5112,
            1.0,
            1,
            1219.5375714285715
        ],
        [
            5121,
            1.0,
            4,
            913.4295000000001
        ]
    ],
    "road_connect": {
        "6783": {
            "1": 2,
            "4": 1
        },
        "6663": {
            "1": 4,
            "4": 1,
            "2": 8,
            "5": 6
        },
        "6902": {
            "1": 2
        },
        "6903": {
            "1": 2
        },
        "6544": {
            "1": 4,
            "2": 5,
            "3": 1,
            "5": 8
        },
        "6545": {
            "1": 2,
            "5": 1
        },
        "6666": {
            "1": 1
        },
        "6667": {
            "1": 1
        },
        "6546": {
            "1": 1
        },
        "6784": {
            "2": 5,
            "4": 4,
            "5": 1
        },
        "6785": {
            "2": 2,
            "4": 1
        },
        "6665": {
            "4": 3,
            "3": 1,
            "5": 1
        },
        "6543": {
            "2": 3
        },
        "6423": {
            "2": 2
        }
    },
    "population": [
        52741.5150604248
    ],
    "transport_embedding": [
        -2.4895052909851074,
        0.4789416790008545,
        -1.3355852365493774,
        -0.27768945693969727,
        1.181532382965088,
        0.44747161865234375,
        0.3141613006591797,
        -0.06673479080200195,
        -0.15372848510742188,
        2.3996870517730713
    ],
    "roadnet_embedding": [
        -1.4539778232574463,
        -1.225528359413147,
        -1.524652361869812,
        1.3714187145233154,
        -0.16398705542087555,
        -0.21349091827869415,
        -0.31437093019485474,
        4.3592209815979,
        1.3929928541183472,
        1.0690442323684692
    ],
    "function_embedding": [
        -1.7398433685302734,
        0.11929309368133545,
        -2.5290277004241943,
        2.2499969005584717,
        0.813471794128418,
        0.39169132709503174,
        -0.6116142272949219,
        0.20446370542049408,
        -0.9348024725914001,
        -1.6006428003311157
    ],
    "city_embedding": [
        -1.1069111824035645,
        1.3371959924697876,
        -4.055299282073975,
        0.36611026525497437,
        -0.6663737297058105,
        -2.0531156063079834,
        0.4451400935649872,
        -2.599663734436035,
        -9.903630256652832,
        4.759303569793701
    ],
    "degree_embedding": [
        -1.0677142143249512,
        2.420600414276123,
        0.864985466003418,
        0.611949622631073,
        -1.153245449066162,
        2.2518463134765625,
        -1.6990509033203125,
        -2.6798505783081055,
        0.49581417441368103,
        1.3443841934204102
    ]
}