{
    "id": 6666,
    "range": [
        121.406804,
        31.222716,
        121.416804,
        31.212716
    ],
    "image_path": "CitySatellite\\Shanghai\\6666.jpg",
    "poi": [
        [
            2901,
            5,
            0
        ],
        [
            2405,
            1,
            5
        ],
        [
            2303,
            7,
            4
        ],
        [
            2904,
            4,
            0
        ],
        [
            2511,
            6,
            6
        ],
        [
            2501,
            1,
            6
        ],
        [
            2602,
            1,
            0
        ],
        [
            2401,
            4,
            5
        ],
        [
            2301,
            17,
            4
        ],
        [
            2302,
            1,
            4
        ],
        [
            2305,
            1,
            4
        ],
        [
            2512,
            2,
            6
        ],
        [
            2205,
            1,
            3
        ],
        [
            2517,
            1,
            6
        ],
        [
            2593,
            1,
            6
        ],
        [
            2541,
            2,
            6
        ]
    ],
    "places": [],
    "transport": [
        [
            5601,
            1,
            2
        ],
        [
            5621,
            18,
            1
        ]
    ],
    "traffic": [
        [
            5201,
            8,
            3
        ],
        [
            5260,
            1,
            0
        ],
        [
            5204,
            21,
            1
        ],
        [
            5263,
            1,
            0
        ]
    ],
    "buildings": [
        373,
        243730.8362500001
    ],
    "landuse": [
        [
            7202,
            9,
            0,
            1.13167825
        ],
        [
            7208,
            4,
            5,
            0.0582845
        ],
        [
            7218,
            84,
            5,
            0.3451275000000001
        ],
        [
            7203,
            1,
            1,
            0.038896
        ],
        [
            7212,
            1,
            0,
            0.014777
        ]
    ],
    "road_inner": [
        [
            5115,
            12,
            3,
            3930.3495
        ],
        [
            5121,
            6,
            4,
            786.523
        ],
        [
            5141,
            49,
            5,
            4852.8331666666645
        ],
        [
            5153,
            78,
            5,
            7183.623000000001
        ],
        [
            5122,
            6,
            4,
            2735.88
        ],
        [
            5155,
            5,
            0,
            46.864
        ],
        [
            5124,
            15,
            5,
            2068.254
        ],
        [
            5112,
            1,
            1,
            1284.162
        ],
        [
            5113,
            6,
            2,
            2308.5785
        ],
        [
            5132,
            2,
            1,
            610.8993333333333
        ],
        [
            5114,
            1.0,
            2,
            73.151
        ],
        [
            5152,
            1.0,
            0,
            484.59950000000003
        ],
        [
            5133,
            1.0,
            2,
            133.25275
        ]
    ],
    "road_connect": {
        "6783": {
            "1": 1
        },
        "6667": {
            "1": 2,
            "4": 1,
            "0": 3,
            "3": 2,
            "2": 2,
            "5": 8
        },
        "6664": {
            "1": 1
        },
        "6663": {
            "1": 1
        },
        "6902": {
            "1": 1
        },
        "6903": {
            "1": 1
        },
        "6546": {
            "1": 4,
            "3": 1,
            "5": 7,
            "2": 4
        },
        "6544": {
            "1": 1
        },
        "6545": {
            "1": 2
        },
        "6665": {
            "3": 4,
            "5": 7,
            "2": 1,
            "1": 1
        },
        "6786": {
            "2": 4,
            "4": 2,
            "5": 2,
            "3": 1,
            "1": 1
        },
        "6785": {
            "5": 1,
            "2": 1
        }
    },
    "population": [
        36815.1568069458
    ],
    "transport_embedding": [
        -2.489356279373169,
        0.47874942421913147,
        -1.3884812593460083,
        -0.299450159072876,
        1.2142536640167236,
        0.4484748840332031,
        0.3049354553222656,
        -0.06535196304321289,
        -0.14577865600585938,
        -3.2650606632232666
    ],
    "roadnet_embedding": [
        0.2264431267976761,
        -1.0638041496276855,
        -2.6792452335357666,
        0.10819841921329498,
        0.12387275695800781,
        1.115160346031189,
        -1.0922654867172241,
        7.6667022705078125,
        2.2098331451416016,
        4.037985801696777
    ],
    "function_embedding": [
        -1.7399601936340332,
        0.11943185329437256,
        -2.535153388977051,
        2.251521348953247,
        0.8138084411621094,
        0.39575591683387756,
        -0.612640380859375,
        0.21346306800842285,
        -0.936488151550293,
        -1.60933256149292
    ],
    "city_embedding": [
        -1.0876187086105347,
        1.0695834159851074,
        -3.3259098529815674,
        1.2678083181381226,
        -0.51390141248703,
        -1.6064131259918213,
        -0.14235495030879974,
        -2.0365421772003174,
        -9.423552513122559,
        1.8463903665542603
    ],
    "degree_embedding": [
        -1.0460050106048584,
        1.4677836894989014,
        2.020416021347046,
        0.2414226531982422,
        -1.644514799118042,
        2.0366568565368652,
        -2.138613700866699,
        -1.3963099718093872,
        1.6247636079788208,
        1.5287554264068604
    ]
}