{
    "id": 6667,
    "range": [
        121.406804,
        31.212716,
        121.416804,
        31.202716
    ],
    "image_path": "CitySatellite\\Shanghai\\6667.jpg",
    "poi": [
        [
            2725,
            1,
            0
        ],
        [
            2722,
            1,
            0
        ],
        [
            2602,
            1,
            0
        ],
        [
            2305,
            3,
            4
        ],
        [
            2401,
            2,
            5
        ],
        [
            2901,
            2,
            0
        ],
        [
            2251,
            1,
            3
        ],
        [
            2101,
            2,
            0
        ],
        [
            2542,
            1,
            6
        ],
        [
            2303,
            1,
            4
        ],
        [
            2529,
            3,
            6
        ],
        [
            2001,
            1,
            2
        ],
        [
            2205,
            1,
            3
        ],
        [
            2302,
            1,
            4
        ]
    ],
    "places": [],
    "transport": [
        [
            5621,
            14,
            1
        ]
    ],
    "traffic": [
        [
            5206,
            3,
            2
        ],
        [
            5260,
            2,
            0
        ],
        [
            5204,
            8,
            1
        ]
    ],
    "buildings": [
        388,
        221410.11824999994
    ],
    "landuse": [
        [
            7202,
            7,
            0,
            1.210804
        ],
        [
            7211,
            1,
            0,
            0.095108
        ],
        [
            7203,
            4,
            1,
            0.2513075
        ],
        [
            7208,
            1,
            5,
            0.027056
        ]
    ],
    "road_inner": [
        [
            5112,
            6,
            1,
            5033.151499999999
        ],
        [
            5132,
            15,
            1,
            3566.9154999999996
        ],
        [
            5122,
            12,
            4,
            2619.096666666666
        ],
        [
            5135,
            4,
            3,
            561.033
        ],
        [
            5115,
            8,
            3,
            2849.7095
        ],
        [
            5124,
            1,
            5,
            332.996
        ],
        [
            5153,
            14,
            5,
            2571.3909999999996
        ],
        [
            5155,
            6,
            0,
            139.454
        ],
        [
            5141,
            68,
            5,
            9662.317499999997
        ],
        [
            5114,
            7,
            2,
            1119.1535000000001
        ],
        [
            5113,
            53,
            2,
            7213.478500000001
        ],
        [
            5133,
            2,
            2,
            81.602
        ],
        [
            5152,
            3,
            0,
            2047.0470000000003
        ],
        [
            5123,
            8,
            5,
            823.523
        ]
    ],
    "road_connect": {
        "6783": {
            "1": 1
        },
        "6666": {
            "1": 2,
            "4": 1,
            "0": 3,
            "3": 2,
            "2": 2,
            "5": 8
        },
        "6664": {
            "1": 1
        },
        "6663": {
            "1": 1
        },
        "6902": {
            "1": 1
        },
        "6903": {
            "1": 1
        },
        "6546": {
            "1": 1
        },
        "6544": {
            "1": 1
        },
        "6545": {
            "1": 1
        },
        "6787": {
            "1": 4,
            "4": 7,
            "3": 2,
            "5": 2,
            "2": 4
        },
        "6547": {
            "1": 6,
            "3": 2,
            "4": 1,
            "2": 7,
            "5": 3,
            "0": 1
        },
        "6668": {
            "1": 4,
            "5": 6,
            "4": 1,
            "0": 2,
            "2": 2,
            "3": 2
        },
        "6669": {
            "1": 2
        },
        "6909": {
            "1": 2
        },
        "6789": {
            "1": 2
        },
        "6907": {
            "4": 1
        },
        "6788": {
            "3": 1
        }
    },
    "population": [
        53797.62002563477
    ],
    "transport_embedding": [
        -2.425086736679077,
        0.39587950706481934,
        -1.1699540615081787,
        -0.16802120208740234,
        0.8813596367835999,
        0.39159393310546875,
        0.20587158203125,
        0.047907352447509766,
        -0.08516693115234375,
        2.191469669342041
    ],
    "roadnet_embedding": [
        -2.5149857997894287,
        -1.3276402950286865,
        -3.5932388305664062,
        -0.30542078614234924,
        -0.8280487060546875,
        -0.8463144898414612,
        -2.321770429611206,
        7.4782795906066895,
        -0.8114498853683472,
        4.087890148162842
    ],
    "function_embedding": [
        -1.733523964881897,
        0.11178433895111084,
        -2.322619676589966,
        2.1982195377349854,
        0.8018326759338379,
        0.2646653652191162,
        -0.5776306986808777,
        -0.08634059131145477,
        -0.872078001499176,
        -1.1921745538711548
    ],
    "city_embedding": [
        -1.1090784072875977,
        1.4852685928344727,
        -4.105869293212891,
        0.341054767370224,
        -0.6203476190567017,
        -2.222975969314575,
        -0.0659358873963356,
        -2.3991470336914062,
        -11.67253303527832,
        4.670680522918701
    ],
    "degree_embedding": [
        -1.1083770990371704,
        4.225072860717773,
        -0.09822891652584076,
        1.6894227266311646,
        -0.3485420346260071,
        3.6672797203063965,
        -1.9557559490203857,
        -2.8384175300598145,
        2.821150541305542,
        0.27408695220947266
    ]
}