{
    "id": 6668,
    "range": [
        121.406804,
        31.202716,
        121.416804,
        31.192716
    ],
    "image_path": "CitySatellite\\Shanghai\\6668.jpg",
    "poi": [
        [
            2110,
            1,
            0
        ],
        [
            2561,
            1,
            6
        ],
        [
            2501,
            2,
            6
        ],
        [
            2542,
            1,
            6
        ],
        [
            2303,
            5,
            4
        ],
        [
            2011,
            1,
            2
        ],
        [
            2722,
            1,
            0
        ],
        [
            2724,
            1,
            0
        ],
        [
            2301,
            4,
            4
        ],
        [
            2502,
            2,
            6
        ],
        [
            2513,
            1,
            6
        ],
        [
            2101,
            2,
            0
        ],
        [
            2528,
            2,
            6
        ],
        [
            2511,
            6,
            6
        ],
        [
            2004,
            3,
            2
        ],
        [
            2006,
            2,
            2
        ],
        [
            2302,
            2,
            4
        ],
        [
            2901,
            3,
            0
        ],
        [
            2601,
            1,
            0
        ],
        [
            2016,
            1,
            2
        ]
    ],
    "places": [],
    "transport": [
        [
            5601,
            1,
            2
        ],
        [
            5621,
            11,
            1
        ]
    ],
    "traffic": [
        [
            5206,
            2,
            2
        ],
        [
            5204,
            6,
            1
        ]
    ],
    "buildings": [
        354,
        206890.8711666667
    ],
    "landuse": [
        [
            7203,
            2,
            1,
            0.1180935
        ],
        [
            7204,
            1,
            3,
            0.0109545
        ],
        [
            7202,
            2,
            0,
            0.21196500000000001
        ]
    ],
    "road_inner": [
        [
            5133,
            2,
            2,
            251.899
        ],
        [
            5122,
            7,
            4,
            2412.315
        ],
        [
            5141,
            64,
            5,
            8537.408499999998
        ],
        [
            5121,
            4,
            4,
            742.8315
        ],
        [
            5113,
            9,
            2,
            3863.502333333334
        ],
        [
            5114,
            1,
            2,
            441.2785
        ],
        [
            5154,
            1,
            5,
            118.15
        ],
        [
            5153,
            5,
            5,
            221.18900000000002
        ],
        [
            5132,
            4,
            1,
            1177.9470000000001
        ],
        [
            5115,
            1,
            3,
            1772.7476666666666
        ],
        [
            5112,
            1.0,
            1,
            1370.274
        ],
        [
            5152,
            1.0,
            0,
            631.5005
        ],
        [
            5124,
            1.0,
            5,
            216.394
        ]
    ],
    "road_connect": {
        "6667": {
            "1": 4,
            "5": 6,
            "4": 1,
            "0": 2,
            "2": 2,
            "3": 2
        },
        "6669": {
            "1": 2,
            "2": 3,
            "4": 1
        },
        "6909": {
            "1": 2
        },
        "6789": {
            "1": 2,
            "2": 1,
            "3": 1
        },
        "6788": {
            "3": 3,
            "5": 7,
            "4": 1,
            "2": 2
        },
        "6548": {
            "3": 3,
            "5": 2,
            "2": 2
        }
    },
    "population": [
        56628.76290893555
    ],
    "transport_embedding": [
        -2.2645668983459473,
        0.18995502591133118,
        -1.0079926252365112,
        -0.0001513957977294922,
        0.32895371317863464,
        0.2637195587158203,
        -0.08332239836454391,
        0.31128454208374023,
        0.09960174560546875,
        1.759679913520813
    ],
    "roadnet_embedding": [
        -0.023058857768774033,
        -1.0878162384033203,
        -1.9055771827697754,
        0.7426042556762695,
        0.16787396371364594,
        0.8895149230957031,
        -0.5241554975509644,
        4.377645492553711,
        1.5467098951339722,
        1.4108518362045288
    ],
    "function_embedding": [
        -1.73995840549469,
        0.11942970752716064,
        -2.530825138092041,
        2.25044846534729,
        0.8135814666748047,
        0.3928543031215668,
        -0.6119117736816406,
        0.20708084106445312,
        -0.9352890849113464,
        -1.5989222526550293
    ],
    "city_embedding": [
        -1.1114901304244995,
        1.5077857971191406,
        -4.200076580047607,
        0.19422581791877747,
        -0.6517212986946106,
        -2.252732992172241,
        0.15009969472885132,
        -2.435410976409912,
        -10.999006271362305,
        5.333759784698486
    ],
    "degree_embedding": [
        -1.0212794542312622,
        0.5444753766059875,
        1.6551538705825806,
        -0.8660846948623657,
        -1.034067988395691,
        0.7690073251724243,
        -1.77569580078125,
        -0.5305073857307434,
        0.39277932047843933,
        -0.133142352104187
    ]
}