{
    "id": 6671,
    "range": [
        121.406804,
        31.172716,
        121.416804,
        31.162716
    ],
    "image_path": "CitySatellite\\Shanghai\\6671.jpg",
    "poi": [
        [
            2302,
            2,
            4
        ],
        [
            2511,
            3,
            6
        ],
        [
            2401,
            1,
            5
        ],
        [
            2901,
            3,
            0
        ],
        [
            2301,
            4,
            4
        ],
        [
            2005,
            1,
            1
        ],
        [
            2502,
            2,
            6
        ],
        [
            2602,
            1,
            0
        ],
        [
            2601,
            1,
            0
        ],
        [
            2520,
            1,
            6
        ],
        [
            2303,
            1,
            4
        ],
        [
            2203,
            1,
            3
        ]
    ],
    "places": [],
    "transport": [
        [
            5621,
            16,
            1
        ],
        [
            5601,
            1,
            2
        ]
    ],
    "traffic": [
        [
            5201,
            4,
            3
        ],
        [
            5260,
            1,
            0
        ]
    ],
    "buildings": [
        251,
        176969.2805
    ],
    "landuse": [
        [
            7202,
            2,
            0,
            0.869733
        ],
        [
            7208,
            7,
            5,
            0.062044
        ],
        [
            7211,
            1,
            0,
            0.014282
        ]
    ],
    "road_inner": [
        [
            5115,
            5,
            3,
            1848.2723333333333
        ],
        [
            5114,
            6,
            2,
            2508.0335
        ],
        [
            5113,
            4,
            2,
            2407.707
        ],
        [
            5123,
            2,
            5,
            884.5125
        ],
        [
            5141,
            3,
            5,
            1018.764
        ],
        [
            5153,
            9,
            5,
            1074.9340000000002
        ],
        [
            5122,
            1.0,
            4,
            504.29499999999996
        ]
    ],
    "road_connect": {
        "6672": {
            "5": 2,
            "2": 3
        },
        "6670": {
            "2": 1,
            "3": 2,
            "5": 1
        },
        "6790": {
            "3": 1
        },
        "6551": {
            "4": 1,
            "2": 3,
            "3": 1
        },
        "6791": {
            "4": 1,
            "2": 2,
            "3": 1
        }
    },
    "population": [
        16542.92958831787
    ],
    "transport_embedding": [
        -2.461583137512207,
        0.4428882896900177,
        -1.1766177415847778,
        -0.19404840469360352,
        0.9917436242103577,
        0.4206657409667969,
        0.27918243408203125,
        -0.015429973602294922,
        -0.13399505615234375,
        2.3660736083984375
    ],
    "roadnet_embedding": [
        -0.6874575614929199,
        -1.1508796215057373,
        -0.3026167154312134,
        1.4898353815078735,
        0.12214535474777222,
        0.2363346517086029,
        1.0854648351669312,
        0.39295297861099243,
        -0.15140119194984436,
        -0.19324788451194763
    ],
    "function_embedding": [
        -1.738334059715271,
        0.1174997091293335,
        -2.378582000732422,
        2.2125895023345947,
        0.8053817749023438,
        0.296831339597702,
        -0.5866908431053162,
        -0.010377980768680573,
        -0.8920609354972839,
        -1.2940419912338257
    ],
    "city_embedding": [
        -1.038657784461975,
        0.5374855399131775,
        -1.4418139457702637,
        2.975297689437866,
        -0.27062588930130005,
        -0.6834287047386169,
        -0.09162405133247375,
        0.4465283453464508,
        -1.3857378959655762,
        3.1105756759643555
    ],
    "degree_embedding": [
        -0.9851721525192261,
        -0.6444315314292908,
        0.17533645033836365,
        -0.7557585835456848,
        0.06672974675893784,
        0.4941542446613312,
        0.4003536105155945,
        -1.1088368892669678,
        -0.7567384243011475,
        -0.91102534532547
    ]
}