{
    "id": 6673,
    "range": [
        121.406804,
        31.152716,
        121.416804,
        31.142716
    ],
    "image_path": "CitySatellite\\Shanghai\\6673.jpg",
    "poi": [
        [
            2511,
            1,
            6
        ]
    ],
    "places": [],
    "transport": [
        [
            5601,
            1,
            2
        ],
        [
            5621,
            17,
            1
        ]
    ],
    "traffic": [
        [
            5206,
            2,
            2
        ],
        [
            5201,
            4,
            3
        ],
        [
            5260,
            1,
            0
        ],
        [
            5204,
            54,
            1
        ]
    ],
    "buildings": [
        18,
        102492.29899999998
    ],
    "landuse": [
        [
            7203,
            17,
            1,
            3.7501285833333338
        ],
        [
            7201,
            1,
            4,
            0.012254
        ],
        [
            7202,
            2,
            0,
            0.37290049999999997
        ]
    ],
    "road_inner": [
        [
            5114,
            14,
            2,
            1315.848
        ],
        [
            5122,
            7,
            4,
            1923.448333333333
        ],
        [
            5115,
            1,
            3,
            188.47333333333333
        ],
        [
            5132,
            8,
            1,
            1716.9260000000004
        ],
        [
            5141,
            12,
            5,
            1379.2949999999998
        ],
        [
            5123,
            3,
            5,
            660.2655
        ],
        [
            5154,
            1,
            5,
            204.698
        ],
        [
            5113,
            22,
            2,
            5212.898166666669
        ],
        [
            5133,
            4,
            2,
            597.335
        ],
        [
            5124,
            1,
            5,
            53.795
        ],
        [
            5112,
            1.0,
            1,
            2258.8926666666666
        ],
        [
            5134,
            1.0,
            2,
            332.336
        ],
        [
            5153,
            1.0,
            5,
            89.099
        ]
    ],
    "road_connect": {
        "6674": {
            "1": 5,
            "2": 6,
            "5": 1
        },
        "6554": {
            "1": 3,
            "2": 1
        },
        "6552": {
            "1": 2,
            "3": 1
        },
        "6553": {
            "1": 5,
            "2": 5,
            "4": 2,
            "3": 1
        },
        "6672": {
            "4": 1,
            "5": 3,
            "2": 1
        },
        "6792": {
            "1": 4,
            "2": 5
        },
        "6793": {
            "1": 4,
            "2": 5,
            "5": 4,
            "4": 1
        },
        "6794": {
            "4": 1
        }
    },
    "population": [
        21620.32751464844
    ],
    "transport_embedding": [
        -2.489511251449585,
        0.47894930839538574,
        -1.3932232856750488,
        -0.30150890350341797,
        1.2176904678344727,
        0.4487018585205078,
        0.3044586181640625,
        -0.06552934646606445,
        -0.14530181884765625,
        -4.178707122802734
    ],
    "roadnet_embedding": [
        -2.588972568511963,
        -1.3347456455230713,
        -1.0541642904281616,
        1.936646580696106,
        -0.4132686257362366,
        -1.1085598468780518,
        -0.28813937306404114,
        0.7475660443305969,
        0.5696603655815125,
        -0.5070137977600098
    ],
    "function_embedding": [
        -1.534156084060669,
        -0.12026708573102951,
        -1.2709587812423706,
        -0.7234496474266052,
        0.968683123588562,
        -0.6770208477973938,
        -0.8557419180870056,
        -1.396634817123413,
        -0.6349141597747803,
        2.2106950283050537
    ],
    "city_embedding": [
        -1.0531665086746216,
        0.11678899824619293,
        -2.162813901901245,
        1.6429057121276855,
        -0.6955715417861938,
        0.37055400013923645,
        2.7382545471191406,
        -0.2936966121196747,
        3.4584994316101074,
        3.3044166564941406
    ],
    "degree_embedding": [
        -1.0651253461837769,
        2.329082727432251,
        0.8524455428123474,
        -0.3337659239768982,
        -0.6889145970344543,
        2.1906096935272217,
        -1.752698302268982,
        -2.798851251602173,
        0.23070009052753448,
        0.24165606498718262
    ]
}