{
    "id": 6690,
    "range": [
        121.406804,
        30.982716,
        121.416804,
        30.972716
    ],
    "image_path": "CitySatellite\\Shanghai\\6690.jpg",
    "poi": [],
    "places": [],
    "transport": [],
    "traffic": [],
    "buildings": [],
    "landuse": [],
    "road_inner": [
        [
            5115,
            1.0,
            3,
            238.92466666666667
        ]
    ],
    "road_connect": {
        "6689": {
            "3": 1
        },
        "6570": {
            "3": 1
        }
    },
    "population": [
        525.4139127731323
    ],
    "transport_embedding": [
        -0.3857777714729309,
        -0.5474979877471924,
        0.8238192200660706,
        -0.7112008929252625,
        0.8207696080207825,
        -1.6059327125549316,
        -1.5699377059936523,
        -0.18570807576179504,
        -0.19888019561767578,
        0.009880643337965012
    ],
    "roadnet_embedding": [
        1.0810315608978271,
        -0.44866856932640076,
        0.07912106066942215,
        0.538348376750946,
        -2.5682783126831055,
        -0.28671637177467346,
        -0.053979359567165375,
        0.01887398585677147,
        -0.031215524300932884,
        0.16503959894180298
    ],
    "function_embedding": [
        -0.6126261949539185,
        -0.31835484504699707,
        -0.044530510902404785,
        0.05749409645795822,
        -1.437514066696167,
        -0.052334338426589966,
        -0.07561348378658295,
        -0.058001164346933365,
        -0.11460315436124802,
        0.2694582939147949
    ],
    "city_embedding": [
        -0.985403835773468,
        -0.00031526200473308563,
        0.599561333656311,
        1.3071802854537964,
        -0.6033320426940918,
        1.2052007913589478,
        0.24615828692913055,
        2.8543639183044434,
        2.355569839477539,
        3.4057865142822266
    ],
    "degree_embedding": [
        -0.9858659505844116,
        -0.2600632905960083,
        0.5294933915138245,
        0.677148699760437,
        1.577477216720581,
        0.2665071189403534,
        0.08223344385623932,
        -0.5255464911460876,
        0.631521999835968,
        -1.5018965005874634
    ]
}