{
    "id": 6713,
    "range": [
        121.406804,
        30.752716,
        121.416804,
        30.74271599999999
    ],
    "image_path": "CitySatellite\\Shanghai\\6713.jpg",
    "poi": [],
    "places": [],
    "transport": [],
    "traffic": [],
    "buildings": [],
    "landuse": [],
    "road_inner": [],
    "road_connect": {},
    "population": [
        0.0
    ],
    "transport_embedding": [
        -0.17049908638000488,
        -0.7690650224685669,
        0.6038994193077087,
        -0.5601004362106323,
        0.5604473948478699,
        0.8546913862228394,
        -0.8756870031356812,
        -0.456397145986557,
        0.7822622656822205,
        -0.08760961145162582
    ],
    "roadnet_embedding": [
        1.0175516605377197,
        -0.4377692639827728,
        0.11044394969940186,
        0.5141478180885315,
        -2.789675712585449,
        -0.13392646610736847,
        0.04028027132153511,
        -0.01721920073032379,
        -0.05041564628481865,
        0.3487589955329895
    ],
    "function_embedding": [
        -0.635067880153656,
        -0.263934463262558,
        -0.06004272401332855,
        0.04822853207588196,
        -1.4619449377059937,
        -0.10640200972557068,
        -0.027777712792158127,
        -0.1169031485915184,
        -0.1819644272327423,
        0.3189002573490143
    ],
    "city_embedding": [
        -0.983723521232605,
        0.0036167511716485023,
        0.6694934964179993,
        1.3806318044662476,
        -0.5934169292449951,
        1.2560120820999146,
        0.1646505445241928,
        2.77662992477417,
        2.3926258087158203,
        3.5471549034118652
    ],
    "degree_embedding": [
        -0.9859232902526855,
        -0.14980502426624298,
        1.1363672018051147,
        1.3890211582183838,
        1.9668338298797607,
        -0.10017327964305878,
        -0.9014211297035217,
        -0.5218036770820618,
        0.12516868114471436,
        0.34269973635673523
    ]
}