{
    "id": 6714,
    "range": [
        121.406804,
        30.742716,
        121.416804,
        30.732716
    ],
    "image_path": "CitySatellite\\Shanghai\\6714.jpg",
    "poi": [],
    "places": [],
    "transport": [],
    "traffic": [],
    "buildings": [],
    "landuse": [],
    "road_inner": [],
    "road_connect": {},
    "population": [
        0.0
    ],
    "transport_embedding": [
        -0.28717008233070374,
        -0.6810237169265747,
        0.6969976425170898,
        -0.6406666040420532,
        1.1276041269302368,
        -0.46827027201652527,
        -1.2486680746078491,
        0.8612284660339355,
        -0.9954405426979065,
        -0.2755188047885895
    ],
    "roadnet_embedding": [
        1.033785104751587,
        -0.4293031394481659,
        0.11195561289787292,
        0.5715221762657166,
        -2.9267122745513916,
        -0.0006051150849089026,
        0.05988365039229393,
        -0.12296146899461746,
        -0.08558324724435806,
        0.3817571699619293
    ],
    "function_embedding": [
        -0.6239365339279175,
        -0.2942468523979187,
        -0.07245609909296036,
        0.0963926836848259,
        -1.4580881595611572,
        -0.0673920288681984,
        -0.048706550151109695,
        -0.06697303801774979,
        -0.08530092239379883,
        0.3466210663318634
    ],
    "city_embedding": [
        -0.983723521232605,
        0.0036167511716485023,
        0.6694934964179993,
        1.3806318044662476,
        -0.5934169292449951,
        1.2560120820999146,
        0.1646505445241928,
        2.77662992477417,
        2.3926258087158203,
        3.5471549034118652
    ],
    "degree_embedding": [
        -0.9859232902526855,
        -0.14980502426624298,
        1.1363672018051147,
        1.3890211582183838,
        1.9668338298797607,
        -0.10017327964305878,
        -0.9014211297035217,
        -0.5218036770820618,
        0.12516868114471436,
        0.34269973635673523
    ]
}