{
    "id": 6747,
    "range": [
        121.416804,
        31.612716,
        121.426804,
        31.602716
    ],
    "image_path": "CitySatellite\\Shanghai\\6747.jpg",
    "poi": [],
    "places": [],
    "transport": [],
    "traffic": [],
    "buildings": [],
    "landuse": [],
    "road_inner": [
        [
            5141,
            1.0,
            5,
            397.3945
        ]
    ],
    "road_connect": {
        "6746": {
            "5": 2
        }
    },
    "population": [
        545.3979167938232
    ],
    "transport_embedding": [
        -0.21477268636226654,
        -0.7640107870101929,
        0.660342276096344,
        -0.54692542552948,
        0.5243858695030212,
        -0.7791743874549866,
        -0.7212370038032532,
        0.3226098418235779,
        0.47963282465934753,
        -0.07398685067892075
    ],
    "roadnet_embedding": [
        1.3513908386230469,
        -0.609265923500061,
        -0.13074123859405518,
        0.21255098283290863,
        -0.884377658367157,
        -0.7437883019447327,
        0.07548164576292038,
        -0.24774566292762756,
        -0.3628450334072113,
        -1.0522279739379883
    ],
    "function_embedding": [
        -0.5768159031867981,
        -0.31453463435173035,
        -0.12179110944271088,
        0.0917799174785614,
        -1.4505386352539062,
        -0.026990102604031563,
        -0.0048553235828876495,
        -0.04894185811281204,
        -0.050652068108320236,
        0.35130196809768677
    ],
    "city_embedding": [
        -0.9854678511619568,
        -0.00047049124259501696,
        0.5968954563140869,
        1.304365634918213,
        -0.6036241054534912,
        1.2032700777053833,
        0.24925453960895538,
        2.857353925704956,
        2.3541793823242188,
        3.4004409313201904
    ],
    "degree_embedding": [
        -0.9813666343688965,
        -0.4224967956542969,
        1.1640962362289429,
        1.1915993690490723,
        1.5031216144561768,
        0.06068969517946243,
        -0.3323799669742584,
        -0.6514042615890503,
        0.49402618408203125,
        -0.5870565176010132
    ]
}