{
    "id": 6748,
    "range": [
        121.416804,
        31.602716,
        121.426804,
        31.592716
    ],
    "image_path": "CitySatellite\\Shanghai\\6748.jpg",
    "poi": [],
    "places": [],
    "transport": [],
    "traffic": [],
    "buildings": [],
    "landuse": [],
    "road_inner": [],
    "road_connect": {},
    "population": [
        0.0
    ],
    "transport_embedding": [
        -0.09176678210496902,
        -0.7452557682991028,
        0.3321913778781891,
        -0.7407845854759216,
        -0.0943259671330452,
        1.9345990419387817,
        0.31523647904396057,
        0.14611142873764038,
        0.9378121495246887,
        -0.22394795715808868
    ],
    "roadnet_embedding": [
        1.052125334739685,
        -0.42499691247940063,
        0.07380624860525131,
        0.6049779057502747,
        -3.0164754390716553,
        0.09713387489318848,
        0.05684926360845566,
        -0.19521702826023102,
        -0.026819689199328423,
        0.4166313707828522
    ],
    "function_embedding": [
        -0.6005152463912964,
        -0.29955610632896423,
        -0.06869437545537949,
        0.07916852086782455,
        -1.4540327787399292,
        -0.08902610838413239,
        0.026800455525517464,
        -0.10726139694452286,
        -0.15070098638534546,
        0.28991255164146423
    ],
    "city_embedding": [
        -0.983723521232605,
        0.0036167511716485023,
        0.6694934964179993,
        1.3806318044662476,
        -0.5934169292449951,
        1.2560120820999146,
        0.1646505445241928,
        2.77662992477417,
        2.3926258087158203,
        3.5471549034118652
    ],
    "degree_embedding": [
        -0.9859232902526855,
        -0.14980502426624298,
        1.1363672018051147,
        1.3890211582183838,
        1.9668338298797607,
        -0.10017327964305878,
        -0.9014211297035217,
        -0.5218036770820618,
        0.12516868114471436,
        0.34269973635673523
    ]
}