{
    "id": 6785,
    "range": [
        121.416804,
        31.232716,
        121.426804,
        31.222716
    ],
    "image_path": "CitySatellite\\Shanghai\\6785.jpg",
    "poi": [
        [
            2302,
            4,
            4
        ],
        [
            2016,
            1,
            2
        ],
        [
            2513,
            1,
            6
        ],
        [
            2542,
            2,
            6
        ],
        [
            2203,
            1,
            3
        ],
        [
            2004,
            1,
            2
        ],
        [
            2303,
            2,
            4
        ],
        [
            2501,
            3,
            6
        ],
        [
            2301,
            1,
            4
        ]
    ],
    "places": [
        [
            1003,
            1,
            3
        ]
    ],
    "transport": [
        [
            5621,
            14,
            1
        ],
        [
            5601,
            2,
            2
        ]
    ],
    "traffic": [
        [
            5201,
            7,
            3
        ],
        [
            5204,
            2,
            1
        ]
    ],
    "buildings": [
        404,
        228550.36858333336
    ],
    "landuse": [
        [
            7202,
            3,
            0,
            0.51055825
        ],
        [
            7203,
            11,
            1,
            1.30093625
        ],
        [
            7209,
            3,
            2,
            0.32848
        ],
        [
            7218,
            4,
            5,
            0.126246
        ]
    ],
    "road_inner": [
        [
            5122,
            11,
            4,
            4129.049166666667
        ],
        [
            5113,
            14,
            2,
            5547.988
        ],
        [
            5115,
            6,
            3,
            1470.676
        ],
        [
            5141,
            5,
            5,
            897.163
        ],
        [
            5121,
            3,
            4,
            350.089
        ],
        [
            5153,
            9,
            5,
            2372.57325
        ],
        [
            5155,
            8,
            0,
            189.122
        ],
        [
            5154,
            1,
            5,
            30.304
        ],
        [
            5123,
            1,
            5,
            37.906
        ],
        [
            5133,
            2,
            2,
            371.91575
        ],
        [
            5112,
            1.0,
            1,
            1298.7244999999998
        ],
        [
            5132,
            1.0,
            1,
            81.6565
        ]
    ],
    "road_connect": {
        "6783": {
            "4": 1,
            "5": 1
        },
        "6665": {
            "4": 3,
            "2": 1,
            "3": 2,
            "5": 2,
            "1": 2
        },
        "6784": {
            "4": 2,
            "5": 1,
            "2": 4
        },
        "6903": {
            "5": 1,
            "1": 2
        },
        "6666": {
            "5": 1,
            "2": 1
        },
        "6786": {
            "5": 2,
            "2": 5,
            "4": 1,
            "1": 1
        },
        "6664": {
            "2": 2,
            "4": 1
        },
        "6904": {
            "1": 2,
            "4": 1
        },
        "6905": {
            "1": 2,
            "5": 1,
            "4": 4,
            "3": 1
        },
        "7023": {
            "1": 2
        },
        "6906": {
            "2": 2,
            "5": 1
        }
    },
    "population": [
        37182.89817810059
    ],
    "transport_embedding": [
        -2.4736411571502686,
        0.45848530530929565,
        -0.9157060980796814,
        -0.09404301643371582,
        0.8689393997192383,
        0.4255180358886719,
        0.3508892059326172,
        -0.04584550857543945,
        -0.191802978515625,
        2.3012146949768066
    ],
    "roadnet_embedding": [
        -1.7250787019729614,
        -1.251570224761963,
        0.03429695591330528,
        1.7845114469528198,
        -0.17125046253204346,
        -0.3719882369041443,
        0.44652676582336426,
        1.2744826078414917,
        0.7112435102462769,
        -0.47391778230667114
    ],
    "function_embedding": [
        -1.737510323524475,
        0.11652100086212158,
        -2.3203394412994385,
        2.1980183124542236,
        0.8022255897521973,
        0.27628713846206665,
        -0.5780348777770996,
        -0.07409773021936417,
        -0.8764513731002808,
        -0.9966592192649841
    ],
    "city_embedding": [
        -1.0761927366256714,
        1.5187404155731201,
        -2.7272160053253174,
        1.7354323863983154,
        0.11541538685560226,
        -1.7576377391815186,
        0.7941901087760925,
        -1.4815102815628052,
        -9.625129699707031,
        1.774064302444458
    ],
    "degree_embedding": [
        -1.0372453927993774,
        1.2218775749206543,
        0.8761917948722839,
        0.01357901282608509,
        -1.1654733419418335,
        -0.04293759539723396,
        -1.8841177225112915,
        -1.294530987739563,
        -0.6364054679870605,
        -0.02035667933523655
    ]
}