{
    "id": 6787,
    "range": [
        121.416804,
        31.212716,
        121.426804,
        31.202716
    ],
    "image_path": "CitySatellite\\Shanghai\\6787.jpg",
    "poi": [
        [
            2304,
            4,
            4
        ],
        [
            2305,
            5,
            4
        ],
        [
            2303,
            11,
            4
        ],
        [
            2301,
            16,
            4
        ],
        [
            2541,
            1,
            6
        ],
        [
            2601,
            2,
            0
        ],
        [
            2515,
            2,
            6
        ],
        [
            2083,
            1,
            2
        ],
        [
            2722,
            1,
            0
        ],
        [
            2011,
            1,
            2
        ],
        [
            2501,
            1,
            6
        ],
        [
            2511,
            5,
            6
        ],
        [
            2502,
            2,
            6
        ],
        [
            2518,
            2,
            6
        ],
        [
            2202,
            2,
            3
        ],
        [
            2002,
            1,
            2
        ],
        [
            2721,
            1,
            0
        ],
        [
            2004,
            1,
            2
        ],
        [
            2901,
            1,
            0
        ],
        [
            2529,
            1,
            6
        ],
        [
            2401,
            1,
            5
        ]
    ],
    "places": [
        [
            1010,
            1,
            5
        ],
        [
            1003,
            1,
            3
        ]
    ],
    "transport": [
        [
            5621,
            18,
            1
        ]
    ],
    "traffic": [
        [
            5206,
            2,
            2
        ],
        [
            5201,
            7,
            3
        ]
    ],
    "buildings": [
        557,
        248978.53791666692
    ],
    "landuse": [
        [
            7203,
            7,
            1,
            0.4642685
        ],
        [
            7202,
            2,
            0,
            0.223396
        ],
        [
            7212,
            1,
            0,
            0.423222
        ]
    ],
    "road_inner": [
        [
            5132,
            7,
            1,
            1031.5395
        ],
        [
            5122,
            6,
            4,
            2489.622166666667
        ],
        [
            5113,
            6,
            2,
            2447.0325000000003
        ],
        [
            5115,
            5,
            3,
            3179.1935
        ],
        [
            5123,
            13,
            5,
            1882.8419999999996
        ],
        [
            5141,
            82,
            5,
            11815.169666666663
        ],
        [
            5133,
            2,
            2,
            147.019
        ],
        [
            5124,
            1,
            5,
            147.825
        ],
        [
            5154,
            1,
            5,
            56.713
        ],
        [
            5112,
            1.0,
            1,
            1746.4800666666667
        ],
        [
            5153,
            1.0,
            5,
            84.358
        ]
    ],
    "road_connect": {
        "6667": {
            "1": 4,
            "4": 7,
            "3": 2,
            "5": 2,
            "2": 4
        },
        "6907": {
            "4": 2,
            "5": 8,
            "3": 1
        },
        "6906": {
            "1": 2,
            "5": 1
        },
        "6786": {
            "1": 3,
            "5": 3,
            "3": 1,
            "4": 1,
            "2": 3
        },
        "7026": {
            "1": 1
        },
        "7025": {
            "1": 1
        },
        "6788": {
            "3": 2,
            "4": 1,
            "5": 5
        }
    },
    "population": [
        46604.47721862793
    ],
    "transport_embedding": [
        -2.482436180114746,
        0.4698113203048706,
        -1.233947992324829,
        -0.23114347457885742,
        1.0948302745819092,
        0.4393577575683594,
        0.3155651092529297,
        -0.054929256439208984,
        -0.15762710571289062,
        2.429401397705078
    ],
    "roadnet_embedding": [
        0.15388573706150055,
        -1.0707871913909912,
        -2.7269484996795654,
        0.07610391825437546,
        0.09455490112304688,
        1.065032720565796,
        -1.0537766218185425,
        7.454903602600098,
        2.100797653198242,
        3.903211832046509
    ],
    "function_embedding": [
        -1.7399601936340332,
        0.11943185329437256,
        -2.535305976867676,
        2.251559257507324,
        0.8138165473937988,
        0.3958585262298584,
        -0.6126632690429688,
        0.21368837356567383,
        -0.9365301132202148,
        -1.609578013420105
    ],
    "city_embedding": [
        -1.0768965482711792,
        3.4355902671813965,
        -2.2278385162353516,
        1.9839023351669312,
        1.9120932817459106,
        -3.106501579284668,
        -2.866804361343384,
        0.36277419328689575,
        -8.811450004577637,
        -0.6939474940299988
    ],
    "degree_embedding": [
        -1.0309700965881348,
        0.9210737943649292,
        1.7054009437561035,
        0.33718928694725037,
        -1.6065272092819214,
        0.1614118367433548,
        -1.9318194389343262,
        -1.4302291870117188,
        0.8249588012695312,
        0.33677583932876587
    ]
}