{
    "id": 6788,
    "range": [
        121.416804,
        31.202716,
        121.426804,
        31.192716
    ],
    "image_path": "CitySatellite\\Shanghai\\6788.jpg",
    "poi": [
        [
            2301,
            5,
            4
        ],
        [
            2725,
            7,
            0
        ],
        [
            2305,
            2,
            4
        ],
        [
            2303,
            6,
            4
        ],
        [
            2518,
            1,
            6
        ],
        [
            2901,
            1,
            0
        ],
        [
            2906,
            1,
            0
        ],
        [
            2511,
            4,
            6
        ],
        [
            2504,
            1,
            6
        ],
        [
            2252,
            1,
            3
        ],
        [
            2601,
            2,
            0
        ],
        [
            2101,
            1,
            0
        ],
        [
            2302,
            2,
            4
        ],
        [
            2502,
            2,
            6
        ],
        [
            2401,
            1,
            5
        ]
    ],
    "places": [],
    "transport": [
        [
            5621,
            20,
            1
        ],
        [
            5601,
            1,
            2
        ],
        [
            5641,
            2,
            0
        ]
    ],
    "traffic": [
        [
            5201,
            13,
            3
        ],
        [
            5250,
            1,
            0
        ]
    ],
    "buildings": [
        299,
        195808.34666666662
    ],
    "landuse": [
        [
            7204,
            1,
            3,
            0.0109545
        ],
        [
            7203,
            10,
            1,
            1.6164696666666667
        ],
        [
            7202,
            2,
            0,
            0.4202055
        ],
        [
            7218,
            5,
            5,
            0.094532
        ],
        [
            7201,
            8,
            4,
            0.19880799999999998
        ]
    ],
    "road_inner": [
        [
            5114,
            6,
            2,
            1843.6323333333332
        ],
        [
            5123,
            2,
            5,
            472.828
        ],
        [
            5122,
            1,
            4,
            1553.976
        ],
        [
            5141,
            103,
            5,
            14820.6345
        ],
        [
            5153,
            22,
            5,
            2069.1059999999998
        ],
        [
            5155,
            7,
            0,
            168.99499999999998
        ],
        [
            5113,
            8,
            2,
            1743.1060000000004
        ],
        [
            5115,
            4,
            3,
            2886.966166666667
        ]
    ],
    "road_connect": {
        "6667": {
            "3": 1
        },
        "6668": {
            "3": 3,
            "5": 7,
            "4": 1,
            "2": 2
        },
        "6789": {
            "3": 3,
            "2": 1,
            "4": 2,
            "5": 9
        },
        "6907": {
            "2": 2
        },
        "6908": {
            "2": 5,
            "5": 10,
            "4": 2
        },
        "6909": {
            "5": 1
        },
        "6787": {
            "3": 2,
            "4": 1,
            "5": 5
        }
    },
    "population": [
        53604.99160766602
    ],
    "transport_embedding": [
        -2.4893102645874023,
        0.47868967056274414,
        -1.3373147249221802,
        -0.2782783508300781,
        1.1819798946380615,
        0.4473438262939453,
        0.3134346008300781,
        -0.06631135940551758,
        -0.15317153930664062,
        2.4719643592834473
    ],
    "roadnet_embedding": [
        -0.09619954228401184,
        -1.0948554277420044,
        -3.2079081535339355,
        -0.35749489068984985,
        -0.06962966918945312,
        0.9235925674438477,
        -1.4035794734954834,
        10.299647331237793,
        2.325592041015625,
        6.173952102661133
    ],
    "function_embedding": [
        -1.739958643913269,
        0.11942994594573975,
        -2.5293755531311035,
        2.250089168548584,
        0.8135056495666504,
        0.39188432693481445,
        -0.6116676330566406,
        0.20494580268859863,
        -0.9348877668380737,
        -1.5994274616241455
    ],
    "city_embedding": [
        -1.1073858737945557,
        1.3340747356414795,
        -4.075438499450684,
        0.3058193325996399,
        -0.6609176397323608,
        -2.0605525970458984,
        0.5900920033454895,
        -2.4957566261291504,
        -9.23422908782959,
        5.138979911804199
    ],
    "degree_embedding": [
        -1.0137284994125366,
        0.12370841950178146,
        2.4704971313476562,
        0.9871654510498047,
        -2.5118677616119385,
        1.4132577180862427,
        -0.8909030556678772,
        -2.5945184230804443,
        3.1187355518341064,
        3.508983850479126
    ]
}