{
    "id": 6792,
    "range": [
        121.416804,
        31.162716,
        121.426804,
        31.152716
    ],
    "image_path": "CitySatellite\\Shanghai\\6792.jpg",
    "poi": [
        [
            2901,
            1,
            0
        ],
        [
            2501,
            1,
            6
        ],
        [
            2401,
            1,
            5
        ],
        [
            2512,
            1,
            6
        ],
        [
            2110,
            1,
            0
        ]
    ],
    "places": [
        [
            1010,
            1,
            5
        ]
    ],
    "transport": [
        [
            5601,
            1,
            2
        ],
        [
            5621,
            10,
            1
        ]
    ],
    "traffic": [
        [
            5201,
            15,
            3
        ],
        [
            5204,
            9,
            1
        ],
        [
            5206,
            2,
            2
        ]
    ],
    "buildings": [
        210,
        201732.195
    ],
    "landuse": [
        [
            7201,
            1,
            4,
            0.011687
        ],
        [
            7203,
            2,
            1,
            0.636856
        ]
    ],
    "road_inner": [
        [
            5134,
            17,
            2,
            4529.409000000001
        ],
        [
            5112,
            2,
            1,
            3533.79675
        ],
        [
            5114,
            7,
            2,
            1095.6439999999998
        ],
        [
            5141,
            32,
            5,
            4118.344333333333
        ],
        [
            5115,
            3,
            3,
            2368.6751666666664
        ],
        [
            5153,
            12,
            5,
            1127.826
        ],
        [
            5152,
            2,
            0,
            590.796
        ],
        [
            5124,
            5,
            5,
            559.4335
        ],
        [
            5132,
            6,
            1,
            978.9798333333333
        ],
        [
            5113,
            11,
            2,
            3693.854333333333
        ],
        [
            5133,
            1,
            2,
            28.492
        ],
        [
            5122,
            1,
            4,
            1709.8605
        ],
        [
            5121,
            1.0,
            4,
            261.8945
        ]
    ],
    "road_connect": {
        "6672": {
            "2": 2,
            "4": 2,
            "3": 3
        },
        "6673": {
            "1": 4,
            "2": 5
        },
        "6793": {
            "1": 4,
            "2": 8,
            "5": 3,
            "0": 2,
            "4": 2
        },
        "6910": {
            "1": 2
        },
        "6911": {
            "1": 3,
            "2": 4
        },
        "6912": {
            "1": 5,
            "2": 5,
            "5": 7,
            "4": 3,
            "0": 2,
            "3": 3
        },
        "6791": {
            "4": 1,
            "3": 2,
            "5": 1
        },
        "6913": {
            "5": 1
        }
    },
    "population": [
        24669.82069396973
    ],
    "transport_embedding": [
        -2.4892096519470215,
        0.478561133146286,
        -1.2249534130096436,
        -0.23178935050964355,
        1.1113996505737305,
        0.4448986053466797,
        0.3322582244873047,
        -0.0686182975769043,
        -0.16956710815429688,
        1.55668306350708
    ],
    "roadnet_embedding": [
        -2.7432761192321777,
        -1.3496108055114746,
        -1.6837199926376343,
        1.589270830154419,
        -0.5305234789848328,
        -1.189924955368042,
        -0.6327059268951416,
        2.414767265319824,
        0.36716416478157043,
        0.02987639792263508
    ],
    "function_embedding": [
        -1.3454502820968628,
        -0.34795331954956055,
        -1.2215009927749634,
        1.2010504007339478,
        0.7610920071601868,
        0.019002975896000862,
        -0.014147669076919556,
        -0.5820667147636414,
        0.022250177338719368,
        0.8516966104507446
    ],
    "city_embedding": [
        -1.0415762662887573,
        2.191171884536743,
        -1.065956711769104,
        3.158188581466675,
        3.044269323348999,
        -1.6942311525344849,
        -3.056648015975952,
        0.8430115580558777,
        1.201742172241211,
        0.039760392159223557
    ],
    "degree_embedding": [
        -1.0672857761383057,
        2.4056286811828613,
        0.3295181691646576,
        0.17441366612911224,
        -1.062081217765808,
        2.540593147277832,
        -1.8160045146942139,
        -1.5883961915969849,
        0.48848387598991394,
        0.9490495920181274
    ]
}