{
    "id": 680,
    "range": [
        120.906804,
        31.082716,
        120.916804,
        31.072716
    ],
    "image_path": "CitySatellite\\Shanghai\\680.jpg",
    "poi": [
        [
            2301,
            1,
            4
        ],
        [
            2205,
            1,
            3
        ],
        [
            2251,
            1,
            3
        ]
    ],
    "places": [],
    "transport": [
        [
            5621,
            2,
            1
        ]
    ],
    "traffic": [
        [
            5301,
            1,
            0
        ]
    ],
    "buildings": [
        8,
        1872.83
    ],
    "landuse": [
        [
            7201,
            1,
            4,
            0.014475
        ],
        [
            7202,
            1,
            0,
            0.01854
        ],
        [
            7218,
            1,
            5,
            0.231726
        ],
        [
            7203,
            1,
            1,
            0.367426
        ]
    ],
    "road_inner": [
        [
            5154,
            2,
            5,
            203.08100000000002
        ],
        [
            5141,
            7,
            5,
            380.403
        ],
        [
            5124,
            14,
            5,
            1317.3320000000003
        ],
        [
            5153,
            2,
            5,
            140.227
        ],
        [
            5113,
            7,
            2,
            1108.7405
        ],
        [
            5122,
            1,
            4,
            382.5745
        ]
    ],
    "road_connect": {
        "681": {
            "4": 2,
            "2": 2,
            "5": 1
        }
    },
    "population": [
        189.3814239501953
    ],
    "transport_embedding": [
        0.10296820104122162,
        -2.135775089263916,
        -1.044495940208435,
        0.31319716572761536,
        0.2273375540971756,
        0.02879435196518898,
        0.3970085680484772,
        -1.0928218364715576,
        -1.3828778266906738,
        0.08360115438699722
    ],
    "roadnet_embedding": [
        1.1772241592407227,
        -0.9413793683052063,
        -0.4138517379760742,
        0.0770435705780983,
        0.5939129590988159,
        0.5526876449584961,
        0.8910369873046875,
        -0.6799654960632324,
        -1.052933931350708,
        -1.3790031671524048
    ],
    "function_embedding": [
        -1.0951489210128784,
        -0.5984833836555481,
        -0.7600231170654297,
        0.35027027130126953,
        0.6732232570648193,
        0.21038056910037994,
        3.158564329147339,
        -0.058813922107219696,
        0.08613603562116623,
        0.9215477705001831
    ],
    "city_embedding": [
        -0.983538031578064,
        0.02766689658164978,
        0.6834016442298889,
        1.441552758216858,
        -0.6381869316101074,
        1.1428862810134888,
        0.12438485771417618,
        2.9776864051818848,
        2.224193572998047,
        3.4468750953674316
    ],
    "degree_embedding": [
        -0.9775863289833069,
        -0.6918962001800537,
        -0.10271359980106354,
        0.5124883055686951,
        1.0046031475067139,
        0.3958699107170105,
        0.19624559581279755,
        -1.239019513130188,
        0.6669745445251465,
        -1.6477513313293457
    ]
}