{
    "id": 6808,
    "range": [
        121.416804,
        31.002716,
        121.426804,
        30.99271599999999
    ],
    "image_path": "CitySatellite\\Shanghai\\6808.jpg",
    "poi": [
        [
            2566,
            1,
            6
        ],
        [
            2543,
            2,
            6
        ],
        [
            2602,
            1,
            0
        ],
        [
            2511,
            2,
            6
        ],
        [
            2401,
            2,
            5
        ],
        [
            2251,
            1,
            3
        ],
        [
            2001,
            2,
            2
        ],
        [
            2110,
            1,
            0
        ],
        [
            2204,
            1,
            3
        ],
        [
            2302,
            1,
            4
        ],
        [
            2542,
            1,
            6
        ],
        [
            2301,
            1,
            4
        ],
        [
            2016,
            2,
            2
        ]
    ],
    "places": [
        [
            1010,
            1,
            5
        ]
    ],
    "transport": [
        [
            5661,
            3,
            0
        ],
        [
            5621,
            9,
            1
        ]
    ],
    "traffic": [
        [
            5201,
            5,
            3
        ]
    ],
    "buildings": [
        104,
        61933.21399999997
    ],
    "landuse": [
        [
            7203,
            8,
            1,
            3.5670905000000004
        ],
        [
            7202,
            1,
            0,
            0.208045
        ]
    ],
    "road_inner": [
        [
            5115,
            7,
            3,
            1801.2411666666667
        ],
        [
            5113,
            3,
            2,
            2989.0627142857147
        ],
        [
            5121,
            1,
            4,
            1421.0629999999999
        ],
        [
            5141,
            8,
            5,
            442.92299999999994
        ],
        [
            5154,
            2,
            5,
            138.452
        ],
        [
            5133,
            1,
            2,
            19.715
        ],
        [
            5122,
            1.0,
            4,
            207.3675
        ]
    ],
    "road_connect": {
        "6688": {
            "3": 2,
            "4": 1
        },
        "6807": {
            "3": 1,
            "2": 4,
            "4": 1
        },
        "6689": {
            "4": 1
        },
        "6809": {
            "4": 1,
            "3": 1
        },
        "6686": {
            "2": 2
        },
        "6806": {
            "2": 2
        },
        "6930": {
            "2": 4
        },
        "6928": {
            "2": 4,
            "4": 1
        },
        "6929": {
            "2": 4
        }
    },
    "population": [
        8045.716213226318
    ],
    "transport_embedding": [
        -2.372981548309326,
        0.3297470510005951,
        -0.04308302327990532,
        0.3291504383087158,
        0.0476226732134819,
        0.33039093017578125,
        0.3050750494003296,
        0.09661054611206055,
        -0.19422149658203125,
        1.7680120468139648
    ],
    "roadnet_embedding": [
        -0.6172608137130737,
        -1.1338289976119995,
        0.5261454582214355,
        1.1175700426101685,
        0.2284812331199646,
        -0.24152182042598724,
        1.0691542625427246,
        -0.17921853065490723,
        -0.8673986792564392,
        0.6432070136070251
    ],
    "function_embedding": [
        -1.7303358316421509,
        0.10799610614776611,
        -2.2474770545959473,
        2.1739661693573,
        0.7980051040649414,
        0.2236836701631546,
        -0.5662947297096252,
        -0.17602618038654327,
        -0.8497793674468994,
        -0.33653002977371216
    ],
    "city_embedding": [
        -0.9823979735374451,
        2.0619866847991943,
        1.396297812461853,
        3.2087395191192627,
        5.418406963348389,
        -1.9047627449035645,
        -4.068181037902832,
        4.120075225830078,
        6.903479099273682,
        3.464116334915161
    ],
    "degree_embedding": [
        -0.9950641393661499,
        -0.5697950720787048,
        0.6718444228172302,
        -1.3873302936553955,
        -1.5486280918121338,
        0.5506727695465088,
        0.028374573215842247,
        -1.830583095550537,
        -3.8337883949279785,
        2.219083547592163
    ]
}