{
    "id": 6810,
    "range": [
        121.416804,
        30.982716,
        121.426804,
        30.972716
    ],
    "image_path": "CitySatellite\\Shanghai\\6810.jpg",
    "poi": [],
    "places": [],
    "transport": [],
    "traffic": [],
    "buildings": [],
    "landuse": [],
    "road_inner": [
        [
            5122,
            1.0,
            4,
            532.3563333333333
        ],
        [
            5114,
            1.0,
            2,
            650.5596666666667
        ]
    ],
    "road_connect": {
        "6811": {
            "4": 1,
            "2": 1
        },
        "6809": {
            "4": 1,
            "2": 1
        }
    },
    "population": [
        990.1345300674438
    ],
    "transport_embedding": [
        -0.3180832266807556,
        -0.588614821434021,
        0.8617129921913147,
        -0.6974164843559265,
        1.1318904161453247,
        -0.18487060070037842,
        -1.880366325378418,
        -0.20767147839069366,
        -0.7265995740890503,
        -0.09237782657146454
    ],
    "roadnet_embedding": [
        0.31574302911758423,
        -0.7889955043792725,
        0.2571398913860321,
        0.1949925273656845,
        -0.11328782141208649,
        -1.762389898300171,
        0.3829718232154846,
        0.38347622752189636,
        -0.2197263538837433,
        -0.48997312784194946
    ],
    "function_embedding": [
        -0.6221837401390076,
        -0.2903192341327667,
        -0.08912897109985352,
        -0.004400338977575302,
        -1.4239799976348877,
        -0.08764029294252396,
        0.022999510169029236,
        -0.15048614144325256,
        -0.15582044422626495,
        0.35182085633277893
    ],
    "city_embedding": [
        -0.9868866205215454,
        -0.0038833613507449627,
        0.5378356575965881,
        1.2420905828475952,
        -0.6109616160392761,
        1.1606545448303223,
        0.3179429769515991,
        2.9230446815490723,
        2.325592279434204,
        3.281355857849121
    ],
    "degree_embedding": [
        -0.9785501956939697,
        -0.6394122242927551,
        -0.2133287638425827,
        0.5076726078987122,
        1.079593300819397,
        0.41877779364585876,
        0.1315111666917801,
        -1.2358767986297607,
        0.637748658657074,
        -1.6050879955291748
    ]
}