{
    "id": 6832,
    "range": [
        121.416804,
        30.762716,
        121.426804,
        30.752716
    ],
    "image_path": "CitySatellite\\Shanghai\\6832.jpg",
    "poi": [],
    "places": [],
    "transport": [],
    "traffic": [],
    "buildings": [],
    "landuse": [],
    "road_inner": [],
    "road_connect": {},
    "population": [
        0.0
    ],
    "transport_embedding": [
        -0.10077641159296036,
        -0.7817223072052002,
        0.42976680397987366,
        -0.6997427940368652,
        -0.3224780857563019,
        0.532682478427887,
        0.3978453576564789,
        0.7647317051887512,
        0.6817036867141724,
        -0.19297657907009125
    ],
    "roadnet_embedding": [
        1.1402472257614136,
        -0.4272453784942627,
        0.013004289008677006,
        0.6205456852912903,
        -2.997387647628784,
        0.04591766372323036,
        -0.021623849868774414,
        -0.21272814273834229,
        -0.0031964967492967844,
        0.27650877833366394
    ],
    "function_embedding": [
        -0.6205569505691528,
        -0.283260315656662,
        -0.0705186054110527,
        0.07499164342880249,
        -1.4886537790298462,
        -0.04326564446091652,
        -0.14905153214931488,
        -0.05214261636137962,
        -0.07769244909286499,
        0.285489559173584
    ],
    "city_embedding": [
        -0.983723521232605,
        0.0036167511716485023,
        0.6694934964179993,
        1.3806318044662476,
        -0.5934169292449951,
        1.2560120820999146,
        0.1646505445241928,
        2.77662992477417,
        2.3926258087158203,
        3.5471549034118652
    ],
    "degree_embedding": [
        -0.9859232902526855,
        -0.14980502426624298,
        1.1363672018051147,
        1.3890211582183838,
        1.9668338298797607,
        -0.10017327964305878,
        -0.9014211297035217,
        -0.5218036770820618,
        0.12516868114471436,
        0.34269973635673523
    ]
}