{
    "id": 6833,
    "range": [
        121.416804,
        30.752716,
        121.426804,
        30.74271599999999
    ],
    "image_path": "CitySatellite\\Shanghai\\6833.jpg",
    "poi": [],
    "places": [],
    "transport": [],
    "traffic": [],
    "buildings": [],
    "landuse": [],
    "road_inner": [],
    "road_connect": {},
    "population": [
        0.0
    ],
    "transport_embedding": [
        -0.2041877955198288,
        -0.5833993554115295,
        0.5902642011642456,
        -0.8971462845802307,
        0.6617087721824646,
        0.8073667883872986,
        -1.1220847368240356,
        0.2899974584579468,
        -0.47885292768478394,
        -0.2764575481414795
    ],
    "roadnet_embedding": [
        1.0840965509414673,
        -0.40958571434020996,
        0.04204845800995827,
        0.5380309820175171,
        -3.0328032970428467,
        0.0051454948261380196,
        0.0244480911642313,
        -0.06764230877161026,
        -0.014362672343850136,
        0.29281195998191833
    ],
    "function_embedding": [
        -0.5893266201019287,
        -0.3156689405441284,
        -0.04521942883729935,
        0.04566357284784317,
        -1.4451255798339844,
        -0.011844274587929249,
        -0.08191477507352829,
        -0.07254024595022202,
        -0.08000821620225906,
        0.15549032390117645
    ],
    "city_embedding": [
        -0.983723521232605,
        0.0036167511716485023,
        0.6694934964179993,
        1.3806318044662476,
        -0.5934169292449951,
        1.2560120820999146,
        0.1646505445241928,
        2.77662992477417,
        2.3926258087158203,
        3.5471549034118652
    ],
    "degree_embedding": [
        -0.9859232902526855,
        -0.14980502426624298,
        1.1363672018051147,
        1.3890211582183838,
        1.9668338298797607,
        -0.10017327964305878,
        -0.9014211297035217,
        -0.5218036770820618,
        0.12516868114471436,
        0.34269973635673523
    ]
}