{
    "id": 6834,
    "range": [
        121.416804,
        30.742716,
        121.426804,
        30.732716
    ],
    "image_path": "CitySatellite\\Shanghai\\6834.jpg",
    "poi": [],
    "places": [],
    "transport": [],
    "traffic": [],
    "buildings": [],
    "landuse": [],
    "road_inner": [],
    "road_connect": {},
    "population": [
        0.0
    ],
    "transport_embedding": [
        -0.19501271843910217,
        -0.7768166661262512,
        0.6324819922447205,
        -0.4722466468811035,
        0.6354056596755981,
        1.051161766052246,
        -0.5306721329689026,
        -0.3117053508758545,
        0.7957982420921326,
        -0.14325200021266937
    ],
    "roadnet_embedding": [
        0.9878665208816528,
        -0.44151419401168823,
        0.08774790912866592,
        0.5240037441253662,
        -2.772023916244507,
        -0.26022860407829285,
        0.04038460552692413,
        0.08410989493131638,
        -0.02772853523492813,
        0.23720183968544006
    ],
    "function_embedding": [
        -0.5786338448524475,
        -0.3201305866241455,
        -0.11302841454744339,
        0.10563632845878601,
        -1.4646213054656982,
        -0.014168075285851955,
        -0.04764557629823685,
        -0.03768911957740784,
        -0.02163611724972725,
        0.30292773246765137
    ],
    "city_embedding": [
        -0.983723521232605,
        0.0036167511716485023,
        0.6694934964179993,
        1.3806318044662476,
        -0.5934169292449951,
        1.2560120820999146,
        0.1646505445241928,
        2.77662992477417,
        2.3926258087158203,
        3.5471549034118652
    ],
    "degree_embedding": [
        -0.9859232902526855,
        -0.14980502426624298,
        1.1363672018051147,
        1.3890211582183838,
        1.9668338298797607,
        -0.10017327964305878,
        -0.9014211297035217,
        -0.5218036770820618,
        0.12516868114471436,
        0.34269973635673523
    ]
}