{
    "id": 6857,
    "range": [
        121.426804,
        31.712716,
        121.436804,
        31.702716
    ],
    "image_path": "CitySatellite\\Shanghai\\6857.jpg",
    "poi": [],
    "places": [],
    "transport": [
        [
            5621,
            2,
            1
        ]
    ],
    "traffic": [],
    "buildings": [],
    "landuse": [],
    "road_inner": [
        [
            5142,
            2,
            5,
            237.3785
        ],
        [
            5114,
            1.0,
            2,
            493.87033333333335
        ]
    ],
    "road_connect": {
        "6858": {
            "5": 1,
            "2": 1
        },
        "6977": {
            "2": 1,
            "5": 1
        }
    },
    "population": [
        676.2734808921814
    ],
    "transport_embedding": [
        0.20783761143684387,
        -2.285167694091797,
        -1.243334412574768,
        0.32178986072540283,
        0.43911436200141907,
        0.020937839522957802,
        0.25719958543777466,
        -1.1594892740249634,
        -1.3813362121582031,
        0.16907469928264618
    ],
    "roadnet_embedding": [
        0.7555286884307861,
        -0.593512237071991,
        0.15022563934326172,
        0.5990375876426697,
        -1.6169543266296387,
        -0.9142681360244751,
        0.2270526885986328,
        0.0307228472083807,
        -0.09035487473011017,
        -0.25776994228363037
    ],
    "function_embedding": [
        -0.6016761660575867,
        -0.32432422041893005,
        -0.0948396846652031,
        0.005407688673585653,
        -1.3761764764785767,
        -0.024395089596509933,
        0.06182427704334259,
        -0.07735515385866165,
        -0.15535429120063782,
        0.3344840407371521
    ],
    "city_embedding": [
        -0.9858864545822144,
        -0.001489347079768777,
        0.5794677138328552,
        1.285994291305542,
        -0.6055651307106018,
        1.1906887292861938,
        0.2695420980453491,
        2.876786708831787,
        2.345670223236084,
        3.365169048309326
    ],
    "degree_embedding": [
        -0.9784094095230103,
        -0.6340584754943848,
        0.7548874020576477,
        0.7218843102455139,
        1.128769874572754,
        0.38317352533340454,
        0.23176006972789764,
        -0.9067843556404114,
        0.33553826808929443,
        -1.3287421464920044
    ]
}