{
    "id": 6904,
    "range": [
        121.426804,
        31.242716,
        121.436804,
        31.232716
    ],
    "image_path": "CitySatellite\\Shanghai\\6904.jpg",
    "poi": [
        [
            2401,
            1,
            5
        ],
        [
            2901,
            3,
            0
        ],
        [
            2110,
            1,
            0
        ],
        [
            2301,
            5,
            4
        ],
        [
            2722,
            1,
            0
        ],
        [
            2511,
            5,
            6
        ],
        [
            2305,
            4,
            4
        ],
        [
            2009,
            1,
            2
        ],
        [
            2303,
            6,
            4
        ],
        [
            2005,
            1,
            1
        ],
        [
            2561,
            1,
            6
        ],
        [
            2502,
            1,
            6
        ],
        [
            2302,
            1,
            4
        ],
        [
            2512,
            1,
            6
        ],
        [
            2501,
            2,
            6
        ],
        [
            2252,
            1,
            3
        ],
        [
            2016,
            1,
            2
        ],
        [
            2528,
            1,
            6
        ]
    ],
    "places": [
        [
            1010,
            1,
            5
        ]
    ],
    "transport": [
        [
            5621,
            14,
            1
        ]
    ],
    "traffic": [
        [
            5260,
            1,
            0
        ]
    ],
    "buildings": [
        101,
        82220.54849999996
    ],
    "landuse": [
        [
            7203,
            21,
            1,
            2.17725625
        ],
        [
            7209,
            4,
            2,
            0.161841
        ]
    ],
    "road_inner": [
        [
            5122,
            17,
            4,
            7299.325166666666
        ],
        [
            5121,
            2,
            4,
            513.2205
        ],
        [
            5114,
            2,
            2,
            1709.6695
        ],
        [
            5113,
            1,
            2,
            1082.76225
        ],
        [
            5112,
            1.0,
            1,
            1298.7244999999998
        ],
        [
            5141,
            1.0,
            5,
            43.9175
        ],
        [
            5115,
            1.0,
            3,
            248.14
        ]
    ],
    "road_connect": {
        "6665": {
            "1": 2
        },
        "6905": {
            "1": 2,
            "4": 7,
            "2": 2
        },
        "6903": {
            "1": 2,
            "4": 2,
            "2": 3,
            "5": 1
        },
        "6785": {
            "1": 2,
            "4": 1
        },
        "7023": {
            "1": 2,
            "4": 2,
            "2": 1
        },
        "7024": {
            "4": 5,
            "2": 1,
            "3": 1
        },
        "6784": {
            "2": 4,
            "4": 3
        },
        "7025": {
            "2": 1,
            "4": 1
        }
    },
    "population": [
        46697.01663208008
    ],
    "transport_embedding": [
        -2.358015775680542,
        0.30928319692611694,
        -1.2290009260177612,
        -0.14929652214050293,
        0.6938715577125549,
        0.3354606628417969,
        0.0434112548828125,
        0.18582963943481445,
        0.03099822998046875,
        2.1472620964050293
    ],
    "roadnet_embedding": [
        -1.493220329284668,
        -1.2292978763580322,
        2.186070680618286,
        -0.14267824590206146,
        -0.49061399698257446,
        0.36633849143981934,
        -1.5924769639968872,
        0.7430609464645386,
        0.3378038704395294,
        -1.2697374820709229
    ],
    "function_embedding": [
        -1.7399595975875854,
        0.11943113803863525,
        -2.5291287899017334,
        2.250028133392334,
        0.8134922981262207,
        0.3917417526245117,
        -0.6116256713867188,
        0.20460796356201172,
        -0.934820830821991,
        -1.594370722770691
    ],
    "city_embedding": [
        -1.0682827234268188,
        2.727781057357788,
        -2.041491985321045,
        0.7416915893554688,
        2.255844831466675,
        -2.7226502895355225,
        -1.6291078329086304,
        1.4817382097244263,
        4.004214763641357,
        2.1820690631866455
    ],
    "degree_embedding": [
        -1.0726794004440308,
        2.867509126663208,
        0.7900107502937317,
        1.6760257482528687,
        -0.47213661670684814,
        -1.2445772886276245,
        0.9662958383560181,
        -0.971259355545044,
        -0.7792795896530151,
        -1.9422377347946167
    ]
}