{
    "id": 6905,
    "range": [
        121.426804,
        31.232716,
        121.436804,
        31.222716
    ],
    "image_path": "CitySatellite\\Shanghai\\6905.jpg",
    "poi": [
        [
            2001,
            1,
            2
        ],
        [
            2301,
            23,
            4
        ],
        [
            2101,
            2,
            0
        ],
        [
            2602,
            1,
            0
        ],
        [
            2511,
            4,
            6
        ],
        [
            2501,
            3,
            6
        ],
        [
            2528,
            6,
            6
        ],
        [
            2561,
            1,
            6
        ],
        [
            2502,
            2,
            6
        ],
        [
            2305,
            4,
            4
        ],
        [
            2601,
            1,
            0
        ],
        [
            2544,
            1,
            6
        ],
        [
            2303,
            9,
            4
        ],
        [
            2302,
            1,
            4
        ],
        [
            2004,
            1,
            2
        ],
        [
            2304,
            1,
            4
        ],
        [
            2006,
            1,
            2
        ],
        [
            2512,
            3,
            6
        ],
        [
            2529,
            1,
            6
        ],
        [
            2513,
            2,
            6
        ],
        [
            2121,
            1,
            0
        ],
        [
            2901,
            1,
            0
        ],
        [
            2724,
            1,
            0
        ],
        [
            2725,
            6,
            0
        ]
    ],
    "places": [
        [
            1010,
            1,
            5
        ]
    ],
    "transport": [
        [
            5621,
            18,
            1
        ],
        [
            5601,
            1,
            2
        ]
    ],
    "traffic": [
        [
            5201,
            9,
            3
        ],
        [
            5204,
            7,
            1
        ]
    ],
    "buildings": [
        170,
        96560.43475
    ],
    "landuse": [
        [
            7203,
            23,
            1,
            2.5273587499999994
        ],
        [
            7208,
            1,
            5,
            0.0113225
        ],
        [
            7202,
            1,
            0,
            0.0157425
        ],
        [
            7201,
            2,
            4,
            0.023138
        ],
        [
            7218,
            1,
            5,
            0.021999
        ]
    ],
    "road_inner": [
        [
            5114,
            8,
            2,
            2338.5605833333334
        ],
        [
            5115,
            6,
            3,
            1340.846
        ],
        [
            5122,
            7,
            4,
            3758.3745833333332
        ],
        [
            5134,
            1,
            2,
            37.053
        ],
        [
            5153,
            26,
            5,
            1675.6485
        ],
        [
            5141,
            11,
            5,
            1072.7755000000002
        ],
        [
            5155,
            2,
            0,
            43.073
        ],
        [
            5112,
            1.0,
            1,
            1298.7244999999998
        ],
        [
            5121,
            1.0,
            4,
            108.0065
        ]
    ],
    "road_connect": {
        "6665": {
            "1": 2
        },
        "6904": {
            "1": 2,
            "4": 7,
            "2": 2
        },
        "6903": {
            "1": 2
        },
        "6785": {
            "1": 2,
            "5": 1,
            "4": 4,
            "3": 1
        },
        "7023": {
            "1": 2
        },
        "6906": {
            "4": 3,
            "2": 1,
            "5": 3
        },
        "7025": {
            "4": 4,
            "2": 3,
            "5": 6,
            "3": 1
        },
        "6786": {
            "2": 1
        },
        "7024": {
            "4": 2
        },
        "6784": {
            "2": 1
        },
        "7144": {
            "4": 1
        }
    },
    "population": [
        51714.00384521484
    ],
    "transport_embedding": [
        -2.4870364665985107,
        0.4757533371448517,
        -1.2619643211364746,
        -0.2456812858581543,
        1.1274465322494507,
        0.44384193420410156,
        0.32112884521484375,
        -0.06348371505737305,
        -0.1607208251953125,
        2.4385387897491455
    ],
    "roadnet_embedding": [
        -0.17295359075069427,
        -1.1012675762176514,
        0.18919341266155243,
        0.4980728030204773,
        0.09532385319471359,
        0.7811483144760132,
        0.1811954528093338,
        -0.019169235602021217,
        0.11962934583425522,
        -0.21231627464294434
    ],
    "function_embedding": [
        -1.7399601936340332,
        0.11943185329437256,
        -2.535315990447998,
        2.2515616416931152,
        0.813817024230957,
        0.39586520195007324,
        -0.6126670837402344,
        0.21370315551757812,
        -0.9365329742431641,
        -1.6095976829528809
    ],
    "city_embedding": [
        -1.076711654663086,
        2.8949384689331055,
        -2.3535614013671875,
        0.7411978244781494,
        1.9540907144546509,
        -2.995805263519287,
        -1.827741265296936,
        1.5822820663452148,
        2.4210338592529297,
        2.733888626098633
    ],
    "degree_embedding": [
        -1.0703415870666504,
        2.741508722305298,
        1.0527794361114502,
        1.898301601409912,
        -0.7323800921440125,
        -1.2241814136505127,
        1.023739218711853,
        -0.9515761733055115,
        -0.6082140207290649,
        -1.9637234210968018
    ]
}