{
    "id": 6906,
    "range": [
        121.426804,
        31.222716,
        121.436804,
        31.212716
    ],
    "image_path": "CitySatellite\\Shanghai\\6906.jpg",
    "poi": [
        [
            2303,
            18,
            4
        ],
        [
            2401,
            8,
            5
        ],
        [
            2501,
            4,
            6
        ],
        [
            2101,
            2,
            0
        ],
        [
            2301,
            16,
            4
        ],
        [
            2304,
            2,
            4
        ],
        [
            2601,
            8,
            0
        ],
        [
            2511,
            8,
            6
        ],
        [
            2302,
            4,
            4
        ],
        [
            2528,
            3,
            6
        ],
        [
            2722,
            2,
            0
        ],
        [
            2405,
            2,
            5
        ],
        [
            2305,
            2,
            4
        ],
        [
            2502,
            5,
            6
        ],
        [
            2004,
            2,
            2
        ],
        [
            2083,
            1,
            2
        ],
        [
            2907,
            1,
            0
        ],
        [
            2512,
            1,
            6
        ],
        [
            2721,
            2,
            0
        ],
        [
            2602,
            1,
            0
        ],
        [
            2513,
            1,
            6
        ],
        [
            2568,
            1,
            6
        ],
        [
            2725,
            1,
            0
        ],
        [
            2201,
            3,
            3
        ]
    ],
    "places": [
        [
            1010,
            1,
            5
        ]
    ],
    "transport": [
        [
            5621,
            21,
            1
        ],
        [
            5601,
            1,
            2
        ]
    ],
    "traffic": [
        [
            5201,
            5,
            3
        ],
        [
            5206,
            1,
            2
        ],
        [
            5204,
            1,
            1
        ],
        [
            5250,
            1,
            0
        ]
    ],
    "buildings": [
        303,
        141062.66891666665
    ],
    "landuse": [
        [
            7203,
            11,
            1,
            1.039537
        ],
        [
            7218,
            2,
            5,
            0.06172899999999999
        ],
        [
            7209,
            1,
            2,
            0.0177615
        ],
        [
            7208,
            1,
            5,
            0.0113225
        ]
    ],
    "road_inner": [
        [
            5122,
            16,
            4,
            5925.495999999999
        ],
        [
            5113,
            15,
            2,
            4828.195999999999
        ],
        [
            5132,
            6,
            1,
            665.123
        ],
        [
            5153,
            14,
            5,
            597.1365
        ],
        [
            5133,
            3,
            2,
            56.882999999999996
        ],
        [
            5114,
            8,
            2,
            1740.1865833333334
        ],
        [
            5115,
            4,
            3,
            1152.7616666666665
        ],
        [
            5155,
            9,
            0,
            150.52700000000002
        ],
        [
            5141,
            25,
            5,
            3128.3031666666675
        ],
        [
            5121,
            2,
            4,
            250.125
        ],
        [
            5152,
            1,
            0,
            217.774
        ],
        [
            5112,
            1.0,
            1,
            1558.7610666666667
        ]
    ],
    "road_connect": {
        "6786": {
            "1": 2,
            "4": 3,
            "2": 5,
            "5": 4,
            "3": 1
        },
        "6787": {
            "1": 2,
            "5": 1
        },
        "7026": {
            "1": 2,
            "4": 4,
            "2": 4
        },
        "7025": {
            "1": 2,
            "4": 1,
            "2": 2
        },
        "6907": {
            "3": 1,
            "4": 2,
            "2": 3,
            "5": 2
        },
        "7027": {
            "3": 1
        },
        "6905": {
            "4": 3,
            "2": 1,
            "5": 3
        },
        "6785": {
            "2": 2,
            "5": 1
        }
    },
    "population": [
        49949.92916870117
    ],
    "transport_embedding": [
        -2.4821434020996094,
        0.4694320559501648,
        -1.331352710723877,
        -0.27119970321655273,
        1.154833436012268,
        0.441162109375,
        0.2984294891357422,
        -0.05221414566040039,
        -0.14284896850585938,
        2.455413579940796
    ],
    "roadnet_embedding": [
        -2.2435977458953857,
        -1.301517128944397,
        0.2376636415719986,
        2.147505283355713,
        -0.26710402965545654,
        -0.7649546265602112,
        -0.24977505207061768,
        1.830011248588562,
        1.015437126159668,
        -0.6408724784851074
    ],
    "function_embedding": [
        -1.7399601936340332,
        0.11943185329437256,
        -2.5353171825408936,
        2.2515618801116943,
        0.813817024230957,
        0.39586567878723145,
        -0.6126670837402344,
        0.21370458602905273,
        -0.9365329742431641,
        -1.6095995903015137
    ],
    "city_embedding": [
        -1.0763928890228271,
        2.9069674015045166,
        -2.338655471801758,
        1.3537260293960571,
        1.9665415287017822,
        -3.2557055950164795,
        -2.450493812561035,
        2.1369333267211914,
        -0.6471341848373413,
        2.7709085941314697
    ],
    "degree_embedding": [
        -1.0320614576339722,
        1.0052577257156372,
        0.7825981378555298,
        0.12341232597827911,
        -1.3023260831832886,
        0.03650442883372307,
        -1.7434706687927246,
        -1.3421207666397095,
        -0.7237420678138733,
        0.6388970017433167
    ]
}