{
    "id": 6907,
    "range": [
        121.426804,
        31.212716,
        121.436804,
        31.202716
    ],
    "image_path": "CitySatellite\\Shanghai\\6907.jpg",
    "poi": [
        [
            2301,
            21,
            4
        ],
        [
            2303,
            10,
            4
        ],
        [
            2304,
            2,
            4
        ],
        [
            2566,
            2,
            6
        ],
        [
            2502,
            3,
            6
        ],
        [
            2511,
            5,
            6
        ],
        [
            2501,
            1,
            6
        ],
        [
            2305,
            6,
            4
        ],
        [
            2901,
            5,
            0
        ],
        [
            2004,
            2,
            2
        ],
        [
            2518,
            1,
            6
        ],
        [
            2513,
            2,
            6
        ],
        [
            2101,
            1,
            0
        ],
        [
            2202,
            1,
            3
        ],
        [
            2902,
            1,
            0
        ],
        [
            2001,
            1,
            2
        ],
        [
            2601,
            2,
            0
        ],
        [
            2721,
            1,
            0
        ],
        [
            2512,
            2,
            6
        ],
        [
            2528,
            1,
            6
        ],
        [
            2544,
            1,
            6
        ]
    ],
    "places": [
        [
            1010,
            1,
            5
        ]
    ],
    "transport": [
        [
            5621,
            8,
            1
        ],
        [
            5601,
            2,
            2
        ],
        [
            5641,
            1,
            0
        ]
    ],
    "traffic": [],
    "buildings": [
        398,
        143395.72341666662
    ],
    "landuse": [
        [
            7218,
            9,
            5,
            0.16122499999999998
        ],
        [
            7201,
            2,
            4,
            0.082926
        ],
        [
            7203,
            6,
            1,
            0.4862046666666667
        ],
        [
            7202,
            2,
            0,
            0.24025200000000002
        ],
        [
            7213,
            1,
            3,
            0.01077175
        ]
    ],
    "road_inner": [
        [
            5141,
            35,
            5,
            5223.3814999999995
        ],
        [
            5113,
            4,
            2,
            2407.8425
        ],
        [
            5114,
            7,
            2,
            2031.9734999999998
        ],
        [
            5122,
            7,
            4,
            5535.595833333333
        ],
        [
            5153,
            33,
            5,
            2682.0820000000003
        ],
        [
            5142,
            2,
            5,
            126.305
        ],
        [
            5115,
            1,
            3,
            821.6331666666667
        ],
        [
            5123,
            1.0,
            5,
            61.223
        ]
    ],
    "road_connect": {
        "6667": {
            "4": 1
        },
        "6787": {
            "4": 2,
            "5": 8,
            "3": 1
        },
        "6906": {
            "3": 1,
            "4": 2,
            "2": 3,
            "5": 2
        },
        "7027": {
            "3": 1,
            "4": 4,
            "2": 1,
            "5": 2
        },
        "6908": {
            "4": 3,
            "2": 4,
            "5": 3
        },
        "7028": {
            "4": 2
        },
        "6788": {
            "2": 2
        }
    },
    "population": [
        43404.10693359375
    ],
    "transport_embedding": [
        -1.5263218879699707,
        -0.7429933547973633,
        -1.169502854347229,
        0.3733518421649933,
        -1.469232439994812,
        -0.2715162932872772,
        -1.43397057056427,
        1.3997715711593628,
        0.9564933776855469,
        0.43772390484809875
    ],
    "roadnet_embedding": [
        -0.11816816031932831,
        -1.0969693660736084,
        -1.2596971988677979,
        1.0376003980636597,
        0.19392859935760498,
        0.8260084390640259,
        -0.44192662835121155,
        3.7998273372650146,
        1.4076565504074097,
        0.697256326675415
    ],
    "function_embedding": [
        -1.7399601936340332,
        0.11943185329437256,
        -2.5353147983551025,
        2.251561403274536,
        0.813817024230957,
        0.39586424827575684,
        -0.6126670837402344,
        0.2137012481689453,
        -0.9365329742431641,
        -1.6095958948135376
    ],
    "city_embedding": [
        -1.063315749168396,
        2.93569278717041,
        -1.7772541046142578,
        1.8871264457702637,
        2.647259473800659,
        -3.6602327823638916,
        -3.0480563640594482,
        4.117090702056885,
        -1.0447454452514648,
        3.5648791790008545
    ],
    "degree_embedding": [
        -1.0110275745391846,
        0.2316991686820984,
        0.7344839572906494,
        0.7203169465065002,
        -1.3728392124176025,
        -1.0060774087905884,
        -1.026326060295105,
        -1.099269151687622,
        -0.024102400988340378,
        0.8928108811378479
    ]
}