{
    "id": 6908,
    "range": [
        121.426804,
        31.202716,
        121.436804,
        31.192716
    ],
    "image_path": "CitySatellite\\Shanghai\\6908.jpg",
    "poi": [
        [
            2901,
            2,
            0
        ],
        [
            2303,
            18,
            4
        ],
        [
            2301,
            29,
            4
        ],
        [
            2723,
            2,
            0
        ],
        [
            2502,
            5,
            6
        ],
        [
            2401,
            2,
            5
        ],
        [
            2724,
            1,
            0
        ],
        [
            2601,
            13,
            0
        ],
        [
            2515,
            2,
            6
        ],
        [
            2005,
            1,
            1
        ],
        [
            2305,
            1,
            4
        ],
        [
            2904,
            2,
            0
        ],
        [
            2593,
            1,
            6
        ],
        [
            2501,
            1,
            6
        ],
        [
            2505,
            4,
            6
        ],
        [
            2302,
            7,
            4
        ],
        [
            2520,
            3,
            6
        ],
        [
            2546,
            2,
            6
        ],
        [
            2512,
            6,
            6
        ],
        [
            2203,
            3,
            3
        ],
        [
            2518,
            1,
            6
        ],
        [
            2567,
            2,
            6
        ],
        [
            2522,
            1,
            6
        ],
        [
            2525,
            3,
            6
        ],
        [
            2725,
            1,
            0
        ],
        [
            2511,
            5,
            6
        ],
        [
            2202,
            1,
            3
        ],
        [
            2542,
            1,
            6
        ],
        [
            2304,
            1,
            4
        ],
        [
            2201,
            1,
            3
        ]
    ],
    "places": [],
    "transport": [
        [
            5601,
            3,
            2
        ],
        [
            5621,
            15,
            1
        ]
    ],
    "traffic": [
        [
            5201,
            15,
            3
        ],
        [
            5204,
            10,
            1
        ]
    ],
    "buildings": [
        259,
        229238.3605
    ],
    "landuse": [
        [
            7202,
            4,
            0,
            0.6206151666666667
        ],
        [
            7203,
            9,
            1,
            0.7266171666666665
        ],
        [
            7213,
            1,
            3,
            0.01077175
        ],
        [
            7218,
            15,
            5,
            0.14473500000000003
        ],
        [
            7209,
            2,
            2,
            0.10712
        ],
        [
            7201,
            1,
            4,
            0.010933
        ],
        [
            7212,
            1,
            0,
            0.049154
        ]
    ],
    "road_inner": [
        [
            5122,
            10,
            4,
            3495.4749999999995
        ],
        [
            5113,
            23,
            2,
            5025.718000000001
        ],
        [
            5115,
            10,
            3,
            1522.2365
        ],
        [
            5114,
            8,
            2,
            2284.765166666667
        ],
        [
            5134,
            2,
            2,
            244.467
        ],
        [
            5133,
            1,
            2,
            55.64
        ],
        [
            5141,
            29,
            5,
            5011.402833333334
        ],
        [
            5153,
            17,
            5,
            2287.1311666666666
        ],
        [
            5155,
            5,
            0,
            90.78399999999999
        ],
        [
            5124,
            1,
            5,
            473.528
        ],
        [
            5123,
            1.0,
            5,
            84.815
        ],
        [
            5121,
            1.0,
            4,
            39.04066666666667
        ]
    ],
    "road_connect": {
        "6907": {
            "4": 3,
            "2": 4,
            "5": 3
        },
        "7028": {
            "4": 2,
            "2": 4,
            "3": 3,
            "5": 4
        },
        "6788": {
            "2": 5,
            "5": 10,
            "4": 2
        },
        "6909": {
            "4": 5,
            "5": 5,
            "2": 2
        },
        "6789": {
            "4": 1,
            "5": 2,
            "2": 1
        },
        "7027": {
            "2": 1
        }
    },
    "population": [
        56502.17559814453
    ],
    "transport_embedding": [
        -2.4892966747283936,
        0.4786723554134369,
        -1.3128091096878052,
        -0.2681450843811035,
        1.1666224002838135,
        0.44681739807128906,
        0.3175621032714844,
        -0.06683683395385742,
        -0.15676498413085938,
        2.2265992164611816
    ],
    "roadnet_embedding": [
        -0.9884505867958069,
        -1.1807258129119873,
        -1.4184223413467407,
        1.3202072381973267,
        -0.02633402682840824,
        0.13773372769355774,
        -0.0575222373008728,
        4.013886451721191,
        1.492083191871643,
        0.8215776681900024
    ],
    "function_embedding": [
        -1.7399601936340332,
        0.11943185329437256,
        -2.5353174209594727,
        2.2515621185302734,
        0.813817024230957,
        0.39586591720581055,
        -0.6126670837402344,
        0.21370506286621094,
        -0.9365334510803223,
        -1.6095995903015137
    ],
    "city_embedding": [
        -1.1140942573547363,
        1.3984153270721436,
        -4.342981338500977,
        0.1435181051492691,
        -0.9774689078330994,
        -1.7719990015029907,
        0.8588054776191711,
        -4.439364433288574,
        -12.011034965515137,
        2.844294786453247
    ],
    "degree_embedding": [
        -1.027469515800476,
        0.8129140734672546,
        0.9981740117073059,
        1.4222385883331299,
        -1.873558759689331,
        0.8511954545974731,
        -1.1848052740097046,
        -2.211029529571533,
        1.2136989831924438,
        2.6114611625671387
    ]
}