{
    "id": 6909,
    "range": [
        121.426804,
        31.192716,
        121.436804,
        31.182716
    ],
    "image_path": "CitySatellite\\Shanghai\\6909.jpg",
    "poi": [
        [
            2401,
            5,
            5
        ],
        [
            2302,
            3,
            4
        ],
        [
            2503,
            1,
            6
        ],
        [
            2601,
            8,
            0
        ],
        [
            2501,
            2,
            6
        ],
        [
            2305,
            1,
            4
        ],
        [
            2511,
            6,
            6
        ],
        [
            2303,
            3,
            4
        ],
        [
            2528,
            1,
            6
        ],
        [
            2101,
            1,
            0
        ],
        [
            2505,
            1,
            6
        ],
        [
            2602,
            3,
            0
        ],
        [
            2252,
            1,
            3
        ],
        [
            2004,
            2,
            2
        ],
        [
            2301,
            2,
            4
        ],
        [
            2001,
            1,
            2
        ],
        [
            2722,
            1,
            0
        ],
        [
            2725,
            1,
            0
        ],
        [
            2007,
            1,
            2
        ]
    ],
    "places": [
        [
            1001,
            1,
            1
        ]
    ],
    "transport": [
        [
            5621,
            11,
            1
        ]
    ],
    "traffic": [
        [
            5201,
            5,
            3
        ],
        [
            5204,
            4,
            1
        ],
        [
            5206,
            2,
            2
        ]
    ],
    "buildings": [
        112,
        146777.96725
    ],
    "landuse": [
        [
            7202,
            5,
            0,
            0.279879
        ],
        [
            7201,
            1,
            4,
            0.1540205
        ],
        [
            7209,
            1,
            2,
            0.229954
        ],
        [
            7203,
            1,
            1,
            0.128037
        ]
    ],
    "road_inner": [
        [
            5112,
            2,
            1,
            2676.9210000000003
        ],
        [
            5115,
            4,
            3,
            2352.836333333333
        ],
        [
            5123,
            1,
            5,
            231.924
        ],
        [
            5141,
            27,
            5,
            4097.792083333333
        ],
        [
            5122,
            8,
            4,
            3227.250666666667
        ],
        [
            5124,
            4,
            5,
            503.1255
        ],
        [
            5113,
            7,
            2,
            2782.8686666666663
        ],
        [
            5133,
            1,
            2,
            388.5695
        ],
        [
            5153,
            11,
            5,
            702.2466666666666
        ],
        [
            5114,
            2,
            2,
            659.53
        ],
        [
            5132,
            1.0,
            1,
            519.3695
        ],
        [
            5121,
            1.0,
            4,
            39.04066666666667
        ]
    ],
    "road_connect": {
        "6667": {
            "1": 2
        },
        "6668": {
            "1": 2
        },
        "6669": {
            "1": 2
        },
        "6789": {
            "1": 2,
            "3": 4,
            "2": 3,
            "4": 3,
            "5": 4
        },
        "6910": {
            "1": 6,
            "5": 5,
            "3": 2,
            "2": 5,
            "4": 1
        },
        "7030": {
            "5": 1
        },
        "7029": {
            "5": 4,
            "4": 2,
            "3": 1,
            "2": 1
        },
        "6908": {
            "4": 5,
            "5": 5,
            "2": 2
        },
        "7028": {
            "4": 1
        },
        "6788": {
            "5": 1
        }
    },
    "population": [
        59546.62680053711
    ],
    "transport_embedding": [
        -2.3732471466064453,
        0.32965007424354553,
        -0.38158124685287476,
        0.1898636817932129,
        0.24458669126033783,
        0.33527183532714844,
        0.2389986664056778,
        0.11483335494995117,
        -0.135528564453125,
        1.874381184577942
    ],
    "roadnet_embedding": [
        -0.3630773723125458,
        -1.1205121278762817,
        -1.3494869470596313,
        0.9488940238952637,
        0.1007184386253357,
        0.6325028538703918,
        -0.30553025007247925,
        1.3641501665115356,
        0.957648754119873,
        0.0961809754371643
    ],
    "function_embedding": [
        -1.739952802658081,
        0.1194230318069458,
        -2.5289721488952637,
        2.2499887943267822,
        0.8134832382202148,
        0.3916124701499939,
        -0.6115989685058594,
        0.20434784889221191,
        -0.9347760677337646,
        -1.598678469657898
    ],
    "city_embedding": [
        -1.1308470964431763,
        3.313810110092163,
        -4.573246955871582,
        -0.3540995121002197,
        -2.2206294536590576,
        -1.8786250352859497,
        4.97497034072876,
        -7.108914375305176,
        -23.6039981842041,
        -6.724511623382568
    ],
    "degree_embedding": [
        -1.0480283498764038,
        1.6086933612823486,
        1.6745524406433105,
        0.5640586614608765,
        -1.5345162153244019,
        0.700198233127594,
        -2.001559019088745,
        -1.7561674118041992,
        0.8903592228889465,
        0.524785578250885
    ]
}