{
    "id": 6910,
    "range": [
        121.426804,
        31.182716,
        121.436804,
        31.172716
    ],
    "image_path": "CitySatellite\\Shanghai\\6910.jpg",
    "poi": [
        [
            2501,
            3,
            6
        ],
        [
            2301,
            4,
            4
        ],
        [
            2304,
            1,
            4
        ],
        [
            2601,
            3,
            0
        ],
        [
            2302,
            2,
            4
        ],
        [
            2303,
            2,
            4
        ],
        [
            2203,
            1,
            3
        ],
        [
            2004,
            2,
            2
        ],
        [
            2502,
            1,
            6
        ],
        [
            2516,
            1,
            6
        ],
        [
            2005,
            1,
            1
        ],
        [
            2110,
            1,
            0
        ]
    ],
    "places": [],
    "transport": [
        [
            5601,
            1,
            2
        ],
        [
            5621,
            17,
            1
        ]
    ],
    "traffic": [
        [
            5206,
            2,
            2
        ],
        [
            5201,
            5,
            3
        ],
        [
            5204,
            8,
            1
        ]
    ],
    "buildings": [
        188,
        205848.88949999993
    ],
    "landuse": [
        [
            7202,
            2,
            0,
            0.253809
        ],
        [
            7208,
            4,
            5,
            0.041544
        ],
        [
            7218,
            2,
            5,
            0.037572999999999995
        ],
        [
            7201,
            1,
            4,
            0.1540205
        ],
        [
            7213,
            1,
            3,
            0.029747
        ],
        [
            7212,
            1,
            0,
            0.123919
        ],
        [
            7203,
            1,
            1,
            0.5990195
        ]
    ],
    "road_inner": [
        [
            5112,
            2,
            1,
            3173.605
        ],
        [
            5132,
            15,
            1,
            3475.9405
        ],
        [
            5113,
            25,
            2,
            5684.754166666667
        ],
        [
            5115,
            6,
            3,
            1326.2863333333332
        ],
        [
            5141,
            41,
            5,
            2465.346916666667
        ],
        [
            5122,
            6,
            4,
            2728.9998333333333
        ],
        [
            5153,
            6,
            5,
            1014.5150000000001
        ],
        [
            5133,
            1.0,
            2,
            50.8355
        ]
    ],
    "road_connect": {
        "6909": {
            "1": 6,
            "5": 5,
            "3": 2,
            "2": 5,
            "4": 1
        },
        "6911": {
            "1": 3,
            "2": 3,
            "3": 1,
            "4": 2,
            "5": 1
        },
        "6792": {
            "1": 2
        },
        "6912": {
            "1": 2
        },
        "7030": {
            "1": 3,
            "2": 5,
            "5": 4,
            "4": 2
        },
        "7029": {
            "1": 1,
            "5": 1
        },
        "7149": {
            "1": 1
        },
        "6789": {
            "3": 1,
            "2": 2
        },
        "6790": {
            "4": 1,
            "3": 1
        },
        "7031": {
            "4": 1,
            "5": 1
        }
    },
    "population": [
        45883.6990814209
    ],
    "transport_embedding": [
        -2.4742181301116943,
        0.4592039883136749,
        -1.2323873043060303,
        -0.2252202033996582,
        1.0682871341705322,
        0.43256378173828125,
        0.29815101623535156,
        -0.03952360153198242,
        -0.14571380615234375,
        2.393543243408203
    ],
    "roadnet_embedding": [
        -2.2057459354400635,
        -1.297873616218567,
        -2.3810930252075195,
        0.78878253698349,
        -0.5154457688331604,
        -0.7387269735336304,
        -2.0028934478759766,
        -0.021235374733805656,
        -1.231683373451233,
        -0.5604649186134338
    ],
    "function_embedding": [
        -1.7393560409545898,
        0.11871397495269775,
        -2.4180374145507812,
        2.22245454788208,
        0.807584285736084,
        0.3224989175796509,
        -0.5932731628417969,
        0.0468401238322258,
        -0.9038581848144531,
        -1.3547011613845825
    ],
    "city_embedding": [
        -1.1000465154647827,
        0.9641870260238647,
        -3.8745458126068115,
        0.6200620532035828,
        -0.9329349398612976,
        -1.2674403190612793,
        1.488432765007019,
        -3.7496821880340576,
        -7.599593162536621,
        2.5300862789154053
    ],
    "degree_embedding": [
        -1.0468416213989258,
        1.5833724737167358,
        1.4356602430343628,
        -0.41436588764190674,
        -0.9220861196517944,
        1.0603229999542236,
        -2.3180534839630127,
        -1.8526718616485596,
        -0.013657679781317711,
        -0.44849494099617004
    ]
}