{
    "id": 6925,
    "range": [
        121.426804,
        31.032716,
        121.436804,
        31.022716
    ],
    "image_path": "CitySatellite\\Shanghai\\6925.jpg",
    "poi": [
        [
            2005,
            1,
            1
        ],
        [
            2004,
            1,
            2
        ],
        [
            2511,
            4,
            6
        ],
        [
            2602,
            3,
            0
        ],
        [
            2601,
            1,
            0
        ],
        [
            2542,
            3,
            6
        ],
        [
            2725,
            5,
            0
        ],
        [
            2951,
            1,
            0
        ],
        [
            2301,
            1,
            4
        ],
        [
            2561,
            1,
            6
        ],
        [
            2723,
            1,
            0
        ],
        [
            2568,
            1,
            6
        ],
        [
            2546,
            1,
            6
        ],
        [
            2501,
            1,
            6
        ],
        [
            2303,
            2,
            4
        ]
    ],
    "places": [],
    "transport": [
        [
            5621,
            10,
            1
        ]
    ],
    "traffic": [
        [
            5206,
            1,
            2
        ],
        [
            5204,
            61,
            1
        ],
        [
            5260,
            1,
            0
        ],
        [
            5270,
            1,
            0
        ]
    ],
    "buildings": [
        105,
        137366.069
    ],
    "landuse": [
        [
            7201,
            12,
            4,
            0.5636427500000001
        ],
        [
            7203,
            6,
            1,
            1.027094
        ],
        [
            7209,
            1,
            2,
            0.009742
        ],
        [
            7218,
            30,
            5,
            0.6468798333333332
        ],
        [
            7208,
            1,
            5,
            0.002794
        ],
        [
            7202,
            3,
            0,
            0.069562
        ],
        [
            7215,
            1,
            5,
            0.000433
        ]
    ],
    "road_inner": [
        [
            5111,
            4,
            1,
            1877.0021666666667
        ],
        [
            5141,
            130,
            5,
            18736.83150000001
        ],
        [
            5122,
            8,
            4,
            183.809
        ],
        [
            5153,
            38,
            5,
            2723.5500000000006
        ],
        [
            5123,
            6,
            5,
            926.5595
        ],
        [
            5124,
            4,
            5,
            505.85900000000004
        ],
        [
            5131,
            2,
            1,
            478.3265
        ],
        [
            5152,
            6,
            0,
            3047.0673333333334
        ],
        [
            5113,
            1.0,
            2,
            843.46225
        ]
    ],
    "road_connect": {
        "6685": {
            "2": 2
        },
        "6805": {
            "2": 2,
            "5": 13,
            "1": 4,
            "0": 2
        },
        "6924": {
            "2": 2,
            "5": 5
        },
        "6806": {
            "5": 3
        },
        "6926": {
            "5": 7,
            "1": 2
        },
        "7045": {
            "5": 15,
            "0": 3
        },
        "6804": {
            "1": 2
        },
        "7044": {
            "5": 1,
            "0": 2
        }
    },
    "population": [
        6664.657035827637
    ],
    "transport_embedding": [
        -2.489511251449585,
        0.47894930839538574,
        -1.3932232856750488,
        -0.30150890350341797,
        1.2176904678344727,
        0.4487018585205078,
        0.3044586181640625,
        -0.06552934646606445,
        -0.14530181884765625,
        -4.178707122802734
    ],
    "roadnet_embedding": [
        -1.1967923641204834,
        -1.2007769346237183,
        -4.129969596862793,
        -1.1335200071334839,
        -0.5711917877197266,
        0.19934940338134766,
        -2.246478796005249,
        14.790955543518066,
        1.7560847997665405,
        9.754953384399414
    ],
    "function_embedding": [
        -1.7392475605010986,
        0.11858522891998291,
        -2.493990898132324,
        2.2412796020507812,
        0.8115549087524414,
        0.36859753727912903,
        -0.605743408203125,
        0.15319190919399261,
        -0.9250632524490356,
        -1.534433364868164
    ],
    "city_embedding": [
        -1.0148663520812988,
        0.04501795023679733,
        -0.6027947068214417,
        3.5773942470550537,
        -0.4827350676059723,
        0.9868239760398865,
        0.2617277503013611,
        1.3063699007034302,
        2.4046707153320312,
        2.474684476852417
    ],
    "degree_embedding": [
        -1.0425976514816284,
        1.2133122682571411,
        3.024380683898926,
        2.421664237976074,
        -3.180912733078003,
        3.4882588386535645,
        -0.6197779178619385,
        -2.995605945587158,
        4.96641206741333,
        4.9473466873168945
    ]
}