{
    "id": 7023,
    "range": [
        121.436804,
        31.252716,
        121.446804,
        31.24271599999999
    ],
    "image_path": "CitySatellite\\Shanghai\\7023.jpg",
    "poi": [
        [
            2601,
            4,
            0
        ],
        [
            2542,
            1,
            6
        ],
        [
            2301,
            16,
            4
        ],
        [
            2401,
            4,
            5
        ],
        [
            2511,
            5,
            6
        ],
        [
            2543,
            1,
            6
        ],
        [
            2303,
            14,
            4
        ],
        [
            2505,
            2,
            6
        ],
        [
            2725,
            1,
            0
        ],
        [
            2014,
            4,
            2
        ],
        [
            2502,
            1,
            6
        ],
        [
            2305,
            4,
            4
        ],
        [
            2901,
            2,
            0
        ],
        [
            2512,
            4,
            6
        ],
        [
            2004,
            2,
            2
        ],
        [
            2302,
            3,
            4
        ],
        [
            2006,
            4,
            2
        ],
        [
            2541,
            1,
            6
        ],
        [
            2501,
            1,
            6
        ],
        [
            2544,
            1,
            6
        ]
    ],
    "places": [],
    "transport": [
        [
            5621,
            11,
            1
        ],
        [
            5601,
            1,
            2
        ]
    ],
    "traffic": [],
    "buildings": [
        114,
        126914.1315
    ],
    "landuse": [
        [
            7202,
            1,
            0,
            0.1860435
        ],
        [
            7203,
            8,
            1,
            2.223464416666667
        ],
        [
            7212,
            2,
            0,
            0.0678175
        ]
    ],
    "road_inner": [
        [
            5122,
            9,
            4,
            5162.801399999999
        ],
        [
            5115,
            2,
            3,
            886.9428333333333
        ],
        [
            5113,
            12,
            2,
            3227.6592500000006
        ],
        [
            5121,
            1,
            4,
            801.3063333333333
        ],
        [
            5153,
            4,
            5,
            2011.3959166666668
        ],
        [
            5114,
            3,
            2,
            1269.7728333333332
        ],
        [
            5141,
            6,
            5,
            933.9595
        ],
        [
            5112,
            2,
            1,
            2915.6715
        ],
        [
            5135,
            1.0,
            3,
            81.9305
        ],
        [
            5154,
            1.0,
            5,
            88.476
        ],
        [
            5133,
            1.0,
            2,
            35.632
        ]
    ],
    "road_connect": {
        "6665": {
            "1": 2
        },
        "6904": {
            "1": 2,
            "4": 2,
            "2": 1
        },
        "6905": {
            "1": 2
        },
        "6903": {
            "1": 2,
            "4": 5,
            "2": 3,
            "5": 2,
            "3": 2
        },
        "6785": {
            "1": 2
        },
        "7024": {
            "4": 4,
            "2": 1,
            "3": 1
        },
        "6784": {
            "2": 1
        },
        "6902": {
            "3": 1,
            "5": 2
        },
        "7022": {
            "3": 2,
            "5": 6,
            "2": 2,
            "4": 1
        },
        "7143": {
            "3": 1,
            "4": 3,
            "2": 5,
            "1": 2
        },
        "7142": {
            "2": 2
        },
        "7144": {
            "4": 2
        },
        "7264": {
            "4": 1
        },
        "7263": {
            "4": 1
        }
    },
    "population": [
        46035.21138000488
    ],
    "transport_embedding": [
        -2.183131456375122,
        0.08457852900028229,
        -1.1453766822814941,
        -0.004161357879638672,
        0.11740276217460632,
        0.1933116912841797,
        -0.3052710294723511,
        0.4973721504211426,
        0.2640800476074219,
        1.7342522144317627
    ],
    "roadnet_embedding": [
        -1.48721444606781,
        -1.228697419166565,
        -0.05115431174635887,
        1.5658568143844604,
        -0.13923296332359314,
        -0.17038440704345703,
        -0.9227569103240967,
        0.5898537635803223,
        0.8749513030052185,
        -0.4088369607925415
    ],
    "function_embedding": [
        -1.7399601936340332,
        0.11943185329437256,
        -2.5353143215179443,
        2.251561164855957,
        0.813817024230957,
        0.39586377143859863,
        -0.6126670837402344,
        0.2137007713317871,
        -0.9365324974060059,
        -1.6095935106277466
    ],
    "city_embedding": [
        -1.0943340063095093,
        0.9191786646842957,
        -3.6419975757598877,
        0.3455815315246582,
        -0.5965099334716797,
        -1.3964564800262451,
        2.372140407562256,
        -2.039456367492676,
        -1.8350063562393188,
        5.819968223571777
    ],
    "degree_embedding": [
        -1.0719448328018188,
        2.7483866214752197,
        0.5608750581741333,
        1.3017423152923584,
        -0.7513973116874695,
        0.044890146702528,
        -0.16752663254737854,
        -1.7957860231399536,
        0.2071954309940338,
        -0.7418469190597534
    ]
}