{
    "id": 7024,
    "range": [
        121.436804,
        31.242716,
        121.446804,
        31.232716
    ],
    "image_path": "CitySatellite\\Shanghai\\7024.jpg",
    "poi": [
        [
            2301,
            21,
            4
        ],
        [
            2401,
            3,
            5
        ],
        [
            2501,
            3,
            6
        ],
        [
            2601,
            9,
            0
        ],
        [
            2721,
            1,
            0
        ],
        [
            2110,
            1,
            0
        ],
        [
            2305,
            16,
            4
        ],
        [
            2542,
            2,
            6
        ],
        [
            2511,
            12,
            6
        ],
        [
            2502,
            1,
            6
        ],
        [
            2302,
            3,
            4
        ],
        [
            2012,
            1,
            2
        ],
        [
            2004,
            4,
            2
        ],
        [
            2901,
            4,
            0
        ],
        [
            2602,
            2,
            0
        ],
        [
            2518,
            1,
            6
        ],
        [
            2202,
            2,
            3
        ],
        [
            2082,
            1,
            2
        ],
        [
            2303,
            9,
            4
        ],
        [
            2101,
            1,
            0
        ],
        [
            2005,
            1,
            1
        ],
        [
            2016,
            1,
            2
        ],
        [
            2528,
            3,
            6
        ],
        [
            2516,
            1,
            6
        ],
        [
            2304,
            1,
            4
        ],
        [
            2544,
            1,
            6
        ],
        [
            2515,
            1,
            6
        ]
    ],
    "places": [
        [
            1010,
            1,
            5
        ]
    ],
    "transport": [
        [
            5621,
            27,
            1
        ]
    ],
    "traffic": [
        [
            5201,
            1,
            3
        ]
    ],
    "buildings": [
        63,
        60210.999666666685
    ],
    "landuse": [
        [
            7203,
            13,
            1,
            1.3944382499999997
        ],
        [
            7209,
            3,
            2,
            0.33223
        ]
    ],
    "road_inner": [
        [
            5122,
            13,
            4,
            4914.325583333331
        ],
        [
            5121,
            1,
            4,
            476.274
        ],
        [
            5115,
            3,
            3,
            1933.97
        ],
        [
            5141,
            8,
            5,
            1155.9505
        ],
        [
            5152,
            1,
            0,
            231.8696666666667
        ],
        [
            5153,
            5,
            5,
            356.10749999999996
        ],
        [
            5114,
            2,
            2,
            1543.8706666666665
        ]
    ],
    "road_connect": {
        "6904": {
            "4": 5,
            "2": 1,
            "3": 1
        },
        "6905": {
            "4": 2
        },
        "7025": {
            "2": 1,
            "4": 3,
            "3": 1,
            "5": 3
        },
        "7023": {
            "4": 4,
            "2": 1,
            "3": 1
        },
        "7144": {
            "4": 6,
            "0": 1,
            "5": 3,
            "3": 2,
            "2": 3
        },
        "6903": {
            "4": 1
        },
        "7143": {
            "0": 1,
            "4": 2
        },
        "7145": {
            "4": 1
        }
    },
    "population": [
        44057.75805664062
    ],
    "transport_embedding": [
        -2.488229274749756,
        0.4772930145263672,
        -1.3837611675262451,
        -0.29677319526672363,
        1.2075552940368652,
        0.4474143981933594,
        0.30318260192871094,
        -0.06317567825317383,
        -0.14467620849609375,
        2.4831490516662598
    ],
    "roadnet_embedding": [
        -0.4771397113800049,
        -1.13117516040802,
        1.3576784133911133,
        -0.5262507796287537,
        -0.21885831654071808,
        0.8911736011505127,
        -0.5576542615890503,
        0.18076884746551514,
        0.047548871487379074,
        0.06703384220600128
    ],
    "function_embedding": [
        -1.7399601936340332,
        0.11943185329437256,
        -2.5353174209594727,
        2.2515621185302734,
        0.813817024230957,
        0.39586591720581055,
        -0.6126670837402344,
        0.21370506286621094,
        -0.9365334510803223,
        -1.6095995903015137
    ],
    "city_embedding": [
        -1.062282919883728,
        2.6611735820770264,
        -1.8043166399002075,
        0.42032310366630554,
        2.50244140625,
        -2.6209893226623535,
        -1.6036574840545654,
        1.5418721437454224,
        5.006860733032227,
        1.913123607635498
    ],
    "degree_embedding": [
        -1.0764919519424438,
        3.1050283908843994,
        0.7640814185142517,
        2.5415573120117188,
        -0.478840172290802,
        -2.2324209213256836,
        2.7694551944732666,
        -0.3013540208339691,
        -1.108633279800415,
        -1.7493062019348145
    ]
}