{
    "id": 7026,
    "range": [
        121.436804,
        31.222716,
        121.446804,
        31.212716
    ],
    "image_path": "CitySatellite\\Shanghai\\7026.jpg",
    "poi": [
        [
            2301,
            53,
            4
        ],
        [
            2601,
            7,
            0
        ],
        [
            2602,
            2,
            0
        ],
        [
            2202,
            2,
            3
        ],
        [
            2305,
            16,
            4
        ],
        [
            2405,
            1,
            5
        ],
        [
            2511,
            10,
            6
        ],
        [
            2501,
            3,
            6
        ],
        [
            2529,
            4,
            6
        ],
        [
            2725,
            1,
            0
        ],
        [
            2304,
            2,
            4
        ],
        [
            2901,
            4,
            0
        ],
        [
            2303,
            30,
            4
        ],
        [
            2722,
            1,
            0
        ],
        [
            2502,
            5,
            6
        ],
        [
            2512,
            5,
            6
        ],
        [
            2302,
            5,
            4
        ],
        [
            2401,
            4,
            5
        ],
        [
            2517,
            1,
            6
        ],
        [
            2004,
            5,
            2
        ],
        [
            2005,
            2,
            1
        ],
        [
            2518,
            2,
            6
        ],
        [
            2721,
            1,
            0
        ],
        [
            2561,
            2,
            6
        ],
        [
            2510,
            1,
            6
        ],
        [
            2516,
            1,
            6
        ],
        [
            2906,
            1,
            0
        ],
        [
            2522,
            1,
            6
        ],
        [
            2521,
            1,
            6
        ],
        [
            2011,
            2,
            2
        ],
        [
            2404,
            1,
            5
        ],
        [
            2007,
            1,
            2
        ],
        [
            2526,
            1,
            6
        ],
        [
            2513,
            1,
            6
        ],
        [
            2528,
            2,
            6
        ],
        [
            2252,
            1,
            3
        ],
        [
            2568,
            1,
            6
        ],
        [
            2111,
            1,
            0
        ],
        [
            2201,
            1,
            3
        ]
    ],
    "places": [
        [
            1010,
            1,
            5
        ]
    ],
    "transport": [
        [
            5601,
            1,
            2
        ],
        [
            5621,
            21,
            1
        ],
        [
            5641,
            2,
            0
        ]
    ],
    "traffic": [
        [
            5201,
            17,
            3
        ],
        [
            5204,
            4,
            1
        ]
    ],
    "buildings": [
        613,
        194132.61324999976
    ],
    "landuse": [
        [
            7209,
            3,
            2,
            0.119287
        ],
        [
            7202,
            3,
            0,
            0.147375
        ],
        [
            7218,
            1,
            5,
            0.0139935
        ],
        [
            7203,
            19,
            1,
            1.3950266666666669
        ]
    ],
    "road_inner": [
        [
            5122,
            14,
            4,
            4358.5886666666665
        ],
        [
            5114,
            18,
            2,
            3987.5981666666676
        ],
        [
            5113,
            3,
            2,
            782.7455000000001
        ],
        [
            5123,
            1,
            5,
            214.357
        ],
        [
            5141,
            33,
            5,
            3610.935500000001
        ],
        [
            5153,
            10,
            5,
            639.2265
        ],
        [
            5155,
            4,
            0,
            80.76650000000001
        ],
        [
            5124,
            1,
            5,
            625.483
        ],
        [
            5115,
            6,
            3,
            1467.6045000000004
        ],
        [
            5134,
            2,
            2,
            109.31700000000001
        ],
        [
            5112,
            1.0,
            1,
            1117.3704
        ],
        [
            5121,
            1.0,
            4,
            72.596
        ]
    ],
    "road_connect": {
        "6906": {
            "1": 2,
            "4": 4,
            "2": 4
        },
        "6786": {
            "1": 1
        },
        "6787": {
            "1": 1
        },
        "7025": {
            "1": 2,
            "2": 5,
            "3": 2,
            "5": 2,
            "4": 1,
            "0": 1
        },
        "7146": {
            "4": 2,
            "3": 2,
            "5": 6,
            "2": 2
        },
        "7027": {
            "2": 4,
            "3": 1,
            "4": 1
        },
        "7145": {
            "4": 1
        }
    },
    "population": [
        57966.97850036621
    ],
    "transport_embedding": [
        -2.489495038986206,
        0.4789283275604248,
        -1.3724805116653442,
        -0.29292750358581543,
        1.2046316862106323,
        0.4482460021972656,
        0.3079185485839844,
        -0.06593656539916992,
        -0.14831161499023438,
        2.480562925338745
    ],
    "roadnet_embedding": [
        -0.8655824065208435,
        -1.1688807010650635,
        -0.482253760099411,
        1.3735181093215942,
        0.02118220366537571,
        0.28480491042137146,
        0.008621133863925934,
        1.8400957584381104,
        0.8447164297103882,
        -0.2982833683490753
    ],
    "function_embedding": [
        -1.7399601936340332,
        0.11943185329437256,
        -2.5353174209594727,
        2.2515621185302734,
        0.813817024230957,
        0.39586591720581055,
        -0.6126670837402344,
        0.21370506286621094,
        -0.9365334510803223,
        -1.6095995903015137
    ],
    "city_embedding": [
        -1.0930466651916504,
        3.4021668434143066,
        -2.9139366149902344,
        1.1155086755752563,
        1.3321582078933716,
        -3.771806240081787,
        -3.6151113510131836,
        2.5861148834228516,
        -6.41650915145874,
        4.7390546798706055
    ],
    "degree_embedding": [
        -1.014526605606079,
        0.29688897728919983,
        0.7441090941429138,
        -0.5924175977706909,
        -1.1826890707015991,
        0.07050034403800964,
        -1.9033606052398682,
        -0.9132973551750183,
        -1.085893988609314,
        0.5032969117164612
    ]
}