{
    "id": 7027,
    "range": [
        121.436804,
        31.212716,
        121.446804,
        31.202716
    ],
    "image_path": "CitySatellite\\Shanghai\\7027.jpg",
    "poi": [
        [
            2301,
            25,
            4
        ],
        [
            2304,
            3,
            4
        ],
        [
            2305,
            14,
            4
        ],
        [
            2511,
            10,
            6
        ],
        [
            2303,
            11,
            4
        ],
        [
            2721,
            2,
            0
        ],
        [
            2012,
            1,
            2
        ],
        [
            2502,
            3,
            6
        ],
        [
            2901,
            4,
            0
        ],
        [
            2302,
            2,
            4
        ],
        [
            2544,
            1,
            6
        ],
        [
            2004,
            4,
            2
        ],
        [
            2401,
            1,
            5
        ],
        [
            2601,
            4,
            0
        ],
        [
            2006,
            5,
            2
        ],
        [
            2203,
            1,
            3
        ],
        [
            2512,
            2,
            6
        ],
        [
            2723,
            1,
            0
        ],
        [
            2722,
            1,
            0
        ],
        [
            2005,
            1,
            1
        ],
        [
            2902,
            1,
            0
        ],
        [
            2906,
            2,
            0
        ],
        [
            2907,
            11,
            0
        ],
        [
            2602,
            1,
            0
        ],
        [
            2529,
            1,
            6
        ],
        [
            2519,
            1,
            6
        ],
        [
            2307,
            1,
            4
        ],
        [
            2111,
            1,
            0
        ],
        [
            2083,
            1,
            2
        ]
    ],
    "places": [],
    "transport": [
        [
            5601,
            2,
            2
        ],
        [
            5621,
            17,
            1
        ],
        [
            5641,
            3,
            0
        ]
    ],
    "traffic": [
        [
            5201,
            12,
            3
        ],
        [
            5204,
            1,
            1
        ]
    ],
    "buildings": [
        687,
        218424.39775000024
    ],
    "landuse": [
        [
            7202,
            3,
            0,
            0.07076366666666667
        ],
        [
            7213,
            1,
            3,
            0.01077175
        ],
        [
            7203,
            11,
            1,
            0.8999526666666665
        ],
        [
            7218,
            1,
            5,
            0.0025
        ],
        [
            7212,
            1,
            0,
            0.131917
        ]
    ],
    "road_inner": [
        [
            5122,
            5,
            4,
            4036.602833333333
        ],
        [
            5115,
            3,
            3,
            2261.081666666667
        ],
        [
            5114,
            5,
            2,
            3270.337666666667
        ],
        [
            5153,
            8,
            5,
            759.1930000000001
        ],
        [
            5141,
            16,
            5,
            1788.7465000000007
        ],
        [
            5124,
            8,
            5,
            658.3
        ],
        [
            5155,
            1,
            0,
            15.386
        ],
        [
            5123,
            1.0,
            5,
            145.9145
        ]
    ],
    "road_connect": {
        "6906": {
            "3": 1
        },
        "6907": {
            "3": 1,
            "4": 4,
            "2": 1,
            "5": 2
        },
        "7028": {
            "4": 3,
            "2": 2,
            "3": 2,
            "5": 6
        },
        "6908": {
            "2": 1
        },
        "7026": {
            "2": 4,
            "3": 1,
            "4": 1
        },
        "7146": {
            "2": 1
        },
        "7147": {
            "4": 3,
            "3": 1
        },
        "7267": {
            "4": 1
        }
    },
    "population": [
        48990.20223999023
    ],
    "transport_embedding": [
        -2.488781452178955,
        0.4780066907405853,
        -1.2562624216079712,
        -0.24444794654846191,
        1.129470944404602,
        0.44518089294433594,
        0.32593727111816406,
        -0.06699800491333008,
        -0.16422653198242188,
        2.4439098834991455
    ],
    "roadnet_embedding": [
        -0.4013725519180298,
        -1.1239360570907593,
        0.18198417127132416,
        0.8800033330917358,
        0.07973027229309082,
        0.6836812496185303,
        0.2357328087091446,
        0.7775368094444275,
        0.23313488066196442,
        -0.1713123917579651
    ],
    "function_embedding": [
        -1.7399601936340332,
        0.11943185329437256,
        -2.5353174209594727,
        2.2515621185302734,
        0.813817024230957,
        0.39586591720581055,
        -0.6126670837402344,
        0.21370506286621094,
        -0.9365334510803223,
        -1.6095995903015137
    ],
    "city_embedding": [
        -1.1014305353164673,
        2.131899118423462,
        -3.6082544326782227,
        0.6983444094657898,
        0.17158332467079163,
        -3.2066497802734375,
        -1.9984337091445923,
        2.5496039390563965,
        -13.082245826721191,
        7.6070027351379395
    ],
    "degree_embedding": [
        -1.0021642446517944,
        -0.07626251131296158,
        -0.0071023739874362946,
        -0.06241879612207413,
        -0.9035588502883911,
        -0.9849334359169006,
        -1.452239990234375,
        -1.0906555652618408,
        -0.16420350968837738,
        0.5613377094268799
    ]
}