{
    "id": 7028,
    "range": [
        121.436804,
        31.202716,
        121.446804,
        31.192716
    ],
    "image_path": "CitySatellite\\Shanghai\\7028.jpg",
    "poi": [
        [
            2501,
            3,
            6
        ],
        [
            2512,
            1,
            6
        ],
        [
            2303,
            9,
            4
        ],
        [
            2404,
            1,
            5
        ],
        [
            2601,
            17,
            0
        ],
        [
            2901,
            4,
            0
        ],
        [
            2511,
            5,
            6
        ],
        [
            2301,
            11,
            4
        ],
        [
            2602,
            2,
            0
        ],
        [
            2302,
            3,
            4
        ],
        [
            2005,
            1,
            1
        ],
        [
            2004,
            6,
            2
        ],
        [
            2101,
            1,
            0
        ],
        [
            2401,
            3,
            5
        ],
        [
            2904,
            1,
            0
        ],
        [
            2205,
            2,
            3
        ],
        [
            2542,
            1,
            6
        ],
        [
            2561,
            2,
            6
        ],
        [
            2590,
            1,
            6
        ],
        [
            2502,
            1,
            6
        ],
        [
            2517,
            1,
            6
        ],
        [
            2520,
            1,
            6
        ],
        [
            2541,
            1,
            6
        ]
    ],
    "places": [
        [
            1010,
            1,
            5
        ]
    ],
    "transport": [
        [
            5621,
            15,
            1
        ]
    ],
    "traffic": [
        [
            5201,
            17,
            3
        ],
        [
            5204,
            12,
            1
        ],
        [
            5263,
            1,
            0
        ]
    ],
    "buildings": [
        249,
        150792.4210000001
    ],
    "landuse": [
        [
            7202,
            6,
            0,
            0.5245306666666666
        ],
        [
            7213,
            1,
            3,
            0.01077175
        ],
        [
            7218,
            5,
            5,
            0.20320400000000002
        ],
        [
            7208,
            2,
            5,
            0.017699
        ],
        [
            7203,
            3,
            1,
            0.258905
        ]
    ],
    "road_inner": [
        [
            5153,
            32,
            5,
            3301.4434999999985
        ],
        [
            5114,
            7,
            2,
            3406.3048333333327
        ],
        [
            5115,
            4,
            3,
            1895.3059999999998
        ],
        [
            5141,
            24,
            5,
            3220.6195
        ],
        [
            5122,
            1,
            4,
            2309.635166666667
        ],
        [
            5155,
            10,
            0,
            130.29899999999998
        ],
        [
            5124,
            2,
            5,
            476.95099999999996
        ],
        [
            5113,
            5,
            2,
            2097.1605
        ],
        [
            5121,
            1.0,
            4,
            39.04066666666667
        ],
        [
            5123,
            1.0,
            5,
            84.6915
        ]
    ],
    "road_connect": {
        "6907": {
            "4": 2
        },
        "6908": {
            "4": 2,
            "2": 4,
            "3": 3,
            "5": 4
        },
        "7027": {
            "4": 3,
            "2": 2,
            "3": 2,
            "5": 6
        },
        "6909": {
            "4": 1
        },
        "7029": {
            "2": 2,
            "4": 1,
            "5": 1,
            "3": 1
        },
        "7148": {
            "5": 3,
            "2": 3,
            "3": 1
        },
        "7147": {
            "2": 1
        }
    },
    "population": [
        52893.32626342773
    ],
    "transport_embedding": [
        -2.4894516468048096,
        0.47887229919433594,
        -1.3659298419952393,
        -0.2901928424835205,
        1.200396180152893,
        0.4480724334716797,
        0.3089332580566406,
        -0.06599760055541992,
        -0.14921188354492188,
        1.891602635383606
    ],
    "roadnet_embedding": [
        -0.1045118048787117,
        -1.09565269947052,
        -1.4178409576416016,
        1.0031726360321045,
        0.19222316145896912,
        0.8236842751502991,
        0.1834334135055542,
        2.95111083984375,
        1.077489972114563,
        0.3216288089752197
    ],
    "function_embedding": [
        -1.7399601936340332,
        0.11943185329437256,
        -2.5352983474731445,
        2.2515573501586914,
        0.8138160705566406,
        0.39585328102111816,
        -0.6126632690429688,
        0.21367692947387695,
        -0.936528205871582,
        -1.6095795631408691
    ],
    "city_embedding": [
        -1.0833094120025635,
        2.8885998725891113,
        -2.637063980102539,
        1.172224998474121,
        1.5911785364151,
        -2.9718008041381836,
        -2.129012107849121,
        0.5850000381469727,
        -0.8564867377281189,
        2.0997700691223145
    ],
    "degree_embedding": [
        -0.9991573691368103,
        -0.3035443425178528,
        0.7566088438034058,
        -0.21113504469394684,
        -1.3571720123291016,
        -0.10532715916633606,
        -1.4209803342819214,
        -1.2180817127227783,
        0.18148888647556305,
        1.128487229347229
    ]
}