{
    "id": 7029,
    "range": [
        121.436804,
        31.192716,
        121.446804,
        31.182716
    ],
    "image_path": "CitySatellite\\Shanghai\\7029.jpg",
    "poi": [
        [
            2401,
            1,
            5
        ],
        [
            2301,
            11,
            4
        ],
        [
            2601,
            5,
            0
        ],
        [
            2528,
            3,
            6
        ],
        [
            2303,
            5,
            4
        ],
        [
            2511,
            4,
            6
        ],
        [
            2129,
            1,
            0
        ],
        [
            2525,
            1,
            6
        ],
        [
            2502,
            2,
            6
        ],
        [
            2005,
            1,
            1
        ],
        [
            2505,
            1,
            6
        ],
        [
            2561,
            1,
            6
        ],
        [
            2012,
            3,
            2
        ],
        [
            2101,
            1,
            0
        ],
        [
            2302,
            2,
            4
        ],
        [
            2542,
            1,
            6
        ],
        [
            2004,
            2,
            2
        ],
        [
            2602,
            2,
            0
        ],
        [
            2305,
            1,
            4
        ],
        [
            2901,
            1,
            0
        ]
    ],
    "places": [],
    "transport": [
        [
            5621,
            16,
            1
        ]
    ],
    "traffic": [
        [
            5201,
            8,
            3
        ],
        [
            5204,
            10,
            1
        ]
    ],
    "buildings": [
        128,
        96481.78074999995
    ],
    "landuse": [
        [
            7202,
            1,
            0,
            0.0280555
        ],
        [
            7203,
            3,
            1,
            2.200157
        ],
        [
            7212,
            1,
            0,
            0.083278
        ]
    ],
    "road_inner": [
        [
            5141,
            10,
            5,
            2920.29325
        ],
        [
            5122,
            6,
            4,
            1685.7095000000002
        ],
        [
            5123,
            29,
            5,
            4250.138
        ],
        [
            5115,
            5,
            3,
            1938.3909999999998
        ],
        [
            5114,
            2,
            2,
            1137.7305
        ],
        [
            5113,
            1,
            2,
            1555.5385
        ],
        [
            5112,
            1.0,
            1,
            1091.657392857143
        ],
        [
            5124,
            1.0,
            5,
            48.034499999999994
        ]
    ],
    "road_connect": {
        "6910": {
            "1": 1,
            "5": 1
        },
        "7030": {
            "1": 2,
            "5": 6,
            "2": 2,
            "4": 1,
            "3": 1
        },
        "7149": {
            "1": 2,
            "5": 13,
            "4": 1,
            "2": 3
        },
        "6909": {
            "5": 4,
            "4": 2,
            "3": 1,
            "2": 1
        },
        "7268": {
            "1": 1,
            "4": 1
        },
        "7269": {
            "1": 1
        },
        "7388": {
            "1": 1
        },
        "7508": {
            "1": 1
        },
        "7028": {
            "2": 2,
            "4": 1,
            "5": 1,
            "3": 1
        },
        "7148": {
            "4": 1
        },
        "7150": {
            "5": 1
        }
    },
    "population": [
        54308.30001831055
    ],
    "transport_embedding": [
        -2.4852161407470703,
        0.47340571880340576,
        -1.2506153583526611,
        -0.23982572555541992,
        1.1153502464294434,
        0.4421977996826172,
        0.3194847106933594,
        -0.06076383590698242,
        -0.16006088256835938,
        2.2982335090637207
    ],
    "roadnet_embedding": [
        0.7791140675544739,
        -1.0106112957000732,
        -1.5148112773895264,
        0.7482452392578125,
        0.4233105480670929,
        1.4901981353759766,
        0.10820340365171432,
        2.208030939102173,
        0.7493833899497986,
        -0.1926741898059845
    ],
    "function_embedding": [
        -1.7399601936340332,
        0.11943185329437256,
        -2.5342273712158203,
        2.2512917518615723,
        0.8137602806091309,
        0.39513424038887024,
        -0.6124839782714844,
        0.2120964527130127,
        -0.9362316131591797,
        -1.6074951887130737
    ],
    "city_embedding": [
        -1.1027575731277466,
        1.24917471408844,
        -3.8990323543548584,
        -0.382190465927124,
        -0.4285380244255066,
        -1.906530499458313,
        1.9929118156433105,
        -1.0413153171539307,
        -1.895094394683838,
        7.710937976837158
    ],
    "degree_embedding": [
        -1.0165480375289917,
        0.2432597577571869,
        2.7460525035858154,
        0.5976638793945312,
        -2.2788805961608887,
        0.7252421975135803,
        -1.4456273317337036,
        -1.790528416633606,
        1.6976815462112427,
        1.2826861143112183
    ]
}