{
    "id": 7060,
    "range": [
        121.436804,
        30.88271600000001,
        121.446804,
        30.872716
    ],
    "image_path": "CitySatellite\\Shanghai\\7060.jpg",
    "poi": [],
    "places": [],
    "transport": [],
    "traffic": [],
    "buildings": [],
    "landuse": [],
    "road_inner": [
        [
            5114,
            1.0,
            2,
            1507.045
        ]
    ],
    "road_connect": {
        "6940": {
            "2": 2
        },
        "7180": {
            "2": 2
        }
    },
    "population": [
        1195.69714641571
    ],
    "transport_embedding": [
        -0.3457027077674866,
        -0.6835365295410156,
        0.8047078847885132,
        -0.5220581889152527,
        0.948585033416748,
        -1.7331310510635376,
        -1.2185536623001099,
        0.4481711983680725,
        -0.20599620044231415,
        -0.0811697468161583
    ],
    "roadnet_embedding": [
        -0.15970379114151,
        -0.9793714284896851,
        0.31573158502578735,
        0.6868903636932373,
        0.4790608882904053,
        -1.5703669786453247,
        0.8669370412826538,
        0.2600497901439667,
        -0.5771430134773254,
        -0.23066137731075287
    ],
    "function_embedding": [
        -0.5482127666473389,
        -0.35776782035827637,
        -0.08315198123455048,
        0.07398019731044769,
        -1.3931565284729004,
        -0.02037051133811474,
        -0.0030165857169777155,
        -0.02089211717247963,
        -0.05933825671672821,
        0.17963907122612
    ],
    "city_embedding": [
        -0.9875389337539673,
        -0.005420828703790903,
        0.510688304901123,
        1.2134405374526978,
        -0.6142116189002991,
        1.141074299812317,
        0.3495011627674103,
        2.9531521797180176,
        2.3126516342163086,
        3.226816177368164
    ],
    "degree_embedding": [
        -0.9797675013542175,
        -0.6177281141281128,
        0.40428611636161804,
        0.34506335854530334,
        1.0508323907852173,
        0.5273357629776001,
        0.3330141305923462,
        -1.0621627569198608,
        -0.2147366851568222,
        -1.1472641229629517
    ]
}