{
    "id": 7071,
    "range": [
        121.436804,
        30.772716,
        121.446804,
        30.762716
    ],
    "image_path": "CitySatellite\\Shanghai\\7071.jpg",
    "poi": [],
    "places": [],
    "transport": [],
    "traffic": [],
    "buildings": [],
    "landuse": [],
    "road_inner": [],
    "road_connect": {},
    "population": [
        0.0
    ],
    "transport_embedding": [
        -0.24713349342346191,
        -0.6188386082649231,
        0.7334074378013611,
        -0.7510809302330017,
        1.0636125802993774,
        0.5290367603302002,
        -1.516249656677246,
        -0.06286293268203735,
        -0.6475822925567627,
        -0.168941468000412
    ],
    "roadnet_embedding": [
        1.0272663831710815,
        -0.44786086678504944,
        0.09663203358650208,
        0.6287493109703064,
        -2.9754135608673096,
        0.028341324999928474,
        0.11319660395383835,
        -0.17994995415210724,
        -0.10991151630878448,
        0.39115676283836365
    ],
    "function_embedding": [
        -0.5978562831878662,
        -0.3053799867630005,
        -0.06232820078730583,
        0.014370943419635296,
        -1.4275819063186646,
        -0.0394933745265007,
        -0.1237165555357933,
        -0.05801645293831825,
        -0.09032782167196274,
        0.21295779943466187
    ],
    "city_embedding": [
        -0.983723521232605,
        0.0036167511716485023,
        0.6694934964179993,
        1.3806318044662476,
        -0.5934169292449951,
        1.2560120820999146,
        0.1646505445241928,
        2.77662992477417,
        2.3926258087158203,
        3.5471549034118652
    ],
    "degree_embedding": [
        -0.9859232902526855,
        -0.14980502426624298,
        1.1363672018051147,
        1.3890211582183838,
        1.9668338298797607,
        -0.10017327964305878,
        -0.9014211297035217,
        -0.5218036770820618,
        0.12516868114471436,
        0.34269973635673523
    ]
}