{
    "id": 7072,
    "range": [
        121.436804,
        30.762716,
        121.446804,
        30.752716
    ],
    "image_path": "CitySatellite\\Shanghai\\7072.jpg",
    "poi": [],
    "places": [],
    "transport": [],
    "traffic": [],
    "buildings": [],
    "landuse": [],
    "road_inner": [],
    "road_connect": {},
    "population": [
        0.0
    ],
    "transport_embedding": [
        -0.22444017231464386,
        -0.592552661895752,
        0.6505141854286194,
        -0.8567245602607727,
        0.5536519885063171,
        0.21516002714633942,
        -0.21575872600078583,
        1.551999568939209,
        -1.3270037174224854,
        -0.45411786437034607
    ],
    "roadnet_embedding": [
        1.071436882019043,
        -0.44654005765914917,
        0.08451175689697266,
        0.5758413672447205,
        -2.6967334747314453,
        -0.10440043359994888,
        -0.030924005433917046,
        -0.1343822330236435,
        -0.012724868021905422,
        0.3400845229625702
    ],
    "function_embedding": [
        -0.6075916290283203,
        -0.2908414602279663,
        -0.05286971852183342,
        0.07599464803934097,
        -1.4706292152404785,
        -0.0489986389875412,
        -0.09381157159805298,
        -0.06188457831740379,
        -0.07480747997760773,
        0.2301015853881836
    ],
    "city_embedding": [
        -0.983723521232605,
        0.0036167511716485023,
        0.6694934964179993,
        1.3806318044662476,
        -0.5934169292449951,
        1.2560120820999146,
        0.1646505445241928,
        2.77662992477417,
        2.3926258087158203,
        3.5471549034118652
    ],
    "degree_embedding": [
        -0.9859232902526855,
        -0.14980502426624298,
        1.1363672018051147,
        1.3890211582183838,
        1.9668338298797607,
        -0.10017327964305878,
        -0.9014211297035217,
        -0.5218036770820618,
        0.12516868114471436,
        0.34269973635673523
    ]
}