{
    "id": 7073,
    "range": [
        121.436804,
        30.752716,
        121.446804,
        30.74271599999999
    ],
    "image_path": "CitySatellite\\Shanghai\\7073.jpg",
    "poi": [],
    "places": [],
    "transport": [],
    "traffic": [],
    "buildings": [],
    "landuse": [],
    "road_inner": [],
    "road_connect": {},
    "population": [
        0.0
    ],
    "transport_embedding": [
        -0.2916007936000824,
        -0.6062362790107727,
        0.7598438262939453,
        -0.7614378929138184,
        1.0639740228652954,
        -0.5483856797218323,
        -1.3204251527786255,
        1.0940139293670654,
        -1.4019179344177246,
        -0.2920709252357483
    ],
    "roadnet_embedding": [
        1.0359442234039307,
        -0.43917563557624817,
        0.09539218246936798,
        0.5192131996154785,
        -2.7702527046203613,
        -0.2114364057779312,
        0.006376126315444708,
        0.04107647389173508,
        -0.06857888400554657,
        0.2786751091480255
    ],
    "function_embedding": [
        -0.602621853351593,
        -0.310759037733078,
        -0.057693228125572205,
        0.0066338167525827885,
        -1.3955090045928955,
        -0.05385953187942505,
        -0.03567807003855705,
        -0.04860701411962509,
        -0.15229201316833496,
        0.2195175290107727
    ],
    "city_embedding": [
        -0.983723521232605,
        0.0036167511716485023,
        0.6694934964179993,
        1.3806318044662476,
        -0.5934169292449951,
        1.2560120820999146,
        0.1646505445241928,
        2.77662992477417,
        2.3926258087158203,
        3.5471549034118652
    ],
    "degree_embedding": [
        -0.9859232902526855,
        -0.14980502426624298,
        1.1363672018051147,
        1.3890211582183838,
        1.9668338298797607,
        -0.10017327964305878,
        -0.9014211297035217,
        -0.5218036770820618,
        0.12516868114471436,
        0.34269973635673523
    ]
}