{
    "id": 7105,
    "range": [
        121.446804,
        31.63271600000001,
        121.456804,
        31.622716
    ],
    "image_path": "CitySatellite\\Shanghai\\7105.jpg",
    "poi": [],
    "places": [],
    "transport": [],
    "traffic": [],
    "buildings": [],
    "landuse": [],
    "road_inner": [
        [
            5115,
            1.0,
            3,
            1050.1796666666667
        ]
    ],
    "road_connect": {
        "6985": {
            "3": 2
        },
        "7225": {
            "3": 1
        }
    },
    "population": [
        560.7853651046753
    ],
    "transport_embedding": [
        -0.11594785749912262,
        -0.816021740436554,
        0.43214157223701477,
        -0.6085760593414307,
        0.2928704023361206,
        0.928097128868103,
        -0.3534776270389557,
        0.20927244424819946,
        0.7619081139564514,
        -0.18883737921714783
    ],
    "roadnet_embedding": [
        1.1281250715255737,
        -0.7342109084129333,
        0.33989110589027405,
        0.2606959044933319,
        0.46406090259552,
        -1.7641315460205078,
        -0.4887259304523468,
        0.6997180581092834,
        -0.4151931703090668,
        0.3218291699886322
    ],
    "function_embedding": [
        -0.5860552787780762,
        -0.3069113790988922,
        -0.05102916434407234,
        0.014761200174689293,
        -1.4143848419189453,
        -0.07030259817838669,
        0.0331391803920269,
        -0.12304975837469101,
        -0.1875036358833313,
        0.21699753403663635
    ],
    "city_embedding": [
        -0.9855172038078308,
        -0.0005923640565015376,
        0.5948393940925598,
        1.3022053241729736,
        -0.6036905646324158,
        1.201799988746643,
        0.2516741156578064,
        2.8596816062927246,
        2.353196144104004,
        3.396235704421997
    ],
    "degree_embedding": [
        -0.9860461354255676,
        -0.30506011843681335,
        0.28745219111442566,
        0.3241807520389557,
        1.39662766456604,
        0.3940522372722626,
        0.45772624015808105,
        -0.4955085515975952,
        0.8589233756065369,
        -2.2442286014556885
    ]
}