{
    "id": 7142,
    "range": [
        121.446804,
        31.262716,
        121.456804,
        31.252716
    ],
    "image_path": "CitySatellite\\Shanghai\\7142.jpg",
    "poi": [
        [
            2302,
            3,
            4
        ],
        [
            2401,
            1,
            5
        ],
        [
            2519,
            1,
            6
        ],
        [
            2901,
            1,
            0
        ],
        [
            2305,
            1,
            4
        ]
    ],
    "places": [],
    "transport": [
        [
            5601,
            1,
            2
        ],
        [
            5621,
            16,
            1
        ]
    ],
    "traffic": [
        [
            5206,
            2,
            2
        ],
        [
            5201,
            7,
            3
        ],
        [
            5204,
            10,
            1
        ]
    ],
    "buildings": [
        48,
        56806.35549999999
    ],
    "landuse": [
        [
            7203,
            5,
            1,
            0.6635575
        ],
        [
            7202,
            1,
            0,
            0.0136855
        ],
        [
            7209,
            1,
            2,
            0.079279
        ]
    ],
    "road_inner": [
        [
            5132,
            1,
            1,
            753.04625
        ],
        [
            5112,
            3,
            1,
            2808.4111666666663
        ],
        [
            5114,
            10,
            2,
            2919.4913333333334
        ],
        [
            5115,
            20,
            3,
            3292.614499999999
        ],
        [
            5122,
            11,
            4,
            3816.5205
        ],
        [
            5113,
            13,
            2,
            2020.5614999999998
        ],
        [
            5152,
            7,
            0,
            516.523
        ],
        [
            5153,
            5,
            5,
            675.2249999999999
        ],
        [
            5124,
            2,
            5,
            1148.5775
        ],
        [
            5141,
            8,
            5,
            957.8739999999999
        ],
        [
            5133,
            1,
            2,
            94.147
        ]
    ],
    "road_connect": {
        "7022": {
            "1": 4,
            "2": 9,
            "3": 1,
            "4": 3
        },
        "7023": {
            "2": 2
        },
        "7143": {
            "3": 3,
            "0": 1,
            "5": 5
        },
        "7021": {
            "4": 1
        },
        "7262": {
            "1": 6,
            "4": 1,
            "2": 5,
            "3": 2
        },
        "7261": {
            "1": 3
        },
        "7141": {
            "1": 4,
            "4": 2,
            "5": 1,
            "2": 4
        },
        "7263": {
            "3": 1
        }
    },
    "population": [
        65273.47579956055
    ],
    "transport_embedding": [
        -2.483004570007324,
        0.4705544710159302,
        -1.2006886005401611,
        -0.21778178215026855,
        1.0777372121810913,
        0.43939971923828125,
        0.32344818115234375,
        -0.05805158615112305,
        -0.16440963745117188,
        2.263791561126709
    ],
    "roadnet_embedding": [
        -1.523063063621521,
        -1.2321213483810425,
        -0.9150148630142212,
        1.5417217016220093,
        -0.1501971036195755,
        -0.28849080204963684,
        -0.650969386100769,
        0.15131112933158875,
        0.730377197265625,
        -0.14949844777584076
    ],
    "function_embedding": [
        -1.661575436592102,
        0.026306798681616783,
        -1.607694387435913,
        1.9737991094589233,
        0.7590352296829224,
        0.10635244846343994,
        -0.44703319668769836,
        -0.6928643584251404,
        -0.5587251782417297,
        0.20560428500175476
    ],
    "city_embedding": [
        -1.1143198013305664,
        1.7249914407730103,
        -4.252634525299072,
        -1.5789588689804077,
        -0.4676344096660614,
        -2.0693769454956055,
        1.8665735721588135,
        -1.7469482421875,
        -1.1060997247695923,
        8.232683181762695
    ],
    "degree_embedding": [
        -1.0514533519744873,
        1.770225167274475,
        0.8169001340866089,
        -0.6094751358032227,
        -0.8591597080230713,
        1.4391059875488281,
        -1.9640827178955078,
        -1.8871524333953857,
        -0.3179570436477661,
        0.07879655808210373
    ]
}