{
    "id": 7143,
    "range": [
        121.446804,
        31.252716,
        121.456804,
        31.24271599999999
    ],
    "image_path": "CitySatellite\\Shanghai\\7143.jpg",
    "poi": [
        [
            2401,
            12,
            5
        ],
        [
            2601,
            6,
            0
        ],
        [
            2901,
            2,
            0
        ],
        [
            2083,
            1,
            2
        ],
        [
            2602,
            7,
            0
        ],
        [
            2301,
            5,
            4
        ],
        [
            2511,
            15,
            6
        ],
        [
            2303,
            12,
            4
        ],
        [
            2405,
            1,
            5
        ],
        [
            2501,
            1,
            6
        ],
        [
            2518,
            2,
            6
        ],
        [
            2004,
            2,
            2
        ],
        [
            2404,
            1,
            5
        ],
        [
            2005,
            1,
            1
        ],
        [
            2302,
            6,
            4
        ],
        [
            2906,
            2,
            0
        ],
        [
            2504,
            1,
            6
        ],
        [
            2502,
            4,
            6
        ],
        [
            2006,
            3,
            2
        ]
    ],
    "places": [
        [
            1010,
            1,
            5
        ]
    ],
    "transport": [
        [
            5621,
            24,
            1
        ],
        [
            5641,
            1,
            0
        ],
        [
            5601,
            1,
            2
        ]
    ],
    "traffic": [
        [
            5201,
            11,
            3
        ],
        [
            5204,
            24,
            1
        ],
        [
            5206,
            1,
            2
        ]
    ],
    "buildings": [
        64,
        173923.54049999997
    ],
    "landuse": [
        [
            7203,
            4,
            1,
            0.73874275
        ],
        [
            7202,
            2,
            0,
            0.22619799999999998
        ],
        [
            7209,
            2,
            2,
            0.308527
        ]
    ],
    "road_inner": [
        [
            5115,
            25,
            3,
            3251.0805
        ],
        [
            5153,
            78,
            5,
            3736.2824999999993
        ],
        [
            5152,
            5,
            0,
            805.7486666666666
        ],
        [
            5124,
            4,
            5,
            1811.5044999999998
        ],
        [
            5113,
            7,
            2,
            2162.887
        ],
        [
            5122,
            21,
            4,
            5653.9560666666675
        ],
        [
            5114,
            16,
            2,
            3894.0935
        ],
        [
            5141,
            24,
            5,
            2267.157
        ],
        [
            5155,
            7,
            0,
            95.848
        ],
        [
            5121,
            1,
            4,
            466.6983333333334
        ],
        [
            5132,
            6,
            1,
            1042.805
        ],
        [
            5133,
            1,
            2,
            68.434
        ],
        [
            5134,
            1,
            2,
            12.449
        ],
        [
            5112,
            1.0,
            1,
            1322.9365
        ]
    ],
    "road_connect": {
        "7024": {
            "0": 1,
            "4": 2
        },
        "7144": {
            "0": 1,
            "4": 9,
            "2": 4,
            "5": 4
        },
        "7022": {
            "3": 2
        },
        "7023": {
            "3": 1,
            "4": 3,
            "2": 5,
            "1": 2
        },
        "7142": {
            "3": 3,
            "0": 1,
            "5": 5
        },
        "7264": {
            "4": 1
        },
        "7263": {
            "4": 6,
            "2": 4,
            "1": 5
        },
        "7262": {
            "4": 1
        }
    },
    "population": [
        62726.84149169922
    ],
    "transport_embedding": [
        -2.4894957542419434,
        0.4789292812347412,
        -1.3920551538467407,
        -0.30101656913757324,
        1.2169080972671509,
        0.44866371154785156,
        0.30462074279785156,
        -0.06552457809448242,
        -0.14545059204101562,
        -0.1788998246192932
    ],
    "roadnet_embedding": [
        -1.1621743440628052,
        -1.1974451541900635,
        -1.0875991582870483,
        1.4761247634887695,
        -0.05185173451900482,
        0.015807973220944405,
        -0.7410230040550232,
        4.010507106781006,
        1.466793179512024,
        0.8299081921577454
    ],
    "function_embedding": [
        -1.7399601936340332,
        0.11943185329437256,
        -2.535306692123413,
        2.2515594959259033,
        0.8138165473937988,
        0.3958590030670166,
        -0.6126632690429688,
        0.21368932723999023,
        -0.9365301132202148,
        -1.6095823049545288
    ],
    "city_embedding": [
        -1.1033461093902588,
        2.941394805908203,
        -3.473881959915161,
        0.5394188165664673,
        0.5189781188964844,
        -2.2013299465179443,
        -1.1526885032653809,
        -3.57015323638916,
        -2.252871513366699,
        -0.40775570273399353
    ],
    "degree_embedding": [
        -1.0815811157226562,
        3.2421438694000244,
        0.6492811441421509,
        2.169130802154541,
        -0.5291764140129089,
        -0.6834909915924072,
        1.3830370903015137,
        -0.6348440051078796,
        -0.3063558340072632,
        -1.579893708229065
    ]
}