{
    "id": 7144,
    "range": [
        121.446804,
        31.242716,
        121.456804,
        31.232716
    ],
    "image_path": "CitySatellite\\Shanghai\\7144.jpg",
    "poi": [
        [
            2501,
            3,
            6
        ],
        [
            2101,
            3,
            0
        ],
        [
            2001,
            1,
            2
        ],
        [
            2006,
            4,
            2
        ],
        [
            2906,
            4,
            0
        ],
        [
            2301,
            13,
            4
        ],
        [
            2303,
            11,
            4
        ],
        [
            2302,
            3,
            4
        ],
        [
            2004,
            2,
            2
        ],
        [
            2511,
            8,
            6
        ],
        [
            2005,
            2,
            1
        ],
        [
            2521,
            1,
            6
        ],
        [
            2901,
            2,
            0
        ],
        [
            2011,
            1,
            2
        ],
        [
            2525,
            2,
            6
        ],
        [
            2601,
            4,
            0
        ],
        [
            2305,
            4,
            4
        ],
        [
            2405,
            1,
            5
        ],
        [
            2528,
            1,
            6
        ],
        [
            2512,
            1,
            6
        ],
        [
            2502,
            1,
            6
        ],
        [
            2544,
            1,
            6
        ],
        [
            2543,
            1,
            6
        ],
        [
            2304,
            1,
            4
        ]
    ],
    "places": [
        [
            1010,
            1,
            5
        ]
    ],
    "transport": [
        [
            5621,
            15,
            1
        ]
    ],
    "traffic": [
        [
            5201,
            11,
            3
        ],
        [
            5204,
            2,
            1
        ]
    ],
    "buildings": [
        119,
        97973.5986666667
    ],
    "landuse": [
        [
            7203,
            15,
            1,
            2.0185242499999996
        ],
        [
            7202,
            2,
            0,
            0.220773
        ],
        [
            7211,
            1,
            0,
            0.427479
        ]
    ],
    "road_inner": [
        [
            5121,
            2,
            4,
            911.8733333333333
        ],
        [
            5114,
            13,
            2,
            3569.4994999999994
        ],
        [
            5115,
            8,
            3,
            2419.1659999999997
        ],
        [
            5122,
            18,
            4,
            6240.928650000002
        ],
        [
            5141,
            9,
            5,
            1905.424
        ],
        [
            5155,
            3,
            0,
            57.413000000000004
        ],
        [
            5153,
            10,
            5,
            1183.8249999999998
        ],
        [
            5123,
            15,
            5,
            960.1789999999997
        ],
        [
            5124,
            2,
            5,
            191.414
        ],
        [
            5134,
            1,
            2,
            7.894
        ],
        [
            5152,
            1.0,
            0,
            213.73066666666668
        ]
    ],
    "road_connect": {
        "6905": {
            "4": 1
        },
        "7024": {
            "4": 6,
            "0": 1,
            "5": 3,
            "3": 2,
            "2": 3
        },
        "7025": {
            "4": 1,
            "3": 1
        },
        "7143": {
            "0": 1,
            "4": 9,
            "2": 4,
            "5": 4
        },
        "7023": {
            "4": 2
        },
        "7264": {
            "4": 7,
            "3": 2,
            "5": 7,
            "2": 3
        },
        "7263": {
            "4": 2
        },
        "7145": {
            "3": 1,
            "4": 2,
            "2": 2
        }
    },
    "population": [
        53901.31488037109
    ],
    "transport_embedding": [
        -2.4880025386810303,
        0.4770015478134155,
        -1.1819474697113037,
        -0.2132418155670166,
        1.0804471969604492,
        0.4429588317871094,
        0.33678627014160156,
        -0.06710004806518555,
        -0.1739501953125,
        2.413388729095459
    ],
    "roadnet_embedding": [
        -1.0208690166473389,
        -1.1838390827178955,
        0.9583148956298828,
        1.0489461421966553,
        -0.0988578274846077,
        0.3759987950325012,
        -0.9827119708061218,
        1.7674545049667358,
        0.830529510974884,
        -0.6686594486236572
    ],
    "function_embedding": [
        -1.7399601936340332,
        0.11943185329437256,
        -2.535309314727783,
        2.2515599727630615,
        0.813817024230957,
        0.3958604335784912,
        -0.6126632690429688,
        0.21369314193725586,
        -0.9365310668945312,
        -1.6095871925354004
    ],
    "city_embedding": [
        -1.0816162824630737,
        2.8949997425079346,
        -2.561431884765625,
        0.5869578719139099,
        1.7039718627929688,
        -2.788675308227539,
        -1.547241449356079,
        0.5993179082870483,
        2.6984667778015137,
        2.3739306926727295
    ],
    "degree_embedding": [
        -1.123498797416687,
        5.158300876617432,
        0.2338951826095581,
        4.568860054016113,
        0.15497340261936188,
        -0.22979256510734558,
        5.691793441772461,
        -2.8475921154022217,
        0.6354848146438599,
        -1.359336495399475
    ]
}