{
    "id": 7145,
    "range": [
        121.446804,
        31.232716,
        121.456804,
        31.222716
    ],
    "image_path": "CitySatellite\\Shanghai\\7145.jpg",
    "poi": [
        [
            2301,
            57,
            4
        ],
        [
            2303,
            30,
            4
        ],
        [
            2501,
            3,
            6
        ],
        [
            2302,
            11,
            4
        ],
        [
            2502,
            4,
            6
        ],
        [
            2505,
            2,
            6
        ],
        [
            2904,
            1,
            0
        ],
        [
            2305,
            14,
            4
        ],
        [
            2512,
            27,
            6
        ],
        [
            2906,
            1,
            0
        ],
        [
            2006,
            1,
            2
        ],
        [
            2902,
            1,
            0
        ],
        [
            2201,
            2,
            3
        ],
        [
            2517,
            3,
            6
        ],
        [
            2542,
            1,
            6
        ],
        [
            2601,
            1,
            0
        ],
        [
            2401,
            4,
            5
        ],
        [
            2511,
            6,
            6
        ],
        [
            2304,
            1,
            4
        ],
        [
            2101,
            1,
            0
        ],
        [
            2566,
            1,
            6
        ],
        [
            2544,
            1,
            6
        ],
        [
            2405,
            1,
            5
        ],
        [
            2523,
            1,
            6
        ],
        [
            2520,
            4,
            6
        ],
        [
            2901,
            1,
            0
        ],
        [
            2011,
            2,
            2
        ],
        [
            2004,
            2,
            2
        ],
        [
            2522,
            1,
            6
        ],
        [
            2518,
            2,
            6
        ],
        [
            2306,
            1,
            4
        ],
        [
            2515,
            1,
            6
        ]
    ],
    "places": [
        [
            1010,
            1,
            5
        ]
    ],
    "transport": [
        [
            5601,
            2,
            2
        ],
        [
            5621,
            18,
            1
        ]
    ],
    "traffic": [
        [
            5201,
            1,
            3
        ],
        [
            5206,
            1,
            2
        ],
        [
            5204,
            2,
            1
        ],
        [
            5250,
            1,
            0
        ]
    ],
    "buildings": [
        476,
        266082.10824999976
    ],
    "landuse": [
        [
            7203,
            20,
            1,
            1.5891869999999997
        ],
        [
            7209,
            2,
            2,
            0.308675
        ],
        [
            7212,
            6,
            0,
            0.39661349999999995
        ],
        [
            7218,
            1,
            5,
            0.015525
        ]
    ],
    "road_inner": [
        [
            5122,
            15,
            4,
            4721.603166666667
        ],
        [
            5112,
            1,
            1,
            1982.6275
        ],
        [
            5121,
            2,
            4,
            254.01500000000001
        ],
        [
            5132,
            3,
            1,
            677.056
        ],
        [
            5114,
            12,
            2,
            2987.2028333333337
        ],
        [
            5141,
            24,
            5,
            2453.766
        ],
        [
            5113,
            16,
            2,
            3325.0854999999997
        ],
        [
            5155,
            3,
            0,
            64.592
        ],
        [
            5153,
            3,
            5,
            263.474
        ],
        [
            5133,
            1.0,
            2,
            100.6895
        ],
        [
            5115,
            1.0,
            3,
            394.312
        ],
        [
            5124,
            1.0,
            5,
            159.1225
        ],
        [
            5123,
            1.0,
            5,
            89.3475
        ]
    ],
    "road_connect": {
        "7026": {
            "4": 1
        },
        "7146": {
            "4": 3,
            "3": 1,
            "2": 1
        },
        "7024": {
            "4": 1
        },
        "7025": {
            "4": 3,
            "1": 2,
            "5": 1,
            "2": 5
        },
        "7265": {
            "3": 1,
            "1": 2,
            "4": 3,
            "5": 3,
            "2": 3
        },
        "7144": {
            "3": 1,
            "4": 2,
            "2": 2
        },
        "7264": {
            "4": 1,
            "2": 1
        }
    },
    "population": [
        63189.18576049805
    ],
    "transport_embedding": [
        -2.4506216049194336,
        0.42872586846351624,
        -1.299730896949768,
        -0.2378530502319336,
        1.0328090190887451,
        0.4139747619628906,
        0.2337665557861328,
        0.00914621353149414,
        -0.0986785888671875,
        2.374950647354126
    ],
    "roadnet_embedding": [
        -2.1697394847869873,
        -1.2943943738937378,
        -0.2526119351387024,
        2.008901596069336,
        -0.2684340178966522,
        -0.7462480664253235,
        -0.20754794776439667,
        1.1072680950164795,
        0.8310234546661377,
        -0.5106276869773865
    ],
    "function_embedding": [
        -1.7399601936340332,
        0.11943185329437256,
        -2.5353174209594727,
        2.2515621185302734,
        0.813817024230957,
        0.39586591720581055,
        -0.6126670837402344,
        0.21370506286621094,
        -0.9365334510803223,
        -1.6095995903015137
    ],
    "city_embedding": [
        -1.1091997623443604,
        3.2680089473724365,
        -3.6386983394622803,
        0.6275970935821533,
        0.23225226998329163,
        -2.8495495319366455,
        -2.9497923851013184,
        -2.454578161239624,
        -11.084724426269531,
        -0.6955538392066956
    ],
    "degree_embedding": [
        -1.0191128253936768,
        0.5888927578926086,
        0.16221638023853302,
        0.049602530896663666,
        -0.9128656983375549,
        -1.080139398574829,
        -1.3888365030288696,
        -1.009317398071289,
        -0.9786683320999146,
        0.12901592254638672
    ]
}