{
    "id": 7147,
    "range": [
        121.446804,
        31.212716,
        121.456804,
        31.202716
    ],
    "image_path": "CitySatellite\\Shanghai\\7147.jpg",
    "poi": [
        [
            2301,
            19,
            4
        ],
        [
            2303,
            21,
            4
        ],
        [
            2304,
            2,
            4
        ],
        [
            2601,
            5,
            0
        ],
        [
            2542,
            2,
            6
        ],
        [
            2305,
            10,
            4
        ],
        [
            2529,
            1,
            6
        ],
        [
            2401,
            7,
            5
        ],
        [
            2521,
            1,
            6
        ],
        [
            2950,
            1,
            0
        ],
        [
            2302,
            9,
            4
        ],
        [
            2404,
            1,
            5
        ],
        [
            2202,
            1,
            3
        ],
        [
            2502,
            4,
            6
        ],
        [
            2602,
            1,
            0
        ],
        [
            2512,
            7,
            6
        ],
        [
            2902,
            3,
            0
        ],
        [
            2725,
            1,
            0
        ],
        [
            2561,
            4,
            6
        ],
        [
            2528,
            4,
            6
        ],
        [
            2511,
            11,
            6
        ],
        [
            2121,
            1,
            0
        ],
        [
            2518,
            3,
            6
        ],
        [
            2501,
            2,
            6
        ],
        [
            2513,
            1,
            6
        ],
        [
            2101,
            1,
            0
        ],
        [
            2525,
            1,
            6
        ],
        [
            2516,
            2,
            6
        ]
    ],
    "places": [],
    "transport": [
        [
            5601,
            2,
            2
        ],
        [
            5621,
            14,
            1
        ],
        [
            5641,
            2,
            0
        ]
    ],
    "traffic": [
        [
            5201,
            10,
            3
        ],
        [
            5204,
            7,
            1
        ]
    ],
    "buildings": [
        519,
        178755.83724999998
    ],
    "landuse": [
        [
            7203,
            8,
            1,
            0.6209331666666666
        ],
        [
            7209,
            1,
            2,
            0.029175
        ],
        [
            7218,
            5,
            5,
            0.1156815
        ],
        [
            7202,
            1,
            0,
            0.011643
        ],
        [
            7212,
            1,
            0,
            0.087539
        ]
    ],
    "road_inner": [
        [
            5122,
            9,
            4,
            4876.352499999999
        ],
        [
            5124,
            2,
            5,
            367.05
        ],
        [
            5141,
            14,
            5,
            2101.5605
        ],
        [
            5153,
            5,
            5,
            197.68
        ],
        [
            5152,
            3,
            0,
            273.11249999999995
        ],
        [
            5155,
            1,
            0,
            19.932
        ],
        [
            5113,
            4,
            2,
            1450.693
        ],
        [
            5115,
            3,
            3,
            1968.8426666666667
        ]
    ],
    "road_connect": {
        "7027": {
            "4": 3,
            "3": 1
        },
        "7267": {
            "4": 2,
            "5": 1,
            "3": 2,
            "2": 2
        },
        "7028": {
            "2": 1
        },
        "7148": {
            "2": 2,
            "4": 3,
            "5": 2,
            "3": 1
        },
        "7146": {
            "3": 1,
            "4": 3,
            "5": 2,
            "0": 3
        },
        "7268": {
            "3": 2
        }
    },
    "population": [
        44282.58267211914
    ],
    "transport_embedding": [
        -2.4868593215942383,
        0.47552892565727234,
        -1.1316249370574951,
        -0.19171953201293945,
        1.045634150505066,
        0.4409904479980469,
        0.3429698944091797,
        -0.06621789932250977,
        -0.17979049682617188,
        2.3080899715423584
    ],
    "roadnet_embedding": [
        -0.010350975207984447,
        -1.0861643552780151,
        0.7819157838821411,
        -0.06360910832881927,
        0.02447620965540409,
        1.0987393856048584,
        -0.3137890100479126,
        0.1505180150270462,
        0.05931314826011658,
        -0.2232617437839508
    ],
    "function_embedding": [
        -1.7399601936340332,
        0.11943185329437256,
        -2.5353174209594727,
        2.2515621185302734,
        0.813817024230957,
        0.39586591720581055,
        -0.6126670837402344,
        0.21370506286621094,
        -0.9365334510803223,
        -1.6095995903015137
    ],
    "city_embedding": [
        -1.0893783569335938,
        1.5954395532608032,
        -3.2460081577301025,
        0.9656522274017334,
        0.2441648244857788,
        -2.942103147506714,
        -0.999210774898529,
        2.5291476249694824,
        -8.72451400756836,
        7.674012660980225
    ],
    "degree_embedding": [
        -1.0029442310333252,
        -0.021381987258791924,
        -0.3176766335964203,
        -0.3322181701660156,
        -0.7615213990211487,
        -0.9509947896003723,
        -1.8936687707901,
        0.43509453535079956,
        0.1252673715353012,
        -0.09270457923412323
    ]
}