{
    "id": 7148,
    "range": [
        121.446804,
        31.202716,
        121.456804,
        31.192716
    ],
    "image_path": "CitySatellite\\Shanghai\\7148.jpg",
    "poi": [
        [
            2501,
            2,
            6
        ],
        [
            2541,
            1,
            6
        ],
        [
            2004,
            1,
            2
        ],
        [
            2511,
            10,
            6
        ],
        [
            2110,
            1,
            0
        ],
        [
            2101,
            5,
            0
        ],
        [
            2121,
            1,
            0
        ],
        [
            2901,
            1,
            0
        ],
        [
            2528,
            2,
            6
        ],
        [
            2301,
            2,
            4
        ],
        [
            2302,
            2,
            4
        ],
        [
            2502,
            1,
            6
        ],
        [
            2523,
            1,
            6
        ],
        [
            2561,
            1,
            6
        ]
    ],
    "places": [],
    "transport": [
        [
            5621,
            15,
            1
        ]
    ],
    "traffic": [
        [
            5201,
            12,
            3
        ]
    ],
    "buildings": [
        340,
        237367.05649999995
    ],
    "landuse": [
        [
            7218,
            2,
            5,
            0.039878
        ],
        [
            7208,
            2,
            5,
            0.088019
        ],
        [
            7203,
            10,
            1,
            2.1911454999999997
        ],
        [
            7202,
            4,
            0,
            0.126002
        ],
        [
            7212,
            1,
            0,
            0.0174345
        ]
    ],
    "road_inner": [
        [
            5141,
            27,
            5,
            3641.8826666666682
        ],
        [
            5154,
            3,
            5,
            153.959
        ],
        [
            5153,
            11,
            5,
            1307.5519999999997
        ],
        [
            5124,
            9,
            5,
            818.8189999999998
        ],
        [
            5122,
            3,
            4,
            3561.9913333333334
        ],
        [
            5155,
            1,
            0,
            26.732
        ],
        [
            5114,
            2,
            2,
            1114.8765
        ],
        [
            5113,
            1.0,
            2,
            476.72900000000004
        ],
        [
            5115,
            1.0,
            3,
            1253.1268333333333
        ]
    ],
    "road_connect": {
        "7028": {
            "5": 3,
            "2": 3,
            "3": 1
        },
        "7147": {
            "2": 2,
            "4": 3,
            "5": 2,
            "3": 1
        },
        "7029": {
            "4": 1
        },
        "7149": {
            "4": 1,
            "3": 2,
            "5": 1
        },
        "7268": {
            "4": 5,
            "3": 1,
            "5": 2,
            "2": 1
        },
        "7269": {
            "3": 1,
            "4": 1
        }
    },
    "population": [
        48957.54064941406
    ],
    "transport_embedding": [
        -2.4883220195770264,
        0.47741416096687317,
        -1.185649037361145,
        -0.21497654914855957,
        1.0837777853012085,
        0.4433021545410156,
        0.3368568420410156,
        -0.06763315200805664,
        -0.17388916015625,
        2.4170901775360107
    ],
    "roadnet_embedding": [
        0.9026898145675659,
        -0.9986851811408997,
        -0.9812101125717163,
        0.6192561984062195,
        0.4366653263568878,
        1.6290016174316406,
        0.26671165227890015,
        1.2990254163742065,
        0.3377630412578583,
        -0.7894030809402466
    ],
    "function_embedding": [
        -1.7399264574050903,
        0.1193917989730835,
        -2.526078224182129,
        2.24927020072937,
        0.8133282661437988,
        0.3896917700767517,
        -0.611114501953125,
        0.2001001536846161,
        -0.9339775443077087,
        -1.584766149520874
    ],
    "city_embedding": [
        -1.1049374341964722,
        1.2839703559875488,
        -3.990178346633911,
        0.5411888957023621,
        -0.7680949568748474,
        -1.819322109222412,
        0.28442028164863586,
        -3.2646353244781494,
        -11.462334632873535,
        2.748717784881592
    ],
    "degree_embedding": [
        -0.9956117868423462,
        -0.31985291838645935,
        -0.10676788538694382,
        -0.16286128759384155,
        -0.7996355891227722,
        -1.019343376159668,
        -1.5271122455596924,
        -1.0705516338348389,
        0.20786432921886444,
        0.2988682985305786
    ]
}