{
    "id": 7156,
    "range": [
        121.446804,
        31.122716,
        121.456804,
        31.112716
    ],
    "image_path": "CitySatellite\\Shanghai\\7156.jpg",
    "poi": [
        [
            2251,
            1,
            3
        ],
        [
            2501,
            4,
            6
        ],
        [
            2561,
            1,
            6
        ],
        [
            2601,
            3,
            0
        ],
        [
            2302,
            2,
            4
        ],
        [
            2303,
            4,
            4
        ],
        [
            2301,
            7,
            4
        ],
        [
            2514,
            1,
            6
        ],
        [
            2512,
            1,
            6
        ],
        [
            2203,
            1,
            3
        ],
        [
            2518,
            3,
            6
        ],
        [
            2129,
            1,
            0
        ],
        [
            2568,
            2,
            6
        ],
        [
            2502,
            1,
            6
        ],
        [
            2016,
            2,
            2
        ],
        [
            2511,
            1,
            6
        ],
        [
            2525,
            1,
            6
        ],
        [
            2101,
            1,
            0
        ],
        [
            2401,
            1,
            5
        ],
        [
            2523,
            1,
            6
        ],
        [
            2520,
            1,
            6
        ],
        [
            2546,
            1,
            6
        ]
    ],
    "places": [
        [
            1002,
            1,
            2
        ]
    ],
    "transport": [
        [
            5621,
            13,
            1
        ]
    ],
    "traffic": [
        [
            5201,
            9,
            3
        ],
        [
            5204,
            6,
            1
        ]
    ],
    "buildings": [
        251,
        240764.92966666663
    ],
    "landuse": [
        [
            7202,
            3,
            0,
            1.68592525
        ],
        [
            7203,
            13,
            1,
            4.73663125
        ],
        [
            7204,
            1,
            3,
            0.342935
        ],
        [
            7213,
            1,
            3,
            0.097927
        ],
        [
            7201,
            1,
            4,
            0.048768
        ],
        [
            7209,
            1,
            2,
            0.248609
        ]
    ],
    "road_inner": [
        [
            5113,
            2,
            2,
            2321.8855
        ],
        [
            5122,
            10,
            4,
            4374.070833333333
        ],
        [
            5141,
            3,
            5,
            1224.6968333333334
        ],
        [
            5153,
            10,
            5,
            1097.2545
        ],
        [
            5154,
            1,
            5,
            273.944
        ],
        [
            5155,
            4,
            0,
            93.372
        ],
        [
            5123,
            2,
            5,
            708.404
        ],
        [
            5121,
            1.0,
            4,
            351.967
        ],
        [
            5131,
            1.0,
            1,
            90.03399999999999
        ]
    ],
    "road_connect": {
        "7036": {
            "4": 4,
            "5": 2
        },
        "6916": {
            "4": 1
        },
        "6917": {
            "4": 1
        },
        "7155": {
            "4": 3,
            "2": 2,
            "1": 2,
            "5": 4
        },
        "7037": {
            "5": 3
        },
        "7157": {
            "5": 3,
            "2": 2,
            "4": 1
        },
        "7276": {
            "4": 3
        },
        "7275": {
            "4": 1
        }
    },
    "population": [
        17732.83619689941
    ],
    "transport_embedding": [
        -2.4837276935577393,
        0.47149479389190674,
        -1.02934992313385,
        -0.1474626064300537,
        0.9721943140029907,
        0.4363079071044922,
        0.3537178039550781,
        -0.06279516220092773,
        -0.19037628173828125,
        2.275520086288452
    ],
    "roadnet_embedding": [
        -0.014962760731577873,
        -1.0867152214050293,
        0.2831745743751526,
        0.25271016359329224,
        0.07846758514642715,
        1.0486396551132202,
        0.015399223193526268,
        0.35177117586135864,
        0.19287079572677612,
        -0.7928026914596558
    ],
    "function_embedding": [
        -1.739959955215454,
        0.11943161487579346,
        -2.533151626586914,
        2.2510251998901367,
        0.8137035369873047,
        0.3944149315357208,
        -0.6123008728027344,
        0.21051263809204102,
        -0.9359340667724609,
        -1.6001591682434082
    ],
    "city_embedding": [
        -1.072853922843933,
        5.725168704986572,
        -1.5385100841522217,
        2.105247974395752,
        -0.8274013996124268,
        4.389842987060547,
        -0.7464740872383118,
        5.487151622772217,
        0.22201906144618988,
        3.174532651901245
    ],
    "degree_embedding": [
        -1.0063459873199463,
        0.08774587512016296,
        0.5140833854675293,
        0.6817991733551025,
        -1.1615715026855469,
        -1.6114119291305542,
        -1.18667471408844,
        -1.0023350715637207,
        -0.15641361474990845,
        0.30904248356819153
    ]
}