{
    "id": 7163,
    "range": [
        121.446804,
        31.052716,
        121.456804,
        31.042716
    ],
    "image_path": "CitySatellite\\Shanghai\\7163.jpg",
    "poi": [
        [
            2303,
            1,
            4
        ],
        [
            2301,
            3,
            4
        ],
        [
            2401,
            1,
            5
        ],
        [
            2016,
            1,
            2
        ],
        [
            2528,
            1,
            6
        ],
        [
            2304,
            1,
            4
        ],
        [
            2302,
            2,
            4
        ],
        [
            2502,
            1,
            6
        ],
        [
            2511,
            1,
            6
        ]
    ],
    "places": [],
    "transport": [],
    "traffic": [
        [
            5201,
            6,
            3
        ],
        [
            5204,
            19,
            1
        ]
    ],
    "buildings": [
        91,
        64610.828
    ],
    "landuse": [
        [
            7203,
            11,
            1,
            2.9603470000000005
        ],
        [
            7209,
            7,
            2,
            0.6302096666666666
        ],
        [
            7204,
            2,
            3,
            0.5858665
        ],
        [
            7218,
            1,
            5,
            0.034531
        ],
        [
            7202,
            1,
            0,
            0.214153
        ],
        [
            7212,
            1,
            0,
            0.022711
        ],
        [
            7229,
            3,
            5,
            0.376234
        ]
    ],
    "road_inner": [
        [
            5113,
            3,
            2,
            3587.2665
        ],
        [
            5152,
            2,
            0,
            468.171
        ],
        [
            5141,
            4,
            5,
            267.474
        ],
        [
            5112,
            6,
            1,
            3662.7077
        ],
        [
            5132,
            2,
            1,
            407.87666666666667
        ],
        [
            5122,
            5,
            4,
            1617.0929999999998
        ],
        [
            5121,
            2,
            4,
            671.075
        ],
        [
            5123,
            7,
            5,
            964.7404999999999
        ],
        [
            5111,
            1.0,
            1,
            1380.015375
        ],
        [
            5115,
            1.0,
            3,
            369.9345
        ]
    ],
    "road_connect": {
        "6683": {
            "1": 2
        },
        "6684": {
            "1": 2
        },
        "6803": {
            "1": 2
        },
        "6923": {
            "1": 2
        },
        "7043": {
            "1": 5,
            "2": 3,
            "4": 2
        },
        "7283": {
            "1": 2,
            "2": 4,
            "3": 1,
            "4": 9,
            "5": 1
        },
        "7403": {
            "1": 2,
            "2": 1
        },
        "6797": {
            "1": 2
        },
        "6920": {
            "1": 2
        },
        "6918": {
            "1": 2
        },
        "6919": {
            "1": 2
        },
        "6917": {
            "1": 2
        },
        "7042": {
            "1": 3
        },
        "7040": {
            "1": 2
        },
        "7041": {
            "1": 2
        },
        "7162": {
            "1": 1,
            "2": 1
        },
        "7164": {
            "4": 4,
            "3": 1,
            "2": 2,
            "1": 2
        },
        "7044": {
            "3": 1
        }
    },
    "population": [
        8475.570865631104
    ],
    "transport_embedding": [
        -2.4882946014404297,
        0.47738441824913025,
        -1.3951325416564941,
        -0.3015258312225342,
        1.215038776397705,
        0.3879687786102295,
        0.3278675079345703,
        -0.10934734344482422,
        -0.09775161743164062,
        -4.154957294464111
    ],
    "roadnet_embedding": [
        -1.288590669631958,
        -1.2094265222549438,
        -2.0234744548797607,
        0.7868386507034302,
        -0.21321611106395721,
        -0.1918599158525467,
        -1.6851978302001953,
        -1.3409372568130493,
        -0.11003896594047546,
        -0.5182710886001587
    ],
    "function_embedding": [
        -1.7344266176223755,
        0.11285698413848877,
        -2.1986358165740967,
        2.167088508605957,
        0.7954902648925781,
        0.22995859384536743,
        -0.5597605109214783,
        -0.21117080748081207,
        -0.8424152135848999,
        -0.6716513633728027
    ],
    "city_embedding": [
        -1.0075879096984863,
        0.24053195118904114,
        -0.24968843162059784,
        2.514551877975464,
        -0.7185146808624268,
        -0.005694062914699316,
        0.6046341061592102,
        4.379112720489502,
        1.9137295484542847,
        2.830977201461792
    ],
    "degree_embedding": [
        -1.1214265823364258,
        4.85476016998291,
        -0.18528981506824493,
        1.5799983739852905,
        0.43326136469841003,
        2.996288299560547,
        -0.7581794857978821,
        -4.890308380126953,
        3.2084903717041016,
        -2.3906545639038086
    ]
}