{
    "id": 7165,
    "range": [
        121.446804,
        31.032716,
        121.456804,
        31.022716
    ],
    "image_path": "CitySatellite\\Shanghai\\7165.jpg",
    "poi": [
        [
            2511,
            1,
            6
        ]
    ],
    "places": [
        [
            1010,
            1,
            5
        ],
        [
            1004,
            1,
            4
        ]
    ],
    "transport": [
        [
            5621,
            4,
            1
        ]
    ],
    "traffic": [
        [
            5201,
            3,
            3
        ],
        [
            5204,
            24,
            1
        ],
        [
            5207,
            2,
            0
        ]
    ],
    "buildings": [
        56,
        138190.60124999995
    ],
    "landuse": [
        [
            7209,
            4,
            2,
            1.318903
        ],
        [
            7202,
            4,
            0,
            0.44007650000000004
        ],
        [
            7201,
            1,
            4,
            0.0226925
        ],
        [
            7218,
            7,
            5,
            0.509648
        ],
        [
            7208,
            1,
            5,
            0.024792
        ]
    ],
    "road_inner": [
        [
            5122,
            24,
            4,
            4522.071000000001
        ],
        [
            5113,
            3,
            2,
            826.567
        ],
        [
            5114,
            5,
            2,
            1933.0413333333331
        ],
        [
            5115,
            1,
            3,
            1460.6025
        ],
        [
            5153,
            26,
            5,
            3731.9178333333334
        ],
        [
            5141,
            4,
            5,
            707.4685000000001
        ],
        [
            5152,
            3,
            0,
            3174.7990833333333
        ],
        [
            5123,
            1,
            5,
            207.346
        ],
        [
            5142,
            4,
            5,
            325.743
        ],
        [
            5124,
            7,
            5,
            1142.436
        ],
        [
            5112,
            1.0,
            1,
            1380.9936666666667
        ]
    ],
    "road_connect": {
        "7166": {
            "2": 1,
            "3": 2,
            "5": 3,
            "0": 1
        },
        "7285": {
            "3": 2,
            "0": 3,
            "1": 2,
            "2": 2,
            "5": 2
        },
        "7286": {
            "0": 1,
            "1": 2
        },
        "7164": {
            "4": 3,
            "5": 1,
            "1": 2,
            "2": 2
        },
        "7287": {
            "1": 2
        },
        "7407": {
            "1": 2
        },
        "7405": {
            "2": 1,
            "0": 2,
            "5": 2
        },
        "7045": {
            "2": 2,
            "4": 4,
            "5": 6,
            "3": 1,
            "0": 2
        },
        "7284": {
            "3": 1
        },
        "7046": {
            "5": 1
        }
    },
    "population": [
        8511.341247558594
    ],
    "transport_embedding": [
        -2.489351511001587,
        0.478743314743042,
        -1.3934125900268555,
        -0.3014848232269287,
        1.217294454574585,
        0.44532832503318787,
        0.30550575256347656,
        -0.067718505859375,
        -0.1425628662109375,
        -4.177601337432861
    ],
    "roadnet_embedding": [
        -0.06319064646959305,
        -1.0916727781295776,
        -1.1346973180770874,
        0.7826328277587891,
        0.16073745489120483,
        0.9175899624824524,
        -0.05516637861728668,
        2.8103182315826416,
        1.4499256610870361,
        0.36046627163887024
    ],
    "function_embedding": [
        -1.1521352529525757,
        -0.4920778274536133,
        -0.4815402626991272,
        0.3741209805011749,
        0.6119347810745239,
        -0.588863730430603,
        0.1385391503572464,
        -0.5689331293106079,
        5.663049221038818,
        2.064896583557129
    ],
    "city_embedding": [
        -1.0175957679748535,
        0.45025157928466797,
        -0.4763631820678711,
        2.961350202560425,
        5.123206615447998,
        -0.5538450479507446,
        -4.230446815490723,
        3.9572925567626953,
        9.820042610168457,
        3.832792282104492
    ],
    "degree_embedding": [
        -1.029354453086853,
        0.8182110786437988,
        1.335977554321289,
        0.13975337147712708,
        -1.878348469734192,
        1.1487826108932495,
        -3.312572717666626,
        2.9846203327178955,
        0.4991427958011627,
        -0.39947792887687683
    ]
}