{
    "id": 7191,
    "range": [
        121.446804,
        30.772716,
        121.456804,
        30.762716
    ],
    "image_path": "CitySatellite\\Shanghai\\7191.jpg",
    "poi": [],
    "places": [],
    "transport": [],
    "traffic": [],
    "buildings": [],
    "landuse": [],
    "road_inner": [
        [
            5141,
            1.0,
            5,
            1206.9865
        ]
    ],
    "road_connect": {
        "7190": {
            "5": 2
        },
        "7311": {
            "5": 1
        }
    },
    "population": [
        0.0
    ],
    "transport_embedding": [
        -0.07177343964576721,
        -0.899165689945221,
        0.35801616311073303,
        -0.5313997864723206,
        -0.5323328375816345,
        0.6758041977882385,
        1.2745753526687622,
        0.6902823448181152,
        1.0821750164031982,
        -0.13810768723487854
    ],
    "roadnet_embedding": [
        1.524570107460022,
        -0.8115609884262085,
        -0.3800804316997528,
        -0.16270498931407928,
        0.5181528329849243,
        -0.607660710811615,
        0.3739784061908722,
        -0.33006200194358826,
        -0.7662646770477295,
        -1.7800928354263306
    ],
    "function_embedding": [
        -0.6162869930267334,
        -0.30796346068382263,
        -0.02621636353433132,
        0.04052479565143585,
        -1.41025972366333,
        -0.06336243450641632,
        0.0012616747990250587,
        -0.06513188779354095,
        -0.18845579028129578,
        0.19054767489433289
    ],
    "city_embedding": [
        -0.983723521232605,
        0.0036167511716485023,
        0.6694934964179993,
        1.3806318044662476,
        -0.5934169292449951,
        1.2560120820999146,
        0.1646505445241928,
        2.77662992477417,
        2.3926258087158203,
        3.5471549034118652
    ],
    "degree_embedding": [
        -0.9790068864822388,
        -0.5671721696853638,
        1.1980887651443481,
        1.0841848850250244,
        1.2429808378219604,
        0.13894663751125336,
        -0.04483162984251976,
        -0.7156022787094116,
        0.6782430410385132,
        -1.0499871969223022
    ]
}