{
    "id": 7263,
    "range": [
        121.456804,
        31.252716,
        121.466804,
        31.24271599999999
    ],
    "image_path": "CitySatellite\\Shanghai\\7263.jpg",
    "poi": [
        [
            2005,
            1,
            1
        ],
        [
            2016,
            1,
            2
        ],
        [
            2405,
            2,
            5
        ],
        [
            2501,
            1,
            6
        ],
        [
            2301,
            2,
            4
        ],
        [
            2568,
            1,
            6
        ],
        [
            2404,
            1,
            5
        ],
        [
            2006,
            1,
            2
        ],
        [
            2303,
            2,
            4
        ],
        [
            2901,
            1,
            0
        ],
        [
            2302,
            1,
            4
        ],
        [
            2511,
            1,
            6
        ]
    ],
    "places": [],
    "transport": [
        [
            5621,
            7,
            1
        ]
    ],
    "traffic": [
        [
            5206,
            4,
            2
        ],
        [
            5201,
            24,
            3
        ],
        [
            5204,
            16,
            1
        ],
        [
            5260,
            1,
            0
        ]
    ],
    "buildings": [
        84,
        56164.65816666665
    ],
    "landuse": [
        [
            7202,
            3,
            0,
            0.3633665
        ],
        [
            7203,
            13,
            1,
            1.7990544999999996
        ],
        [
            7204,
            1,
            3,
            0.232046
        ],
        [
            7209,
            1,
            2,
            0.029649
        ],
        [
            7201,
            3,
            4,
            0.07518599999999999
        ]
    ],
    "road_inner": [
        [
            5132,
            14,
            1,
            3702.1094999999996
        ],
        [
            5122,
            26,
            4,
            7940.893566666666
        ],
        [
            5113,
            15,
            2,
            5799.074000000001
        ],
        [
            5114,
            11,
            2,
            5210.223
        ],
        [
            5141,
            9,
            5,
            1139.707
        ],
        [
            5155,
            5,
            0,
            72.934
        ],
        [
            5153,
            11,
            5,
            524.0559999999999
        ],
        [
            5115,
            2,
            3,
            1594.1713333333332
        ],
        [
            5112,
            1,
            1,
            3562.943833333333
        ],
        [
            5124,
            1.0,
            5,
            194.628
        ]
    ],
    "road_connect": {
        "7023": {
            "4": 1
        },
        "7144": {
            "4": 2
        },
        "7143": {
            "4": 6,
            "2": 4,
            "1": 5
        },
        "7264": {
            "4": 7,
            "1": 5,
            "3": 1,
            "5": 1,
            "2": 2
        },
        "7142": {
            "3": 1
        },
        "7262": {
            "3": 3,
            "4": 2,
            "1": 2,
            "2": 4,
            "5": 1
        },
        "7265": {
            "1": 2
        },
        "7384": {
            "4": 1,
            "2": 1
        },
        "7382": {
            "3": 1,
            "4": 1
        },
        "7383": {
            "2": 8,
            "4": 3,
            "5": 4,
            "1": 2
        }
    },
    "population": [
        61799.93984985352
    ],
    "transport_embedding": [
        -2.4895098209381104,
        0.47894740104675293,
        -1.3858013153076172,
        -0.29844141006469727,
        1.213032603263855,
        0.44854164123535156,
        0.3057079315185547,
        -0.06568479537963867,
        -0.14638519287109375,
        -1.4742892980575562
    ],
    "roadnet_embedding": [
        -3.765028476715088,
        -1.4479448795318604,
        -1.6575990915298462,
        1.888939619064331,
        -0.7963583469390869,
        -1.9705896377563477,
        -2.168586254119873,
        0.9819122552871704,
        -1.97737455368042,
        -1.4214884042739868
    ],
    "function_embedding": [
        -1.726523995399475,
        0.10346686840057373,
        -2.084679365158081,
        2.135514736175537,
        0.7887511253356934,
        0.16707773506641388,
        -0.5406488180160522,
        -0.3581918179988861,
        -0.8003299832344055,
        -0.4051091969013214
    ],
    "city_embedding": [
        -1.1099117994308472,
        1.5817428827285767,
        -4.104873180389404,
        -1.4418978691101074,
        -0.35494014620780945,
        -2.100321054458618,
        1.7752102613449097,
        -0.9462984204292297,
        -0.9501763582229614,
        8.444764137268066
    ],
    "degree_embedding": [
        -1.1043272018432617,
        4.17568302154541,
        -0.13171929121017456,
        2.361408233642578,
        -0.177364781498909,
        0.9970462918281555,
        1.8135933876037598,
        -3.1446373462677,
        0.8478273749351501,
        -1.0118061304092407
    ]
}