{
    "id": 7267,
    "range": [
        121.456804,
        31.212716,
        121.466804,
        31.202716
    ],
    "image_path": "CitySatellite\\Shanghai\\7267.jpg",
    "poi": [
        [
            2502,
            4,
            6
        ],
        [
            2401,
            6,
            5
        ],
        [
            2542,
            1,
            6
        ],
        [
            2301,
            39,
            4
        ],
        [
            2305,
            7,
            4
        ],
        [
            2302,
            10,
            4
        ],
        [
            2529,
            1,
            6
        ],
        [
            2601,
            16,
            0
        ],
        [
            2561,
            4,
            6
        ],
        [
            2511,
            18,
            6
        ],
        [
            2303,
            20,
            4
        ],
        [
            2251,
            1,
            3
        ],
        [
            2404,
            1,
            5
        ],
        [
            2602,
            1,
            0
        ],
        [
            2901,
            4,
            0
        ],
        [
            2514,
            1,
            6
        ],
        [
            2405,
            1,
            5
        ],
        [
            2544,
            1,
            6
        ],
        [
            2004,
            2,
            2
        ],
        [
            2005,
            2,
            1
        ],
        [
            2515,
            2,
            6
        ],
        [
            2518,
            2,
            6
        ],
        [
            2721,
            2,
            0
        ],
        [
            2012,
            2,
            2
        ],
        [
            2722,
            2,
            0
        ],
        [
            2014,
            1,
            2
        ],
        [
            2110,
            1,
            0
        ],
        [
            2512,
            5,
            6
        ],
        [
            2517,
            4,
            6
        ],
        [
            2016,
            1,
            2
        ],
        [
            2701,
            1,
            0
        ],
        [
            2528,
            2,
            6
        ],
        [
            2101,
            2,
            0
        ],
        [
            2501,
            1,
            6
        ],
        [
            2521,
            6,
            6
        ],
        [
            2904,
            1,
            0
        ],
        [
            2902,
            1,
            0
        ],
        [
            2520,
            2,
            6
        ],
        [
            2522,
            1,
            6
        ],
        [
            2525,
            1,
            6
        ]
    ],
    "places": [
        [
            1010,
            1,
            5
        ]
    ],
    "transport": [
        [
            5621,
            15,
            1
        ],
        [
            5601,
            1,
            2
        ]
    ],
    "traffic": [
        [
            5201,
            20,
            3
        ],
        [
            5204,
            6,
            1
        ]
    ],
    "buildings": [
        381,
        192741.16525000022
    ],
    "landuse": [
        [
            7202,
            2,
            0,
            0.178382
        ],
        [
            7218,
            13,
            5,
            0.27634
        ],
        [
            7203,
            7,
            1,
            0.4190995
        ],
        [
            7212,
            1,
            0,
            0.260539
        ],
        [
            7209,
            1,
            2,
            0.012058
        ]
    ],
    "road_inner": [
        [
            5122,
            11,
            4,
            4650.215999999999
        ],
        [
            5113,
            9,
            2,
            2075.0675
        ],
        [
            5141,
            37,
            5,
            3557.2079999999987
        ],
        [
            5153,
            37,
            5,
            2469.263999999999
        ],
        [
            5155,
            6,
            0,
            125.163
        ],
        [
            5115,
            2,
            3,
            1208.2605
        ],
        [
            5114,
            14,
            2,
            4365.6156666666675
        ],
        [
            5124,
            1.0,
            5,
            190.929
        ]
    ],
    "road_connect": {
        "7027": {
            "4": 1
        },
        "7147": {
            "4": 2,
            "5": 1,
            "3": 2,
            "2": 2
        },
        "7146": {
            "2": 1
        },
        "7266": {
            "2": 2,
            "4": 2,
            "5": 2
        },
        "7268": {
            "3": 1,
            "2": 3,
            "4": 3,
            "5": 4
        },
        "7387": {
            "4": 4,
            "3": 1,
            "2": 4
        },
        "7388": {
            "4": 1
        }
    },
    "population": [
        50489.74188232422
    ],
    "transport_embedding": [
        -2.489504337310791,
        0.4789402484893799,
        -1.3620085716247559,
        -0.2886066436767578,
        1.1980968713760376,
        0.4480323791503906,
        0.3097057342529297,
        -0.06617498397827148,
        -0.14986038208007812,
        2.4246227741241455
    ],
    "roadnet_embedding": [
        -1.1189558506011963,
        -1.193282961845398,
        -0.6785616278648376,
        1.6033165454864502,
        -0.014075732789933681,
        0.05649317800998688,
        -0.019901899620890617,
        2.8019816875457764,
        1.1698005199432373,
        -0.062251344323158264
    ],
    "function_embedding": [
        -1.7399601936340332,
        0.11943185329437256,
        -2.5353174209594727,
        2.2515621185302734,
        0.813817024230957,
        0.39586591720581055,
        -0.6126670837402344,
        0.21370506286621094,
        -0.9365334510803223,
        -1.6095995903015137
    ],
    "city_embedding": [
        -1.082698106765747,
        2.949553966522217,
        -2.596984386444092,
        1.4933702945709229,
        1.5945699214935303,
        -3.1419458389282227,
        -2.7592759132385254,
        0.5225474238395691,
        -4.050283432006836,
        1.9229034185409546
    ],
    "degree_embedding": [
        -1.0063447952270508,
        0.08364903926849365,
        0.01621677540242672,
        0.11852382123470306,
        -0.9870263338088989,
        -0.9864223599433899,
        -1.3365072011947632,
        -1.1244783401489258,
        -0.7336685657501221,
        0.8189803957939148
    ]
}