{
    "id": 7268,
    "range": [
        121.456804,
        31.202716,
        121.466804,
        31.192716
    ],
    "image_path": "CitySatellite\\Shanghai\\7268.jpg",
    "poi": [
        [
            2401,
            1,
            5
        ],
        [
            2511,
            5,
            6
        ],
        [
            2901,
            2,
            0
        ],
        [
            2528,
            1,
            6
        ],
        [
            2501,
            3,
            6
        ],
        [
            2502,
            2,
            6
        ],
        [
            2523,
            1,
            6
        ],
        [
            2301,
            6,
            4
        ],
        [
            2561,
            2,
            6
        ],
        [
            2601,
            3,
            0
        ],
        [
            2302,
            2,
            4
        ],
        [
            2005,
            1,
            1
        ],
        [
            2722,
            1,
            0
        ],
        [
            2101,
            2,
            0
        ],
        [
            2001,
            1,
            2
        ],
        [
            2016,
            1,
            2
        ],
        [
            2110,
            1,
            0
        ],
        [
            2252,
            2,
            3
        ],
        [
            2303,
            2,
            4
        ],
        [
            2515,
            1,
            6
        ],
        [
            2512,
            2,
            6
        ],
        [
            2007,
            1,
            2
        ],
        [
            2012,
            1,
            2
        ],
        [
            2518,
            1,
            6
        ]
    ],
    "places": [],
    "transport": [
        [
            5621,
            14,
            1
        ]
    ],
    "traffic": [
        [
            5206,
            1,
            2
        ],
        [
            5201,
            30,
            3
        ],
        [
            5260,
            1,
            0
        ],
        [
            5250,
            1,
            0
        ]
    ],
    "buildings": [
        362,
        224574.99149999992
    ],
    "landuse": [
        [
            7203,
            15,
            1,
            2.4373049999999994
        ],
        [
            7209,
            3,
            2,
            0.166902
        ],
        [
            7208,
            1,
            5,
            0.00903
        ],
        [
            7202,
            4,
            0,
            0.19407666666666668
        ],
        [
            7218,
            2,
            5,
            0.00584
        ],
        [
            7213,
            1,
            3,
            0.160519
        ]
    ],
    "road_inner": [
        [
            5115,
            5,
            3,
            1876.9036666666666
        ],
        [
            5114,
            9,
            2,
            4943.514466666667
        ],
        [
            5132,
            4,
            1,
            779.847
        ],
        [
            5122,
            10,
            4,
            4393.044833333333
        ],
        [
            5153,
            8,
            5,
            357.898
        ],
        [
            5141,
            64,
            5,
            7817.29766666667
        ],
        [
            5124,
            13,
            5,
            376.747
        ],
        [
            5113,
            12,
            2,
            2690.8715000000007
        ],
        [
            5112,
            1.0,
            1,
            1350.7287142857142
        ],
        [
            5152,
            1.0,
            0,
            963.7426666666667
        ]
    ],
    "road_connect": {
        "7030": {
            "1": 1
        },
        "7029": {
            "1": 1,
            "4": 1
        },
        "7149": {
            "1": 2,
            "4": 1,
            "5": 1,
            "2": 1,
            "0": 2
        },
        "7269": {
            "1": 2,
            "4": 1,
            "2": 7,
            "0": 2,
            "5": 1
        },
        "7388": {
            "1": 2,
            "4": 3,
            "2": 6,
            "5": 2
        },
        "7508": {
            "1": 2
        },
        "7148": {
            "4": 5,
            "3": 1,
            "5": 2,
            "2": 1
        },
        "7147": {
            "3": 2
        },
        "7267": {
            "3": 1,
            "2": 3,
            "4": 3,
            "5": 4
        },
        "7507": {
            "1": 1
        },
        "7627": {
            "1": 1
        },
        "7390": {
            "2": 1
        },
        "7389": {
            "2": 1
        },
        "7510": {
            "2": 1
        }
    },
    "population": [
        50977.07160949707
    ],
    "transport_embedding": [
        -2.489511251449585,
        0.47894930839538574,
        -1.3915114402770996,
        -0.30080151557922363,
        1.2166166305541992,
        0.4486656188964844,
        0.30474853515625,
        -0.06556558609008789,
        -0.1455535888671875,
        2.4805314540863037
    ],
    "roadnet_embedding": [
        -1.3359909057617188,
        -1.2141733169555664,
        -1.6387280225753784,
        1.2531641721725464,
        -0.14954598248004913,
        -0.11742573976516724,
        -0.4167972803115845,
        4.7446160316467285,
        1.5934423208236694,
        1.4022566080093384
    ],
    "function_embedding": [
        -1.7399593591690063,
        0.11943089962005615,
        -2.5326156616210938,
        2.250892400741577,
        0.8136754035949707,
        0.3940531313419342,
        -0.612213134765625,
        0.20971918106079102,
        -0.9357852935791016,
        -1.6020914316177368
    ],
    "city_embedding": [
        -1.1060336828231812,
        1.3648669719696045,
        -4.01215124130249,
        0.4681006073951721,
        -0.6628075242042542,
        -2.0463080406188965,
        0.1354326754808426,
        -2.689439058303833,
        -11.153987884521484,
        3.9871256351470947
    ],
    "degree_embedding": [
        -1.0578666925430298,
        2.0584867000579834,
        0.5322652459144592,
        0.5767496824264526,
        -1.2274450063705444,
        1.0437862873077393,
        -1.8385858535766602,
        -0.4226504862308502,
        -0.37956544756889343,
        0.41454386711120605
    ]
}