{
    "id": 7269,
    "range": [
        121.456804,
        31.192716,
        121.466804,
        31.182716
    ],
    "image_path": "CitySatellite\\Shanghai\\7269.jpg",
    "poi": [
        [
            2722,
            1,
            0
        ],
        [
            2252,
            2,
            3
        ],
        [
            2522,
            1,
            6
        ],
        [
            2512,
            1,
            6
        ],
        [
            2303,
            4,
            4
        ],
        [
            2721,
            1,
            0
        ],
        [
            2723,
            1,
            0
        ]
    ],
    "places": [
        [
            1010,
            1,
            5
        ]
    ],
    "transport": [
        [
            5641,
            1,
            0
        ],
        [
            5621,
            2,
            1
        ]
    ],
    "traffic": [
        [
            5201,
            6,
            3
        ],
        [
            5204,
            2,
            1
        ]
    ],
    "buildings": [
        75,
        63807.529
    ],
    "landuse": [
        [
            7203,
            1,
            1,
            0.191197
        ],
        [
            7212,
            1,
            0,
            0.326587
        ],
        [
            7202,
            3,
            0,
            1.9457488333333335
        ],
        [
            7213,
            1,
            3,
            0.160519
        ]
    ],
    "road_inner": [
        [
            5114,
            1,
            2,
            3244.096166666667
        ],
        [
            5122,
            2,
            4,
            652.6033333333334
        ],
        [
            5141,
            1,
            5,
            313.688
        ],
        [
            5154,
            3,
            5,
            214.949
        ],
        [
            5153,
            32,
            5,
            4833.392000000001
        ],
        [
            5155,
            2,
            0,
            31.052
        ],
        [
            5152,
            1,
            0,
            2212.8171666666667
        ],
        [
            5112,
            1.0,
            1,
            1350.7287142857142
        ],
        [
            5115,
            1.0,
            3,
            988.9331666666665
        ],
        [
            5113,
            1.0,
            2,
            1702.535
        ]
    ],
    "road_connect": {
        "7030": {
            "1": 1
        },
        "7029": {
            "1": 1
        },
        "7149": {
            "1": 2,
            "3": 4,
            "2": 4,
            "5": 1,
            "0": 2
        },
        "7268": {
            "1": 2,
            "4": 1,
            "2": 7,
            "0": 2,
            "5": 1
        },
        "7388": {
            "1": 2,
            "2": 1
        },
        "7508": {
            "1": 2
        },
        "7148": {
            "3": 1,
            "4": 1
        },
        "7507": {
            "1": 1
        },
        "7627": {
            "1": 1
        },
        "7270": {
            "2": 4,
            "3": 1,
            "5": 3,
            "0": 2
        },
        "7389": {
            "2": 2,
            "5": 3,
            "0": 1
        }
    },
    "population": [
        29262.77657318115
    ],
    "transport_embedding": [
        -2.3989179134368896,
        0.37297847867012024,
        2.135714530944824,
        1.1961501836776733,
        -1.0027939081192017,
        0.33250799775123596,
        0.8345234990119934,
        -0.18119677901268005,
        -0.6689796447753906,
        -0.17358796298503876
    ],
    "roadnet_embedding": [
        -0.4834591746330261,
        -1.1321003437042236,
        -1.3308322429656982,
        1.0361957550048828,
        0.07925713062286377,
        0.5384724736213684,
        0.5091010332107544,
        2.2285921573638916,
        0.9794292449951172,
        0.10984443128108978
    ],
    "function_embedding": [
        -1.6670783758163452,
        0.03283451497554779,
        -1.8984572887420654,
        2.067197561264038,
        0.7729796171188354,
        0.11737405508756638,
        -0.5142779350280762,
        -0.503493070602417,
        -0.633794903755188,
        -0.2581649124622345
    ],
    "city_embedding": [
        -1.0309476852416992,
        2.416843891143799,
        -0.5497980713844299,
        1.4810657501220703,
        3.680095672607422,
        -2.460366725921631,
        -2.3720757961273193,
        3.039984941482544,
        5.6923980712890625,
        1.7853277921676636
    ],
    "degree_embedding": [
        -1.036402702331543,
        1.1285104751586914,
        0.6796453595161438,
        -0.6275153160095215,
        -1.2338088750839233,
        2.1188700199127197,
        -2.1027681827545166,
        1.03954017162323,
        -0.5413126945495605,
        -0.0951949954032898
    ]
}