{
    "id": 7280,
    "range": [
        121.456804,
        31.082716,
        121.466804,
        31.072716
    ],
    "image_path": "CitySatellite\\Shanghai\\7280.jpg",
    "poi": [],
    "places": [],
    "transport": [],
    "traffic": [
        [
            5204,
            12,
            1
        ]
    ],
    "buildings": [],
    "landuse": [
        [
            7204,
            1,
            3,
            2.394984875
        ]
    ],
    "road_inner": [
        [
            5141,
            1.0,
            5,
            241.56133333333332
        ]
    ],
    "road_connect": {
        "7160": {
            "5": 1
        },
        "7161": {
            "5": 1
        }
    },
    "population": [
        7738.184078216553
    ],
    "transport_embedding": [
        -2.451150894165039,
        0.43068286776542664,
        -1.4375495910644531,
        -0.29730868339538574,
        1.1358129978179932,
        -0.22156307101249695,
        0.5063254237174988,
        -0.4968128204345703,
        0.39777374267578125,
        -3.963432788848877
    ],
    "roadnet_embedding": [
        1.1992396116256714,
        -0.48290374875068665,
        0.0037689642049372196,
        0.38458049297332764,
        -2.0387094020843506,
        -0.4217386841773987,
        -0.03515414148569107,
        -0.10967569053173065,
        -0.11573117971420288,
        -0.2946343719959259
    ],
    "function_embedding": [
        -1.1189450025558472,
        -0.6068673133850098,
        1.4412368535995483,
        -0.9049503803253174,
        0.6987069249153137,
        2.1005258560180664,
        -0.3807283639907837,
        0.007677796296775341,
        -0.30395057797431946,
        -0.4993647038936615
    ],
    "city_embedding": [
        -1.0072827339172363,
        -0.011819967068731785,
        -0.2997358441352844,
        0.3325790464878082,
        -0.6628748774528503,
        0.5642450451850891,
        1.298553228378296,
        3.639195203781128,
        2.1116809844970703,
        1.885477900505066
    ],
    "degree_embedding": [
        -0.9813666343688965,
        -0.4224967956542969,
        1.1640962362289429,
        1.1915993690490723,
        1.5031216144561768,
        0.06068969517946243,
        -0.3323799669742584,
        -0.6514042615890503,
        0.49402618408203125,
        -0.5870565176010132
    ]
}