{
    "id": 7311,
    "range": [
        121.456804,
        30.772716,
        121.466804,
        30.762716
    ],
    "image_path": "CitySatellite\\Shanghai\\7311.jpg",
    "poi": [],
    "places": [],
    "transport": [],
    "traffic": [],
    "buildings": [],
    "landuse": [],
    "road_inner": [
        [
            5141,
            1.0,
            5,
            742.48
        ]
    ],
    "road_connect": {
        "7190": {
            "5": 1
        },
        "7191": {
            "5": 1
        }
    },
    "population": [
        0.0
    ],
    "transport_embedding": [
        -0.22919464111328125,
        -0.7649405598640442,
        0.7739510536193848,
        -0.45490825176239014,
        0.6813020706176758,
        -0.24841725826263428,
        -0.7937876582145691,
        -0.12380038946866989,
        0.5813915729522705,
        -0.015071369707584381
    ],
    "roadnet_embedding": [
        1.3305602073669434,
        -0.6833270788192749,
        -0.18130309879779816,
        0.12677901983261108,
        -0.35455259680747986,
        -0.9346961379051208,
        0.191964790225029,
        -0.11948506534099579,
        -0.5598674416542053,
        -1.3723920583724976
    ],
    "function_embedding": [
        -0.6112651228904724,
        -0.302010178565979,
        -0.08711719512939453,
        -0.00889529474079609,
        -1.413667917251587,
        -0.08119682967662811,
        -0.15284201502799988,
        -0.06452116370201111,
        0.04819374158978462,
        0.1944730132818222
    ],
    "city_embedding": [
        -0.983723521232605,
        0.0036167511716485023,
        0.6694934964179993,
        1.3806318044662476,
        -0.5934169292449951,
        1.2560120820999146,
        0.1646505445241928,
        2.77662992477417,
        2.3926258087158203,
        3.5471549034118652
    ],
    "degree_embedding": [
        -0.9813666343688965,
        -0.4224967956542969,
        1.1640962362289429,
        1.1915993690490723,
        1.5031216144561768,
        0.06068969517946243,
        -0.3323799669742584,
        -0.6514042615890503,
        0.49402618408203125,
        -0.5870565176010132
    ]
}