{
    "id": 7312,
    "range": [
        121.456804,
        30.762716,
        121.466804,
        30.752716
    ],
    "image_path": "CitySatellite\\Shanghai\\7312.jpg",
    "poi": [],
    "places": [],
    "transport": [],
    "traffic": [],
    "buildings": [],
    "landuse": [],
    "road_inner": [],
    "road_connect": {},
    "population": [
        0.0
    ],
    "transport_embedding": [
        -0.20080065727233887,
        -0.8056328892707825,
        0.7564398646354675,
        -0.3838169574737549,
        0.27935874462127686,
        0.9950813055038452,
        -0.6670910120010376,
        -0.8711926937103271,
        1.1005653142929077,
        -0.09319420903921127
    ],
    "roadnet_embedding": [
        1.0586559772491455,
        -0.4346362054347992,
        0.08957206457853317,
        0.6009138226509094,
        -2.962618589401245,
        0.10714475810527802,
        0.06266631186008453,
        -0.26235806941986084,
        -0.057697594165802,
        0.4187719523906708
    ],
    "function_embedding": [
        -0.6193922758102417,
        -0.31327471137046814,
        -0.004235498141497374,
        0.008796963840723038,
        -1.3857669830322266,
        -0.0624975748360157,
        -0.00847653578966856,
        -0.06591552495956421,
        -0.2135903388261795,
        0.1626330465078354
    ],
    "city_embedding": [
        -0.983723521232605,
        0.0036167511716485023,
        0.6694934964179993,
        1.3806318044662476,
        -0.5934169292449951,
        1.2560120820999146,
        0.1646505445241928,
        2.77662992477417,
        2.3926258087158203,
        3.5471549034118652
    ],
    "degree_embedding": [
        -0.9859232902526855,
        -0.14980502426624298,
        1.1363672018051147,
        1.3890211582183838,
        1.9668338298797607,
        -0.10017327964305878,
        -0.9014211297035217,
        -0.5218036770820618,
        0.12516868114471436,
        0.34269973635673523
    ]
}