{
    "id": 7334,
    "range": [
        121.466804,
        31.742716,
        121.476804,
        31.732716
    ],
    "image_path": "CitySatellite\\Shanghai\\7334.jpg",
    "poi": [],
    "places": [],
    "transport": [],
    "traffic": [],
    "buildings": [],
    "landuse": [],
    "road_inner": [],
    "road_connect": {},
    "population": [
        0.0
    ],
    "transport_embedding": [
        -0.254244863986969,
        -0.5522589087486267,
        0.6129952073097229,
        -0.9474830627441406,
        0.19775612652301788,
        -1.1616506576538086,
        -0.6448891162872314,
        1.5792946815490723,
        -0.820781946182251,
        -0.36943015456199646
    ],
    "roadnet_embedding": [
        1.0506236553192139,
        -0.42474907636642456,
        0.05850154533982277,
        0.5873523354530334,
        -3.074073314666748,
        0.0314086489379406,
        0.08049915730953217,
        -0.11221449822187424,
        -0.06945459544658661,
        0.3386245667934418
    ],
    "function_embedding": [
        -0.6184056401252747,
        -0.2807615101337433,
        -0.08772076666355133,
        0.07504725456237793,
        -1.482253074645996,
        -0.05962282791733742,
        -0.1106123998761177,
        -0.08133739233016968,
        -0.10836958140134811,
        0.3430604934692383
    ],
    "city_embedding": [
        -0.983723521232605,
        0.0036167511716485023,
        0.6694934964179993,
        1.3806318044662476,
        -0.5934169292449951,
        1.2560120820999146,
        0.1646505445241928,
        2.77662992477417,
        2.3926258087158203,
        3.5471549034118652
    ],
    "degree_embedding": [
        -0.9859232902526855,
        -0.14980502426624298,
        1.1363672018051147,
        1.3890211582183838,
        1.9668338298797607,
        -0.10017327964305878,
        -0.9014211297035217,
        -0.5218036770820618,
        0.12516868114471436,
        0.34269973635673523
    ]
}