{
    "id": 7380,
    "range": [
        121.466804,
        31.282716,
        121.476804,
        31.272716
    ],
    "image_path": "CitySatellite\\Shanghai\\7380.jpg",
    "poi": [
        [
            2082,
            1,
            2
        ],
        [
            2401,
            1,
            5
        ],
        [
            2006,
            1,
            2
        ],
        [
            2111,
            1,
            0
        ],
        [
            2303,
            1,
            4
        ]
    ],
    "places": [
        [
            1010,
            1,
            5
        ]
    ],
    "transport": [
        [
            5621,
            16,
            1
        ]
    ],
    "traffic": [
        [
            5206,
            1,
            2
        ],
        [
            5201,
            10,
            3
        ],
        [
            5204,
            3,
            1
        ]
    ],
    "buildings": [
        165,
        110806.86399999996
    ],
    "landuse": [
        [
            7213,
            1,
            3,
            0.5528915
        ],
        [
            7203,
            12,
            1,
            2.2028535000000002
        ],
        [
            7204,
            1,
            3,
            0.319421
        ]
    ],
    "road_inner": [
        [
            5132,
            4,
            1,
            786.6320000000001
        ],
        [
            5122,
            5,
            4,
            1983.0210833333333
        ],
        [
            5141,
            3,
            5,
            436.44775
        ],
        [
            5133,
            1,
            2,
            358.98900000000003
        ],
        [
            5113,
            10,
            2,
            4671.985
        ],
        [
            5124,
            2,
            5,
            638.7865
        ],
        [
            5153,
            14,
            5,
            922.8467500000002
        ],
        [
            5155,
            1,
            0,
            40.2605
        ],
        [
            5121,
            1,
            4,
            811.8715000000001
        ],
        [
            5114,
            4,
            2,
            2963.420833333333
        ],
        [
            5112,
            1.0,
            1,
            1829.9016666666666
        ]
    ],
    "road_connect": {
        "7260": {
            "2": 3,
            "4": 1
        },
        "7381": {
            "4": 1,
            "1": 2,
            "2": 6,
            "5": 9,
            "0": 1
        },
        "7261": {
            "1": 2
        },
        "7499": {
            "1": 2,
            "4": 1
        },
        "7500": {
            "1": 2,
            "4": 3,
            "2": 10,
            "5": 3
        },
        "7379": {
            "4": 2,
            "2": 1
        },
        "7619": {
            "1": 1
        },
        "7501": {
            "5": 2
        }
    },
    "population": [
        54796.28799438477
    ],
    "transport_embedding": [
        -2.487612724304199,
        0.4764978289604187,
        -1.2104331254959106,
        -0.2247602939605713,
        1.097011685371399,
        0.44323158264160156,
        0.3311004638671875,
        -0.06571054458618164,
        -0.169158935546875,
        2.425647258758545
    ],
    "roadnet_embedding": [
        -2.7478177547454834,
        -1.3500335216522217,
        -0.2999325692653656,
        2.3792335987091064,
        -0.37873655557632446,
        -1.2301322221755981,
        0.45283278822898865,
        1.0448048114776611,
        0.8627005815505981,
        -0.7143702507019043
    ],
    "function_embedding": [
        -1.4530718326568604,
        -0.2184012532234192,
        -1.1555633544921875,
        0.7862403392791748,
        0.8065723776817322,
        -0.18063370883464813,
        -0.03176640719175339,
        -0.8228085041046143,
        -0.4194072186946869,
        1.8925100564956665
    ],
    "city_embedding": [
        -1.0832973718643188,
        2.9341652393341064,
        -2.6225764751434326,
        0.724876344203949,
        1.6428452730178833,
        -2.9122519493103027,
        -1.7385748624801636,
        0.7406283617019653,
        1.6416555643081665,
        2.5112249851226807
    ],
    "degree_embedding": [
        -1.0234042406082153,
        0.5696330070495605,
        1.2484709024429321,
        -0.3934766352176666,
        -1.5369446277618408,
        0.8124811053276062,
        -1.8785399198532104,
        -1.2324020862579346,
        -1.1896406412124634,
        1.3873989582061768
    ]
}