{
    "id": 7381,
    "range": [
        121.466804,
        31.272716,
        121.476804,
        31.262716
    ],
    "image_path": "CitySatellite\\Shanghai\\7381.jpg",
    "poi": [
        [
            2251,
            1,
            3
        ],
        [
            2526,
            1,
            6
        ],
        [
            2405,
            1,
            5
        ],
        [
            2301,
            4,
            4
        ],
        [
            2303,
            3,
            4
        ],
        [
            2601,
            4,
            0
        ],
        [
            2401,
            1,
            5
        ],
        [
            2511,
            3,
            6
        ],
        [
            2561,
            2,
            6
        ],
        [
            2512,
            1,
            6
        ],
        [
            2006,
            4,
            2
        ]
    ],
    "places": [],
    "transport": [
        [
            5621,
            13,
            1
        ]
    ],
    "traffic": [
        [
            5201,
            3,
            3
        ]
    ],
    "buildings": [
        181,
        118536.85750000003
    ],
    "landuse": [
        [
            7201,
            2,
            4,
            0.309499
        ],
        [
            7202,
            1,
            0,
            0.294933
        ],
        [
            7203,
            10,
            1,
            0.3091605
        ],
        [
            7209,
            1,
            2,
            0.07053
        ]
    ],
    "road_inner": [
        [
            5114,
            11,
            2,
            3676.247333333333
        ],
        [
            5122,
            21,
            4,
            5960.374333333334
        ],
        [
            5115,
            10,
            3,
            1541.961
        ],
        [
            5141,
            6,
            5,
            724.1417499999999
        ],
        [
            5113,
            5,
            2,
            1656.979
        ],
        [
            5134,
            1,
            2,
            102.459
        ],
        [
            5124,
            3,
            5,
            560.8055
        ],
        [
            5155,
            3,
            0,
            103.26249999999999
        ],
        [
            5153,
            17,
            5,
            1267.0642500000001
        ],
        [
            5112,
            1.0,
            1,
            1339.8546666666666
        ]
    ],
    "road_connect": {
        "7262": {
            "4": 1
        },
        "7382": {
            "4": 4,
            "3": 3,
            "2": 2
        },
        "7260": {
            "4": 1
        },
        "7380": {
            "4": 1,
            "1": 2,
            "2": 6,
            "5": 9,
            "0": 1
        },
        "7261": {
            "1": 2,
            "4": 5,
            "2": 2,
            "3": 1
        },
        "7499": {
            "1": 1
        },
        "7500": {
            "1": 1,
            "2": 1,
            "5": 2
        },
        "7501": {
            "4": 2,
            "5": 5,
            "2": 2
        },
        "7502": {
            "3": 1
        }
    },
    "population": [
        52079.83618164062
    ],
    "transport_embedding": [
        -2.3577959537506104,
        0.309028297662735,
        -1.1111866235733032,
        -0.1005241870880127,
        0.6233867406845093,
        0.3333625793457031,
        0.06497764587402344,
        0.18098020553588867,
        0.011859893798828125,
        2.114767551422119
    ],
    "roadnet_embedding": [
        -1.9558688402175903,
        -1.273798942565918,
        0.7804142832756042,
        1.7133328914642334,
        -0.2623051702976227,
        -0.44809094071388245,
        0.1162494421005249,
        1.1789720058441162,
        0.757169246673584,
        -0.6153960824012756
    ],
    "function_embedding": [
        -1.7392023801803589,
        0.11853134632110596,
        -2.4305009841918945,
        2.225529909133911,
        0.8082184791564941,
        0.32945767045021057,
        -0.5952815413475037,
        0.0636628121137619,
        -0.907230019569397,
        -1.3399600982666016
    ],
    "city_embedding": [
        -1.1007360219955444,
        1.185459852218628,
        -3.8330938816070557,
        -0.002275294391438365,
        -0.4431494176387787,
        -1.962032675743103,
        1.6291648149490356,
        -0.9173237085342407,
        -3.1410868167877197,
        7.375779628753662
    ],
    "degree_embedding": [
        -1.0319817066192627,
        1.011541724205017,
        0.9735120534896851,
        0.6232986450195312,
        -1.5017845630645752,
        -0.13287901878356934,
        -1.6645604372024536,
        -0.90314120054245,
        0.11954868584871292,
        0.6312650442123413
    ]
}