{
    "id": 7383,
    "range": [
        121.466804,
        31.252716,
        121.476804,
        31.24271599999999
    ],
    "image_path": "CitySatellite\\Shanghai\\7383.jpg",
    "poi": [
        [
            2722,
            2,
            0
        ],
        [
            2405,
            1,
            5
        ],
        [
            2016,
            1,
            2
        ],
        [
            2721,
            2,
            0
        ],
        [
            2301,
            2,
            4
        ],
        [
            2512,
            1,
            6
        ],
        [
            2511,
            2,
            6
        ],
        [
            2303,
            2,
            4
        ],
        [
            2302,
            3,
            4
        ],
        [
            2514,
            1,
            6
        ],
        [
            2901,
            3,
            0
        ],
        [
            2546,
            2,
            6
        ],
        [
            2001,
            1,
            2
        ]
    ],
    "places": [
        [
            1004,
            2,
            4
        ]
    ],
    "transport": [
        [
            5621,
            15,
            1
        ],
        [
            5601,
            2,
            2
        ]
    ],
    "traffic": [
        [
            5201,
            2,
            3
        ],
        [
            5204,
            23,
            1
        ],
        [
            5206,
            1,
            2
        ]
    ],
    "buildings": [
        86,
        120212.8571666667
    ],
    "landuse": [
        [
            7218,
            14,
            5,
            0.06664133333333334
        ],
        [
            7203,
            4,
            1,
            0.6255930000000001
        ],
        [
            7201,
            1,
            4,
            0.015706
        ],
        [
            7212,
            2,
            0,
            0.843337
        ],
        [
            7202,
            2,
            0,
            0.08507899999999999
        ]
    ],
    "road_inner": [
        [
            5115,
            11,
            3,
            1367.7320000000002
        ],
        [
            5114,
            12,
            2,
            4395.725500000001
        ],
        [
            5122,
            19,
            4,
            6493.488000000001
        ],
        [
            5141,
            4,
            5,
            642.604
        ],
        [
            5155,
            8,
            0,
            132.929
        ],
        [
            5153,
            28,
            5,
            1691.5045000000002
        ],
        [
            5112,
            1,
            1,
            915.4549999999999
        ],
        [
            5133,
            1,
            2,
            113.795
        ],
        [
            5113,
            1,
            2,
            1182.5605
        ]
    ],
    "road_connect": {
        "7262": {
            "4": 1
        },
        "7382": {
            "4": 4,
            "2": 2,
            "5": 1
        },
        "7263": {
            "2": 8,
            "4": 3,
            "5": 4,
            "1": 2
        },
        "7384": {
            "2": 2,
            "4": 8,
            "3": 2
        },
        "7503": {
            "4": 5,
            "2": 6,
            "3": 1,
            "5": 4,
            "0": 1
        },
        "7504": {
            "4": 1
        },
        "7502": {
            "4": 1
        }
    },
    "population": [
        47618.44627380371
    ],
    "transport_embedding": [
        -2.489408493041992,
        0.47881683707237244,
        -1.3912402391433716,
        -0.30062413215637207,
        1.2161345481872559,
        0.4485759735107422,
        0.3045768737792969,
        -0.0653843879699707,
        -0.14544296264648438,
        -4.15436315536499
    ],
    "roadnet_embedding": [
        -2.1348416805267334,
        -1.2910349369049072,
        1.1531000137329102,
        1.6068754196166992,
        -0.34240058064460754,
        -0.515203058719635,
        0.02280493639409542,
        1.1685686111450195,
        0.7035233378410339,
        -0.814246654510498
    ],
    "function_embedding": [
        -1.7389271259307861,
        0.11820447444915771,
        -2.427680730819702,
        2.2248144149780273,
        0.8080344200134277,
        0.3263780176639557,
        -0.5947380065917969,
        0.058066584169864655,
        -0.9061095118522644,
        -1.386600375175476
    ],
    "city_embedding": [
        -1.106745958328247,
        -0.6279868483543396,
        -4.508143424987793,
        -1.083865761756897,
        1.0179641246795654,
        -1.7164630889892578,
        0.013309658505022526,
        -0.15147989988327026,
        4.450553894042969,
        10.320369720458984
    ],
    "degree_embedding": [
        -1.0799158811569214,
        3.2238852977752686,
        0.24035295844078064,
        2.6216659545898438,
        -0.41718432307243347,
        -0.5884881615638733,
        2.0036303997039795,
        -1.5432069301605225,
        -0.35026001930236816,
        -0.4975742697715759
    ]
}