{
    "id": 7384,
    "range": [
        121.466804,
        31.242716,
        121.476804,
        31.232716
    ],
    "image_path": "CitySatellite\\Shanghai\\7384.jpg",
    "poi": [
        [
            2203,
            5,
            3
        ],
        [
            2901,
            7,
            0
        ],
        [
            2302,
            17,
            4
        ],
        [
            2401,
            24,
            5
        ],
        [
            2301,
            53,
            4
        ],
        [
            2001,
            1,
            2
        ],
        [
            2516,
            2,
            6
        ],
        [
            2101,
            3,
            0
        ],
        [
            2303,
            18,
            4
        ],
        [
            2304,
            3,
            4
        ],
        [
            2525,
            3,
            6
        ],
        [
            2502,
            5,
            6
        ],
        [
            2515,
            1,
            6
        ],
        [
            2518,
            1,
            6
        ],
        [
            2601,
            3,
            0
        ],
        [
            2721,
            10,
            0
        ],
        [
            2722,
            3,
            0
        ],
        [
            2305,
            4,
            4
        ],
        [
            2602,
            1,
            0
        ],
        [
            2724,
            3,
            0
        ],
        [
            2511,
            8,
            6
        ],
        [
            2505,
            3,
            6
        ],
        [
            2561,
            1,
            6
        ],
        [
            2512,
            5,
            6
        ],
        [
            2528,
            2,
            6
        ],
        [
            2501,
            1,
            6
        ],
        [
            2002,
            1,
            2
        ],
        [
            2522,
            2,
            6
        ],
        [
            2526,
            1,
            6
        ],
        [
            2016,
            1,
            2
        ],
        [
            2520,
            1,
            6
        ],
        [
            2006,
            2,
            2
        ],
        [
            2405,
            1,
            5
        ],
        [
            2306,
            3,
            4
        ],
        [
            2503,
            1,
            6
        ],
        [
            2083,
            1,
            2
        ],
        [
            2202,
            1,
            3
        ]
    ],
    "places": [],
    "transport": [
        [
            5621,
            21,
            1
        ]
    ],
    "traffic": [
        [
            5201,
            40,
            3
        ],
        [
            5204,
            21,
            1
        ],
        [
            5270,
            1,
            0
        ]
    ],
    "buildings": [
        815,
        430455.9455000001
    ],
    "landuse": [
        [
            7202,
            6,
            0,
            1.2827350000000002
        ],
        [
            7203,
            7,
            1,
            0.547415
        ],
        [
            7209,
            3,
            2,
            0.28426100000000004
        ],
        [
            7201,
            3,
            4,
            0.029101
        ],
        [
            7218,
            9,
            5,
            0.04533333333333334
        ],
        [
            7212,
            2,
            0,
            1.619651
        ]
    ],
    "road_inner": [
        [
            5122,
            24,
            4,
            9983.028666666667
        ],
        [
            5115,
            14,
            3,
            3656.4805
        ],
        [
            5114,
            21,
            2,
            5075.529
        ],
        [
            5153,
            107,
            5,
            10421.523000000001
        ],
        [
            5124,
            14,
            5,
            4129.906000000001
        ],
        [
            5141,
            35,
            5,
            3804.8219999999997
        ],
        [
            5134,
            3,
            2,
            369.71099999999996
        ],
        [
            5155,
            3,
            0,
            42.327999999999996
        ],
        [
            5152,
            1.0,
            0,
            580.546
        ]
    ],
    "road_connect": {
        "7264": {
            "5": 11,
            "4": 6,
            "3": 2,
            "2": 3
        },
        "7263": {
            "4": 1,
            "2": 1
        },
        "7383": {
            "2": 2,
            "4": 8,
            "3": 2
        },
        "7385": {
            "3": 4,
            "4": 3,
            "5": 7,
            "0": 2,
            "2": 2
        },
        "7504": {
            "3": 5,
            "5": 8,
            "2": 2,
            "4": 6
        },
        "7503": {
            "4": 2
        },
        "7505": {
            "3": 1
        }
    },
    "population": [
        55563.62902832031
    ],
    "transport_embedding": [
        -2.489511251449585,
        0.47894930839538574,
        -1.3931999206542969,
        -0.3014993667602539,
        1.2176761627197266,
        0.4487018585205078,
        0.3044624328613281,
        -0.06553125381469727,
        -0.14530563354492188,
        2.3190646171569824
    ],
    "roadnet_embedding": [
        -0.7780628800392151,
        -1.1604782342910767,
        -2.8709959983825684,
        0.12462817132472992,
        -0.19200897216796875,
        0.3781099319458008,
        -2.376309633255005,
        11.479512214660645,
        2.030776023864746,
        6.804970741271973
    ],
    "function_embedding": [
        -1.7399601936340332,
        0.11943185329437256,
        -2.5353174209594727,
        2.2515621185302734,
        0.813817024230957,
        0.39586591720581055,
        -0.6126670837402344,
        0.21370506286621094,
        -0.9365334510803223,
        -1.6095995903015137
    ],
    "city_embedding": [
        -1.1313979625701904,
        2.6953790187835693,
        -4.729320526123047,
        -0.2934637665748596,
        -1.1273515224456787,
        -2.329749584197998,
        -2.523913860321045,
        -4.852696418762207,
        -26.71891212463379,
        -2.988459587097168
    ],
    "degree_embedding": [
        -1.1172749996185303,
        4.808196544647217,
        -0.4144625961780548,
        3.6762890815734863,
        -0.009662507101893425,
        1.1522674560546875,
        4.874485492706299,
        -4.798407077789307,
        3.0432276725769043,
        1.9320014715194702
    ]
}