{
    "id": 7385,
    "range": [
        121.466804,
        31.232716,
        121.476804,
        31.222716
    ],
    "image_path": "CitySatellite\\Shanghai\\7385.jpg",
    "poi": [
        [
            2303,
            21,
            4
        ],
        [
            2901,
            12,
            0
        ],
        [
            2301,
            34,
            4
        ],
        [
            2302,
            5,
            4
        ],
        [
            2504,
            2,
            6
        ],
        [
            2001,
            2,
            2
        ],
        [
            2401,
            3,
            5
        ],
        [
            2501,
            1,
            6
        ],
        [
            2602,
            3,
            0
        ],
        [
            2601,
            5,
            0
        ],
        [
            2567,
            1,
            6
        ],
        [
            2511,
            7,
            6
        ],
        [
            2404,
            1,
            5
        ],
        [
            2512,
            6,
            6
        ],
        [
            2006,
            1,
            2
        ],
        [
            2907,
            1,
            0
        ],
        [
            2561,
            1,
            6
        ],
        [
            2721,
            5,
            0
        ],
        [
            2525,
            1,
            6
        ],
        [
            2305,
            5,
            4
        ],
        [
            2521,
            1,
            6
        ],
        [
            2002,
            1,
            2
        ],
        [
            2306,
            1,
            4
        ],
        [
            2111,
            1,
            0
        ],
        [
            2202,
            1,
            3
        ],
        [
            2544,
            1,
            6
        ],
        [
            2502,
            3,
            6
        ],
        [
            2405,
            1,
            5
        ],
        [
            2201,
            1,
            3
        ],
        [
            2203,
            1,
            3
        ],
        [
            2008,
            1,
            2
        ],
        [
            2722,
            2,
            0
        ],
        [
            2522,
            1,
            6
        ]
    ],
    "places": [
        [
            1001,
            1,
            1
        ]
    ],
    "transport": [
        [
            5601,
            4,
            2
        ],
        [
            5621,
            43,
            1
        ]
    ],
    "traffic": [
        [
            5201,
            47,
            3
        ],
        [
            5206,
            4,
            2
        ],
        [
            5204,
            74,
            1
        ],
        [
            5260,
            2,
            0
        ],
        [
            5263,
            1,
            0
        ]
    ],
    "buildings": [
        196,
        233315.36866666647
    ],
    "landuse": [
        [
            7202,
            7,
            0,
            2.8927664999999996
        ],
        [
            7218,
            26,
            5,
            0.6917905
        ],
        [
            7217,
            1,
            5,
            0.000911
        ],
        [
            7212,
            1,
            0,
            0.1919325
        ],
        [
            7209,
            6,
            2,
            0.2486475
        ],
        [
            7201,
            5,
            4,
            0.599115
        ],
        [
            7208,
            1,
            5,
            0.005528
        ],
        [
            7203,
            3,
            1,
            0.203232
        ]
    ],
    "road_inner": [
        [
            5115,
            29,
            3,
            4181.9405
        ],
        [
            5122,
            26,
            4,
            7065.888166666668
        ],
        [
            5114,
            14,
            2,
            2803.0609999999997
        ],
        [
            5153,
            89,
            5,
            10165.392500000007
        ],
        [
            5132,
            14,
            1,
            2885.709000000001
        ],
        [
            5113,
            17,
            2,
            4525.106833333333
        ],
        [
            5141,
            21,
            5,
            1768.831
        ],
        [
            5124,
            6,
            5,
            813.7925
        ],
        [
            5155,
            18,
            0,
            380.649
        ],
        [
            5133,
            3,
            2,
            196.93
        ],
        [
            5154,
            3,
            5,
            84.656
        ],
        [
            5121,
            3,
            4,
            378.474
        ],
        [
            5112,
            1.0,
            1,
            2313.5644166666666
        ],
        [
            5152,
            1.0,
            0,
            580.546
        ]
    ],
    "road_connect": {
        "7266": {
            "1": 1,
            "2": 1
        },
        "7386": {
            "1": 4,
            "2": 4,
            "5": 4,
            "4": 5,
            "3": 2
        },
        "7387": {
            "1": 1
        },
        "7264": {
            "3": 1
        },
        "7265": {
            "3": 2,
            "1": 8,
            "5": 10,
            "4": 6,
            "2": 9
        },
        "7506": {
            "4": 1,
            "2": 2
        },
        "7384": {
            "3": 4,
            "4": 3,
            "5": 7,
            "0": 2,
            "2": 2
        },
        "7504": {
            "3": 1,
            "4": 1,
            "2": 4,
            "1": 3
        },
        "7505": {
            "3": 2,
            "4": 7,
            "2": 7,
            "5": 9,
            "1": 4
        }
    },
    "population": [
        60661.90228271484
    ],
    "transport_embedding": [
        -2.489511251449585,
        0.47894930839538574,
        -1.3932232856750488,
        -0.30150890350341797,
        1.2176904678344727,
        0.4487018585205078,
        0.3044586181640625,
        -0.06552934646606445,
        -0.14530181884765625,
        -4.178707122802734
    ],
    "roadnet_embedding": [
        -1.4988127946853638,
        -1.2298434972763062,
        -2.3865725994110107,
        0.7156303524971008,
        -0.30564403533935547,
        -0.20177322626113892,
        -1.765242576599121,
        7.432453632354736,
        1.250577688217163,
        3.594156503677368
    ],
    "function_embedding": [
        -1.7399601936340332,
        0.11943185329437256,
        -2.5353174209594727,
        2.2515621185302734,
        0.813817024230957,
        0.39586591720581055,
        -0.6126670837402344,
        0.21370506286621094,
        -0.9365334510803223,
        -1.6095995903015137
    ],
    "city_embedding": [
        -1.1352163553237915,
        3.284571886062622,
        -4.762955665588379,
        -0.466992050409317,
        -2.3137459754943848,
        -1.8273086547851562,
        3.7939870357513428,
        -8.134005546569824,
        -27.923063278198242,
        -9.002062797546387
    ],
    "degree_embedding": [
        -1.1563752889633179,
        6.473520755767822,
        -4.221068859100342,
        4.37614631652832,
        0.829535722732544,
        6.671444416046143,
        3.61871075630188,
        -9.133309364318848,
        6.5915727615356445,
        4.18766975402832
    ]
}