{
    "id": 7386,
    "range": [
        121.466804,
        31.222716,
        121.476804,
        31.212716
    ],
    "image_path": "CitySatellite\\Shanghai\\7386.jpg",
    "poi": [
        [
            2601,
            6,
            0
        ],
        [
            2602,
            3,
            0
        ],
        [
            2501,
            2,
            6
        ],
        [
            2303,
            11,
            4
        ],
        [
            2301,
            23,
            4
        ],
        [
            2904,
            1,
            0
        ],
        [
            2511,
            5,
            6
        ],
        [
            2901,
            7,
            0
        ],
        [
            2520,
            1,
            6
        ],
        [
            2541,
            1,
            6
        ],
        [
            2401,
            1,
            5
        ],
        [
            2542,
            1,
            6
        ],
        [
            2524,
            1,
            6
        ],
        [
            2502,
            4,
            6
        ],
        [
            2721,
            3,
            0
        ],
        [
            2082,
            1,
            2
        ],
        [
            2544,
            1,
            6
        ],
        [
            2512,
            3,
            6
        ],
        [
            2203,
            1,
            3
        ],
        [
            2202,
            2,
            3
        ],
        [
            2521,
            1,
            6
        ],
        [
            2724,
            1,
            0
        ],
        [
            2302,
            5,
            4
        ],
        [
            2011,
            2,
            2
        ],
        [
            2404,
            1,
            5
        ],
        [
            2004,
            3,
            2
        ],
        [
            2101,
            1,
            0
        ],
        [
            2722,
            2,
            0
        ],
        [
            2561,
            1,
            6
        ],
        [
            2516,
            1,
            6
        ],
        [
            2005,
            1,
            1
        ]
    ],
    "places": [
        [
            1010,
            1,
            5
        ]
    ],
    "transport": [
        [
            5601,
            2,
            2
        ],
        [
            5621,
            17,
            1
        ]
    ],
    "traffic": [
        [
            5201,
            21,
            3
        ],
        [
            5204,
            21,
            1
        ],
        [
            5260,
            1,
            0
        ],
        [
            5206,
            1,
            2
        ]
    ],
    "buildings": [
        195,
        145238.45575000005
    ],
    "landuse": [
        [
            7203,
            17,
            1,
            1.5208110000000001
        ],
        [
            7212,
            2,
            0,
            0.299643
        ],
        [
            7202,
            1,
            0,
            0.251662
        ],
        [
            7209,
            5,
            2,
            0.5532405
        ]
    ],
    "road_inner": [
        [
            5122,
            15,
            4,
            5658.144499999999
        ],
        [
            5153,
            11,
            5,
            964.955
        ],
        [
            5115,
            5,
            3,
            3038.0009999999997
        ],
        [
            5123,
            1,
            5,
            124.82
        ],
        [
            5124,
            8,
            5,
            1296.6485
        ],
        [
            5155,
            1,
            0,
            38.596
        ],
        [
            5141,
            4,
            5,
            805.388
        ],
        [
            5132,
            1,
            1,
            743.9590000000001
        ],
        [
            5114,
            3,
            2,
            1249.2715
        ],
        [
            5113,
            1.0,
            2,
            1940.4775
        ],
        [
            5112,
            1.0,
            1,
            1212.3697499999998
        ],
        [
            5121,
            1.0,
            4,
            78.68
        ]
    ],
    "road_connect": {
        "7146": {
            "4": 1
        },
        "7266": {
            "4": 2,
            "2": 8,
            "1": 5,
            "5": 4
        },
        "7387": {
            "1": 4,
            "2": 6,
            "3": 3,
            "5": 2,
            "4": 3
        },
        "7385": {
            "1": 4,
            "2": 4,
            "5": 4,
            "4": 5,
            "3": 2
        },
        "7265": {
            "2": 1
        },
        "7506": {
            "3": 2,
            "4": 6,
            "2": 3
        }
    },
    "population": [
        58084.86416625977
    ],
    "transport_embedding": [
        -2.489509105682373,
        0.4789466857910156,
        -1.3919575214385986,
        -0.30098462104797363,
        1.2168903350830078,
        0.4486732482910156,
        0.3046684265136719,
        -0.0655522346496582,
        -0.14548492431640625,
        -2.901841163635254
    ],
    "roadnet_embedding": [
        -0.7339064478874207,
        -1.156150221824646,
        0.27648675441741943,
        1.0332454442977905,
        -0.003305059392005205,
        0.47149017453193665,
        -0.6582561731338501,
        0.5640493035316467,
        0.7410065531730652,
        0.044781528413295746
    ],
    "function_embedding": [
        -1.7399601936340332,
        0.11943185329437256,
        -2.5353169441223145,
        2.2515618801116943,
        0.813817024230957,
        0.39586567878723145,
        -0.6126670837402344,
        0.21370458602905273,
        -0.9365329742431641,
        -1.609599232673645
    ],
    "city_embedding": [
        -1.0912089347839355,
        2.9703738689422607,
        -2.9496328830718994,
        0.8189189434051514,
        1.232242226600647,
        -2.836178779602051,
        -1.8164405822753906,
        -0.46633169054985046,
        -0.6698563098907471,
        1.9653669595718384
    ],
    "degree_embedding": [
        -1.0742073059082031,
        2.800410270690918,
        0.09800146520137787,
        1.0266132354736328,
        -0.7637912631034851,
        1.166646957397461,
        -0.5434530973434448,
        -2.7142770290374756,
        0.35162976384162903,
        0.8758389949798584
    ]
}