{
    "id": 7387,
    "range": [
        121.466804,
        31.212716,
        121.476804,
        31.202716
    ],
    "image_path": "CitySatellite\\Shanghai\\7387.jpg",
    "poi": [
        [
            2722,
            1,
            0
        ],
        [
            2401,
            3,
            5
        ],
        [
            2301,
            4,
            4
        ],
        [
            2601,
            6,
            0
        ],
        [
            2511,
            4,
            6
        ],
        [
            2501,
            2,
            6
        ],
        [
            2502,
            2,
            6
        ],
        [
            2302,
            2,
            4
        ],
        [
            2602,
            2,
            0
        ],
        [
            2082,
            1,
            2
        ],
        [
            2084,
            1,
            2
        ],
        [
            2505,
            1,
            6
        ],
        [
            2004,
            2,
            2
        ],
        [
            2305,
            2,
            4
        ],
        [
            2303,
            3,
            4
        ],
        [
            2528,
            1,
            6
        ],
        [
            2512,
            1,
            6
        ],
        [
            2542,
            1,
            6
        ],
        [
            2110,
            1,
            0
        ],
        [
            2129,
            1,
            0
        ],
        [
            2203,
            1,
            3
        ]
    ],
    "places": [
        [
            1010,
            1,
            5
        ]
    ],
    "transport": [
        [
            5601,
            2,
            2
        ],
        [
            5621,
            11,
            1
        ]
    ],
    "traffic": [
        [
            5206,
            1,
            2
        ],
        [
            5201,
            30,
            3
        ]
    ],
    "buildings": [
        126,
        92408.38625000003
    ],
    "landuse": [
        [
            7209,
            1,
            2,
            0.126839
        ],
        [
            7212,
            1,
            0,
            0.1077105
        ],
        [
            7203,
            9,
            1,
            2.0316425
        ],
        [
            7202,
            1,
            0,
            0.154806
        ]
    ],
    "road_inner": [
        [
            5122,
            15,
            4,
            3456.1065
        ],
        [
            5113,
            48,
            2,
            6524.448999999999
        ],
        [
            5141,
            2,
            5,
            1019.1780000000001
        ],
        [
            5115,
            5,
            3,
            2947.2046666666665
        ],
        [
            5114,
            4,
            2,
            1755.5725000000002
        ],
        [
            5155,
            2,
            0,
            35.402
        ],
        [
            5153,
            3,
            5,
            134.76
        ],
        [
            5132,
            8,
            1,
            1144.227
        ],
        [
            5133,
            3,
            2,
            57.163
        ],
        [
            5112,
            1.0,
            1,
            1454.0727499999998
        ]
    ],
    "road_connect": {
        "7266": {
            "1": 2,
            "2": 4
        },
        "7386": {
            "1": 4,
            "2": 6,
            "3": 3,
            "5": 2,
            "4": 3
        },
        "7385": {
            "1": 1
        },
        "7267": {
            "4": 4,
            "3": 1,
            "2": 4
        },
        "7506": {
            "2": 2,
            "4": 2
        },
        "7507": {
            "2": 1,
            "4": 3,
            "3": 1
        },
        "7508": {
            "3": 1
        },
        "7388": {
            "3": 1,
            "4": 1,
            "5": 4,
            "2": 2,
            "1": 2
        }
    },
    "population": [
        58749.85330200195
    ],
    "transport_embedding": [
        -2.489511251449585,
        0.47894930839538574,
        -1.3903844356536865,
        -0.3003358840942383,
        1.2159109115600586,
        0.4486408233642578,
        0.30493736267089844,
        -0.06559038162231445,
        -0.14571762084960938,
        2.472598075866699
    ],
    "roadnet_embedding": [
        -2.7232398986816406,
        -1.3476734161376953,
        -0.04451291263103485,
        2.618147373199463,
        -0.32453298568725586,
        -1.2289592027664185,
        0.5112694501876831,
        0.7372382283210754,
        0.9160614013671875,
        -0.852855920791626
    ],
    "function_embedding": [
        -1.7399574518203735,
        0.11942875385284424,
        -2.5294313430786133,
        2.2501027584075928,
        0.8135085105895996,
        0.39192166924476624,
        -0.6116790771484375,
        0.20502734184265137,
        -0.9349035024642944,
        -1.5959361791610718
    ],
    "city_embedding": [
        -1.088257074356079,
        3.032506227493286,
        -2.8057193756103516,
        0.28046920895576477,
        1.4370020627975464,
        -2.886810541152954,
        -1.547037124633789,
        0.2875466048717499,
        2.405895948410034,
        2.760780096054077
    ],
    "degree_embedding": [
        -1.0421396493911743,
        1.4282504320144653,
        0.6172935366630554,
        -0.1110878437757492,
        -1.076876163482666,
        0.2666843831539154,
        -1.4430058002471924,
        -1.5692939758300781,
        -0.8377205729484558,
        0.5347790718078613
    ]
}