{
    "id": 7388,
    "range": [
        121.466804,
        31.202716,
        121.476804,
        31.192716
    ],
    "image_path": "CitySatellite\\Shanghai\\7388.jpg",
    "poi": [
        [
            2302,
            1,
            4
        ],
        [
            2401,
            2,
            5
        ],
        [
            2303,
            3,
            4
        ],
        [
            2504,
            1,
            6
        ],
        [
            2601,
            2,
            0
        ],
        [
            2501,
            1,
            6
        ],
        [
            2502,
            1,
            6
        ],
        [
            2305,
            1,
            4
        ],
        [
            2602,
            1,
            0
        ],
        [
            2405,
            1,
            5
        ],
        [
            2110,
            1,
            0
        ],
        [
            2301,
            1,
            4
        ]
    ],
    "places": [],
    "transport": [
        [
            5621,
            18,
            1
        ]
    ],
    "traffic": [
        [
            5201,
            24,
            3
        ],
        [
            5206,
            6,
            2
        ]
    ],
    "buildings": [
        123,
        107239.407
    ],
    "landuse": [
        [
            7202,
            3,
            0,
            0.6021986666666667
        ],
        [
            7203,
            9,
            1,
            1.7994819999999998
        ],
        [
            7209,
            3,
            2,
            0.372324
        ],
        [
            7212,
            1,
            0,
            0.2110745
        ]
    ],
    "road_inner": [
        [
            5132,
            22,
            1,
            4457.861
        ],
        [
            5122,
            15,
            4,
            3717.129333333333
        ],
        [
            5112,
            7,
            1,
            4238.841214285715
        ],
        [
            5114,
            23,
            2,
            3984.28355
        ],
        [
            5113,
            38,
            2,
            5468.537000000001
        ],
        [
            5141,
            16,
            5,
            2020.1825000000001
        ],
        [
            5153,
            4,
            5,
            1306.2281666666665
        ],
        [
            5133,
            10,
            2,
            345.766
        ],
        [
            5115,
            1,
            3,
            671.829
        ],
        [
            5152,
            1.0,
            0,
            635.6536666666667
        ]
    ],
    "road_connect": {
        "7030": {
            "1": 1
        },
        "7029": {
            "1": 1
        },
        "7149": {
            "1": 2
        },
        "7268": {
            "1": 2,
            "4": 3,
            "2": 6,
            "5": 2
        },
        "7269": {
            "1": 2,
            "2": 1
        },
        "7508": {
            "1": 4,
            "5": 8,
            "0": 1,
            "4": 1,
            "2": 6,
            "3": 1
        },
        "7507": {
            "1": 1,
            "4": 1,
            "5": 1
        },
        "7627": {
            "1": 1,
            "5": 1
        },
        "7747": {
            "5": 1
        },
        "7389": {
            "5": 3,
            "2": 2,
            "1": 2
        },
        "7628": {
            "5": 1,
            "0": 1
        },
        "7267": {
            "4": 1
        },
        "7390": {
            "2": 2
        },
        "7510": {
            "2": 2
        },
        "7387": {
            "3": 1,
            "4": 1,
            "5": 4,
            "2": 2,
            "1": 2
        },
        "7509": {
            "1": 2
        }
    },
    "population": [
        53622.92430114746
    ],
    "transport_embedding": [
        -2.489511013031006,
        0.47894883155822754,
        -1.383682131767273,
        -0.29756641387939453,
        1.2117071151733398,
        0.4484977722167969,
        0.30606651306152344,
        -0.06572961807250977,
        -0.146697998046875,
        2.4833967685699463
    ],
    "roadnet_embedding": [
        -3.6264352798461914,
        -1.4346065521240234,
        -2.9255809783935547,
        0.6053826808929443,
        -1.0030804872512817,
        -1.7490051984786987,
        -2.577880859375,
        0.9328461289405823,
        -3.3140342235565186,
        -0.7701050043106079
    ],
    "function_embedding": [
        -1.7341078519821167,
        0.11247813701629639,
        -2.2426199913024902,
        2.1779592037200928,
        0.7977571487426758,
        0.22441929578781128,
        -0.5650564432144165,
        -0.187930166721344,
        -0.8490515947341919,
        -0.9137457013130188
    ],
    "city_embedding": [
        -1.1028095483779907,
        1.2135546207427979,
        -3.9124903678894043,
        -0.22507554292678833,
        -0.502373218536377,
        -1.8140602111816406,
        2.0900955200195312,
        -1.4896482229232788,
        -2.2859532833099365,
        7.277822494506836
    ],
    "degree_embedding": [
        -1.0630309581756592,
        2.211148262023926,
        1.364966869354248,
        0.6103643774986267,
        -1.2888634204864502,
        2.3335282802581787,
        -2.217466115951538,
        -1.799927830696106,
        0.9489823579788208,
        0.9586358070373535
    ]
}