{
    "id": 7430,
    "range": [
        121.466804,
        30.782716,
        121.476804,
        30.772716
    ],
    "image_path": "CitySatellite\\Shanghai\\7430.jpg",
    "poi": [],
    "places": [],
    "transport": [],
    "traffic": [],
    "buildings": [],
    "landuse": [],
    "road_inner": [],
    "road_connect": {},
    "population": [
        0.0
    ],
    "transport_embedding": [
        -0.08970731496810913,
        -0.9452236294746399,
        0.46635231375694275,
        -0.43019744753837585,
        -0.3315034806728363,
        0.2762407064437866,
        0.9210169911384583,
        0.21625816822052002,
        0.9714691042900085,
        -0.05436031147837639
    ],
    "roadnet_embedding": [
        1.1242207288742065,
        -0.42711129784584045,
        0.033611543476581573,
        0.634040892124176,
        -3.0048484802246094,
        0.03091348521411419,
        0.013746405020356178,
        -0.18917855620384216,
        -0.06584310531616211,
        0.25756850838661194
    ],
    "function_embedding": [
        -0.5985136032104492,
        -0.30191749334335327,
        -0.06767204403877258,
        0.07749347388744354,
        -1.4380571842193604,
        -0.08874223381280899,
        -0.06785301119089127,
        -0.03513611853122711,
        -0.10178066790103912,
        0.28548842668533325
    ],
    "city_embedding": [
        -0.983723521232605,
        0.0036167511716485023,
        0.6694934964179993,
        1.3806318044662476,
        -0.5934169292449951,
        1.2560120820999146,
        0.1646505445241928,
        2.77662992477417,
        2.3926258087158203,
        3.5471549034118652
    ],
    "degree_embedding": [
        -0.9859232902526855,
        -0.14980502426624298,
        1.1363672018051147,
        1.3890211582183838,
        1.9668338298797607,
        -0.10017327964305878,
        -0.9014211297035217,
        -0.5218036770820618,
        0.12516868114471436,
        0.34269973635673523
    ]
}