{
    "id": 7431,
    "range": [
        121.466804,
        30.772716,
        121.476804,
        30.762716
    ],
    "image_path": "CitySatellite\\Shanghai\\7431.jpg",
    "poi": [],
    "places": [],
    "transport": [],
    "traffic": [],
    "buildings": [],
    "landuse": [],
    "road_inner": [],
    "road_connect": {},
    "population": [
        0.0
    ],
    "transport_embedding": [
        -0.281008243560791,
        -0.6329911947250366,
        0.7796626091003418,
        -0.691064178943634,
        1.1829901933670044,
        0.005709173157811165,
        -1.6990538835525513,
        0.06934714317321777,
        -0.7812061309814453,
        -0.14865677058696747
    ],
    "roadnet_embedding": [
        1.0460820198059082,
        -0.45017555356025696,
        0.08482740819454193,
        0.46608468890190125,
        -2.489473342895508,
        -0.29222801327705383,
        -0.005795646924525499,
        -0.009234277531504631,
        -0.05934946611523628,
        0.12271472811698914
    ],
    "function_embedding": [
        -0.5867821574211121,
        -0.3259657919406891,
        -0.055640511214733124,
        0.04358120262622833,
        -1.4156832695007324,
        -0.04018049314618111,
        -0.0690382793545723,
        -0.04943908005952835,
        -0.120641328394413,
        0.1960611194372177
    ],
    "city_embedding": [
        -0.983723521232605,
        0.0036167511716485023,
        0.6694934964179993,
        1.3806318044662476,
        -0.5934169292449951,
        1.2560120820999146,
        0.1646505445241928,
        2.77662992477417,
        2.3926258087158203,
        3.5471549034118652
    ],
    "degree_embedding": [
        -0.9859232902526855,
        -0.14980502426624298,
        1.1363672018051147,
        1.3890211582183838,
        1.9668338298797607,
        -0.10017327964305878,
        -0.9014211297035217,
        -0.5218036770820618,
        0.12516868114471436,
        0.34269973635673523
    ]
}