{
    "id": 7453,
    "range": [
        121.476804,
        31.752716,
        121.486804,
        31.74271599999999
    ],
    "image_path": "CitySatellite\\Shanghai\\7453.jpg",
    "poi": [],
    "places": [],
    "transport": [],
    "traffic": [],
    "buildings": [],
    "landuse": [],
    "road_inner": [],
    "road_connect": {},
    "population": [
        0.0
    ],
    "transport_embedding": [
        -0.22588691115379333,
        -0.7549023628234863,
        0.7325241565704346,
        -0.49931272864341736,
        0.4677716791629791,
        -0.519659161567688,
        -0.26775819063186646,
        0.6506714224815369,
        0.27292272448539734,
        -0.12495111674070358
    ],
    "roadnet_embedding": [
        1.0890483856201172,
        -0.45030346512794495,
        0.06280193477869034,
        0.4587123394012451,
        -2.588324546813965,
        -0.2867429256439209,
        -0.04832629859447479,
        0.035015735775232315,
        0.0002018487430177629,
        0.2174854576587677
    ],
    "function_embedding": [
        -0.5930061340332031,
        -0.3236827850341797,
        -0.05369912087917328,
        0.07866337895393372,
        -1.4400664567947388,
        -0.058047208935022354,
        -0.032129377126693726,
        -0.04654478281736374,
        -0.142133891582489,
        0.24906545877456665
    ],
    "city_embedding": [
        -0.983723521232605,
        0.0036167511716485023,
        0.6694934964179993,
        1.3806318044662476,
        -0.5934169292449951,
        1.2560120820999146,
        0.1646505445241928,
        2.77662992477417,
        2.3926258087158203,
        3.5471549034118652
    ],
    "degree_embedding": [
        -0.9859232902526855,
        -0.14980502426624298,
        1.1363672018051147,
        1.3890211582183838,
        1.9668338298797607,
        -0.10017327964305878,
        -0.9014211297035217,
        -0.5218036770820618,
        0.12516868114471436,
        0.34269973635673523
    ]
}