{
    "id": 7470,
    "range": [
        121.476804,
        31.582716,
        121.486804,
        31.572716
    ],
    "image_path": "CitySatellite\\Shanghai\\7470.jpg",
    "poi": [],
    "places": [],
    "transport": [],
    "traffic": [],
    "buildings": [],
    "landuse": [],
    "road_inner": [],
    "road_connect": {},
    "population": [
        43.53373527526855
    ],
    "transport_embedding": [
        -0.26455992460250854,
        -0.7630062103271484,
        0.7784804105758667,
        -0.450726181268692,
        0.45246949791908264,
        -1.624154806137085,
        -0.2505594491958618,
        0.4641335606575012,
        0.49172642827033997,
        -0.01815853640437126
    ],
    "roadnet_embedding": [
        1.0190736055374146,
        -0.44700559973716736,
        0.11935436725616455,
        0.6357021331787109,
        -2.810770034790039,
        -0.009669345803558826,
        0.05433233082294464,
        -0.22028285264968872,
        -0.05816416069865227,
        0.3840499520301819
    ],
    "function_embedding": [
        -0.5896885395050049,
        -0.28496041893959045,
        -0.09882215410470963,
        0.10798913985490799,
        -1.5011165142059326,
        -0.06247956305742264,
        -0.04426712170243263,
        -0.0684220939874649,
        -0.05718833953142166,
        0.3464500904083252
    ],
    "city_embedding": [
        -0.9838626384735107,
        0.003288812469691038,
        0.6637040972709656,
        1.3745818138122559,
        -0.5943394899368286,
        1.2518045902252197,
        0.17144131660461426,
        2.782982349395752,
        2.389495372772217,
        3.5353732109069824
    ],
    "degree_embedding": [
        -0.9859232902526855,
        -0.14980502426624298,
        1.1363672018051147,
        1.3890211582183838,
        1.9668338298797607,
        -0.10017327964305878,
        -0.9014211297035217,
        -0.5218036770820618,
        0.12516868114471436,
        0.34269973635673523
    ]
}