{
    "id": 7488,
    "range": [
        121.476804,
        31.402716,
        121.486804,
        31.392716
    ],
    "image_path": "CitySatellite\\Shanghai\\7488.jpg",
    "poi": [
        [
            2302,
            2,
            4
        ],
        [
            2007,
            1,
            2
        ],
        [
            2253,
            1,
            3
        ],
        [
            2205,
            2,
            3
        ],
        [
            2303,
            3,
            4
        ],
        [
            2401,
            1,
            5
        ],
        [
            2502,
            1,
            6
        ]
    ],
    "places": [
        [
            1010,
            1,
            5
        ]
    ],
    "transport": [
        [
            5621,
            8,
            1
        ]
    ],
    "traffic": [
        [
            5201,
            2,
            3
        ],
        [
            5263,
            1,
            0
        ],
        [
            5206,
            1,
            2
        ]
    ],
    "buildings": [
        26,
        54793.213
    ],
    "landuse": [
        [
            7202,
            2,
            0,
            0.314388
        ],
        [
            7212,
            1,
            0,
            0.394209
        ],
        [
            7203,
            3,
            1,
            1.3120693333333333
        ],
        [
            7208,
            1,
            5,
            0.756236
        ]
    ],
    "road_inner": [
        [
            5153,
            4,
            5,
            531.444
        ],
        [
            5122,
            9,
            4,
            4792.963249999999
        ],
        [
            5124,
            16,
            5,
            2026.3100000000004
        ],
        [
            5151,
            7,
            0,
            579.807
        ],
        [
            5131,
            1,
            1,
            430.85
        ],
        [
            5141,
            7,
            5,
            1466.0316666666668
        ],
        [
            5111,
            1.0,
            1,
            1301.4217142857142
        ],
        [
            5113,
            1.0,
            2,
            1356.23425
        ],
        [
            5114,
            1.0,
            2,
            2451.461
        ]
    ],
    "road_connect": {
        "7728": {
            "4": 2
        },
        "7608": {
            "4": 3,
            "2": 2,
            "5": 3
        },
        "7489": {
            "4": 2,
            "1": 3,
            "2": 3
        },
        "7247": {
            "1": 2
        },
        "7368": {
            "1": 4,
            "4": 1,
            "2": 3
        },
        "7367": {
            "1": 2,
            "2": 2
        },
        "7490": {
            "1": 2
        },
        "7610": {
            "1": 2
        },
        "7487": {
            "4": 1,
            "2": 2
        },
        "7607": {
            "4": 1,
            "2": 1
        },
        "7609": {
            "5": 1,
            "2": 1
        }
    },
    "population": [
        22591.24658203125
    ],
    "transport_embedding": [
        -1.911015510559082,
        -0.25858861207962036,
        -0.36448025703430176,
        0.4795486330986023,
        -0.9992437958717346,
        -0.011200418695807457,
        -0.6217142939567566,
        0.8305600881576538,
        0.41658782958984375,
        0.9577393531799316
    ],
    "roadnet_embedding": [
        -0.7583991885185242,
        -1.1585098505020142,
        -0.1935175359249115,
        1.2511200904846191,
        0.03224363178014755,
        0.383418470621109,
        -0.13986605405807495,
        0.9938824772834778,
        0.7613621354103088,
        -0.5400487184524536
    ],
    "function_embedding": [
        -1.7007213830947876,
        0.07280919700860977,
        -1.8525736331939697,
        2.06708025932312,
        0.7740925550460815,
        0.13934355974197388,
        -0.5021354556083679,
        -0.5207133889198303,
        -0.7015876173973083,
        -0.07117526978254318
    ],
    "city_embedding": [
        -1.018882393836975,
        2.1850411891937256,
        -0.10403688997030258,
        1.6315819025039673,
        4.063405513763428,
        -1.913873553276062,
        -2.623131513595581,
        2.669304847717285,
        6.848846912384033,
        1.6443147659301758
    ],
    "degree_embedding": [
        -1.039227843284607,
        1.328324794769287,
        0.95359206199646,
        -0.5150133967399597,
        -0.7124927043914795,
        0.17593345046043396,
        -2.2620882987976074,
        -1.5626397132873535,
        -0.7097954750061035,
        -0.7748192548751831
    ]
}