{
    "id": 7501,
    "range": [
        121.476804,
        31.272716,
        121.486804,
        31.262716
    ],
    "image_path": "CitySatellite\\Shanghai\\7501.jpg",
    "poi": [
        [
            2721,
            6,
            0
        ],
        [
            2901,
            3,
            0
        ],
        [
            2301,
            9,
            4
        ],
        [
            2302,
            3,
            4
        ],
        [
            2303,
            3,
            4
        ],
        [
            2725,
            1,
            0
        ],
        [
            2601,
            3,
            0
        ],
        [
            2515,
            2,
            6
        ],
        [
            2511,
            3,
            6
        ],
        [
            2502,
            2,
            6
        ],
        [
            2016,
            1,
            2
        ],
        [
            2001,
            1,
            2
        ],
        [
            2512,
            1,
            6
        ],
        [
            2564,
            2,
            6
        ],
        [
            2518,
            1,
            6
        ],
        [
            2205,
            1,
            3
        ],
        [
            2501,
            2,
            6
        ],
        [
            2005,
            1,
            1
        ],
        [
            2722,
            1,
            0
        ]
    ],
    "places": [
        [
            1010,
            1,
            5
        ]
    ],
    "transport": [
        [
            5621,
            17,
            1
        ]
    ],
    "traffic": [
        [
            5204,
            5,
            1
        ],
        [
            5260,
            1,
            0
        ]
    ],
    "buildings": [
        288,
        173235.48450000002
    ],
    "landuse": [
        [
            7201,
            6,
            4,
            0.32855300000000004
        ],
        [
            7202,
            1,
            0,
            0.294933
        ],
        [
            7203,
            51,
            1,
            4.0734895
        ],
        [
            7209,
            4,
            2,
            0.296886
        ],
        [
            7218,
            4,
            5,
            0.035343
        ],
        [
            7213,
            1,
            3,
            0.020205
        ]
    ],
    "road_inner": [
        [
            5122,
            17,
            4,
            4390.7508333333335
        ],
        [
            5115,
            9,
            3,
            2330.896
        ],
        [
            5124,
            2,
            5,
            633.586
        ],
        [
            5114,
            10,
            2,
            1374.678
        ],
        [
            5153,
            14,
            5,
            2026.1477500000003
        ],
        [
            5141,
            10,
            5,
            2057.5107500000004
        ],
        [
            5134,
            1,
            2,
            22.086
        ],
        [
            5113,
            3,
            2,
            1779.2709999999997
        ]
    ],
    "road_connect": {
        "7382": {
            "4": 1
        },
        "7381": {
            "4": 2,
            "5": 5,
            "2": 2
        },
        "7380": {
            "5": 2
        },
        "7500": {
            "5": 4,
            "4": 1,
            "3": 2
        },
        "7502": {
            "4": 2,
            "2": 3
        },
        "7621": {
            "4": 2,
            "2": 3,
            "3": 1
        }
    },
    "population": [
        48692.93321228027
    ],
    "transport_embedding": [
        -2.4397382736206055,
        0.41467806696891785,
        -1.2935431003570557,
        -0.22830605506896973,
        0.9942302703857422,
        0.40477561950683594,
        0.2109661102294922,
        0.030026912689208984,
        -0.08306121826171875,
        2.3449456691741943
    ],
    "roadnet_embedding": [
        -0.1654883474111557,
        -1.101449966430664,
        -0.1558845341205597,
        0.9528198838233948,
        0.16227559745311737,
        0.8675826787948608,
        0.06710228323936462,
        1.2877936363220215,
        0.49690350890159607,
        -0.30679771304130554
    ],
    "function_embedding": [
        -1.739959955215454,
        0.11943161487579346,
        -2.533670425415039,
        2.2511537075042725,
        0.8137307167053223,
        0.3947599232196808,
        -0.6123886108398438,
        0.2112739086151123,
        -0.9360771179199219,
        -1.6058411598205566
    ],
    "city_embedding": [
        -1.07871413230896,
        2.813735008239746,
        -2.4642081260681152,
        1.5262130498886108,
        1.730117917060852,
        -2.92889666557312,
        -2.3816075325012207,
        0.5336438417434692,
        -1.9440135955810547,
        1.5579506158828735
    ],
    "degree_embedding": [
        -0.9841431975364685,
        -0.8072478771209717,
        0.4336807131767273,
        -0.09191997349262238,
        -0.9341855645179749,
        -0.41485053300857544,
        -1.1486300230026245,
        -1.1844735145568848,
        0.14998085796833038,
        0.31752386689186096
    ]
}