{
    "id": 7502,
    "range": [
        121.476804,
        31.262716,
        121.486804,
        31.252716
    ],
    "image_path": "CitySatellite\\Shanghai\\7502.jpg",
    "poi": [
        [
            2601,
            3,
            0
        ],
        [
            2401,
            2,
            5
        ],
        [
            2303,
            5,
            4
        ],
        [
            2511,
            1,
            6
        ],
        [
            2721,
            3,
            0
        ],
        [
            2302,
            1,
            4
        ],
        [
            2301,
            3,
            4
        ],
        [
            2546,
            1,
            6
        ],
        [
            2515,
            2,
            6
        ],
        [
            2121,
            1,
            0
        ],
        [
            2201,
            1,
            3
        ]
    ],
    "places": [],
    "transport": [
        [
            5621,
            14,
            1
        ],
        [
            5601,
            1,
            2
        ]
    ],
    "traffic": [
        [
            5201,
            11,
            3
        ],
        [
            5204,
            1,
            1
        ]
    ],
    "buildings": [
        164,
        124416.03700000003
    ],
    "landuse": [
        [
            7203,
            10,
            1,
            1.0812895
        ],
        [
            7218,
            2,
            5,
            0.0125375
        ],
        [
            7202,
            3,
            0,
            0.7706645000000001
        ],
        [
            7209,
            3,
            2,
            0.412056
        ],
        [
            7201,
            5,
            4,
            0.050182
        ],
        [
            7212,
            1,
            0,
            0.0790315
        ]
    ],
    "road_inner": [
        [
            5122,
            47,
            4,
            8062.378833333334
        ],
        [
            5114,
            3,
            2,
            1749.38
        ],
        [
            5113,
            17,
            2,
            2916.7619999999993
        ],
        [
            5115,
            7,
            3,
            1713.4519999999998
        ],
        [
            5141,
            21,
            5,
            2030.7234999999996
        ],
        [
            5153,
            12,
            5,
            759.9330000000001
        ],
        [
            5155,
            8,
            0,
            221.892
        ],
        [
            5133,
            3,
            2,
            238.239
        ],
        [
            5154,
            1,
            5,
            233.758
        ],
        [
            5124,
            4,
            5,
            708.689
        ]
    ],
    "road_connect": {
        "7382": {
            "4": 5,
            "3": 4
        },
        "7503": {
            "4": 4,
            "2": 6,
            "5": 10,
            "3": 1
        },
        "7383": {
            "4": 1
        },
        "7381": {
            "3": 1
        },
        "7622": {
            "4": 6,
            "5": 1,
            "2": 4
        },
        "7623": {
            "4": 2
        },
        "7501": {
            "4": 2,
            "2": 3
        }
    },
    "population": [
        55067.19638061523
    ],
    "transport_embedding": [
        -2.4870519638061523,
        0.4757753312587738,
        -1.123369812965393,
        -0.18842840194702148,
        1.0407549142837524,
        0.4409313201904297,
        0.34461402893066406,
        -0.06654787063598633,
        -0.18111801147460938,
        2.393535852432251
    ],
    "roadnet_embedding": [
        -1.693041205406189,
        -1.248534083366394,
        1.5711179971694946,
        1.2129218578338623,
        -0.28311672806739807,
        -0.06823994219303131,
        -1.2289955615997314,
        2.0040440559387207,
        0.793734073638916,
        -1.0613385438919067
    ],
    "function_embedding": [
        -1.739497184753418,
        0.11888158321380615,
        -2.4477813243865967,
        2.2298364639282227,
        0.8091635704040527,
        0.3395535945892334,
        -0.5980949401855469,
        0.0873384028673172,
        -0.9119995832443237,
        -1.4325364828109741
    ],
    "city_embedding": [
        -1.1053109169006348,
        1.2840020656585693,
        -3.9989912509918213,
        -0.10812755674123764,
        -0.5468878149986267,
        -1.951884150505066,
        1.7125500440597534,
        -1.5665959119796753,
        -3.9036014080047607,
        7.184260368347168
    ],
    "degree_embedding": [
        -1.052713394165039,
        2.0543558597564697,
        0.3371139466762543,
        1.6722052097320557,
        -0.7037748098373413,
        -1.2719686031341553,
        0.6917358636856079,
        -1.3967478275299072,
        -0.29073867201805115,
        0.13030590116977692
    ]
}