{
    "id": 7503,
    "range": [
        121.476804,
        31.252716,
        121.486804,
        31.24271599999999
    ],
    "image_path": "CitySatellite\\Shanghai\\7503.jpg",
    "poi": [
        [
            2401,
            11,
            5
        ],
        [
            2301,
            2,
            4
        ],
        [
            2721,
            5,
            0
        ],
        [
            2304,
            1,
            4
        ],
        [
            2722,
            3,
            0
        ],
        [
            2511,
            6,
            6
        ],
        [
            2502,
            1,
            6
        ],
        [
            2205,
            1,
            3
        ],
        [
            2303,
            6,
            4
        ],
        [
            2082,
            2,
            2
        ],
        [
            2564,
            1,
            6
        ],
        [
            2512,
            2,
            6
        ],
        [
            2016,
            1,
            2
        ],
        [
            2305,
            2,
            4
        ],
        [
            2518,
            1,
            6
        ],
        [
            2901,
            1,
            0
        ],
        [
            2202,
            1,
            3
        ],
        [
            2405,
            1,
            5
        ],
        [
            2302,
            1,
            4
        ]
    ],
    "places": [],
    "transport": [
        [
            5621,
            21,
            1
        ],
        [
            5601,
            2,
            2
        ]
    ],
    "traffic": [
        [
            5201,
            21,
            3
        ],
        [
            5204,
            10,
            1
        ],
        [
            5260,
            1,
            0
        ]
    ],
    "buildings": [
        303,
        247255.28150000004
    ],
    "landuse": [
        [
            7218,
            52,
            5,
            0.5117253333333335
        ],
        [
            7203,
            3,
            1,
            0.131827
        ],
        [
            7202,
            5,
            0,
            0.29301666666666665
        ],
        [
            7201,
            12,
            4,
            0.20982199999999995
        ],
        [
            7209,
            6,
            2,
            0.7907625
        ],
        [
            7212,
            1,
            0,
            0.0790315
        ]
    ],
    "road_inner": [
        [
            5141,
            89,
            5,
            6684.6330000000025
        ],
        [
            5114,
            36,
            2,
            5541.809499999999
        ],
        [
            5113,
            11,
            2,
            4184.835500000001
        ],
        [
            5122,
            37,
            4,
            8598.204000000003
        ],
        [
            5115,
            6,
            3,
            924.3655
        ],
        [
            5153,
            51,
            5,
            4881.882000000001
        ],
        [
            5133,
            1,
            2,
            25.972
        ],
        [
            5124,
            5,
            5,
            1435.1905000000002
        ],
        [
            5155,
            11,
            0,
            197.084
        ]
    ],
    "road_connect": {
        "7384": {
            "4": 2
        },
        "7383": {
            "4": 5,
            "2": 6,
            "3": 1,
            "5": 4,
            "0": 1
        },
        "7504": {
            "4": 6,
            "2": 7,
            "5": 5
        },
        "7382": {
            "4": 1
        },
        "7502": {
            "4": 4,
            "2": 6,
            "5": 10,
            "3": 1
        },
        "7624": {
            "2": 3,
            "5": 2
        },
        "7623": {
            "5": 6,
            "4": 6,
            "3": 1,
            "2": 5,
            "0": 1
        },
        "7622": {
            "4": 1
        }
    },
    "population": [
        51416.53085327148
    ],
    "transport_embedding": [
        -2.489509105682373,
        0.4789466857910156,
        -1.3845123052597046,
        -0.29790830612182617,
        1.2122220993041992,
        0.4485149383544922,
        0.3059234619140625,
        -0.06570863723754883,
        -0.14657211303710938,
        2.468299388885498
    ],
    "roadnet_embedding": [
        -1.815598964691162,
        -1.2603310346603394,
        -2.021707534790039,
        1.125308871269226,
        -0.32630157470703125,
        -0.47070494294166565,
        -1.7124987840652466,
        8.476789474487305,
        1.4366838932037354,
        3.939465284347534
    ],
    "function_embedding": [
        -1.7399590015411377,
        0.11943042278289795,
        -2.5311295986175537,
        2.2505240440368652,
        0.8135976791381836,
        0.3930606245994568,
        -0.6119651794433594,
        0.20753264427185059,
        -0.9353734850883484,
        -1.6017615795135498
    ],
    "city_embedding": [
        -1.1093897819519043,
        1.3102244138717651,
        -4.17104959487915,
        0.37709662318229675,
        -0.9448680877685547,
        -1.661567211151123,
        0.5586065053939819,
        -4.171612739562988,
        -12.49252986907959,
        1.8397080898284912
    ],
    "degree_embedding": [
        -1.1267768144607544,
        5.272923469543457,
        -2.5301826000213623,
        4.747007369995117,
        0.25790736079216003,
        3.983565330505371,
        3.569573402404785,
        -6.5878190994262695,
        4.191769123077393,
        3.2871663570404053
    ]
}