{
    "id": 7504,
    "range": [
        121.476804,
        31.242716,
        121.486804,
        31.232716
    ],
    "image_path": "CitySatellite\\Shanghai\\7504.jpg",
    "poi": [
        [
            2724,
            1,
            0
        ],
        [
            2721,
            30,
            0
        ],
        [
            2302,
            11,
            4
        ],
        [
            2303,
            26,
            4
        ],
        [
            2001,
            2,
            2
        ],
        [
            2515,
            8,
            6
        ],
        [
            2601,
            19,
            0
        ],
        [
            2401,
            29,
            5
        ],
        [
            2305,
            10,
            4
        ],
        [
            2512,
            10,
            6
        ],
        [
            2701,
            2,
            0
        ],
        [
            2301,
            65,
            4
        ],
        [
            2005,
            2,
            1
        ],
        [
            2602,
            3,
            0
        ],
        [
            2511,
            25,
            6
        ],
        [
            2101,
            2,
            0
        ],
        [
            2502,
            2,
            6
        ],
        [
            2405,
            4,
            5
        ],
        [
            2520,
            3,
            6
        ],
        [
            2522,
            1,
            6
        ],
        [
            2501,
            1,
            6
        ],
        [
            2518,
            2,
            6
        ],
        [
            2901,
            4,
            0
        ],
        [
            2725,
            2,
            0
        ],
        [
            2568,
            1,
            6
        ],
        [
            2004,
            3,
            2
        ],
        [
            2517,
            3,
            6
        ],
        [
            2202,
            3,
            3
        ],
        [
            2306,
            2,
            4
        ],
        [
            2251,
            1,
            3
        ],
        [
            2541,
            1,
            6
        ],
        [
            2304,
            1,
            4
        ],
        [
            2521,
            3,
            6
        ],
        [
            2742,
            1,
            0
        ],
        [
            2722,
            1,
            0
        ],
        [
            2528,
            2,
            6
        ],
        [
            2561,
            1,
            6
        ],
        [
            2546,
            1,
            6
        ],
        [
            2014,
            1,
            2
        ],
        [
            2121,
            1,
            0
        ],
        [
            2514,
            1,
            6
        ]
    ],
    "places": [
        [
            1001,
            1,
            1
        ],
        [
            1010,
            1,
            5
        ]
    ],
    "transport": [
        [
            5601,
            2,
            2
        ],
        [
            5603,
            1,
            0
        ],
        [
            5621,
            22,
            1
        ],
        [
            5641,
            2,
            0
        ]
    ],
    "traffic": [
        [
            5201,
            74,
            3
        ],
        [
            5204,
            22,
            1
        ],
        [
            5206,
            1,
            2
        ],
        [
            5263,
            1,
            0
        ]
    ],
    "buildings": [
        653,
        442583.18333333347
    ],
    "landuse": [
        [
            7209,
            2,
            2,
            0.1418535
        ],
        [
            7212,
            2,
            0,
            1.685146
        ],
        [
            7202,
            1,
            0,
            0.06544866666666667
        ],
        [
            7201,
            2,
            4,
            0.0103965
        ],
        [
            7203,
            5,
            1,
            0.254555
        ]
    ],
    "road_inner": [
        [
            5132,
            6,
            1,
            644.727
        ],
        [
            5124,
            9,
            5,
            3203.3730000000005
        ],
        [
            5122,
            36,
            4,
            8093.391666666666
        ],
        [
            5115,
            14,
            3,
            3406.210666666666
        ],
        [
            5114,
            18,
            2,
            3857.616
        ],
        [
            5113,
            16,
            2,
            5113.466833333333
        ],
        [
            5141,
            94,
            5,
            7559.180999999999
        ],
        [
            5153,
            37,
            5,
            2845.753
        ],
        [
            5112,
            12,
            1,
            2652.430166666667
        ],
        [
            5135,
            3,
            3,
            112.572
        ],
        [
            5155,
            3,
            0,
            55.195
        ],
        [
            5121,
            1,
            4,
            9.173
        ]
    ],
    "road_connect": {
        "7384": {
            "3": 5,
            "5": 8,
            "2": 2,
            "4": 6
        },
        "7385": {
            "3": 1,
            "4": 1,
            "2": 4,
            "1": 3
        },
        "7383": {
            "4": 1
        },
        "7503": {
            "4": 6,
            "2": 7,
            "5": 5
        },
        "7505": {
            "4": 5,
            "2": 6,
            "1": 6,
            "3": 4,
            "5": 2
        },
        "7624": {
            "5": 8,
            "2": 8,
            "1": 2,
            "3": 1
        },
        "7623": {
            "5": 1
        },
        "7625": {
            "5": 1
        }
    },
    "population": [
        52034.08346557617
    ],
    "transport_embedding": [
        -2.489511251449585,
        0.47894930839538574,
        -1.3932232856750488,
        -0.30150890350341797,
        1.2176904678344727,
        0.4487018585205078,
        0.3044586181640625,
        -0.06552934646606445,
        -0.14530181884765625,
        2.488298177719116
    ],
    "roadnet_embedding": [
        -1.5870702266693115,
        -1.2383373975753784,
        -2.4116203784942627,
        0.7131370902061462,
        -0.3341503143310547,
        -0.26655760407447815,
        -1.7007840871810913,
        8.131600379943848,
        1.3480225801467896,
        4.021933078765869
    ],
    "function_embedding": [
        -1.7399601936340332,
        0.11943185329437256,
        -2.5353174209594727,
        2.2515621185302734,
        0.813817024230957,
        0.39586591720581055,
        -0.6126670837402344,
        0.21370506286621094,
        -0.9365334510803223,
        -1.6095995903015137
    ],
    "city_embedding": [
        -1.1353940963745117,
        3.9739606380462646,
        -4.576584815979004,
        -0.33832642436027527,
        -1.480088472366333,
        -2.147160530090332,
        -2.3768022060394287,
        -6.381412029266357,
        -33.623294830322266,
        -19.705970764160156
    ],
    "degree_embedding": [
        -1.111788272857666,
        4.47671365737915,
        -1.993886113166809,
        2.8580944538116455,
        -0.16019894182682037,
        4.096154689788818,
        1.3403981924057007,
        -6.438778877258301,
        3.9620521068573,
        3.823618173599243
    ]
}