{
    "id": 7505,
    "range": [
        121.476804,
        31.232716,
        121.486804,
        31.222716
    ],
    "image_path": "CitySatellite\\Shanghai\\7505.jpg",
    "poi": [
        [
            2001,
            1,
            2
        ],
        [
            2601,
            10,
            0
        ],
        [
            2401,
            6,
            5
        ],
        [
            2405,
            2,
            5
        ],
        [
            2301,
            11,
            4
        ],
        [
            2302,
            5,
            4
        ],
        [
            2520,
            3,
            6
        ],
        [
            2721,
            5,
            0
        ],
        [
            2012,
            1,
            2
        ],
        [
            2016,
            1,
            2
        ],
        [
            2516,
            1,
            6
        ],
        [
            2602,
            1,
            0
        ],
        [
            2303,
            4,
            4
        ],
        [
            2901,
            2,
            0
        ],
        [
            2511,
            2,
            6
        ],
        [
            2305,
            3,
            4
        ],
        [
            2101,
            2,
            0
        ],
        [
            2502,
            1,
            6
        ],
        [
            2005,
            1,
            1
        ],
        [
            2082,
            1,
            2
        ],
        [
            2528,
            1,
            6
        ],
        [
            2526,
            1,
            6
        ],
        [
            2722,
            1,
            0
        ],
        [
            2561,
            1,
            6
        ],
        [
            2521,
            1,
            6
        ],
        [
            2111,
            1,
            0
        ],
        [
            2541,
            1,
            6
        ],
        [
            2522,
            1,
            6
        ],
        [
            2518,
            1,
            6
        ]
    ],
    "places": [
        [
            1010,
            1,
            5
        ]
    ],
    "transport": [
        [
            5621,
            12,
            1
        ],
        [
            5601,
            2,
            2
        ]
    ],
    "traffic": [
        [
            5201,
            46,
            3
        ],
        [
            5204,
            9,
            1
        ],
        [
            5206,
            1,
            2
        ],
        [
            5263,
            1,
            0
        ]
    ],
    "buildings": [
        444,
        228741.25083333306
    ],
    "landuse": [
        [
            7203,
            7,
            1,
            0.990588
        ],
        [
            7218,
            5,
            5,
            0.1015245
        ],
        [
            7201,
            1,
            4,
            0.0032405
        ],
        [
            7202,
            3,
            0,
            0.39771799999999996
        ],
        [
            7212,
            1,
            0,
            0.1363125
        ],
        [
            7209,
            1,
            2,
            0.430445
        ]
    ],
    "road_inner": [
        [
            5114,
            29,
            2,
            8573.3095
        ],
        [
            5122,
            30,
            4,
            8600.028666666667
        ],
        [
            5115,
            4,
            3,
            2502.5946666666664
        ],
        [
            5124,
            6,
            5,
            1354.7675
        ],
        [
            5134,
            2,
            2,
            323.859
        ],
        [
            5141,
            152,
            5,
            12673.730666666663
        ],
        [
            5123,
            1,
            5,
            105.983
        ],
        [
            5153,
            14,
            5,
            491.42999999999995
        ],
        [
            5155,
            10,
            0,
            216.156
        ],
        [
            5113,
            1.0,
            2,
            623.6973333333333
        ],
        [
            5132,
            1.0,
            1,
            241.803
        ],
        [
            5112,
            1.0,
            1,
            1166.3441666666668
        ],
        [
            5121,
            1.0,
            4,
            188.394
        ]
    ],
    "road_connect": {
        "7384": {
            "3": 1
        },
        "7385": {
            "3": 2,
            "4": 7,
            "2": 7,
            "5": 9,
            "1": 4
        },
        "7504": {
            "4": 5,
            "2": 6,
            "1": 6,
            "3": 4,
            "5": 2
        },
        "7506": {
            "2": 6,
            "4": 2,
            "5": 15,
            "0": 1,
            "3": 1
        },
        "7626": {
            "2": 1,
            "5": 1
        },
        "7625": {
            "5": 13,
            "4": 4,
            "2": 7
        },
        "7624": {
            "3": 1
        }
    },
    "population": [
        55207.05035400391
    ],
    "transport_embedding": [
        -2.489511251449585,
        0.47894930839538574,
        -1.3931870460510254,
        -0.30149388313293457,
        1.217667579650879,
        0.448699951171875,
        0.30446624755859375,
        -0.06553125381469727,
        -0.14530563354492188,
        2.483539581298828
    ],
    "roadnet_embedding": [
        -1.6766314506530762,
        -1.2469568252563477,
        -2.4994091987609863,
        0.6539533138275146,
        -0.3741273880004883,
        -0.32745566964149475,
        -1.8185361623764038,
        9.177602767944336,
        1.4116767644882202,
        4.756478786468506
    ],
    "function_embedding": [
        -1.7399601936340332,
        0.11943185329437256,
        -2.535278081893921,
        2.2515523433685303,
        0.8138151168823242,
        0.3958394527435303,
        -0.6126594543457031,
        0.21364688873291016,
        -0.9365224838256836,
        -1.6095552444458008
    ],
    "city_embedding": [
        -1.0944796800613403,
        3.085092067718506,
        -3.0612292289733887,
        1.1577017307281494,
        1.0120052099227905,
        -3.040637969970703,
        -2.943972110748291,
        -0.8171492218971252,
        -7.2387495040893555,
        1.032920241355896
    ],
    "degree_embedding": [
        -1.130590558052063,
        5.314117908477783,
        -2.906972646713257,
        4.332618713378906,
        -0.06398297846317291,
        6.260462760925293,
        2.331930637359619,
        -8.515134811401367,
        6.7984538078308105,
        5.518741130828857
    ]
}