{
    "id": 7619,
    "range": [
        121.486804,
        31.29271600000001,
        121.496804,
        31.282716
    ],
    "image_path": "CitySatellite\\Shanghai\\7619.jpg",
    "poi": [
        [
            2303,
            1,
            4
        ],
        [
            2561,
            1,
            6
        ],
        [
            2568,
            1,
            6
        ],
        [
            2519,
            1,
            6
        ],
        [
            2401,
            1,
            5
        ],
        [
            2504,
            1,
            6
        ],
        [
            2724,
            1,
            0
        ],
        [
            2501,
            1,
            6
        ],
        [
            2007,
            1,
            2
        ],
        [
            2511,
            1,
            6
        ]
    ],
    "places": [
        [
            1010,
            1,
            5
        ]
    ],
    "transport": [
        [
            5621,
            13,
            1
        ]
    ],
    "traffic": [
        [
            5201,
            4,
            3
        ],
        [
            5260,
            2,
            0
        ]
    ],
    "buildings": [
        423,
        267280.43200000003
    ],
    "landuse": [
        [
            7211,
            3,
            0,
            0.007864
        ],
        [
            7201,
            5,
            4,
            0.21750700000000003
        ],
        [
            7203,
            9,
            1,
            1.862551
        ],
        [
            7218,
            3,
            5,
            0.036327
        ],
        [
            7202,
            2,
            0,
            0.044546
        ]
    ],
    "road_inner": [
        [
            5115,
            9,
            3,
            2951.546166666666
        ],
        [
            5122,
            7,
            4,
            2078.7323333333334
        ],
        [
            5141,
            78,
            5,
            13869.381166666672
        ],
        [
            5152,
            1,
            0,
            83.363
        ],
        [
            5153,
            17,
            5,
            663.0754999999999
        ],
        [
            5154,
            2,
            5,
            150.676
        ],
        [
            5113,
            3,
            2,
            1660.7602499999998
        ],
        [
            5112,
            1.0,
            1,
            2193.8655
        ],
        [
            5124,
            1.0,
            5,
            106.221
        ]
    ],
    "road_connect": {
        "7739": {
            "1": 2,
            "4": 2,
            "3": 1,
            "2": 2,
            "5": 10
        },
        "7859": {
            "2": 2
        },
        "7499": {
            "2": 2,
            "1": 2,
            "4": 1,
            "5": 14,
            "3": 1
        },
        "7620": {
            "5": 10,
            "3": 2,
            "4": 1
        },
        "7618": {
            "4": 2,
            "3": 2,
            "5": 4
        },
        "7740": {
            "3": 1
        },
        "7380": {
            "1": 1
        },
        "7500": {
            "1": 1
        }
    },
    "population": [
        50933.64009094238
    ],
    "transport_embedding": [
        -2.4232687950134277,
        0.393512487411499,
        -0.9132505655288696,
        -0.060750722885131836,
        0.7082352042198181,
        0.38372230529785156,
        0.2418193817138672,
        0.0503077507019043,
        -0.11655807495117188,
        2.2015905380249023
    ],
    "roadnet_embedding": [
        0.23723097145557404,
        -1.0627659559249878,
        -2.8097376823425293,
        -0.016889149323105812,
        0.10288619995117188,
        1.1342321634292603,
        -1.048576831817627,
        7.8657755851745605,
        2.1765129566192627,
        4.227442264556885
    ],
    "function_embedding": [
        -1.6862075328826904,
        0.055563557893037796,
        -1.9726470708847046,
        2.078768014907837,
        0.7801777720451355,
        0.10865853726863861,
        -0.5252637267112732,
        -0.45787692070007324,
        -0.745701014995575,
        0.11364410817623138
    ],
    "city_embedding": [
        -1.0945072174072266,
        2.9629297256469727,
        -3.096597909927368,
        1.2376154661178589,
        0.887248158454895,
        -2.5899527072906494,
        -2.858931541442871,
        -2.1594619750976562,
        -8.930622100830078,
        -1.6476800441741943
    ],
    "degree_embedding": [
        -1.0320004224777222,
        0.8263379335403442,
        3.0075600147247314,
        1.6114661693572998,
        -2.7732722759246826,
        1.941436767578125,
        -0.48634037375450134,
        -3.5209732055664062,
        3.979581594467163,
        4.00059700012207
    ]
}