{
    "id": 7621,
    "range": [
        121.486804,
        31.272716,
        121.496804,
        31.262716
    ],
    "image_path": "CitySatellite\\Shanghai\\7621.jpg",
    "poi": [
        [
            2511,
            5,
            6
        ],
        [
            2005,
            1,
            1
        ],
        [
            2501,
            3,
            6
        ],
        [
            2601,
            4,
            0
        ],
        [
            2004,
            1,
            2
        ],
        [
            2405,
            1,
            5
        ],
        [
            2722,
            1,
            0
        ],
        [
            2301,
            5,
            4
        ],
        [
            2512,
            1,
            6
        ],
        [
            2303,
            2,
            4
        ],
        [
            2016,
            1,
            2
        ]
    ],
    "places": [
        [
            1010,
            1,
            5
        ]
    ],
    "transport": [
        [
            5621,
            17,
            1
        ],
        [
            5601,
            1,
            2
        ]
    ],
    "traffic": [
        [
            5201,
            1,
            3
        ],
        [
            5260,
            1,
            0
        ]
    ],
    "buildings": [
        207,
        159450.80433333328
    ],
    "landuse": [
        [
            7201,
            1,
            4,
            0.173929375
        ],
        [
            7202,
            1,
            0,
            0.173929375
        ],
        [
            7203,
            26,
            1,
            4.3947805
        ],
        [
            7209,
            2,
            2,
            0.23987199999999997
        ],
        [
            7212,
            3,
            0,
            0.418932
        ]
    ],
    "road_inner": [
        [
            5122,
            10,
            4,
            4930.877666666667
        ],
        [
            5115,
            4,
            3,
            1416.5410000000002
        ],
        [
            5114,
            5,
            2,
            2093.4415
        ],
        [
            5141,
            6,
            5,
            1236.0025
        ],
        [
            5113,
            6,
            2,
            2531.6006666666667
        ],
        [
            5121,
            3,
            4,
            93.369
        ],
        [
            5153,
            1,
            5,
            235.89
        ]
    ],
    "road_connect": {
        "7742": {
            "4": 1
        },
        "7741": {
            "4": 4,
            "3": 2,
            "5": 3
        },
        "7740": {
            "2": 2
        },
        "7620": {
            "2": 4,
            "4": 1
        },
        "7500": {
            "2": 1
        },
        "7501": {
            "4": 2,
            "2": 3,
            "3": 1
        },
        "7622": {
            "4": 4,
            "2": 1,
            "3": 1
        }
    },
    "population": [
        55258.13848876953
    ],
    "transport_embedding": [
        -2.442539930343628,
        0.41829389333724976,
        -1.2897857427597046,
        -0.22855210304260254,
        1.0004048347473145,
        0.40697479248046875,
        0.217529296875,
        0.024808406829833984,
        -0.08765029907226562,
        2.354494571685791
    ],
    "roadnet_embedding": [
        -1.7101151943206787,
        -1.2499936819076538,
        1.0653201341629028,
        1.1924484968185425,
        -0.28174254298210144,
        -0.21283350884914398,
        0.5944613814353943,
        0.5496454834938049,
        0.2695778012275696,
        -0.5808886289596558
    ],
    "function_embedding": [
        -1.7397314310073853,
        0.11916005611419678,
        -2.474883794784546,
        2.236562967300415,
        0.8106169700622559,
        0.35627323389053345,
        -0.6025657653808594,
        0.12567637860774994,
        -0.91973876953125,
        -1.3855235576629639
    ],
    "city_embedding": [
        -1.0886176824569702,
        2.895273208618164,
        -2.860947847366333,
        1.031628966331482,
        1.2957050800323486,
        -2.753079652786255,
        -1.878899335861206,
        -0.6038318276405334,
        -1.2595957517623901,
        1.4587383270263672
    ],
    "degree_embedding": [
        -1.000895380973816,
        -0.11487867683172226,
        -0.24892200529575348,
        -0.16100561618804932,
        -0.8366574645042419,
        -0.9784881472587585,
        -1.328321099281311,
        -1.1405624151229858,
        -0.846784234046936,
        0.5355626344680786
    ]
}