{
    "id": 7624,
    "range": [
        121.486804,
        31.242716,
        121.496804,
        31.232716
    ],
    "image_path": "CitySatellite\\Shanghai\\7624.jpg",
    "poi": [
        [
            2721,
            7,
            0
        ],
        [
            2401,
            1,
            5
        ],
        [
            2304,
            1,
            4
        ],
        [
            2301,
            20,
            4
        ],
        [
            2722,
            2,
            0
        ],
        [
            2002,
            1,
            2
        ],
        [
            2001,
            1,
            2
        ],
        [
            2601,
            5,
            0
        ],
        [
            2742,
            3,
            0
        ],
        [
            2512,
            1,
            6
        ],
        [
            2302,
            5,
            4
        ],
        [
            2901,
            8,
            0
        ],
        [
            2303,
            7,
            4
        ],
        [
            2203,
            1,
            3
        ],
        [
            2525,
            1,
            6
        ],
        [
            2511,
            4,
            6
        ],
        [
            2258,
            1,
            3
        ],
        [
            2520,
            1,
            6
        ],
        [
            2546,
            1,
            6
        ],
        [
            2522,
            2,
            6
        ]
    ],
    "places": [],
    "transport": [
        [
            5621,
            9,
            1
        ],
        [
            5661,
            1,
            0
        ],
        [
            5641,
            2,
            0
        ],
        [
            5655,
            1,
            0
        ],
        [
            5603,
            1,
            0
        ]
    ],
    "traffic": [
        [
            5201,
            13,
            3
        ],
        [
            5204,
            22,
            1
        ],
        [
            5260,
            1,
            0
        ]
    ],
    "buildings": [
        97,
        152321.78549999997
    ],
    "landuse": [
        [
            7202,
            3,
            0,
            0.5353565833333334
        ],
        [
            7218,
            4,
            5,
            0.11728050000000001
        ],
        [
            7209,
            4,
            2,
            0.8816440000000001
        ],
        [
            7203,
            1,
            1,
            0.1053375
        ],
        [
            7212,
            2,
            0,
            0.7293375
        ],
        [
            7201,
            6,
            4,
            0.0684355
        ]
    ],
    "road_inner": [
        [
            5114,
            10,
            2,
            1222.106166666667
        ],
        [
            5115,
            7,
            3,
            1481.2046666666668
        ],
        [
            5122,
            13,
            4,
            2664.7715
        ],
        [
            5124,
            5,
            5,
            1505.7115000000001
        ],
        [
            5153,
            80,
            5,
            8268.822999999999
        ],
        [
            5141,
            50,
            5,
            4732.996
        ],
        [
            5135,
            3,
            3,
            295.4435
        ],
        [
            5155,
            9,
            0,
            281.46500000000003
        ],
        [
            5113,
            7,
            2,
            5024.762611111111
        ],
        [
            5152,
            5,
            0,
            1107.378
        ],
        [
            5112,
            8,
            1,
            2465.8044999999997
        ],
        [
            5154,
            1,
            5,
            132.49
        ]
    ],
    "road_connect": {
        "8223": {
            "2": 2
        },
        "8342": {
            "2": 2
        },
        "8343": {
            "2": 2
        },
        "7744": {
            "2": 8,
            "4": 3,
            "5": 18,
            "0": 2,
            "3": 3,
            "1": 1
        },
        "7864": {
            "2": 2
        },
        "7984": {
            "2": 2
        },
        "7983": {
            "2": 2
        },
        "8103": {
            "2": 2
        },
        "7743": {
            "2": 2,
            "5": 2
        },
        "7623": {
            "5": 4,
            "4": 1,
            "0": 1
        },
        "7504": {
            "5": 8,
            "2": 8,
            "1": 2,
            "3": 1
        },
        "7503": {
            "2": 3,
            "5": 2
        },
        "7625": {
            "5": 5,
            "4": 2,
            "2": 4
        },
        "7505": {
            "3": 1
        }
    },
    "population": [
        25956.00321960449
    ],
    "transport_embedding": [
        -2.4894747734069824,
        0.47890225052833557,
        -1.3924736976623535,
        -0.3011758327484131,
        1.217108964920044,
        0.448607861995697,
        0.30452919006347656,
        -0.06551361083984375,
        -0.14532470703125,
        -4.175243854522705
    ],
    "roadnet_embedding": [
        -0.5374957323074341,
        -1.1373260021209717,
        -2.9922425746917725,
        -0.06100020557641983,
        -0.15191650390625,
        0.5732848048210144,
        -1.2158983945846558,
        8.953807830810547,
        2.071011543273926,
        5.058528423309326
    ],
    "function_embedding": [
        -1.7399601936340332,
        0.11943185329437256,
        -2.535311460494995,
        2.2515604496002197,
        0.813817024230957,
        0.3958618640899658,
        -0.6126632690429688,
        0.21369647979736328,
        -0.9365320205688477,
        -1.6095949411392212
    ],
    "city_embedding": [
        -1.0631273984909058,
        0.37319985032081604,
        -2.5062272548675537,
        1.811389446258545,
        -0.7944222092628479,
        -0.1247577965259552,
        2.153623104095459,
        -1.51872980594635,
        0.31785130500793457,
        2.5066657066345215
    ],
    "degree_embedding": [
        -1.1125270128250122,
        4.498559474945068,
        -4.937476634979248,
        3.697399139404297,
        -0.3941267728805542,
        8.651806831359863,
        2.598205804824829,
        -8.748339653015137,
        6.525318622589111,
        6.360568046569824
    ]
}