{
    "id": 7625,
    "range": [
        121.486804,
        31.232716,
        121.496804,
        31.222716
    ],
    "image_path": "CitySatellite\\Shanghai\\7625.jpg",
    "poi": [
        [
            2005,
            1,
            1
        ],
        [
            2601,
            2,
            0
        ],
        [
            2301,
            19,
            4
        ],
        [
            2904,
            2,
            0
        ],
        [
            2401,
            3,
            5
        ],
        [
            2303,
            15,
            4
        ],
        [
            2110,
            1,
            0
        ],
        [
            2501,
            1,
            6
        ],
        [
            2901,
            7,
            0
        ],
        [
            2302,
            4,
            4
        ],
        [
            2602,
            2,
            0
        ],
        [
            2721,
            3,
            0
        ],
        [
            2004,
            1,
            2
        ],
        [
            2306,
            1,
            4
        ],
        [
            2701,
            1,
            0
        ],
        [
            2305,
            2,
            4
        ],
        [
            2512,
            5,
            6
        ],
        [
            2511,
            2,
            6
        ],
        [
            2517,
            1,
            6
        ],
        [
            2521,
            2,
            6
        ],
        [
            2520,
            1,
            6
        ],
        [
            2505,
            1,
            6
        ],
        [
            2502,
            1,
            6
        ],
        [
            2525,
            1,
            6
        ],
        [
            2522,
            1,
            6
        ]
    ],
    "places": [
        [
            1050,
            1,
            0
        ]
    ],
    "transport": [
        [
            5661,
            1,
            0
        ],
        [
            5621,
            18,
            1
        ]
    ],
    "traffic": [
        [
            5201,
            19,
            3
        ],
        [
            5204,
            15,
            1
        ],
        [
            5260,
            1,
            0
        ]
    ],
    "buildings": [
        387,
        157835.7069999999
    ],
    "landuse": [
        [
            7203,
            5,
            1,
            0.588014
        ],
        [
            7212,
            2,
            0,
            0.2745155
        ],
        [
            7202,
            1,
            0,
            0.362992
        ],
        [
            7218,
            17,
            5,
            0.12326500000000003
        ],
        [
            7201,
            4,
            4,
            0.28304500000000005
        ],
        [
            7209,
            3,
            2,
            0.7753249999999999
        ],
        [
            7211,
            3,
            0,
            0.08196400000000001
        ]
    ],
    "road_inner": [
        [
            5114,
            18,
            2,
            7560.415666666666
        ],
        [
            5115,
            6,
            3,
            1474.5140000000001
        ],
        [
            5122,
            26,
            4,
            7215.031000000001
        ],
        [
            5124,
            38,
            5,
            3858.9525000000003
        ],
        [
            5141,
            229,
            5,
            14792.96716666666
        ],
        [
            5113,
            5,
            2,
            3602.0685000000003
        ],
        [
            5155,
            6,
            0,
            107.072
        ],
        [
            5153,
            29,
            5,
            2466.1140000000005
        ],
        [
            5154,
            51,
            5,
            1522.724
        ],
        [
            5133,
            1,
            2,
            30.967
        ],
        [
            5121,
            1,
            4,
            549.025
        ],
        [
            5123,
            1,
            5,
            11.676
        ]
    ],
    "road_connect": {
        "7744": {
            "2": 2
        },
        "7745": {
            "2": 11,
            "4": 2,
            "5": 2
        },
        "7865": {
            "2": 4
        },
        "7506": {
            "5": 1
        },
        "7505": {
            "5": 13,
            "4": 4,
            "2": 7
        },
        "7504": {
            "5": 1
        },
        "7624": {
            "5": 5,
            "4": 2,
            "2": 4
        },
        "7626": {
            "5": 11,
            "4": 7,
            "3": 1
        }
    },
    "population": [
        41369.31066894531
    ],
    "transport_embedding": [
        -2.4894962310791016,
        0.4789297580718994,
        -1.3854568004608154,
        -0.2982902526855469,
        1.2127728462219238,
        0.44852447509765625,
        0.30573463439941406,
        -0.06566476821899414,
        -0.14641571044921875,
        1.860694408416748
    ],
    "roadnet_embedding": [
        -1.799117922782898,
        -1.2587449550628662,
        -3.751018762588501,
        -0.6040058732032776,
        -0.658961296081543,
        -0.2944765090942383,
        -2.643436908721924,
        14.33420181274414,
        1.12995183467865,
        9.076798439025879
    ],
    "function_embedding": [
        -1.7399601936340332,
        0.11943185329437256,
        -2.5353164672851562,
        2.2515618801116943,
        0.813817024230957,
        0.39586520195007324,
        -0.6126670837402344,
        0.21370363235473633,
        -0.9365329742431641,
        -1.6095988750457764
    ],
    "city_embedding": [
        -1.0967986583709717,
        0.4189087152481079,
        -3.8594882488250732,
        0.4252895712852478,
        -0.1294851303100586,
        -2.015439748764038,
        -0.5845987796783447,
        0.3701215386390686,
        -5.814666271209717,
        7.112088680267334
    ],
    "degree_embedding": [
        -1.0823967456817627,
        3.2035555839538574,
        -1.5779520273208618,
        3.298961639404297,
        -1.0491242408752441,
        4.477899551391602,
        0.6796859502792358,
        -6.264714241027832,
        4.089759826660156,
        5.137683391571045
    ]
}