{
    "id": 7627,
    "range": [
        121.486804,
        31.212716,
        121.496804,
        31.202716
    ],
    "image_path": "CitySatellite\\Shanghai\\7627.jpg",
    "poi": [
        [
            2421,
            4,
            5
        ],
        [
            2401,
            2,
            5
        ],
        [
            2082,
            1,
            2
        ],
        [
            2110,
            1,
            0
        ],
        [
            2303,
            1,
            4
        ],
        [
            2521,
            1,
            6
        ]
    ],
    "places": [],
    "transport": [
        [
            5621,
            19,
            1
        ]
    ],
    "traffic": [
        [
            5201,
            16,
            3
        ],
        [
            5206,
            2,
            2
        ],
        [
            5204,
            8,
            1
        ]
    ],
    "buildings": [
        110,
        144921.0739999999
    ],
    "landuse": [
        [
            7218,
            6,
            5,
            0.18851616666666668
        ],
        [
            7202,
            2,
            0,
            0.26048950000000004
        ],
        [
            7203,
            10,
            1,
            0.8116483333333334
        ],
        [
            7209,
            1,
            2,
            0.6554325
        ],
        [
            7201,
            6,
            4,
            0.059505
        ]
    ],
    "road_inner": [
        [
            5113,
            11,
            2,
            3306.983
        ],
        [
            5115,
            5,
            3,
            1483.4276666666665
        ],
        [
            5124,
            2,
            5,
            374.58
        ],
        [
            5114,
            6,
            2,
            2092.8465
        ],
        [
            5141,
            78,
            5,
            7902.908999999997
        ],
        [
            5122,
            13,
            4,
            4664.021
        ],
        [
            5132,
            9,
            1,
            2257.436
        ],
        [
            5112,
            2,
            1,
            2690.4457380952385
        ],
        [
            5153,
            21,
            5,
            2247.2156666666665
        ],
        [
            5121,
            1,
            4,
            62.836
        ],
        [
            5155,
            4,
            0,
            87.926
        ],
        [
            5133,
            1.0,
            2,
            71.479
        ],
        [
            5152,
            1.0,
            0,
            170.982
        ]
    ],
    "road_connect": {
        "7149": {
            "1": 1
        },
        "7268": {
            "1": 1
        },
        "7269": {
            "1": 1
        },
        "7388": {
            "1": 1,
            "5": 1
        },
        "7507": {
            "1": 2,
            "3": 2,
            "4": 3,
            "5": 4,
            "2": 2
        },
        "7508": {
            "1": 2,
            "5": 1
        },
        "7747": {
            "1": 9,
            "2": 7,
            "5": 9,
            "4": 1,
            "0": 1
        },
        "7389": {
            "5": 1
        },
        "7628": {
            "5": 1,
            "4": 2,
            "2": 2
        },
        "7626": {
            "2": 2,
            "4": 4,
            "1": 2,
            "5": 5
        },
        "7506": {
            "3": 1
        }
    },
    "population": [
        49653.92518615723
    ],
    "transport_embedding": [
        -2.489453077316284,
        0.47887420654296875,
        -1.3514550924301147,
        -0.2842133045196533,
        1.1913138628005981,
        0.4477653503417969,
        0.311370849609375,
        -0.06629705429077148,
        -0.15132522583007812,
        2.4613192081451416
    ],
    "roadnet_embedding": [
        -0.7852352261543274,
        -1.1611684560775757,
        -2.1841437816619873,
        0.7245764136314392,
        -0.07739140093326569,
        0.32405415177345276,
        -1.2916021347045898,
        5.460186004638672,
        1.4572709798812866,
        2.3075010776519775
    ],
    "function_embedding": [
        -1.57616126537323,
        -0.07518772035837173,
        -1.5230189561843872,
        1.8713394403457642,
        0.7509071230888367,
        -0.0974510982632637,
        -0.42438018321990967,
        -0.8958785533905029,
        -0.443697988986969,
        0.04915241897106171
    ],
    "city_embedding": [
        -1.1009167432785034,
        1.0447522401809692,
        -3.884406805038452,
        0.2562508285045624,
        -0.7277565002441406,
        -1.4202675819396973,
        2.31485652923584,
        -2.996962547302246,
        -3.6500039100646973,
        5.308413982391357
    ],
    "degree_embedding": [
        -1.058127999305725,
        2.0168402194976807,
        1.7650247812271118,
        0.6444987058639526,
        -1.378185510635376,
        1.3907361030578613,
        -2.107508659362793,
        -1.8517602682113647,
        0.9931690692901611,
        0.48625117540359497
    ]
}