{
    "id": 7629,
    "range": [
        121.486804,
        31.192716,
        121.496804,
        31.182716
    ],
    "image_path": "CitySatellite\\Shanghai\\7629.jpg",
    "poi": [
        [
            2301,
            30,
            4
        ],
        [
            2512,
            2,
            6
        ],
        [
            2303,
            3,
            4
        ],
        [
            2526,
            3,
            6
        ],
        [
            2901,
            7,
            0
        ],
        [
            2514,
            1,
            6
        ],
        [
            2515,
            1,
            6
        ],
        [
            2511,
            1,
            6
        ],
        [
            2302,
            3,
            4
        ],
        [
            2502,
            1,
            6
        ],
        [
            2203,
            1,
            3
        ],
        [
            2903,
            1,
            0
        ],
        [
            2305,
            1,
            4
        ]
    ],
    "places": [
        [
            1003,
            1,
            3
        ]
    ],
    "transport": [
        [
            5621,
            12,
            1
        ]
    ],
    "traffic": [
        [
            5201,
            26,
            3
        ],
        [
            5263,
            2,
            0
        ],
        [
            5260,
            1,
            0
        ]
    ],
    "buildings": [
        75,
        185661.52699999994
    ],
    "landuse": [
        [
            7203,
            6,
            1,
            0.9502535000000001
        ],
        [
            7202,
            3,
            0,
            0.224769
        ],
        [
            7218,
            21,
            5,
            0.17310299999999998
        ]
    ],
    "road_inner": [
        [
            5122,
            9,
            4,
            2603.2049999999995
        ],
        [
            5114,
            12,
            2,
            3933.6731666666665
        ],
        [
            5115,
            13,
            3,
            3423.3555000000006
        ],
        [
            5134,
            2,
            2,
            372.34400000000005
        ],
        [
            5113,
            10,
            2,
            4590.7705
        ],
        [
            5141,
            1,
            5,
            762.5975
        ],
        [
            5124,
            6,
            5,
            1229.2095
        ],
        [
            5153,
            5,
            5,
            470.73
        ],
        [
            5152,
            3,
            0,
            654.3615
        ],
        [
            5121,
            3,
            4,
            1707.202
        ],
        [
            5123,
            1,
            5,
            124.919
        ],
        [
            5155,
            1.0,
            0,
            9.8915
        ]
    ],
    "road_connect": {
        "7750": {
            "3": 1
        },
        "7749": {
            "3": 3,
            "2": 6,
            "5": 1
        },
        "7630": {
            "5": 1,
            "4": 2,
            "3": 1,
            "2": 4
        },
        "7510": {
            "4": 1
        },
        "7509": {
            "4": 3,
            "5": 2,
            "0": 2,
            "2": 2
        },
        "7508": {
            "2": 2
        },
        "7628": {
            "2": 4,
            "5": 2,
            "0": 1,
            "4": 1,
            "3": 1
        }
    },
    "population": [
        34710.10119628906
    ],
    "transport_embedding": [
        -2.489511013031006,
        0.47894906997680664,
        -1.387747883796692,
        -0.29924631118774414,
        1.2142562866210938,
        0.44858551025390625,
        0.30538177490234375,
        -0.06564569473266602,
        -0.1461029052734375,
        2.4675745964050293
    ],
    "roadnet_embedding": [
        -2.8468847274780273,
        -1.35957932472229,
        0.6154067516326904,
        2.9009432792663574,
        -0.31063538789749146,
        -1.3002357482910156,
        0.994701087474823,
        1.240385890007019,
        1.0678601264953613,
        -1.179884672164917
    ],
    "function_embedding": [
        -1.7399601936340332,
        0.11943185329437256,
        -2.535301923751831,
        2.251558303833008,
        0.8138165473937988,
        0.3958556652069092,
        -0.6126632690429688,
        0.2136821746826172,
        -0.9365291595458984,
        -1.609574317932129
    ],
    "city_embedding": [
        -1.074063777923584,
        0.8169682025909424,
        -2.8354523181915283,
        1.5923511981964111,
        -0.26970386505126953,
        0.11754811555147171,
        4.176383018493652,
        -3.9052388668060303,
        -3.236201047897339,
        0.01747521385550499
    ],
    "degree_embedding": [
        -1.0034091472625732,
        -0.19369067251682281,
        0.3961015045642853,
        -0.7679218053817749,
        -1.5358471870422363,
        0.6415331959724426,
        -1.2020447254180908,
        -0.19059231877326965,
        -2.1603965759277344,
        1.6346663236618042
    ]
}