{
    "id": 7630,
    "range": [
        121.486804,
        31.182716,
        121.496804,
        31.172716
    ],
    "image_path": "CitySatellite\\Shanghai\\7630.jpg",
    "poi": [
        [
            2301,
            9,
            4
        ],
        [
            2512,
            4,
            6
        ],
        [
            2522,
            1,
            6
        ],
        [
            2517,
            1,
            6
        ],
        [
            2501,
            4,
            6
        ],
        [
            2511,
            1,
            6
        ],
        [
            2302,
            4,
            4
        ],
        [
            2502,
            1,
            6
        ],
        [
            2303,
            2,
            4
        ],
        [
            2601,
            3,
            0
        ],
        [
            2602,
            1,
            0
        ],
        [
            2005,
            1,
            1
        ],
        [
            2101,
            1,
            0
        ],
        [
            2525,
            1,
            6
        ],
        [
            2016,
            1,
            2
        ],
        [
            2519,
            1,
            6
        ],
        [
            2520,
            1,
            6
        ]
    ],
    "places": [],
    "transport": [
        [
            5621,
            19,
            1
        ],
        [
            5601,
            1,
            2
        ]
    ],
    "traffic": [
        [
            5201,
            22,
            3
        ],
        [
            5263,
            1,
            0
        ]
    ],
    "buildings": [
        427,
        253210.3579999999
    ],
    "landuse": [
        [
            7202,
            2,
            0,
            0.1013365
        ],
        [
            7203,
            7,
            1,
            1.7932690833333331
        ],
        [
            7209,
            2,
            2,
            0.10072199999999999
        ]
    ],
    "road_inner": [
        [
            5122,
            6,
            4,
            2270.706
        ],
        [
            5113,
            14,
            2,
            5621.009166666667
        ],
        [
            5141,
            1,
            5,
            507.65799999999996
        ],
        [
            5153,
            1,
            5,
            94.211
        ],
        [
            5115,
            2,
            3,
            1582.7220000000002
        ],
        [
            5123,
            1.0,
            5,
            317.956
        ],
        [
            5114,
            1.0,
            2,
            279.818
        ]
    ],
    "road_connect": {
        "7750": {
            "3": 2,
            "2": 2,
            "5": 2
        },
        "7749": {
            "5": 1
        },
        "7629": {
            "5": 1,
            "4": 2,
            "3": 1,
            "2": 4
        },
        "7510": {
            "3": 2,
            "2": 4
        },
        "7511": {
            "2": 2
        },
        "7509": {
            "4": 1
        },
        "7631": {
            "4": 2,
            "5": 2,
            "2": 2
        }
    },
    "population": [
        19291.02728271484
    ],
    "transport_embedding": [
        -2.4895102977752686,
        0.47894811630249023,
        -1.3827102184295654,
        -0.2971642017364502,
        1.211094856262207,
        0.44847679138183594,
        0.3062286376953125,
        -0.06574869155883789,
        -0.14683914184570312,
        2.483773708343506
    ],
    "roadnet_embedding": [
        -1.8585240840911865,
        -1.2639869451522827,
        0.4942348599433899,
        1.9941593408584595,
        -0.15948984026908875,
        -0.5679237842559814,
        1.4908028841018677,
        0.18146076798439026,
        -0.07020535320043564,
        -0.5019363760948181
    ],
    "function_embedding": [
        -1.7399598360061646,
        0.11943137645721436,
        -2.531099319458008,
        2.250516414642334,
        0.8135957717895508,
        0.39304354786872864,
        -0.6119575500488281,
        0.20749115943908691,
        -0.9353656768798828,
        -1.5990526676177979
    ],
    "city_embedding": [
        -1.0568853616714478,
        0.9615359902381897,
        -2.072866678237915,
        2.581409454345703,
        0.16262400150299072,
        -1.3256149291992188,
        -1.1911925077438354,
        -0.2880273163318634,
        -6.838263988494873,
        1.3803156614303589
    ],
    "degree_embedding": [
        -0.9892534613609314,
        -0.6602550148963928,
        0.4885118901729584,
        -0.8506980538368225,
        -0.9205954074859619,
        0.30945125222206116,
        -0.443378746509552,
        -1.4631706476211548,
        -1.7685688734054565,
        0.7900456786155701
    ]
}