{
    "id": 7640,
    "range": [
        121.486804,
        31.082716,
        121.496804,
        31.072716
    ],
    "image_path": "CitySatellite\\Shanghai\\7640.jpg",
    "poi": [
        [
            2601,
            3,
            0
        ],
        [
            2301,
            6,
            4
        ],
        [
            2511,
            3,
            6
        ],
        [
            2101,
            1,
            0
        ],
        [
            2543,
            1,
            6
        ],
        [
            2512,
            6,
            6
        ],
        [
            2526,
            1,
            6
        ],
        [
            2516,
            3,
            6
        ],
        [
            2501,
            3,
            6
        ],
        [
            2602,
            1,
            0
        ],
        [
            2502,
            1,
            6
        ],
        [
            2522,
            1,
            6
        ],
        [
            2302,
            2,
            4
        ],
        [
            2517,
            1,
            6
        ],
        [
            2566,
            6,
            6
        ],
        [
            2561,
            1,
            6
        ],
        [
            2405,
            1,
            5
        ],
        [
            2421,
            2,
            5
        ],
        [
            2203,
            1,
            3
        ],
        [
            2901,
            1,
            0
        ],
        [
            2401,
            2,
            5
        ],
        [
            2016,
            1,
            2
        ]
    ],
    "places": [],
    "transport": [
        [
            5621,
            29,
            1
        ]
    ],
    "traffic": [
        [
            5201,
            15,
            3
        ]
    ],
    "buildings": [
        13,
        17026.934
    ],
    "landuse": [
        [
            7202,
            19,
            0,
            1.2272872500000003
        ],
        [
            7203,
            20,
            1,
            4.667160249999999
        ],
        [
            7217,
            1,
            5,
            0.13594
        ],
        [
            7209,
            3,
            2,
            0.7306955
        ],
        [
            7218,
            5,
            5,
            0.035859
        ]
    ],
    "road_inner": [
        [
            5114,
            4,
            2,
            2154.4675
        ],
        [
            5122,
            7,
            4,
            5046.655833333333
        ],
        [
            5153,
            24,
            5,
            2018.2195
        ],
        [
            5115,
            5,
            3,
            2715.63425
        ],
        [
            5141,
            43,
            5,
            6292.232166666669
        ],
        [
            5124,
            1,
            5,
            156.105
        ]
    ],
    "road_connect": {
        "7760": {
            "3": 2,
            "4": 5,
            "5": 6
        },
        "7520": {
            "4": 5,
            "3": 2,
            "5": 8
        },
        "7641": {
            "4": 4,
            "2": 2,
            "3": 2
        },
        "7759": {
            "3": 2
        },
        "7639": {
            "3": 2,
            "5": 7,
            "4": 2,
            "2": 2
        }
    },
    "population": [
        11472.62492752075
    ],
    "transport_embedding": [
        -2.4894983768463135,
        0.47893285751342773,
        -1.3880956172943115,
        -0.29938173294067383,
        1.2144336700439453,
        0.4485816955566406,
        0.3052940368652344,
        -0.06561136245727539,
        -0.14603424072265625,
        2.487122058868408
    ],
    "roadnet_embedding": [
        0.5626862049102783,
        -1.03144371509552,
        -1.3070727586746216,
        0.873610258102417,
        0.37826165556907654,
        1.3376535177230835,
        -0.520470380783081,
        3.485353708267212,
        1.3083033561706543,
        0.5037976503372192
    ],
    "function_embedding": [
        -1.7399600744247437,
        0.11943161487579346,
        -2.5349478721618652,
        2.2514703273773193,
        0.8137979507446289,
        0.39561787247657776,
        -0.6126022338867188,
        0.21315979957580566,
        -0.9364309310913086,
        -1.6078530550003052
    ],
    "city_embedding": [
        -1.0183244943618774,
        0.031366538256406784,
        -0.7422580718994141,
        0.5656346082687378,
        -0.646442711353302,
        0.25655597448349,
        1.6885851621627808,
        3.847099542617798,
        2.539072036743164,
        2.1485230922698975
    ],
    "degree_embedding": [
        -1.0347994565963745,
        1.166441798210144,
        1.1554861068725586,
        1.0762289762496948,
        -1.505679965019226,
        -0.7749247550964355,
        0.10366153717041016,
        -1.7787758111953735,
        1.4817464351654053,
        1.3657145500183105
    ]
}