{
    "id": 7669,
    "range": [
        121.486804,
        30.792716,
        121.496804,
        30.782716
    ],
    "image_path": "CitySatellite\\Shanghai\\7669.jpg",
    "poi": [],
    "places": [],
    "transport": [],
    "traffic": [],
    "buildings": [],
    "landuse": [],
    "road_inner": [],
    "road_connect": {},
    "population": [
        0.0
    ],
    "transport_embedding": [
        -0.3204594850540161,
        -0.45478513836860657,
        0.7941778302192688,
        -0.9866741299629211,
        0.7537833452224731,
        -0.602631151676178,
        -1.448918342590332,
        1.0836448669433594,
        -1.5885097980499268,
        -0.31140783429145813
    ],
    "roadnet_embedding": [
        1.0877256393432617,
        -0.44691795110702515,
        0.06712725013494492,
        0.647040605545044,
        -2.9255025386810303,
        -0.06298251450061798,
        0.023051481693983078,
        -0.12736786901950836,
        -0.10777393728494644,
        0.30402112007141113
    ],
    "function_embedding": [
        -0.6355352401733398,
        -0.25785934925079346,
        -0.04352625086903572,
        0.08035342395305634,
        -1.5060926675796509,
        -0.09048186987638474,
        -0.10096139460802078,
        -0.10799368470907211,
        -0.13767153024673462,
        0.30963268876075745
    ],
    "city_embedding": [
        -0.983723521232605,
        0.0036167511716485023,
        0.6694934964179993,
        1.3806318044662476,
        -0.5934169292449951,
        1.2560120820999146,
        0.1646505445241928,
        2.77662992477417,
        2.3926258087158203,
        3.5471549034118652
    ],
    "degree_embedding": [
        -0.9859232902526855,
        -0.14980502426624298,
        1.1363672018051147,
        1.3890211582183838,
        1.9668338298797607,
        -0.10017327964305878,
        -0.9014211297035217,
        -0.5218036770820618,
        0.12516868114471436,
        0.34269973635673523
    ]
}