{
    "id": 7670,
    "range": [
        121.486804,
        30.782716,
        121.496804,
        30.772716
    ],
    "image_path": "CitySatellite\\Shanghai\\7670.jpg",
    "poi": [],
    "places": [],
    "transport": [],
    "traffic": [],
    "buildings": [],
    "landuse": [],
    "road_inner": [],
    "road_connect": {},
    "population": [
        0.0
    ],
    "transport_embedding": [
        -0.24493640661239624,
        -0.36973902583122253,
        0.736316442489624,
        -1.1962910890579224,
        0.3375914692878723,
        0.3834651708602905,
        0.07079663127660751,
        2.1675004959106445,
        -2.298147439956665,
        -0.5689283013343811
    ],
    "roadnet_embedding": [
        1.1639636754989624,
        -0.4250037968158722,
        0.01679469831287861,
        0.5667324066162109,
        -2.8494277000427246,
        -0.06515473872423172,
        -0.04578835889697075,
        -0.1254548728466034,
        -0.02478019893169403,
        0.1643206626176834
    ],
    "function_embedding": [
        -0.5831339359283447,
        -0.3402610421180725,
        -0.08054812997579575,
        0.04910225421190262,
        -1.4167364835739136,
        -0.030721675604581833,
        -0.13858942687511444,
        -0.0011066702427342534,
        -0.06673400849103928,
        0.2757655680179596
    ],
    "city_embedding": [
        -0.983723521232605,
        0.0036167511716485023,
        0.6694934964179993,
        1.3806318044662476,
        -0.5934169292449951,
        1.2560120820999146,
        0.1646505445241928,
        2.77662992477417,
        2.3926258087158203,
        3.5471549034118652
    ],
    "degree_embedding": [
        -0.9859232902526855,
        -0.14980502426624298,
        1.1363672018051147,
        1.3890211582183838,
        1.9668338298797607,
        -0.10017327964305878,
        -0.9014211297035217,
        -0.5218036770820618,
        0.12516868114471436,
        0.34269973635673523
    ]
}