{
    "id": 7694,
    "range": [
        121.496804,
        31.742716,
        121.506804,
        31.732716
    ],
    "image_path": "CitySatellite\\Shanghai\\7694.jpg",
    "poi": [],
    "places": [],
    "transport": [],
    "traffic": [],
    "buildings": [],
    "landuse": [],
    "road_inner": [],
    "road_connect": {},
    "population": [
        15.68754768371582
    ],
    "transport_embedding": [
        -0.2062397003173828,
        -0.5969077348709106,
        0.6413604021072388,
        -0.850046694278717,
        -0.37933406233787537,
        -1.1359586715698242,
        0.6590408682823181,
        1.6877962350845337,
        -0.03671760484576225,
        -0.2174205780029297
    ],
    "roadnet_embedding": [
        1.0728355646133423,
        -0.4132409691810608,
        0.07991455495357513,
        0.552073061466217,
        -2.9465324878692627,
        0.022968824952840805,
        0.008960389532148838,
        -0.1257837861776352,
        -0.040890488773584366,
        0.3403094410896301
    ],
    "function_embedding": [
        -0.5934042930603027,
        -0.3044652044773102,
        -0.06496408581733704,
        0.08942995965480804,
        -1.4939600229263306,
        -0.053853053599596024,
        -0.10964933037757874,
        -0.0736798644065857,
        -0.06349623203277588,
        0.27460944652557373
    ],
    "city_embedding": [
        -0.9837735891342163,
        0.0035003535449504852,
        0.6674133539199829,
        1.3784602880477905,
        -0.5937182307243347,
        1.254489541053772,
        0.16709432005882263,
        2.7789132595062256,
        2.3914666175842285,
        3.5429391860961914
    ],
    "degree_embedding": [
        -0.9859232902526855,
        -0.14980502426624298,
        1.1363672018051147,
        1.3890211582183838,
        1.9668338298797607,
        -0.10017327964305878,
        -0.9014211297035217,
        -0.5218036770820618,
        0.12516868114471436,
        0.34269973635673523
    ]
}