{
    "id": 7702,
    "range": [
        121.496804,
        31.662716,
        121.506804,
        31.652716
    ],
    "image_path": "CitySatellite\\Shanghai\\7702.jpg",
    "poi": [],
    "places": [],
    "transport": [],
    "traffic": [],
    "buildings": [],
    "landuse": [],
    "road_inner": [
        [
            5121,
            1.0,
            4,
            1014.3308333333332
        ]
    ],
    "road_connect": {
        "7701": {
            "4": 2
        },
        "7581": {
            "4": 1
        }
    },
    "population": [
        302.0667014122009
    ],
    "transport_embedding": [
        -0.11377206444740295,
        -0.7509240508079529,
        0.4357544481754303,
        -0.7074381113052368,
        -0.29571548104286194,
        0.47320428490638733,
        0.7947584390640259,
        1.3698623180389404,
        0.5219074487686157,
        -0.2934455871582031
    ],
    "roadnet_embedding": [
        0.7993468046188354,
        -0.8081721067428589,
        0.08374380320310593,
        -1.0269825458526611,
        0.21052728593349457,
        -2.4030330181121826,
        -0.12855848670005798,
        1.1475684642791748,
        0.5216169357299805,
        -0.7605375051498413
    ],
    "function_embedding": [
        -0.6180629134178162,
        -0.31413131952285767,
        -0.059279024600982666,
        0.042309053242206573,
        -1.4044636487960815,
        -0.059445299208164215,
        0.020048821344971657,
        -0.08817843347787857,
        -0.17600670456886292,
        0.28616631031036377
    ],
    "city_embedding": [
        -0.9846878051757812,
        0.0014295201981440187,
        0.6293708086013794,
        1.33860182762146,
        -0.5994423031806946,
        1.2267485857009888,
        0.21155747771263123,
        2.821103811264038,
        2.3704895973205566,
        3.4660770893096924
    ],
    "degree_embedding": [
        -0.978349506855011,
        -0.6245107054710388,
        -0.42773690819740295,
        0.7055791020393372,
        1.0935068130493164,
        0.2870301902294159,
        -0.16148746013641357,
        -1.2399414777755737,
        1.1425660848617554,
        -1.7059062719345093
    ]
}