{
    "id": 7737,
    "range": [
        121.496804,
        31.312716,
        121.506804,
        31.302716
    ],
    "image_path": "CitySatellite\\Shanghai\\7737.jpg",
    "poi": [
        [
            2005,
            1,
            1
        ],
        [
            2511,
            3,
            6
        ],
        [
            2901,
            1,
            0
        ],
        [
            2082,
            1,
            2
        ],
        [
            2301,
            5,
            4
        ],
        [
            2303,
            2,
            4
        ],
        [
            2512,
            3,
            6
        ],
        [
            2725,
            1,
            0
        ],
        [
            2902,
            1,
            0
        ],
        [
            2502,
            2,
            6
        ],
        [
            2401,
            1,
            5
        ],
        [
            2520,
            1,
            6
        ],
        [
            2906,
            1,
            0
        ],
        [
            2305,
            1,
            4
        ],
        [
            2515,
            1,
            6
        ]
    ],
    "places": [],
    "transport": [
        [
            5621,
            5,
            1
        ]
    ],
    "traffic": [
        [
            5201,
            7,
            3
        ],
        [
            5260,
            1,
            0
        ]
    ],
    "buildings": [
        129,
        107300.92074999998
    ],
    "landuse": [
        [
            7203,
            13,
            1,
            2.0947305
        ],
        [
            7202,
            2,
            0,
            0.227346
        ],
        [
            7213,
            1,
            3,
            0.0682065
        ],
        [
            7209,
            3,
            2,
            0.407806
        ],
        [
            7212,
            1,
            0,
            0.167374
        ]
    ],
    "road_inner": [
        [
            5115,
            7,
            3,
            3614.3590000000004
        ],
        [
            5122,
            14,
            4,
            3946.5049999999997
        ],
        [
            5114,
            2,
            2,
            1958.8250000000003
        ],
        [
            5141,
            21,
            5,
            3663.557833333333
        ],
        [
            5154,
            19,
            5,
            778.126
        ],
        [
            5153,
            2,
            5,
            538.361
        ],
        [
            5123,
            2,
            5,
            330.442
        ],
        [
            5124,
            5,
            5,
            974.214
        ],
        [
            5113,
            2,
            2,
            1317.1796666666667
        ]
    ],
    "road_connect": {
        "7738": {
            "3": 3,
            "5": 5
        },
        "7618": {
            "5": 1
        },
        "7617": {
            "3": 1,
            "2": 2,
            "5": 5
        },
        "7736": {
            "2": 6,
            "5": 5,
            "4": 1,
            "3": 3
        },
        "7857": {
            "2": 6,
            "3": 3,
            "4": 3,
            "5": 4
        }
    },
    "population": [
        49321.87120056152
    ],
    "transport_embedding": [
        -2.442681312561035,
        0.4201148748397827,
        0.754682719707489,
        0.6133257746696472,
        -0.21088305115699768,
        0.3744332790374756,
        0.6013742685317993,
        -0.06860461831092834,
        -0.4270820617675781,
        1.19428551197052
    ],
    "roadnet_embedding": [
        0.3946743905544281,
        -1.047605276107788,
        -0.9046332240104675,
        0.9927477836608887,
        0.34772223234176636,
        1.2233264446258545,
        -0.1008542999625206,
        2.163543462753296,
        0.8049454689025879,
        0.015119650401175022
    ],
    "function_embedding": [
        -1.739793062210083,
        0.11923325061798096,
        -2.4777562618255615,
        2.237283706665039,
        0.8107752799987793,
        0.3582876920700073,
        -0.6030502319335938,
        0.12999463081359863,
        -0.9205888509750366,
        -1.4534183740615845
    ],
    "city_embedding": [
        -1.0970828533172607,
        1.056487798690796,
        -3.7159178256988525,
        0.0012180979829281569,
        -0.4608173370361328,
        -1.6878067255020142,
        2.1611292362213135,
        -1.2452244758605957,
        -1.5325915813446045,
        7.016833782196045
    ],
    "degree_embedding": [
        -1.0025938749313354,
        -0.23979149758815765,
        1.4238017797470093,
        -0.48289868235588074,
        -1.5123518705368042,
        0.8819998502731323,
        -0.97506183385849,
        -1.644758939743042,
        1.1237545013427734,
        1.98727285861969
    ]
}