{
    "id": 7738,
    "range": [
        121.496804,
        31.302716,
        121.506804,
        31.292716
    ],
    "image_path": "CitySatellite\\Shanghai\\7738.jpg",
    "poi": [
        [
            2401,
            1,
            5
        ],
        [
            2202,
            1,
            3
        ],
        [
            2303,
            2,
            4
        ],
        [
            2721,
            1,
            0
        ],
        [
            2301,
            1,
            4
        ],
        [
            2084,
            1,
            2
        ],
        [
            2515,
            1,
            6
        ],
        [
            2725,
            1,
            0
        ]
    ],
    "places": [],
    "transport": [
        [
            5621,
            10,
            1
        ]
    ],
    "traffic": [
        [
            5201,
            5,
            3
        ],
        [
            5206,
            1,
            2
        ]
    ],
    "buildings": [
        235,
        178056.2757500001
    ],
    "landuse": [
        [
            7211,
            1,
            0,
            0.142117
        ],
        [
            7202,
            13,
            0,
            0.4489159999999999
        ],
        [
            7203,
            24,
            1,
            2.1541525
        ],
        [
            7209,
            1,
            2,
            0.028265
        ],
        [
            7218,
            6,
            5,
            0.10212049999999999
        ],
        [
            7208,
            2,
            5,
            0.032529
        ]
    ],
    "road_inner": [
        [
            5122,
            6,
            4,
            2938.42
        ],
        [
            5141,
            30,
            5,
            6690.431000000001
        ],
        [
            5112,
            4,
            1,
            2832.5645
        ],
        [
            5132,
            2,
            1,
            300.921
        ],
        [
            5153,
            10,
            5,
            589.065
        ],
        [
            5133,
            2,
            2,
            264.453
        ],
        [
            5113,
            8,
            2,
            3656.6833333333334
        ],
        [
            5115,
            4,
            3,
            2621.2415
        ]
    ],
    "road_connect": {
        "7858": {
            "1": 2,
            "2": 4,
            "5": 2,
            "3": 2,
            "4": 1
        },
        "7857": {
            "1": 2
        },
        "7977": {
            "1": 2
        },
        "7737": {
            "3": 3,
            "5": 5
        },
        "7739": {
            "4": 2,
            "2": 2,
            "3": 2
        },
        "7618": {
            "1": 2,
            "5": 9,
            "2": 2
        },
        "7617": {
            "3": 1
        },
        "7859": {
            "5": 1
        }
    },
    "population": [
        53131.04061889648
    ],
    "transport_embedding": [
        -2.385382652282715,
        0.3450174033641815,
        -0.39957770705223083,
        0.17513751983642578,
        0.28294119238853455,
        0.3439521789550781,
        0.2556726932525635,
        0.10010576248168945,
        -0.14447021484375,
        1.9549696445465088
    ],
    "roadnet_embedding": [
        -0.07464002072811127,
        -1.0927786827087402,
        -1.583577275276184,
        0.8906941413879395,
        0.1799566000699997,
        0.850671112537384,
        -0.325822651386261,
        2.844541311264038,
        1.150416374206543,
        0.5300417542457581
    ],
    "function_embedding": [
        -1.6495161056518555,
        0.011991778388619423,
        -1.6342676877975464,
        1.9102320671081543,
        0.7656478881835938,
        0.015177535824477673,
        -0.45520269870758057,
        -0.7068189978599548,
        -0.5422114729881287,
        0.7875473499298096
    ],
    "city_embedding": [
        -1.106334924697876,
        1.2431809902191162,
        -4.0559563636779785,
        0.2601627707481384,
        -0.6921530961990356,
        -1.8958754539489746,
        1.108708381652832,
        -2.6597118377685547,
        -7.513939380645752,
        5.341838836669922
    ],
    "degree_embedding": [
        -1.0104453563690186,
        0.11868131160736084,
        1.934770107269287,
        -0.6792424321174622,
        -1.1033815145492554,
        0.5136463642120361,
        -1.221338152885437,
        -1.3993651866912842,
        0.801154375076294,
        0.022009393200278282
    ]
}