{
    "id": 7739,
    "range": [
        121.496804,
        31.29271600000001,
        121.506804,
        31.282716
    ],
    "image_path": "CitySatellite\\Shanghai\\7739.jpg",
    "poi": [
        [
            2421,
            1,
            5
        ],
        [
            2724,
            1,
            0
        ],
        [
            2005,
            1,
            1
        ],
        [
            2511,
            1,
            6
        ],
        [
            2501,
            1,
            6
        ],
        [
            2204,
            2,
            3
        ],
        [
            2305,
            1,
            4
        ],
        [
            2518,
            1,
            6
        ],
        [
            2303,
            2,
            4
        ],
        [
            2302,
            1,
            4
        ],
        [
            2007,
            1,
            2
        ]
    ],
    "places": [],
    "transport": [
        [
            5621,
            6,
            1
        ],
        [
            5601,
            2,
            2
        ]
    ],
    "traffic": [
        [
            5201,
            10,
            3
        ],
        [
            5206,
            1,
            2
        ],
        [
            5204,
            2,
            1
        ]
    ],
    "buildings": [
        302,
        226978.6129999999
    ],
    "landuse": [
        [
            7203,
            14,
            1,
            1.8723699999999996
        ],
        [
            7209,
            7,
            2,
            0.8764395
        ],
        [
            7202,
            6,
            0,
            0.1642275
        ],
        [
            7218,
            5,
            5,
            0.157755
        ],
        [
            7211,
            3,
            0,
            0.49134500000000003
        ],
        [
            7201,
            2,
            4,
            0.025344
        ],
        [
            7213,
            1,
            3,
            0.7031045
        ]
    ],
    "road_inner": [
        [
            5141,
            46,
            5,
            8071.4428333333335
        ],
        [
            5115,
            3,
            3,
            1515.1284999999998
        ],
        [
            5122,
            3,
            4,
            1835.5243333333333
        ],
        [
            5112,
            2,
            1,
            2154.026
        ],
        [
            5113,
            9,
            2,
            5000.357583333333
        ],
        [
            5133,
            1,
            2,
            61.417
        ],
        [
            5132,
            2,
            1,
            518.721
        ],
        [
            5153,
            31,
            5,
            1822.0015
        ],
        [
            5124,
            3,
            5,
            425.682
        ],
        [
            5155,
            2,
            0,
            18.472
        ],
        [
            5154,
            6,
            5,
            1085.9054999999998
        ],
        [
            5152,
            1.0,
            0,
            275.681
        ]
    ],
    "road_connect": {
        "7738": {
            "4": 2,
            "2": 2,
            "3": 2
        },
        "7858": {
            "2": 2,
            "5": 1
        },
        "7619": {
            "1": 2,
            "4": 2,
            "3": 1,
            "2": 2,
            "5": 10
        },
        "7740": {
            "4": 1,
            "3": 1,
            "2": 4,
            "5": 6
        },
        "7859": {
            "5": 11,
            "2": 2,
            "1": 2,
            "0": 1,
            "3": 1,
            "4": 1
        },
        "7499": {
            "2": 1
        },
        "7620": {
            "5": 1
        },
        "7618": {
            "4": 1
        },
        "7860": {
            "5": 2
        }
    },
    "population": [
        51888.96543884277
    ],
    "transport_embedding": [
        -2.483485221862793,
        0.47135427594184875,
        -0.1933598667383194,
        0.19782423973083496,
        0.45312270522117615,
        0.41926243901252747,
        0.49744725227355957,
        -0.08421707153320312,
        -0.31577301025390625,
        1.6508562564849854
    ],
    "roadnet_embedding": [
        -0.05398084223270416,
        -1.0907922983169556,
        -2.360018730163574,
        0.4416746497154236,
        0.09978841990232468,
        0.8821973204612732,
        -0.7825077176094055,
        5.837267875671387,
        1.7488607168197632,
        2.550931692123413
    ],
    "function_embedding": [
        -1.701891303062439,
        0.07419894635677338,
        -1.9206417798995972,
        2.08001446723938,
        0.7782138586044312,
        0.12983904778957367,
        -0.5146632790565491,
        -0.4925389885902405,
        -0.7176991105079651,
        -0.005351472180336714
    ],
    "city_embedding": [
        -1.1080104112625122,
        1.3009710311889648,
        -4.113701343536377,
        0.38527223467826843,
        -0.8257600665092468,
        -1.8226044178009033,
        0.5619269609451294,
        -3.557633638381958,
        -11.110657691955566,
        3.212920904159546
    ],
    "degree_embedding": [
        -1.0186129808425903,
        0.2945169508457184,
        2.61316180229187,
        1.094207763671875,
        -2.6591832637786865,
        1.438645362854004,
        -1.5293405055999756,
        -1.8367408514022827,
        2.331280469894409,
        2.894850492477417
    ]
}