{
    "id": 7743,
    "range": [
        121.496804,
        31.252716,
        121.506804,
        31.24271599999999
    ],
    "image_path": "CitySatellite\\Shanghai\\7743.jpg",
    "poi": [
        [
            2303,
            7,
            4
        ],
        [
            2601,
            3,
            0
        ],
        [
            2014,
            1,
            2
        ],
        [
            2511,
            2,
            6
        ],
        [
            2725,
            1,
            0
        ]
    ],
    "places": [],
    "transport": [
        [
            5661,
            2,
            0
        ],
        [
            5621,
            7,
            1
        ]
    ],
    "traffic": [
        [
            5201,
            1,
            3
        ],
        [
            5204,
            6,
            1
        ]
    ],
    "buildings": [
        66,
        96869.07099999998
    ],
    "landuse": [
        [
            7202,
            10,
            0,
            1.51403475
        ],
        [
            7209,
            7,
            2,
            2.095134
        ],
        [
            7212,
            1,
            0,
            0.09972675
        ],
        [
            7218,
            9,
            5,
            0.0971365
        ],
        [
            7201,
            4,
            4,
            0.046869999999999995
        ],
        [
            7211,
            1,
            0,
            0.027372
        ]
    ],
    "road_inner": [
        [
            5122,
            6,
            4,
            1536.0505
        ],
        [
            5115,
            3,
            3,
            454.8075
        ],
        [
            5141,
            33,
            5,
            4241.5745
        ],
        [
            5153,
            54,
            5,
            8137.531833333334
        ],
        [
            5124,
            7,
            5,
            3450.2960000000003
        ],
        [
            5155,
            5,
            0,
            126.575
        ],
        [
            5152,
            15,
            0,
            2102.9880000000003
        ],
        [
            5114,
            7,
            2,
            3479.611833333333
        ],
        [
            5154,
            4,
            5,
            94.023
        ]
    ],
    "road_connect": {
        "7744": {
            "2": 10,
            "5": 23,
            "3": 1,
            "4": 1
        },
        "7624": {
            "2": 2,
            "5": 2
        },
        "7622": {
            "2": 2
        },
        "7623": {
            "2": 3,
            "5": 10,
            "4": 1,
            "0": 1
        },
        "7863": {
            "5": 8,
            "2": 2,
            "0": 2
        },
        "7742": {
            "4": 2,
            "2": 1,
            "5": 1
        }
    },
    "population": [
        28047.58401489258
    ],
    "transport_embedding": [
        -2.0395097732543945,
        -0.08153986930847168,
        -0.3842707872390747,
        0.36977308988571167,
        -0.02363530918955803,
        0.17941893637180328,
        -0.024684930220246315,
        0.190932035446167,
        -0.09366607666015625,
        -0.2752305269241333
    ],
    "roadnet_embedding": [
        -0.1297430545091629,
        -1.098083734512329,
        -3.1458139419555664,
        -0.2931753098964691,
        -0.0677347183227539,
        0.8933624625205994,
        -1.1749132871627808,
        10.151134490966797,
        2.425445079803467,
        5.997694492340088
    ],
    "function_embedding": [
        -1.7308121919631958,
        0.10856211185455322,
        -2.2513833045959473,
        2.1803183555603027,
        0.7977457046508789,
        0.23574136197566986,
        -0.5667905211448669,
        -0.1687878966331482,
        -0.8443455100059509,
        -1.1255613565444946
    ],
    "city_embedding": [
        -1.0626024007797241,
        0.41086506843566895,
        -2.467487096786499,
        1.194286823272705,
        -0.5735337734222412,
        -0.46988099813461304,
        2.740910053253174,
        -0.3099745512008667,
        2.8362176418304443,
        4.611186981201172
    ],
    "degree_embedding": [
        -1.0555455684661865,
        1.9254347085952759,
        0.5230998992919922,
        3.1416573524475098,
        -2.252121686935425,
        4.846649646759033,
        -0.03333349898457527,
        -5.181035041809082,
        5.778276443481445,
        5.728641033172607
    ]
}