{
    "id": 7744,
    "range": [
        121.496804,
        31.242716,
        121.506804,
        31.232716
    ],
    "image_path": "CitySatellite\\Shanghai\\7744.jpg",
    "poi": [
        [
            2511,
            6,
            6
        ],
        [
            2301,
            11,
            4
        ],
        [
            2505,
            1,
            6
        ],
        [
            2401,
            3,
            5
        ],
        [
            2501,
            1,
            6
        ],
        [
            2302,
            7,
            4
        ],
        [
            2902,
            1,
            0
        ],
        [
            2602,
            2,
            0
        ],
        [
            2601,
            8,
            0
        ],
        [
            2742,
            1,
            0
        ],
        [
            2518,
            1,
            6
        ],
        [
            2901,
            2,
            0
        ],
        [
            2303,
            4,
            4
        ],
        [
            2203,
            1,
            3
        ],
        [
            2724,
            1,
            0
        ],
        [
            2305,
            1,
            4
        ],
        [
            2512,
            2,
            6
        ],
        [
            2904,
            2,
            0
        ],
        [
            2541,
            1,
            6
        ],
        [
            2722,
            1,
            0
        ],
        [
            2004,
            1,
            2
        ],
        [
            2721,
            2,
            0
        ],
        [
            2515,
            1,
            6
        ]
    ],
    "places": [],
    "transport": [
        [
            5621,
            26,
            1
        ],
        [
            5601,
            1,
            2
        ]
    ],
    "traffic": [
        [
            5204,
            65,
            1
        ],
        [
            5201,
            31,
            3
        ]
    ],
    "buildings": [
        127,
        206640.34749999986
    ],
    "landuse": [
        [
            7202,
            5,
            0,
            1.5002705833333336
        ],
        [
            7218,
            26,
            5,
            0.28067499999999995
        ],
        [
            7201,
            12,
            4,
            0.31933349999999994
        ],
        [
            7203,
            6,
            1,
            1.623139
        ],
        [
            7209,
            13,
            2,
            3.2611559999999993
        ],
        [
            7212,
            2,
            0,
            0.49535724999999997
        ],
        [
            7211,
            1,
            0,
            0.027646
        ]
    ],
    "road_inner": [
        [
            5115,
            17,
            3,
            2741.816833333333
        ],
        [
            5135,
            25,
            3,
            2725.6904999999992
        ],
        [
            5122,
            7,
            4,
            1837.5340000000003
        ],
        [
            5114,
            73,
            2,
            14200.710666666666
        ],
        [
            5141,
            94,
            5,
            9650.597500000003
        ],
        [
            5153,
            124,
            5,
            15132.56433333333
        ],
        [
            5154,
            4,
            5,
            208.85999999999999
        ],
        [
            5124,
            6,
            5,
            2299.2160000000003
        ],
        [
            5113,
            18,
            2,
            5202.262111111111
        ],
        [
            5112,
            1,
            1,
            287.7015
        ],
        [
            5155,
            13,
            0,
            303.59000000000003
        ],
        [
            5134,
            2,
            2,
            86.823
        ],
        [
            5133,
            1,
            2,
            212.366
        ],
        [
            5152,
            3,
            0,
            1654.0165833333335
        ]
    ],
    "road_connect": {
        "8223": {
            "2": 2,
            "0": 1
        },
        "8342": {
            "2": 2
        },
        "8343": {
            "2": 2
        },
        "7864": {
            "2": 9,
            "0": 3,
            "4": 4,
            "5": 11,
            "3": 1
        },
        "7984": {
            "2": 4,
            "0": 2,
            "5": 1
        },
        "7983": {
            "2": 4,
            "0": 1
        },
        "8103": {
            "2": 2,
            "0": 1
        },
        "7624": {
            "2": 8,
            "4": 3,
            "5": 18,
            "0": 2,
            "3": 3,
            "1": 1
        },
        "7743": {
            "2": 10,
            "5": 23,
            "3": 1,
            "4": 1
        },
        "7745": {
            "2": 6,
            "3": 1,
            "5": 11,
            "0": 2,
            "4": 1
        },
        "7622": {
            "2": 2
        },
        "7623": {
            "2": 2
        },
        "7625": {
            "2": 2
        },
        "7985": {
            "0": 1,
            "5": 1
        },
        "7865": {
            "3": 1
        },
        "7863": {
            "5": 1
        }
    },
    "population": [
        51988.1602935791
    ],
    "transport_embedding": [
        -2.489511251449585,
        0.47894930839538574,
        -1.3932232856750488,
        -0.30150890350341797,
        1.2176904678344727,
        0.4487018585205078,
        0.3044586181640625,
        -0.06552934646606445,
        -0.14530181884765625,
        -4.178707122802734
    ],
    "roadnet_embedding": [
        -3.520374059677124,
        -1.4243992567062378,
        -4.622348785400391,
        -1.2128785848617554,
        -1.3250675201416016,
        -1.4879026412963867,
        -2.93994140625,
        17.610397338867188,
        -0.5373942255973816,
        11.37664794921875
    ],
    "function_embedding": [
        -1.7399601936340332,
        0.11943185329437256,
        -2.535229444503784,
        2.251540184020996,
        0.8138127326965332,
        0.39580702781677246,
        -0.6126518249511719,
        0.2135753631591797,
        -0.9365091323852539,
        -1.6094907522201538
    ],
    "city_embedding": [
        -1.1088225841522217,
        1.127183198928833,
        -4.198081016540527,
        0.2714487314224243,
        -1.0877962112426758,
        -1.2310749292373657,
        1.9650590419769287,
        -4.895554065704346,
        -8.548229217529297,
        2.211353302001953
    ],
    "degree_embedding": [
        -1.2128925323486328,
        9.096368789672852,
        -14.87417984008789,
        7.045877933502197,
        2.404555082321167,
        16.83526039123535,
        9.542125701904297,
        -17.573877334594727,
        17.124271392822266,
        6.531255722045898
    ]
}