{
    "id": 7745,
    "range": [
        121.496804,
        31.232716,
        121.506804,
        31.222716
    ],
    "image_path": "CitySatellite\\Shanghai\\7745.jpg",
    "poi": [
        [
            2301,
            1,
            4
        ],
        [
            2303,
            1,
            4
        ],
        [
            2901,
            2,
            0
        ],
        [
            2902,
            3,
            0
        ],
        [
            2904,
            1,
            0
        ]
    ],
    "places": [],
    "transport": [
        [
            5661,
            5,
            0
        ],
        [
            5641,
            1,
            0
        ],
        [
            5621,
            5,
            1
        ]
    ],
    "traffic": [
        [
            5201,
            16,
            3
        ],
        [
            5204,
            1,
            1
        ]
    ],
    "buildings": [
        95,
        70206.127
    ],
    "landuse": [
        [
            7202,
            4,
            0,
            0.7238135000000001
        ],
        [
            7203,
            9,
            1,
            2.3740306666666666
        ],
        [
            7211,
            1,
            0,
            0.027646
        ],
        [
            7218,
            4,
            5,
            0.032201999999999995
        ],
        [
            7209,
            1,
            2,
            0.34307
        ],
        [
            7201,
            2,
            4,
            0.081432
        ]
    ],
    "road_inner": [
        [
            5122,
            15,
            4,
            3295.9395000000004
        ],
        [
            5113,
            6,
            2,
            2043.94
        ],
        [
            5114,
            13,
            2,
            5711.9991666666665
        ],
        [
            5141,
            44,
            5,
            5315.851
        ],
        [
            5153,
            96,
            5,
            5789.5908333333355
        ],
        [
            5155,
            15,
            0,
            253.90900000000002
        ],
        [
            5152,
            1,
            0,
            2107.688666666667
        ],
        [
            5124,
            3,
            5,
            2154.186
        ],
        [
            5154,
            5,
            5,
            414.881
        ],
        [
            5115,
            1.0,
            3,
            110.00133333333333
        ]
    ],
    "road_connect": {
        "7746": {
            "5": 2,
            "2": 4,
            "4": 4,
            "0": 1
        },
        "7866": {
            "5": 1,
            "0": 1
        },
        "7626": {
            "4": 1
        },
        "7747": {
            "4": 1
        },
        "7744": {
            "2": 6,
            "3": 1,
            "5": 11,
            "0": 2,
            "4": 1
        },
        "7625": {
            "2": 11,
            "4": 2,
            "5": 2
        },
        "7865": {
            "3": 1,
            "2": 7,
            "0": 2,
            "4": 2,
            "5": 3
        },
        "7985": {
            "0": 1
        }
    },
    "population": [
        21984.60796356201
    ],
    "transport_embedding": [
        -2.489393949508667,
        0.47879838943481445,
        -1.1552746295928955,
        -0.20311594009399414,
        1.0682144165039062,
        0.4435596466064453,
        0.34435856342315674,
        -0.07038736343383789,
        -0.17999649047851562,
        2.1099355220794678
    ],
    "roadnet_embedding": [
        -0.9776793122291565,
        -1.1796894073486328,
        -2.8794007301330566,
        0.13052767515182495,
        -0.25436973571777344,
        0.23395873606204987,
        -1.0848395824432373,
        9.303373336791992,
        2.0127148628234863,
        5.127213001251221
    ],
    "function_embedding": [
        -1.6364853382110596,
        -0.003516322700306773,
        -1.9266701936721802,
        2.0588488578796387,
        0.7717617750167847,
        0.0907142236828804,
        -0.5216732025146484,
        -0.5156139135360718,
        -0.6698094606399536,
        -0.2752237319946289
    ],
    "city_embedding": [
        -1.0447057485580444,
        0.3976231813430786,
        -1.7289456129074097,
        1.3194669485092163,
        -0.4532582461833954,
        -0.6634348630905151,
        2.049787998199463,
        2.181579113006592,
        2.8862743377685547,
        4.5522613525390625
    ],
    "degree_embedding": [
        -1.0451043844223022,
        1.4786834716796875,
        -0.5683132410049438,
        1.2243716716766357,
        -1.9602525234222412,
        2.986405372619629,
        -1.1517560482025146,
        -0.6020788550376892,
        -0.10654934495687485,
        3.496993064880371
    ]
}