{
    "id": 7747,
    "range": [
        121.496804,
        31.212716,
        121.506804,
        31.202716
    ],
    "image_path": "CitySatellite\\Shanghai\\7747.jpg",
    "poi": [
        [
            2901,
            1,
            0
        ],
        [
            2902,
            8,
            0
        ],
        [
            2906,
            1,
            0
        ]
    ],
    "places": [],
    "transport": [
        [
            5661,
            2,
            0
        ],
        [
            5621,
            9,
            1
        ]
    ],
    "traffic": [
        [
            5204,
            20,
            1
        ],
        [
            5201,
            10,
            3
        ]
    ],
    "buildings": [
        31,
        31557.73516666666
    ],
    "landuse": [
        [
            7202,
            11,
            0,
            0.846947
        ],
        [
            7209,
            1,
            2,
            0.2289295
        ],
        [
            7218,
            3,
            5,
            0.2974466666666667
        ],
        [
            7213,
            1,
            3,
            0.005701
        ],
        [
            7203,
            2,
            1,
            0.19785475000000002
        ]
    ],
    "road_inner": [
        [
            5122,
            10,
            4,
            3784.759833333333
        ],
        [
            5114,
            8,
            2,
            1288.1431666666667
        ],
        [
            5141,
            25,
            5,
            2632.734666666667
        ],
        [
            5112,
            3,
            1,
            3386.467
        ],
        [
            5154,
            6,
            5,
            214.081
        ],
        [
            5121,
            1,
            4,
            71.823
        ],
        [
            5153,
            25,
            5,
            5007.4113333333335
        ],
        [
            5113,
            8,
            2,
            3160.637
        ],
        [
            5152,
            1,
            0,
            1535.5320000000002
        ],
        [
            5155,
            6,
            0,
            162.852
        ],
        [
            5124,
            9,
            5,
            2767.1775
        ],
        [
            5133,
            2,
            2,
            149.59300000000002
        ],
        [
            5115,
            3,
            3,
            263.34749999999997
        ],
        [
            5132,
            1.0,
            1,
            779.2384999999999
        ]
    ],
    "road_connect": {
        "7746": {
            "1": 2,
            "2": 4,
            "4": 4,
            "5": 5,
            "0": 1
        },
        "7745": {
            "4": 1
        },
        "7626": {
            "5": 1,
            "2": 2
        },
        "7866": {
            "0": 1,
            "4": 1,
            "5": 2,
            "2": 1
        },
        "7627": {
            "1": 9,
            "2": 7,
            "5": 9,
            "4": 1,
            "0": 1
        },
        "7748": {
            "2": 2,
            "4": 3,
            "3": 1,
            "5": 2,
            "0": 1
        },
        "7867": {
            "4": 3,
            "2": 4,
            "5": 1,
            "1": 2
        },
        "7868": {
            "4": 1
        },
        "7749": {
            "5": 1
        },
        "7388": {
            "5": 1
        },
        "7389": {
            "5": 1
        },
        "7508": {
            "5": 1
        },
        "7628": {
            "5": 1
        }
    },
    "population": [
        35948.29165649414
    ],
    "transport_embedding": [
        -2.489320755004883,
        0.4787050485610962,
        -1.3909809589385986,
        -0.3004627227783203,
        1.2157163619995117,
        0.4482949674129486,
        0.3045368194580078,
        -0.065399169921875,
        -0.14521026611328125,
        -4.173122882843018
    ],
    "roadnet_embedding": [
        -0.4126390814781189,
        -1.125309705734253,
        -2.2802867889404297,
        0.5490410923957825,
        0.0066590216010808945,
        0.6137746572494507,
        -0.9954334497451782,
        5.786234378814697,
        1.8679627180099487,
        2.5793824195861816
    ],
    "function_embedding": [
        -1.6698931455612183,
        0.03617846965789795,
        -2.3094303607940674,
        2.1893787384033203,
        0.7929320335388184,
        0.2862933576107025,
        -0.5774644017219543,
        -0.07341670244932175,
        -0.861465334892273,
        -1.294429898262024
    ],
    "city_embedding": [
        -1.074278712272644,
        0.5642459392547607,
        -2.8934366703033447,
        -0.7978886365890503,
        -0.17190289497375488,
        -0.9447315335273743,
        3.20923113822937,
        -0.5141885876655579,
        4.256102561950684,
        6.340152740478516
    ],
    "degree_embedding": [
        -1.0672887563705444,
        2.4211955070495605,
        0.8928523659706116,
        1.7559369802474976,
        -1.6060646772384644,
        2.105757236480713,
        -1.7757773399353027,
        -1.4419629573822021,
        1.4168680906295776,
        1.6857229471206665
    ]
}