{
    "id": 7758,
    "range": [
        121.496804,
        31.102716,
        121.506804,
        31.092716
    ],
    "image_path": "CitySatellite\\Shanghai\\7758.jpg",
    "poi": [
        [
            2501,
            1,
            6
        ],
        [
            2203,
            1,
            3
        ],
        [
            2301,
            14,
            4
        ],
        [
            2302,
            4,
            4
        ],
        [
            2502,
            2,
            6
        ],
        [
            2303,
            1,
            4
        ],
        [
            2602,
            3,
            0
        ],
        [
            2601,
            2,
            0
        ],
        [
            2512,
            1,
            6
        ],
        [
            2517,
            2,
            6
        ],
        [
            2566,
            2,
            6
        ],
        [
            2742,
            1,
            0
        ],
        [
            2511,
            4,
            6
        ],
        [
            2514,
            1,
            6
        ],
        [
            2701,
            1,
            0
        ]
    ],
    "places": [],
    "transport": [],
    "traffic": [
        [
            5204,
            7,
            1
        ]
    ],
    "buildings": [
        4,
        24502.762000000002
    ],
    "landuse": [
        [
            7202,
            2,
            0,
            0.7601479999999999
        ],
        [
            7204,
            1,
            3,
            1.721247
        ],
        [
            7218,
            1,
            5,
            0.024354
        ],
        [
            7203,
            4,
            1,
            1.2995352500000001
        ],
        [
            7209,
            1,
            2,
            1.325787
        ]
    ],
    "road_inner": [
        [
            5113,
            13,
            2,
            4250.419333333333
        ],
        [
            5114,
            4,
            2,
            1421.937
        ],
        [
            5122,
            7,
            4,
            3603.233333333333
        ],
        [
            5153,
            14,
            5,
            1026.8380000000002
        ],
        [
            5155,
            2,
            0,
            32.344
        ],
        [
            5141,
            9,
            5,
            3142.7771666666667
        ],
        [
            5115,
            1.0,
            3,
            269.01933333333335
        ],
        [
            5121,
            1.0,
            4,
            194.167
        ]
    ],
    "road_connect": {
        "7759": {
            "2": 4,
            "4": 1,
            "3": 1
        },
        "7757": {
            "2": 4,
            "4": 4,
            "5": 1
        },
        "7638": {
            "2": 2,
            "4": 5,
            "5": 1
        },
        "7639": {
            "4": 1
        },
        "7878": {
            "2": 2
        },
        "7877": {
            "2": 2,
            "4": 1
        },
        "7879": {
            "3": 1
        },
        "7637": {
            "4": 2,
            "5": 1
        },
        "7518": {
            "4": 1
        }
    },
    "population": [
        9593.869537353516
    ],
    "transport_embedding": [
        -2.1867809295654297,
        0.12719647586345673,
        -1.5436484813690186,
        -0.23562169075012207,
        0.6557613611221313,
        -3.092749834060669,
        1.3707865476608276,
        -2.2986373901367188,
        2.6204833984375,
        -3.07582950592041
    ],
    "roadnet_embedding": [
        -1.1810507774353027,
        -1.1992043256759644,
        -0.25364917516708374,
        1.5328608751296997,
        -0.047077424824237823,
        0.0363207682967186,
        0.4563196897506714,
        1.572497010231018,
        0.5911866426467896,
        -0.5324663519859314
    ],
    "function_embedding": [
        -1.7399600744247437,
        0.11943161487579346,
        -2.533376932144165,
        2.2510809898376465,
        0.8137154579162598,
        0.3945668637752533,
        -0.6123390197753906,
        0.210845947265625,
        -0.9359960556030273,
        -1.60523521900177
    ],
    "city_embedding": [
        -1.0147831439971924,
        -0.037800393998622894,
        -0.6189910173416138,
        1.0121532678604126,
        -0.7096443772315979,
        0.5559823513031006,
        1.554260015487671,
        3.8183796405792236,
        2.728478193283081,
        2.124445676803589
    ],
    "degree_embedding": [
        -1.0180457830429077,
        0.5850924849510193,
        0.006605247035622597,
        0.40871721506118774,
        -0.8801328539848328,
        -1.211791753768921,
        -0.6945167183876038,
        -1.0383204221725464,
        -1.2251005172729492,
        0.5530194044113159
    ]
}