{
    "id": 7759,
    "range": [
        121.496804,
        31.092716,
        121.506804,
        31.08271599999999
    ],
    "image_path": "CitySatellite\\Shanghai\\7759.jpg",
    "poi": [
        [
            2501,
            2,
            6
        ],
        [
            2601,
            4,
            0
        ],
        [
            2602,
            5,
            0
        ],
        [
            2303,
            1,
            4
        ],
        [
            2301,
            12,
            4
        ],
        [
            2526,
            1,
            6
        ],
        [
            2517,
            1,
            6
        ],
        [
            2566,
            4,
            6
        ],
        [
            2405,
            1,
            5
        ],
        [
            2302,
            4,
            4
        ],
        [
            2514,
            1,
            6
        ],
        [
            2518,
            1,
            6
        ],
        [
            2901,
            2,
            0
        ],
        [
            2203,
            1,
            3
        ],
        [
            2512,
            2,
            6
        ],
        [
            2502,
            1,
            6
        ],
        [
            2005,
            1,
            1
        ],
        [
            2511,
            1,
            6
        ]
    ],
    "places": [],
    "transport": [
        [
            5621,
            14,
            1
        ]
    ],
    "traffic": [],
    "buildings": [
        24,
        54381.18000000001
    ],
    "landuse": [
        [
            7202,
            3,
            0,
            0.793715
        ],
        [
            7203,
            4,
            1,
            0.82168175
        ],
        [
            7218,
            10,
            5,
            0.137115
        ],
        [
            7209,
            3,
            2,
            0.741138
        ]
    ],
    "road_inner": [
        [
            5115,
            5,
            3,
            3252.3140833333337
        ],
        [
            5153,
            10,
            5,
            1241.556
        ],
        [
            5113,
            6,
            2,
            2940.8475000000003
        ],
        [
            5122,
            12,
            4,
            3560.9311666666663
        ],
        [
            5141,
            6,
            5,
            2035.1574999999993
        ],
        [
            5155,
            2,
            0,
            91.017
        ],
        [
            5121,
            1.0,
            4,
            376.135
        ]
    ],
    "road_connect": {
        "7760": {
            "2": 2,
            "4": 3,
            "5": 5
        },
        "7758": {
            "2": 4,
            "4": 1,
            "3": 1
        },
        "7639": {
            "4": 3,
            "3": 4,
            "5": 1
        },
        "7879": {
            "3": 4,
            "4": 1
        },
        "7878": {
            "3": 1
        },
        "7520": {
            "3": 2
        },
        "7640": {
            "3": 2
        }
    },
    "population": [
        11012.11846160889
    ],
    "transport_embedding": [
        -2.342404842376709,
        0.2891465127468109,
        -1.2370651960372925,
        -0.1426234245300293,
        0.6491231322288513,
        0.3226299285888672,
        0.007871627807617188,
        0.21613740921020508,
        0.0558624267578125,
        2.114934206008911
    ],
    "roadnet_embedding": [
        -0.1645222157239914,
        -1.10104238986969,
        0.34529784321784973,
        0.7380928993225098,
        0.13190750777721405,
        0.8614914417266846,
        0.051187533885240555,
        0.5226123332977295,
        0.023502111434936523,
        0.3138059079647064
    ],
    "function_embedding": [
        -1.7399600744247437,
        0.11943161487579346,
        -2.5337555408477783,
        2.2511749267578125,
        0.8137354850769043,
        0.3948174715042114,
        -0.6124038696289062,
        0.21140003204345703,
        -0.936100959777832,
        -1.606979250907898
    ],
    "city_embedding": [
        -1.0203511714935303,
        0.011159200221300125,
        -0.8384945392608643,
        1.7989503145217896,
        -0.7456579804420471,
        0.497568279504776,
        1.6047135591506958,
        3.353349208831787,
        3.0635313987731934,
        2.6204609870910645
    ],
    "degree_embedding": [
        -1.013188362121582,
        0.38493338227272034,
        0.33943814039230347,
        -1.925486445426941,
        0.11791469156742096,
        -1.2258213758468628,
        -0.3684326708316803,
        -0.2603348195552826,
        0.9320962429046631,
        0.11769672483205795
    ]
}