{
    "id": 7762,
    "range": [
        121.496804,
        31.062716,
        121.506804,
        31.052716
    ],
    "image_path": "CitySatellite\\Shanghai\\7762.jpg",
    "poi": [
        [
            2511,
            2,
            6
        ],
        [
            2901,
            3,
            0
        ],
        [
            2701,
            1,
            0
        ],
        [
            2421,
            1,
            5
        ],
        [
            2566,
            2,
            6
        ],
        [
            2015,
            1,
            2
        ]
    ],
    "places": [],
    "transport": [
        [
            5621,
            7,
            1
        ]
    ],
    "traffic": [
        [
            5201,
            4,
            3
        ]
    ],
    "buildings": [
        33,
        26512.749000000003
    ],
    "landuse": [
        [
            7206,
            1,
            0,
            0.2619665
        ],
        [
            7202,
            3,
            0,
            3.6568982500000002
        ],
        [
            7203,
            1,
            1,
            0.11496
        ],
        [
            7201,
            1,
            4,
            2.9468644166666667
        ]
    ],
    "road_inner": [
        [
            5115,
            4,
            3,
            1274.4846666666667
        ],
        [
            5113,
            6,
            2,
            1463.4699999999998
        ],
        [
            5114,
            8,
            2,
            2124.761
        ],
        [
            5134,
            2,
            2,
            120.57
        ],
        [
            5152,
            31,
            0,
            3890.886000000001
        ],
        [
            5153,
            59,
            5,
            7388.273000000003
        ],
        [
            5124,
            7,
            5,
            1509.5015
        ],
        [
            5141,
            7,
            5,
            858.977
        ],
        [
            5154,
            3,
            5,
            321.533
        ],
        [
            5121,
            3,
            4,
            227.411
        ],
        [
            5111,
            1.0,
            1,
            1546.7775000000001
        ],
        [
            5122,
            1.0,
            4,
            229.7145
        ]
    ],
    "road_connect": {
        "7882": {
            "1": 2,
            "3": 1,
            "2": 3,
            "0": 1,
            "5": 1
        },
        "7522": {
            "1": 2
        },
        "7642": {
            "1": 2,
            "2": 2,
            "4": 1,
            "5": 1,
            "3": 1
        },
        "7881": {
            "3": 1
        },
        "8002": {
            "1": 1
        },
        "7761": {
            "2": 2,
            "5": 2,
            "0": 2
        },
        "7763": {
            "2": 2,
            "5": 3,
            "0": 4
        }
    },
    "population": [
        2791.579393386841
    ],
    "transport_embedding": [
        -2.057154655456543,
        -0.06650165468454361,
        0.5929272770881653,
        0.7753890156745911,
        -1.0496764183044434,
        0.1041923388838768,
        -0.08754747360944748,
        0.46577921509742737,
        0.002490997314453125,
        0.9142825603485107
    ],
    "roadnet_embedding": [
        -0.06412015855312347,
        -1.0917681455612183,
        -2.528589963912964,
        0.2247825413942337,
        0.05399986356496811,
        0.9000205993652344,
        -0.21297518908977509,
        6.16926383972168,
        1.9497865438461304,
        2.818491220474243
    ],
    "function_embedding": [
        -1.1930856704711914,
        -0.5303617715835571,
        -2.0037436485290527,
        2.0144588947296143,
        0.7210385799407959,
        0.3221016526222229,
        -0.5507481098175049,
        -0.02560444362461567,
        -0.5874578356742859,
        -0.58033686876297
    ],
    "city_embedding": [
        -0.9917566180229187,
        0.04656701162457466,
        0.34725314378738403,
        1.97334885597229,
        -0.8117768168449402,
        0.780168354511261,
        0.32037994265556335,
        4.1105241775512695,
        2.0474436283111572,
        2.7035460472106934
    ],
    "degree_embedding": [
        -1.0090875625610352,
        0.10923085361719131,
        1.1346094608306885,
        -0.5989586710929871,
        -1.0368245840072632,
        1.209430456161499,
        -2.058978319168091,
        2.3847360610961914,
        -0.582076907157898,
        -1.3568241596221924
    ]
}