{
    "id": 7783,
    "range": [
        121.496804,
        30.852716,
        121.506804,
        30.842716
    ],
    "image_path": "CitySatellite\\Shanghai\\7783.jpg",
    "poi": [
        [
            2511,
            2,
            6
        ],
        [
            2501,
            1,
            6
        ],
        [
            2725,
            3,
            0
        ],
        [
            2601,
            3,
            0
        ],
        [
            2012,
            1,
            2
        ],
        [
            2306,
            1,
            4
        ],
        [
            2906,
            6,
            0
        ],
        [
            2528,
            1,
            6
        ],
        [
            2523,
            1,
            6
        ],
        [
            2568,
            1,
            6
        ],
        [
            2519,
            1,
            6
        ],
        [
            2510,
            1,
            6
        ],
        [
            2561,
            1,
            6
        ],
        [
            2303,
            2,
            4
        ],
        [
            2301,
            6,
            4
        ],
        [
            2902,
            10,
            0
        ]
    ],
    "places": [],
    "transport": [],
    "traffic": [],
    "buildings": [
        37,
        64649.105166666675
    ],
    "landuse": [
        [
            7218,
            24,
            5,
            0.33086850000000007
        ],
        [
            7203,
            2,
            1,
            0.8911945
        ],
        [
            7202,
            2,
            0,
            0.295755
        ],
        [
            7201,
            11,
            4,
            0.21613999999999997
        ]
    ],
    "road_inner": [
        [
            5121,
            17,
            4,
            3176.142
        ],
        [
            5141,
            43,
            5,
            3894.9894999999988
        ],
        [
            5153,
            89,
            5,
            6469.811999999998
        ],
        [
            5154,
            9,
            5,
            784.6825000000001
        ],
        [
            5122,
            2,
            4,
            1443.7093333333332
        ],
        [
            5155,
            1,
            0,
            26.768
        ],
        [
            5114,
            1,
            2,
            147.225
        ],
        [
            5113,
            1.0,
            2,
            1408.1026666666667
        ],
        [
            5112,
            1.0,
            1,
            752.4755
        ]
    ],
    "road_connect": {
        "7784": {
            "5": 9,
            "4": 4,
            "2": 1
        },
        "7903": {
            "5": 15,
            "4": 3,
            "2": 1
        },
        "7782": {
            "4": 1
        },
        "7662": {
            "4": 1
        },
        "7544": {
            "2": 1
        },
        "7545": {
            "2": 1
        },
        "7425": {
            "2": 1
        },
        "7664": {
            "2": 1
        },
        "7663": {
            "2": 2,
            "1": 2
        }
    },
    "population": [
        2800.537676811218
    ],
    "transport_embedding": [
        -0.1896873116493225,
        -0.6954109072685242,
        0.6095781922340393,
        -0.674476146697998,
        0.2965674102306366,
        0.35840871930122375,
        -0.30940064787864685,
        0.6444351077079773,
        0.22425933182239532,
        -0.22123335301876068
    ],
    "roadnet_embedding": [
        0.6543302536010742,
        -1.022624135017395,
        -2.0153260231018066,
        0.568006694316864,
        0.34920477867126465,
        1.3955758810043335,
        -0.7489463090896606,
        5.424786567687988,
        1.7815601825714111,
        2.004955530166626
    ],
    "function_embedding": [
        -1.7399550676345825,
        0.11942589282989502,
        -2.533367156982422,
        2.2510783672332764,
        0.8137145042419434,
        0.39455756545066833,
        -0.6123390197753906,
        0.21082735061645508,
        -0.9359938502311707,
        -1.6071580648422241
    ],
    "city_embedding": [
        -0.9970802664756775,
        -0.03416134789586067,
        0.10179419815540314,
        2.945667028427124,
        -0.8038780093193054,
        1.1428369283676147,
        0.30109700560569763,
        3.7358176708221436,
        2.779514789581299,
        2.673280954360962
    ],
    "degree_embedding": [
        -0.9975498914718628,
        -0.4757646918296814,
        2.3188064098358154,
        0.7925541400909424,
        -2.2807905673980713,
        -0.0048576523549854755,
        -1.233085036277771,
        -1.4660190343856812,
        1.3203727006912231,
        1.5447816848754883
    ]
}