{
    "id": 7789,
    "range": [
        121.496804,
        30.792716,
        121.506804,
        30.782716
    ],
    "image_path": "CitySatellite\\Shanghai\\7789.jpg",
    "poi": [],
    "places": [],
    "transport": [],
    "traffic": [],
    "buildings": [],
    "landuse": [],
    "road_inner": [],
    "road_connect": {},
    "population": [
        0.0
    ],
    "transport_embedding": [
        -0.10048875957727432,
        -0.7064510583877563,
        0.4002031683921814,
        -0.797651469707489,
        -0.5832625031471252,
        0.7293421030044556,
        1.222102165222168,
        1.5240631103515625,
        0.5230409502983093,
        -0.28862664103507996
    ],
    "roadnet_embedding": [
        1.0809820890426636,
        -0.42082858085632324,
        0.035804588347673416,
        0.5778975486755371,
        -3.0607030391693115,
        -0.00772400526329875,
        0.03727688640356064,
        -0.06179553642868996,
        -0.03528016433119774,
        0.30985066294670105
    ],
    "function_embedding": [
        -0.6019103527069092,
        -0.3156888782978058,
        -0.08906500041484833,
        0.05861911550164223,
        -1.4020681381225586,
        -0.07788287848234177,
        0.02751009911298752,
        -0.068195641040802,
        -0.09201653301715851,
        0.30849042534828186
    ],
    "city_embedding": [
        -0.983723521232605,
        0.0036167511716485023,
        0.6694934964179993,
        1.3806318044662476,
        -0.5934169292449951,
        1.2560120820999146,
        0.1646505445241928,
        2.77662992477417,
        2.3926258087158203,
        3.5471549034118652
    ],
    "degree_embedding": [
        -0.9859232902526855,
        -0.14980502426624298,
        1.1363672018051147,
        1.3890211582183838,
        1.9668338298797607,
        -0.10017327964305878,
        -0.9014211297035217,
        -0.5218036770820618,
        0.12516868114471436,
        0.34269973635673523
    ]
}