{
    "id": 7790,
    "range": [
        121.496804,
        30.782716,
        121.506804,
        30.772716
    ],
    "image_path": "CitySatellite\\Shanghai\\7790.jpg",
    "poi": [],
    "places": [],
    "transport": [],
    "traffic": [],
    "buildings": [],
    "landuse": [],
    "road_inner": [],
    "road_connect": {},
    "population": [
        0.0
    ],
    "transport_embedding": [
        -0.2803616523742676,
        -0.7133288979530334,
        0.727710485458374,
        -0.5611783862113953,
        1.0529589653015137,
        -0.5565938353538513,
        -1.0347976684570312,
        0.7518469095230103,
        -0.6641885638237,
        -0.21881382167339325
    ],
    "roadnet_embedding": [
        1.0057560205459595,
        -0.4382970929145813,
        0.10326229780912399,
        0.5431866645812988,
        -2.7696595191955566,
        -0.17550042271614075,
        0.04383726418018341,
        -0.0073903524316847324,
        -0.07382233440876007,
        0.2714957594871521
    ],
    "function_embedding": [
        -0.6405045390129089,
        -0.29601189494132996,
        -0.046649813652038574,
        -0.02546263113617897,
        -1.360704779624939,
        -0.10704262554645538,
        0.042657770216464996,
        -0.1193198561668396,
        -0.18799124658107758,
        0.2620108723640442
    ],
    "city_embedding": [
        -0.983723521232605,
        0.0036167511716485023,
        0.6694934964179993,
        1.3806318044662476,
        -0.5934169292449951,
        1.2560120820999146,
        0.1646505445241928,
        2.77662992477417,
        2.3926258087158203,
        3.5471549034118652
    ],
    "degree_embedding": [
        -0.9859232902526855,
        -0.14980502426624298,
        1.1363672018051147,
        1.3890211582183838,
        1.9668338298797607,
        -0.10017327964305878,
        -0.9014211297035217,
        -0.5218036770820618,
        0.12516868114471436,
        0.34269973635673523
    ]
}