{
    "id": 7822,
    "range": [
        121.506804,
        31.662716,
        121.516804,
        31.652716
    ],
    "image_path": "CitySatellite\\Shanghai\\7822.jpg",
    "poi": [],
    "places": [],
    "transport": [],
    "traffic": [],
    "buildings": [],
    "landuse": [
        [
            7213,
            1,
            3,
            2.858332125
        ]
    ],
    "road_inner": [
        [
            5115,
            1,
            3,
            458.6445
        ],
        [
            5121,
            2,
            4,
            1307.3315
        ],
        [
            5122,
            1.0,
            4,
            83.3375
        ]
    ],
    "road_connect": {
        "7821": {
            "4": 2,
            "3": 1
        }
    },
    "population": [
        584.4806251525879
    ],
    "transport_embedding": [
        -0.21907851099967957,
        -0.7127051949501038,
        0.6831861734390259,
        -0.6154977679252625,
        0.7525322437286377,
        0.18064285814762115,
        -0.7890874147415161,
        0.3956809937953949,
        -0.17576126754283905,
        -0.17318189144134521
    ],
    "roadnet_embedding": [
        0.766593337059021,
        -0.893322765827179,
        0.1739790439605713,
        -1.2370667457580566,
        0.5195742249488831,
        -1.9530532360076904,
        -0.11873482912778854,
        0.9268544912338257,
        0.21243023872375488,
        -0.3620091676712036
    ],
    "function_embedding": [
        -1.2029980421066284,
        -0.5131844878196716,
        1.5766881704330444,
        -0.6673473715782166,
        0.6945546269416809,
        2.209057569503784,
        -0.4086546301841736,
        -0.11842648684978485,
        -0.2509070634841919,
        -0.3023402988910675
    ],
    "city_embedding": [
        -0.9855929613113403,
        -0.000779337715357542,
        0.5916829705238342,
        1.298874020576477,
        -0.6042082905769348,
        1.199528455734253,
        0.2553274631500244,
        2.8631904125213623,
        2.3516392707824707,
        3.389805316925049
    ],
    "degree_embedding": [
        -0.9811737537384033,
        -0.49036604166030884,
        -0.1615164875984192,
        0.650458812713623,
        1.270127534866333,
        0.32234692573547363,
        0.050481364130973816,
        -1.0101982355117798,
        1.0089296102523804,
        -1.8453266620635986
    ]
}