{
    "id": 7856,
    "range": [
        121.506804,
        31.322716,
        121.516804,
        31.312716
    ],
    "image_path": "CitySatellite\\Shanghai\\7856.jpg",
    "poi": [
        [
            2501,
            2,
            6
        ],
        [
            2511,
            1,
            6
        ],
        [
            2901,
            1,
            0
        ],
        [
            2906,
            5,
            0
        ],
        [
            2006,
            2,
            2
        ],
        [
            2541,
            2,
            6
        ],
        [
            2601,
            1,
            0
        ]
    ],
    "places": [],
    "transport": [
        [
            5621,
            12,
            1
        ]
    ],
    "traffic": [
        [
            5201,
            26,
            3
        ],
        [
            5204,
            29,
            1
        ]
    ],
    "buildings": [
        85,
        69070.35149999999
    ],
    "landuse": [
        [
            7203,
            12,
            1,
            2.3985704166666664
        ],
        [
            7202,
            3,
            0,
            0.4194773333333333
        ],
        [
            7213,
            1,
            3,
            0.0682065
        ],
        [
            7209,
            1,
            2,
            0.4030225
        ],
        [
            7218,
            4,
            5,
            0.037561000000000004
        ],
        [
            7204,
            1,
            3,
            0.048756
        ]
    ],
    "road_inner": [
        [
            5115,
            15,
            3,
            3421.289
        ],
        [
            5114,
            3,
            2,
            644.3805
        ],
        [
            5122,
            10,
            4,
            3033.053
        ],
        [
            5113,
            10,
            2,
            4795.998766666667
        ],
        [
            5133,
            4,
            2,
            161.781
        ],
        [
            5152,
            23,
            0,
            4434.0107499999995
        ],
        [
            5153,
            23,
            5,
            6603.214583333333
        ],
        [
            5141,
            27,
            5,
            2457.6044999999995
        ]
    ],
    "road_connect": {
        "7736": {
            "2": 6,
            "3": 2,
            "5": 8,
            "0": 4,
            "4": 3
        },
        "7735": {
            "2": 1,
            "5": 1,
            "0": 1
        },
        "7616": {
            "2": 2
        },
        "7615": {
            "2": 1
        },
        "7855": {
            "5": 11,
            "0": 4,
            "3": 2,
            "4": 1,
            "2": 2
        },
        "7857": {
            "2": 1,
            "4": 2,
            "5": 4,
            "3": 1
        },
        "7976": {
            "4": 1,
            "2": 2,
            "3": 3,
            "5": 4
        },
        "7975": {
            "4": 1,
            "2": 2,
            "5": 2
        }
    },
    "population": [
        22196.12853622437
    ],
    "transport_embedding": [
        -2.489511013031006,
        0.47894906997680664,
        -1.393208384513855,
        -0.3015024662017822,
        1.2176799774169922,
        0.4487018585205078,
        0.3044605255126953,
        -0.06552934646606445,
        -0.14530563354492188,
        -4.17464017868042
    ],
    "roadnet_embedding": [
        -0.6437749266624451,
        -1.1475542783737183,
        -2.338859796524048,
        0.4053332805633545,
        -0.0953403189778328,
        0.4706111252307892,
        -0.018134700134396553,
        6.117625713348389,
        2.1108970642089844,
        2.7454171180725098
    ],
    "function_embedding": [
        -1.7127900123596191,
        0.08714830875396729,
        -2.2650318145751953,
        2.1783857345581055,
        0.7965044975280762,
        0.23807917535305023,
        -0.5694333910942078,
        -0.15396137535572052,
        -0.8440527319908142,
        -0.9237756133079529
    ],
    "city_embedding": [
        -1.0458908081054688,
        0.3738505244255066,
        -1.7845720052719116,
        1.2533625364303589,
        -0.4708077609539032,
        -0.5860083103179932,
        2.1649229526519775,
        1.9823287725448608,
        3.080228567123413,
        4.523226737976074
    ],
    "degree_embedding": [
        -1.0384604930877686,
        1.137385606765747,
        0.9280812740325928,
        1.4487245082855225,
        -2.5094475746154785,
        2.7210140228271484,
        -2.2390964031219482,
        0.494582861661911,
        2.561009407043457,
        3.4798500537872314
    ]
}