{
    "id": 7857,
    "range": [
        121.506804,
        31.312716,
        121.516804,
        31.302716
    ],
    "image_path": "CitySatellite\\Shanghai\\7857.jpg",
    "poi": [
        [
            2501,
            1,
            6
        ],
        [
            2302,
            2,
            4
        ],
        [
            2203,
            1,
            3
        ],
        [
            2303,
            2,
            4
        ],
        [
            2721,
            1,
            0
        ],
        [
            2520,
            1,
            6
        ],
        [
            2301,
            6,
            4
        ],
        [
            2111,
            1,
            0
        ],
        [
            2515,
            1,
            6
        ],
        [
            2601,
            1,
            0
        ],
        [
            2906,
            1,
            0
        ],
        [
            2512,
            1,
            6
        ]
    ],
    "places": [
        [
            1010,
            2,
            5
        ]
    ],
    "transport": [
        [
            5641,
            1,
            0
        ],
        [
            5621,
            18,
            1
        ],
        [
            5601,
            1,
            2
        ]
    ],
    "traffic": [
        [
            5201,
            10,
            3
        ],
        [
            5204,
            2,
            1
        ]
    ],
    "buildings": [
        108,
        173641.164
    ],
    "landuse": [
        [
            7203,
            13,
            1,
            1.2613925
        ],
        [
            7213,
            1,
            3,
            0.0682065
        ],
        [
            7209,
            8,
            2,
            1.415389
        ],
        [
            7212,
            1,
            0,
            0.167374
        ],
        [
            7218,
            1,
            5,
            0.0109485
        ],
        [
            7202,
            1,
            0,
            0.091915
        ]
    ],
    "road_inner": [
        [
            5122,
            17,
            4,
            4683.138499999998
        ],
        [
            5115,
            12,
            3,
            3722.9594999999995
        ],
        [
            5113,
            17,
            2,
            4404.7005
        ],
        [
            5132,
            2,
            1,
            756.2484999999999
        ],
        [
            5141,
            40,
            5,
            5170.492999999999
        ],
        [
            5114,
            4,
            2,
            1920.4050000000004
        ],
        [
            5153,
            63,
            5,
            4272.460000000001
        ],
        [
            5154,
            5,
            5,
            49.796
        ],
        [
            5155,
            6,
            0,
            190.15800000000002
        ],
        [
            5124,
            2,
            5,
            1875.19
        ],
        [
            5112,
            1.0,
            1,
            523.992
        ]
    ],
    "road_connect": {
        "7738": {
            "1": 2
        },
        "7858": {
            "1": 5,
            "2": 7,
            "4": 2,
            "5": 4,
            "3": 2
        },
        "7977": {
            "1": 2,
            "3": 3,
            "4": 1,
            "2": 2,
            "5": 1
        },
        "7736": {
            "2": 1
        },
        "7737": {
            "2": 6,
            "3": 3,
            "4": 3,
            "5": 4
        },
        "7617": {
            "2": 1
        },
        "7856": {
            "2": 1,
            "4": 2,
            "5": 4,
            "3": 1
        },
        "8097": {
            "2": 2
        }
    },
    "population": [
        53758.13772583008
    ],
    "transport_embedding": [
        -2.487255573272705,
        0.4760361611843109,
        -1.2534472942352295,
        -0.24230289459228516,
        1.122761845588684,
        0.4438362121582031,
        0.32302284240722656,
        -0.0640568733215332,
        -0.1622772216796875,
        2.4428162574768066
    ],
    "roadnet_embedding": [
        -0.4268241226673126,
        -1.1266748905181885,
        -2.232844114303589,
        0.5976681113243103,
        0.011647935025393963,
        0.5989924669265747,
        -0.8405477404594421,
        6.1838884353637695,
        1.8518301248550415,
        2.730343818664551
    ],
    "function_embedding": [
        -1.7394521236419678,
        0.1188281774520874,
        -2.4281697273254395,
        2.2249724864959717,
        0.8081283569335938,
        0.3296501040458679,
        -0.595001220703125,
        0.06217021867632866,
        -0.9067378640174866,
        -1.3705462217330933
    ],
    "city_embedding": [
        -1.0866938829421997,
        4.057973384857178,
        -2.4713668823242188,
        1.388302206993103,
        1.9768215417861938,
        -2.5585081577301025,
        -3.8707900047302246,
        -3.0662643909454346,
        3.5992801189422607,
        -2.851986885070801
    ],
    "degree_embedding": [
        -1.0331764221191406,
        0.9844539761543274,
        1.0112165212631226,
        -0.4679061770439148,
        -1.3667857646942139,
        1.080005168914795,
        -1.8461650609970093,
        -1.8123152256011963,
        -0.42110759019851685,
        1.3478196859359741
    ]
}