{
    "id": 7864,
    "range": [
        121.506804,
        31.242716,
        121.516804,
        31.232716
    ],
    "image_path": "CitySatellite\\Shanghai\\7864.jpg",
    "poi": [
        [
            2303,
            4,
            4
        ],
        [
            2302,
            3,
            4
        ],
        [
            2401,
            3,
            5
        ],
        [
            2004,
            2,
            2
        ],
        [
            2511,
            2,
            6
        ],
        [
            2501,
            1,
            6
        ],
        [
            2601,
            6,
            0
        ],
        [
            2305,
            1,
            4
        ],
        [
            2725,
            1,
            0
        ],
        [
            2904,
            1,
            0
        ],
        [
            2203,
            1,
            3
        ],
        [
            2514,
            1,
            6
        ],
        [
            2512,
            2,
            6
        ],
        [
            2546,
            1,
            6
        ],
        [
            2504,
            1,
            6
        ],
        [
            2901,
            1,
            0
        ],
        [
            2301,
            1,
            4
        ],
        [
            2721,
            1,
            0
        ]
    ],
    "places": [],
    "transport": [
        [
            5621,
            16,
            1
        ],
        [
            5601,
            2,
            2
        ]
    ],
    "traffic": [
        [
            5201,
            19,
            3
        ],
        [
            5204,
            22,
            1
        ]
    ],
    "buildings": [
        317,
        203909.77350000016
    ],
    "landuse": [
        [
            7209,
            5,
            2,
            0.9233927499999999
        ],
        [
            7212,
            3,
            0,
            0.38661091666666664
        ],
        [
            7203,
            22,
            1,
            4.3437771666666665
        ],
        [
            7201,
            7,
            4,
            0.08890050000000001
        ],
        [
            7218,
            3,
            5,
            0.021039
        ],
        [
            7211,
            4,
            0,
            0.3325635
        ]
    ],
    "road_inner": [
        [
            5115,
            6,
            3,
            2094.576
        ],
        [
            5113,
            11,
            2,
            5462.6909444444445
        ],
        [
            5122,
            7,
            4,
            3729.959
        ],
        [
            5141,
            42,
            5,
            5579.8229999999985
        ],
        [
            5152,
            2,
            0,
            3134.2783333333336
        ],
        [
            5153,
            24,
            5,
            4053.8635
        ],
        [
            5124,
            2,
            5,
            1235.3445
        ],
        [
            5114,
            1,
            2,
            2533.966333333333
        ],
        [
            5133,
            2,
            2,
            269.073
        ]
    ],
    "road_connect": {
        "8223": {
            "2": 2,
            "0": 2
        },
        "8342": {
            "2": 2
        },
        "8343": {
            "2": 2
        },
        "7744": {
            "2": 9,
            "0": 3,
            "4": 4,
            "5": 11,
            "3": 1
        },
        "7984": {
            "2": 10,
            "0": 5,
            "5": 5,
            "4": 3,
            "3": 2
        },
        "7983": {
            "2": 4,
            "0": 2
        },
        "8103": {
            "2": 2,
            "0": 2
        },
        "7624": {
            "2": 2
        },
        "7863": {
            "0": 3,
            "2": 4,
            "4": 3,
            "5": 2
        },
        "7985": {
            "0": 3,
            "5": 1,
            "2": 1
        },
        "7865": {
            "2": 2,
            "5": 14,
            "3": 2
        },
        "7862": {
            "2": 1
        }
    },
    "population": [
        33201.60873413086
    ],
    "transport_embedding": [
        -2.4895079135894775,
        0.4789450168609619,
        -1.3923454284667969,
        -0.3011441230773926,
        1.2171295881271362,
        0.4486808776855469,
        0.3045997619628906,
        -0.06554174423217773,
        -0.14542770385742188,
        -3.931534767150879
    ],
    "roadnet_embedding": [
        -1.1242012977600098,
        -1.1937906742095947,
        -2.4238040447235107,
        0.5567281246185303,
        -0.21785950660705566,
        0.09176713973283768,
        -0.43568122386932373,
        7.166431903839111,
        2.024685859680176,
        3.3673956394195557
    ],
    "function_embedding": [
        -1.7399169206619263,
        0.11938035488128662,
        -2.5152947902679443,
        2.246596574783325,
        0.8127613067626953,
        0.3825385570526123,
        -0.6093063354492188,
        0.18428722023963928,
        -0.9309784770011902,
        -1.5485265254974365
    ],
    "city_embedding": [
        -1.0764856338500977,
        0.8763365745544434,
        -2.9138920307159424,
        1.5789127349853516,
        -0.39780324697494507,
        -1.56976318359375,
        0.1864594966173172,
        -0.9297906756401062,
        -5.866148471832275,
        3.3744029998779297
    ],
    "degree_embedding": [
        -1.1379107236862183,
        5.6047163009643555,
        -8.019379615783691,
        4.406264781951904,
        -0.12996725738048553,
        10.75008773803711,
        3.1472582817077637,
        -4.668127059936523,
        7.660263538360596,
        4.929616928100586
    ]
}