{
    "id": 7865,
    "range": [
        121.506804,
        31.232716,
        121.516804,
        31.222716
    ],
    "image_path": "CitySatellite\\Shanghai\\7865.jpg",
    "poi": [
        [
            2511,
            5,
            6
        ],
        [
            2901,
            1,
            0
        ],
        [
            2401,
            1,
            5
        ],
        [
            2301,
            8,
            4
        ],
        [
            2566,
            1,
            6
        ],
        [
            2515,
            1,
            6
        ],
        [
            2304,
            1,
            4
        ],
        [
            2302,
            5,
            4
        ],
        [
            2742,
            1,
            0
        ],
        [
            2251,
            1,
            3
        ],
        [
            2501,
            3,
            6
        ],
        [
            2601,
            4,
            0
        ],
        [
            2525,
            2,
            6
        ],
        [
            2303,
            8,
            4
        ],
        [
            2725,
            2,
            0
        ],
        [
            2512,
            2,
            6
        ],
        [
            2517,
            1,
            6
        ],
        [
            2522,
            1,
            6
        ],
        [
            2521,
            1,
            6
        ],
        [
            2203,
            1,
            3
        ],
        [
            2520,
            2,
            6
        ],
        [
            2514,
            1,
            6
        ],
        [
            2544,
            1,
            6
        ]
    ],
    "places": [],
    "transport": [
        [
            5601,
            1,
            2
        ],
        [
            5621,
            22,
            1
        ]
    ],
    "traffic": [
        [
            5201,
            8,
            3
        ],
        [
            5204,
            10,
            1
        ]
    ],
    "buildings": [
        114,
        141460.68016666666
    ],
    "landuse": [
        [
            7203,
            14,
            1,
            3.509694166666667
        ],
        [
            7212,
            2,
            0,
            0.5444415
        ],
        [
            7218,
            3,
            5,
            0.006106
        ],
        [
            7209,
            5,
            2,
            0.83721225
        ],
        [
            7202,
            1,
            0,
            0.03387
        ],
        [
            7201,
            1,
            4,
            0.008625
        ]
    ],
    "road_inner": [
        [
            5113,
            13,
            2,
            3440.96
        ],
        [
            5141,
            43,
            5,
            6948.161499999998
        ],
        [
            5152,
            1,
            0,
            1420.1768333333334
        ],
        [
            5115,
            12,
            3,
            3967.6424999999995
        ],
        [
            5114,
            6,
            2,
            4882.097166666666
        ],
        [
            5154,
            4,
            5,
            470.56100000000004
        ],
        [
            5153,
            29,
            5,
            2315.3109999999997
        ],
        [
            5124,
            3,
            5,
            1215.2525
        ],
        [
            5155,
            4,
            0,
            85.773
        ],
        [
            5122,
            1.0,
            4,
            392.023
        ]
    ],
    "road_connect": {
        "7746": {
            "0": 1
        },
        "7866": {
            "0": 1,
            "2": 3,
            "5": 1,
            "3": 1
        },
        "7744": {
            "3": 1
        },
        "7745": {
            "3": 1,
            "2": 7,
            "0": 2,
            "4": 2,
            "5": 3
        },
        "7625": {
            "2": 4
        },
        "7985": {
            "0": 2,
            "3": 2,
            "2": 2,
            "5": 8
        },
        "7864": {
            "2": 2,
            "5": 14,
            "3": 2
        },
        "7984": {
            "5": 1
        },
        "7986": {
            "3": 1
        }
    },
    "population": [
        23871.2512512207
    ],
    "transport_embedding": [
        -2.4883687496185303,
        0.477473646402359,
        -1.3500959873199463,
        -0.28295350074768066,
        1.1869381666183472,
        0.4468212127685547,
        0.3091869354248047,
        -0.06418657302856445,
        -0.14984130859375,
        2.4712255001068115
    ],
    "roadnet_embedding": [
        -0.8104495406150818,
        -1.1635950803756714,
        -2.4781668186187744,
        0.4826325476169586,
        -0.13249923288822174,
        0.3242115080356598,
        -0.31866851449012756,
        6.250594615936279,
        1.7559176683425903,
        2.80037260055542
    ],
    "function_embedding": [
        -1.7399601936340332,
        0.11943185329437256,
        -2.535163402557373,
        2.251523971557617,
        0.8138093948364258,
        0.39576268196105957,
        -0.612640380859375,
        0.21347761154174805,
        -0.9364910125732422,
        -1.6091536283493042
    ],
    "city_embedding": [
        -1.0563173294067383,
        0.3819393217563629,
        -2.220261812210083,
        1.9885966777801514,
        -0.6791108846664429,
        -0.26989638805389404,
        1.9131187200546265,
        -0.6989302039146423,
        0.9011029601097107,
        3.085193395614624
    ],
    "degree_embedding": [
        -1.0160880088806152,
        0.1935696005821228,
        1.5469865798950195,
        0.4878254532814026,
        -2.4583747386932373,
        2.4861245155334473,
        -1.676066279411316,
        0.15878166258335114,
        1.641396164894104,
        2.9166481494903564
    ]
}