{
    "id": 7866,
    "range": [
        121.506804,
        31.222716,
        121.516804,
        31.212716
    ],
    "image_path": "CitySatellite\\Shanghai\\7866.jpg",
    "poi": [
        [
            2511,
            1,
            6
        ],
        [
            2303,
            1,
            4
        ],
        [
            2901,
            1,
            0
        ],
        [
            2601,
            2,
            0
        ],
        [
            2402,
            2,
            5
        ],
        [
            2725,
            1,
            0
        ],
        [
            2950,
            1,
            0
        ]
    ],
    "places": [],
    "transport": [
        [
            5621,
            10,
            1
        ],
        [
            5661,
            2,
            0
        ]
    ],
    "traffic": [
        [
            5250,
            1,
            0
        ],
        [
            5263,
            1,
            0
        ],
        [
            5270,
            1,
            0
        ]
    ],
    "buildings": [
        129,
        100211.15566666669
    ],
    "landuse": [
        [
            7202,
            3,
            0,
            0.32057599999999997
        ],
        [
            7203,
            6,
            1,
            0.9338946666666667
        ],
        [
            7209,
            1,
            2,
            0.2289295
        ]
    ],
    "road_inner": [
        [
            5115,
            8,
            3,
            1818.6036666666664
        ],
        [
            5113,
            4,
            2,
            1883.7175
        ],
        [
            5122,
            9,
            4,
            2793.4821666666667
        ],
        [
            5141,
            10,
            5,
            841.8115
        ],
        [
            5153,
            13,
            5,
            2690.216666666667
        ],
        [
            5155,
            5,
            0,
            147.963
        ],
        [
            5152,
            9,
            0,
            2744.839333333333
        ],
        [
            5124,
            3,
            5,
            1086.746
        ],
        [
            5154,
            1,
            5,
            61.971
        ],
        [
            5114,
            8,
            2,
            2282.733666666667
        ]
    ],
    "road_connect": {
        "7746": {
            "5": 5,
            "0": 3,
            "4": 1
        },
        "7745": {
            "5": 1,
            "0": 1
        },
        "7747": {
            "0": 1,
            "4": 1,
            "5": 2,
            "2": 1
        },
        "7865": {
            "0": 1,
            "2": 3,
            "5": 1,
            "3": 1
        },
        "7867": {
            "2": 6,
            "5": 2,
            "4": 3
        },
        "7987": {
            "4": 1
        },
        "7986": {
            "3": 2,
            "4": 3,
            "5": 2
        },
        "7985": {
            "3": 1
        }
    },
    "population": [
        25799.31266021729
    ],
    "transport_embedding": [
        -1.916193962097168,
        -0.2569877505302429,
        -1.2480095624923706,
        0.11981074512004852,
        -0.5840861201286316,
        -0.013092041015625,
        -0.8545064330101013,
        0.9524121284484863,
        0.6321907043457031,
        1.2009466886520386
    ],
    "roadnet_embedding": [
        -0.4851170778274536,
        -1.132224678993225,
        -1.0258210897445679,
        0.7269397377967834,
        0.01772427000105381,
        0.6103760004043579,
        0.8410736322402954,
        1.9484038352966309,
        0.9938640594482422,
        0.11102452874183655
    ],
    "function_embedding": [
        -1.5890250205993652,
        -0.05990619584918022,
        -1.734779953956604,
        1.9612624645233154,
        0.7600871324539185,
        0.03818077594041824,
        -0.4921121597290039,
        -0.669742226600647,
        -0.5388294458389282,
        -0.13117897510528564
    ],
    "city_embedding": [
        -1.0540828704833984,
        0.5119302868843079,
        -2.0851378440856934,
        1.5566644668579102,
        -0.4040358364582062,
        -0.8959420919418335,
        1.9673469066619873,
        1.0030529499053955,
        1.9688632488250732,
        4.876495838165283
    ],
    "degree_embedding": [
        -0.998799204826355,
        -0.35320237278938293,
        0.5870490074157715,
        0.1484442502260208,
        -1.839937686920166,
        0.22371752560138702,
        -2.3911688327789307,
        1.9153592586517334,
        -0.051247794181108475,
        0.37261611223220825
    ]
}