{
    "id": 7867,
    "range": [
        121.506804,
        31.212716,
        121.516804,
        31.202716
    ],
    "image_path": "CitySatellite\\Shanghai\\7867.jpg",
    "poi": [
        [
            2001,
            1,
            2
        ],
        [
            2601,
            1,
            0
        ],
        [
            2302,
            1,
            4
        ],
        [
            2602,
            1,
            0
        ],
        [
            2006,
            3,
            2
        ],
        [
            2405,
            1,
            5
        ],
        [
            2501,
            1,
            6
        ],
        [
            2502,
            1,
            6
        ],
        [
            2901,
            1,
            0
        ],
        [
            2301,
            1,
            4
        ]
    ],
    "places": [
        [
            1003,
            1,
            3
        ]
    ],
    "transport": [
        [
            5621,
            17,
            1
        ]
    ],
    "traffic": [
        [
            5201,
            15,
            3
        ],
        [
            5206,
            2,
            2
        ],
        [
            5204,
            4,
            1
        ]
    ],
    "buildings": [
        88,
        82969.06166666666
    ],
    "landuse": [
        [
            7209,
            2,
            2,
            0.2586875
        ],
        [
            7203,
            11,
            1,
            2.2573904166666674
        ],
        [
            7202,
            1,
            0,
            0.365197
        ]
    ],
    "road_inner": [
        [
            5132,
            11,
            1,
            3968.1520000000005
        ],
        [
            5153,
            8,
            5,
            1353.2255
        ],
        [
            5155,
            3,
            0,
            50.272000000000006
        ],
        [
            5122,
            9,
            4,
            3036.5351666666666
        ],
        [
            5152,
            1,
            0,
            1585.1255
        ],
        [
            5141,
            6,
            5,
            1026.138
        ],
        [
            5113,
            8,
            2,
            5016.238799999999
        ],
        [
            5114,
            1,
            2,
            1335.0771666666667
        ],
        [
            5112,
            2,
            1,
            2383.5297499999997
        ],
        [
            5124,
            1,
            5,
            177.64
        ],
        [
            5115,
            1.0,
            3,
            857.152
        ]
    ],
    "road_connect": {
        "8228": {
            "2": 1
        },
        "7868": {
            "2": 5,
            "4": 1,
            "0": 2,
            "1": 3,
            "5": 1,
            "3": 1
        },
        "7988": {
            "2": 1,
            "1": 3
        },
        "8108": {
            "2": 1,
            "1": 2
        },
        "7747": {
            "4": 3,
            "2": 4,
            "5": 1,
            "1": 2
        },
        "7748": {
            "4": 1,
            "0": 2
        },
        "7866": {
            "2": 6,
            "5": 2,
            "4": 3
        },
        "7749": {
            "0": 2
        },
        "7987": {
            "4": 1,
            "3": 2,
            "1": 3,
            "2": 3
        }
    },
    "population": [
        32585.47782897949
    ],
    "transport_embedding": [
        -2.4893999099731445,
        0.4788053035736084,
        -1.3185194730758667,
        -0.2705700397491455,
        1.1704953908920288,
        0.447021484375,
        0.3168067932128906,
        -0.06688928604125977,
        -0.15606689453125,
        2.4508605003356934
    ],
    "roadnet_embedding": [
        -2.401822805404663,
        -1.3167438507080078,
        -2.144939422607422,
        1.027355432510376,
        -0.5311688780784607,
        -0.9013028740882874,
        -1.820662021636963,
        -0.0830027163028717,
        -1.0542118549346924,
        -0.7663058042526245
    ],
    "function_embedding": [
        -1.6725939512252808,
        0.03938897326588631,
        -1.8961255550384521,
        2.045222043991089,
        0.7757230997085571,
        0.07736189663410187,
        -0.504780650138855,
        -0.524282693862915,
        -0.67917400598526,
        0.31941747665405273
    ],
    "city_embedding": [
        -1.0559676885604858,
        0.9079670906066895,
        -2.0410192012786865,
        1.0739516019821167,
        0.6354562640190125,
        -0.6679173111915588,
        4.593260765075684,
        -0.04415542632341385,
        1.1403594017028809,
        3.366536855697632
    ],
    "degree_embedding": [
        -1.0491899251937866,
        1.6688278913497925,
        0.3674410581588745,
        -0.3073553740978241,
        -1.170214295387268,
        1.509446382522583,
        -2.0968546867370605,
        0.09820869565010071,
        -0.8271707892417908,
        0.462690144777298
    ]
}