{
    "id": 7870,
    "range": [
        121.506804,
        31.182716,
        121.516804,
        31.172716
    ],
    "image_path": "CitySatellite\\Shanghai\\7870.jpg",
    "poi": [
        [
            2901,
            1,
            0
        ],
        [
            2511,
            3,
            6
        ],
        [
            2303,
            4,
            4
        ],
        [
            2302,
            2,
            4
        ],
        [
            2401,
            3,
            5
        ],
        [
            2202,
            1,
            3
        ],
        [
            2301,
            6,
            4
        ],
        [
            2016,
            7,
            2
        ],
        [
            2502,
            1,
            6
        ],
        [
            2517,
            1,
            6
        ],
        [
            2525,
            1,
            6
        ],
        [
            2601,
            2,
            0
        ],
        [
            2602,
            1,
            0
        ],
        [
            2512,
            1,
            6
        ],
        [
            2101,
            3,
            0
        ],
        [
            2203,
            1,
            3
        ],
        [
            2111,
            1,
            0
        ]
    ],
    "places": [],
    "transport": [
        [
            5621,
            23,
            1
        ]
    ],
    "traffic": [
        [
            5201,
            11,
            3
        ]
    ],
    "buildings": [
        303,
        254566.85000000018
    ],
    "landuse": [
        [
            7203,
            7,
            1,
            2.07339
        ]
    ],
    "road_inner": [
        [
            5122,
            3,
            4,
            695.202
        ],
        [
            5113,
            21,
            2,
            3671.0755
        ],
        [
            5115,
            6,
            3,
            1769.3175
        ],
        [
            5141,
            19,
            5,
            3212.9975000000004
        ],
        [
            5123,
            1,
            5,
            501.2075
        ],
        [
            5112,
            8,
            1,
            1375.4743333333333
        ],
        [
            5114,
            1.0,
            2,
            235.70499999999998
        ],
        [
            5154,
            1.0,
            5,
            216.7215
        ]
    ],
    "road_connect": {
        "7750": {
            "3": 1,
            "2": 2,
            "5": 1
        },
        "7751": {
            "5": 1
        },
        "7871": {
            "5": 1,
            "2": 2,
            "4": 1
        },
        "7869": {
            "3": 3,
            "5": 3,
            "2": 1,
            "1": 2
        },
        "7990": {
            "5": 2,
            "2": 3,
            "3": 1
        },
        "7989": {
            "2": 2,
            "1": 2
        }
    },
    "population": [
        20977.79006195068
    ],
    "transport_embedding": [
        -2.4891388416290283,
        0.4784681797027588,
        -1.3628828525543213,
        -0.28873276710510254,
        1.1974481344223022,
        0.4477405548095703,
        0.30873870849609375,
        -0.06542825698852539,
        -0.14915847778320312,
        2.4795286655426025
    ],
    "roadnet_embedding": [
        -0.14715662598609924,
        -1.099302887916565,
        -0.7503502368927002,
        1.1417341232299805,
        0.2180185168981552,
        0.7091386318206787,
        0.6644196510314941,
        0.6565712094306946,
        0.10399998724460602,
        -0.397465318441391
    ],
    "function_embedding": [
        -1.7399500608444214,
        0.11941969394683838,
        -2.5218613147735596,
        2.2482259273529053,
        0.8131098747253418,
        0.38692036271095276,
        -0.6104087829589844,
        0.19394943118095398,
        -0.9328081011772156,
        -1.5747352838516235
    ],
    "city_embedding": [
        -1.063691258430481,
        0.5974205136299133,
        -2.4643490314483643,
        2.2744405269622803,
        -0.5560356378555298,
        -0.32749277353286743,
        -0.28163743019104004,
        -2.0454788208007812,
        -6.15125036239624,
        -0.6681255102157593
    ],
    "degree_embedding": [
        -0.9937156438827515,
        -0.41417229175567627,
        1.027305006980896,
        -0.933341920375824,
        -0.3381277322769165,
        0.5737281441688538,
        -0.22459349036216736,
        -1.15557062625885,
        -0.6897119283676147,
        -0.782962441444397
    ]
}