{
    "id": 7908,
    "range": [
        121.506804,
        30.802716,
        121.516804,
        30.792716
    ],
    "image_path": "CitySatellite\\Shanghai\\7908.jpg",
    "poi": [],
    "places": [],
    "transport": [],
    "traffic": [],
    "buildings": [],
    "landuse": [],
    "road_inner": [],
    "road_connect": {},
    "population": [
        0.0
    ],
    "transport_embedding": [
        -0.2174438238143921,
        -0.6740132570266724,
        0.5200875997543335,
        -0.7817482948303223,
        0.5033270120620728,
        -0.4344489276409149,
        -1.0405845642089844,
        0.48374494910240173,
        -0.0194496288895607,
        -0.15508253872394562
    ],
    "roadnet_embedding": [
        1.0607250928878784,
        -0.422262579202652,
        0.04593862220644951,
        0.5063083171844482,
        -2.9547553062438965,
        -0.09613656997680664,
        0.02479766495525837,
        0.025679927319288254,
        -0.0061843013390898705,
        0.30476874113082886
    ],
    "function_embedding": [
        -0.608614444732666,
        -0.26546788215637207,
        -0.09053684771060944,
        0.10033294558525085,
        -1.52097749710083,
        -0.07505353540182114,
        0.0008086803136393428,
        -0.1274813860654831,
        -0.11616577953100204,
        0.37744659185409546
    ],
    "city_embedding": [
        -0.983723521232605,
        0.0036167511716485023,
        0.6694934964179993,
        1.3806318044662476,
        -0.5934169292449951,
        1.2560120820999146,
        0.1646505445241928,
        2.77662992477417,
        2.3926258087158203,
        3.5471549034118652
    ],
    "degree_embedding": [
        -0.9859232902526855,
        -0.14980502426624298,
        1.1363672018051147,
        1.3890211582183838,
        1.9668338298797607,
        -0.10017327964305878,
        -0.9014211297035217,
        -0.5218036770820618,
        0.12516868114471436,
        0.34269973635673523
    ]
}