{
    "id": 7909,
    "range": [
        121.506804,
        30.792716,
        121.516804,
        30.782716
    ],
    "image_path": "CitySatellite\\Shanghai\\7909.jpg",
    "poi": [],
    "places": [],
    "transport": [],
    "traffic": [],
    "buildings": [],
    "landuse": [],
    "road_inner": [],
    "road_connect": {},
    "population": [
        0.0
    ],
    "transport_embedding": [
        -0.04112471640110016,
        -0.8388783931732178,
        0.28008386492729187,
        -0.7153087854385376,
        -0.8451124429702759,
        0.6043494343757629,
        1.8787485361099243,
        1.7105209827423096,
        0.5163789987564087,
        -0.2824868857860565
    ],
    "roadnet_embedding": [
        1.045470118522644,
        -0.4277970492839813,
        0.0979604721069336,
        0.6259108185768127,
        -3.0202300548553467,
        0.05930422991514206,
        0.07248106598854065,
        -0.17269450426101685,
        -0.09603220224380493,
        0.38425785303115845
    ],
    "function_embedding": [
        -0.6130598187446594,
        -0.3026624619960785,
        -0.03438085690140724,
        0.009819534607231617,
        -1.3759022951126099,
        -0.1305822879076004,
        0.13628071546554565,
        -0.13274680078029633,
        -0.18364013731479645,
        0.20604130625724792
    ],
    "city_embedding": [
        -0.983723521232605,
        0.0036167511716485023,
        0.6694934964179993,
        1.3806318044662476,
        -0.5934169292449951,
        1.2560120820999146,
        0.1646505445241928,
        2.77662992477417,
        2.3926258087158203,
        3.5471549034118652
    ],
    "degree_embedding": [
        -0.9859232902526855,
        -0.14980502426624298,
        1.1363672018051147,
        1.3890211582183838,
        1.9668338298797607,
        -0.10017327964305878,
        -0.9014211297035217,
        -0.5218036770820618,
        0.12516868114471436,
        0.34269973635673523
    ]
}