{
    "id": 7939,
    "range": [
        121.516804,
        31.692716,
        121.526804,
        31.682716
    ],
    "image_path": "CitySatellite\\Shanghai\\7939.jpg",
    "poi": [],
    "places": [],
    "transport": [],
    "traffic": [],
    "buildings": [],
    "landuse": [],
    "road_inner": [],
    "road_connect": {},
    "population": [
        367.5024499893188
    ],
    "transport_embedding": [
        -0.22656653821468353,
        -0.545710563659668,
        0.6884230971336365,
        -0.9257687926292419,
        0.48591548204421997,
        0.1003219410777092,
        -0.5209643244743347,
        1.4087316989898682,
        -1.2186346054077148,
        -0.40713781118392944
    ],
    "roadnet_embedding": [
        1.1205378770828247,
        -0.42125827074050903,
        0.06779240816831589,
        0.5211217403411865,
        -2.8357300758361816,
        -0.041198454797267914,
        -0.039122238755226135,
        -0.1206766813993454,
        -0.045686107128858566,
        0.300045907497406
    ],
    "function_embedding": [
        -0.6207534670829773,
        -0.2798497676849365,
        -0.06992528587579727,
        -0.010422402061522007,
        -1.4320058822631836,
        -0.08894196152687073,
        -0.032290004193782806,
        -0.14111115038394928,
        -0.20038101077079773,
        0.30740031599998474
    ],
    "city_embedding": [
        -0.9848974347114563,
        0.0009299000957980752,
        0.6206461191177368,
        1.3294095993041992,
        -0.6007697582244873,
        1.2204325199127197,
        0.22169439494609833,
        2.830735921859741,
        2.366063117980957,
        3.44842529296875
    ],
    "degree_embedding": [
        -0.9859232902526855,
        -0.14980502426624298,
        1.1363672018051147,
        1.3890211582183838,
        1.9668338298797607,
        -0.10017327964305878,
        -0.9014211297035217,
        -0.5218036770820618,
        0.12516868114471436,
        0.34269973635673523
    ]
}