{
    "id": 7952,
    "range": [
        121.516804,
        31.562716,
        121.526804,
        31.552716
    ],
    "image_path": "CitySatellite\\Shanghai\\7952.jpg",
    "poi": [],
    "places": [],
    "transport": [],
    "traffic": [],
    "buildings": [],
    "landuse": [],
    "road_inner": [],
    "road_connect": {},
    "population": [
        159.9674911499023
    ],
    "transport_embedding": [
        -0.16145452857017517,
        -0.5402875542640686,
        0.5682055354118347,
        -0.9551113247871399,
        -0.20535214245319366,
        1.1947920322418213,
        1.0798262357711792,
        1.8801461458206177,
        -0.7455892562866211,
        -0.5295513868331909
    ],
    "roadnet_embedding": [
        1.0641133785247803,
        -0.4248623251914978,
        0.05153723061084747,
        0.5313764810562134,
        -2.990471601486206,
        -0.01107745710760355,
        0.04670234024524689,
        -0.05221216380596161,
        -0.03576158359646797,
        0.36471694707870483
    ],
    "function_embedding": [
        -0.5801674723625183,
        -0.33985236287117004,
        -0.08649056404829025,
        0.10923555493354797,
        -1.44674551486969,
        -0.009619485586881638,
        -0.07243065536022186,
        -0.01978166215121746,
        -0.06020330637693405,
        0.3483876585960388
    ],
    "city_embedding": [
        -0.9842347502708435,
        0.0024438363034278154,
        0.6482192277908325,
        1.3583557605743408,
        -0.5966930389404297,
        1.2405122518539429,
        0.1895056664943695,
        2.8001489639282227,
        2.380852460861206,
        3.5040225982666016
    ],
    "degree_embedding": [
        -0.9859232902526855,
        -0.14980502426624298,
        1.1363672018051147,
        1.3890211582183838,
        1.9668338298797607,
        -0.10017327964305878,
        -0.9014211297035217,
        -0.5218036770820618,
        0.12516868114471436,
        0.34269973635673523
    ]
}