{
    "id": 7959,
    "range": [
        121.516804,
        31.492716,
        121.526804,
        31.482716
    ],
    "image_path": "CitySatellite\\Shanghai\\7959.jpg",
    "poi": [],
    "places": [],
    "transport": [],
    "traffic": [],
    "buildings": [],
    "landuse": [],
    "road_inner": [],
    "road_connect": {},
    "population": [
        266.432710647583
    ],
    "transport_embedding": [
        -0.2215464562177658,
        -0.7805051207542419,
        0.732999324798584,
        -0.37140345573425293,
        0.4404903054237366,
        1.3304792642593384,
        -0.6223658323287964,
        -0.732332706451416,
        1.1733806133270264,
        -0.1699322611093521
    ],
    "roadnet_embedding": [
        1.0963571071624756,
        -0.4448886513710022,
        0.03537192940711975,
        0.5997591018676758,
        -2.8792505264282227,
        -0.17340397834777832,
        -0.001133362646214664,
        -0.017183911055326462,
        -0.08269461989402771,
        0.19482238590717316
    ],
    "function_embedding": [
        -0.5927451252937317,
        -0.33857375383377075,
        -0.08046404272317886,
        0.0322888046503067,
        -1.4042940139770508,
        -0.040038589388132095,
        -0.10649768263101578,
        -0.04544255882501602,
        -0.08251933008432388,
        0.29297560453414917
    ],
    "city_embedding": [
        -0.9845742583274841,
        0.0016892878338694572,
        0.634095311164856,
        1.3435556888580322,
        -0.5988395810127258,
        1.230189323425293,
        0.20601703226566315,
        2.8158302307128906,
        2.373096227645874,
        3.475468635559082
    ],
    "degree_embedding": [
        -0.9859232902526855,
        -0.14980502426624298,
        1.1363672018051147,
        1.3890211582183838,
        1.9668338298797607,
        -0.10017327964305878,
        -0.9014211297035217,
        -0.5218036770820618,
        0.12516868114471436,
        0.34269973635673523
    ]
}