{
    "id": 797,
    "range": [
        120.916804,
        31.112716,
        120.926804,
        31.102716
    ],
    "image_path": "CitySatellite\\Shanghai\\797.jpg",
    "poi": [],
    "places": [],
    "transport": [],
    "traffic": [],
    "buildings": [],
    "landuse": [],
    "road_inner": [
        [
            5154,
            1.0,
            5,
            181.7185
        ]
    ],
    "road_connect": {
        "796": {
            "5": 1
        }
    },
    "population": [
        49.10151863098145
    ],
    "transport_embedding": [
        -0.2068697214126587,
        -0.7514348030090332,
        0.6392170190811157,
        -0.5419352054595947,
        0.6082608103752136,
        0.4628414809703827,
        -0.313628226518631,
        0.44905704259872437,
        0.13158997893333435,
        -0.2124481201171875
    ],
    "roadnet_embedding": [
        1.002537727355957,
        -0.4395245313644409,
        0.07728943973779678,
        0.5471579432487488,
        -2.75162410736084,
        -0.1360406130552292,
        0.0805128738284111,
        -0.10459842532873154,
        -0.029522769153118134,
        0.182158425450325
    ],
    "function_embedding": [
        -0.5942544341087341,
        -0.3115607500076294,
        -0.05908381566405296,
        0.06398335844278336,
        -1.453946590423584,
        -0.04993031546473503,
        -0.14843907952308655,
        -0.0542583204805851,
        -0.08054092526435852,
        0.20992688834667206
    ],
    "city_embedding": [
        -0.9838804006576538,
        0.003251024056226015,
        0.6629658937454224,
        1.3738043308258057,
        -0.5943209528923035,
        1.25126051902771,
        0.17229518294334412,
        2.783808946609497,
        2.3890295028686523,
        3.5340383052825928
    ],
    "degree_embedding": [
        -0.9837243556976318,
        -0.280023455619812,
        1.1482605934143066,
        1.295678973197937,
        1.7516933679580688,
        -0.024124333634972572,
        -0.6183432340621948,
        -0.5882564187049866,
        0.31030943989753723,
        -0.11135394126176834
    ]
}