{
    "id": 7975,
    "range": [
        121.516804,
        31.332716,
        121.526804,
        31.322716
    ],
    "image_path": "CitySatellite\\Shanghai\\7975.jpg",
    "poi": [
        [
            2005,
            1,
            1
        ],
        [
            2030,
            1,
            2
        ],
        [
            2002,
            1,
            2
        ],
        [
            2301,
            2,
            4
        ],
        [
            2901,
            1,
            0
        ],
        [
            2601,
            1,
            0
        ],
        [
            2001,
            1,
            2
        ],
        [
            2501,
            1,
            6
        ],
        [
            2906,
            5,
            0
        ],
        [
            2503,
            1,
            6
        ],
        [
            2110,
            1,
            0
        ],
        [
            2511,
            1,
            6
        ]
    ],
    "places": [
        [
            1010,
            1,
            5
        ]
    ],
    "transport": [
        [
            5621,
            17,
            1
        ],
        [
            5641,
            1,
            0
        ]
    ],
    "traffic": [
        [
            5201,
            13,
            3
        ],
        [
            5204,
            44,
            1
        ],
        [
            5260,
            1,
            0
        ],
        [
            5270,
            2,
            0
        ]
    ],
    "buildings": [
        214,
        137700.45541666663
    ],
    "landuse": [
        [
            7203,
            9,
            1,
            3.769498
        ],
        [
            7202,
            23,
            0,
            0.9601100833333336
        ],
        [
            7204,
            2,
            3,
            0.152401
        ],
        [
            7201,
            2,
            4,
            0.2640345
        ],
        [
            7218,
            6,
            5,
            0.027802
        ],
        [
            7209,
            3,
            2,
            0.068855
        ]
    ],
    "road_inner": [
        [
            5115,
            8,
            3,
            2056.252
        ],
        [
            5122,
            4,
            4,
            1236.6415000000002
        ],
        [
            5141,
            168,
            5,
            17350.980000000003
        ],
        [
            5114,
            6,
            2,
            1532.7185
        ],
        [
            5154,
            32,
            5,
            1286.0639999999999
        ],
        [
            5113,
            6,
            2,
            1706.4353333333333
        ],
        [
            5124,
            4,
            5,
            239.97899999999998
        ],
        [
            5153,
            35,
            5,
            7412.429166666666
        ],
        [
            5133,
            1,
            2,
            54.363
        ],
        [
            5152,
            7,
            0,
            2623.097333333333
        ]
    ],
    "road_connect": {
        "7856": {
            "4": 1,
            "2": 2,
            "5": 2
        },
        "7855": {
            "4": 2,
            "2": 4,
            "5": 10,
            "3": 1,
            "0": 4
        },
        "7976": {
            "5": 11,
            "3": 3
        },
        "8096": {
            "5": 2
        },
        "8095": {
            "5": 18,
            "0": 1,
            "3": 2,
            "2": 2
        },
        "7974": {
            "5": 7,
            "4": 1,
            "2": 2,
            "0": 1
        }
    },
    "population": [
        19374.84302520752
    ],
    "transport_embedding": [
        -2.489511251449585,
        0.47894930839538574,
        -1.3932232856750488,
        -0.30150890350341797,
        1.2176904678344727,
        0.4487018585205078,
        0.3044586181640625,
        -0.06552934646606445,
        -0.14530181884765625,
        -4.178707122802734
    ],
    "roadnet_embedding": [
        -1.3854447603225708,
        -1.218932867050171,
        -4.297358512878418,
        -1.2781965732574463,
        -0.6594505310058594,
        0.07653522491455078,
        -2.580886125564575,
        16.200345993041992,
        1.593994140625,
        10.810302734375
    ],
    "function_embedding": [
        -1.725456714630127,
        0.10219895839691162,
        -2.329728364944458,
        2.19765305519104,
        0.8013243675231934,
        0.2715339958667755,
        -0.5792937278747559,
        -0.07151515781879425,
        -0.8710885643959045,
        -0.9117267727851868
    ],
    "city_embedding": [
        -1.0140953063964844,
        2.370938539505005,
        0.14207476377487183,
        3.6528713703155518,
        4.296446323394775,
        -2.4905030727386475,
        -3.472151517868042,
        3.7889835834503174,
        4.110673904418945,
        2.7115044593811035
    ],
    "degree_embedding": [
        -1.061026930809021,
        2.0703229904174805,
        1.4628461599349976,
        3.261138916015625,
        -2.738921642303467,
        4.536360263824463,
        0.10236130654811859,
        -5.117117404937744,
        6.6728668212890625,
        6.831039905548096
    ]
}