{
    "id": 7984,
    "range": [
        121.516804,
        31.242716,
        121.526804,
        31.232716
    ],
    "image_path": "CitySatellite\\Shanghai\\7984.jpg",
    "poi": [
        [
            2401,
            3,
            5
        ],
        [
            2302,
            1,
            4
        ],
        [
            2725,
            1,
            0
        ],
        [
            2301,
            1,
            4
        ]
    ],
    "places": [
        [
            1010,
            1,
            5
        ]
    ],
    "transport": [
        [
            5621,
            12,
            1
        ]
    ],
    "traffic": [
        [
            5201,
            2,
            3
        ],
        [
            5204,
            3,
            1
        ]
    ],
    "buildings": [
        74,
        41621.53716666666
    ],
    "landuse": [
        [
            7203,
            12,
            1,
            4.084646666666666
        ],
        [
            7201,
            3,
            4,
            0.095946
        ],
        [
            7209,
            2,
            2,
            0.31343825
        ],
        [
            7202,
            1,
            0,
            0.204541
        ],
        [
            7211,
            1,
            0,
            0.041202
        ],
        [
            7212,
            1,
            0,
            0.2778865
        ],
        [
            7213,
            1,
            3,
            0.111778
        ]
    ],
    "road_inner": [
        [
            5141,
            6,
            5,
            608.655
        ],
        [
            5115,
            5,
            3,
            2493.164
        ],
        [
            5135,
            1,
            3,
            171.578
        ],
        [
            5114,
            1,
            2,
            3031.5063333333333
        ],
        [
            5122,
            15,
            4,
            4006.9735000000005
        ],
        [
            5153,
            3,
            5,
            1299.2330000000002
        ],
        [
            5113,
            1.0,
            2,
            2599.4084444444443
        ],
        [
            5152,
            1.0,
            0,
            3324.17225
        ],
        [
            5134,
            1.0,
            2,
            65.3705
        ],
        [
            5124,
            1.0,
            5,
            265.3635
        ]
    ],
    "road_connect": {
        "8223": {
            "2": 2,
            "0": 1
        },
        "8342": {
            "2": 2
        },
        "8343": {
            "2": 2
        },
        "7744": {
            "2": 4,
            "0": 2,
            "5": 1
        },
        "7864": {
            "2": 10,
            "0": 5,
            "5": 5,
            "4": 3,
            "3": 2
        },
        "7983": {
            "2": 6,
            "0": 3,
            "3": 1,
            "5": 1
        },
        "8103": {
            "2": 2,
            "0": 1
        },
        "7624": {
            "2": 2
        },
        "7985": {
            "0": 5,
            "5": 4,
            "2": 9,
            "3": 2
        },
        "7863": {
            "0": 2,
            "2": 2
        },
        "7865": {
            "5": 1
        },
        "8104": {
            "0": 2,
            "5": 1,
            "4": 2,
            "3": 1,
            "2": 4
        },
        "8105": {
            "0": 1,
            "5": 1
        }
    },
    "population": [
        22398.9947052002
    ],
    "transport_embedding": [
        -2.2974915504455566,
        0.23157404363155365,
        -1.0182677507400513,
        -0.024049758911132812,
        0.3943864107131958,
        0.2843894958496094,
        -0.03923988342285156,
        0.28032636642456055,
        0.07751846313476562,
        1.9358768463134766
    ],
    "roadnet_embedding": [
        -2.084437370300293,
        -1.2861433029174805,
        -0.037046004086732864,
        0.6052324175834656,
        -0.5186632871627808,
        -0.42431333661079407,
        1.4429445266723633,
        0.7925872802734375,
        0.7728171944618225,
        0.021566113457083702
    ],
    "function_embedding": [
        -1.6536309719085693,
        0.01692805252969265,
        -1.569597840309143,
        1.4956575632095337,
        0.8019542098045349,
        -0.18555159866809845,
        -0.5311048626899719,
        -0.946576714515686,
        -0.6094650030136108,
        1.718298316001892
    ],
    "city_embedding": [
        -1.0130231380462646,
        2.324760675430298,
        0.1817462146282196,
        1.3947051763534546,
        4.341893196105957,
        -2.4324002265930176,
        -2.9612579345703125,
        3.3525002002716064,
        5.899751663208008,
        1.8080075979232788
    ],
    "degree_embedding": [
        -1.1265095472335815,
        5.047571182250977,
        -8.893120765686035,
        3.0618021488189697,
        -0.36509397625923157,
        10.934094429016113,
        4.376636981964111,
        -2.494685649871826,
        5.3974785804748535,
        5.368094444274902
    ]
}