{
    "id": 7985,
    "range": [
        121.516804,
        31.232716,
        121.526804,
        31.222716
    ],
    "image_path": "CitySatellite\\Shanghai\\7985.jpg",
    "poi": [
        [
            2401,
            4,
            5
        ],
        [
            2901,
            1,
            0
        ],
        [
            2301,
            7,
            4
        ],
        [
            2303,
            12,
            4
        ],
        [
            2601,
            10,
            0
        ],
        [
            2524,
            1,
            6
        ],
        [
            2904,
            1,
            0
        ],
        [
            2525,
            2,
            6
        ],
        [
            2520,
            4,
            6
        ],
        [
            2526,
            1,
            6
        ],
        [
            2302,
            5,
            4
        ],
        [
            2514,
            1,
            6
        ],
        [
            2517,
            1,
            6
        ],
        [
            2522,
            2,
            6
        ],
        [
            2511,
            4,
            6
        ],
        [
            2512,
            6,
            6
        ],
        [
            2306,
            1,
            4
        ]
    ],
    "places": [
        [
            1010,
            1,
            5
        ]
    ],
    "transport": [
        [
            5621,
            18,
            1
        ],
        [
            5641,
            1,
            0
        ],
        [
            5601,
            4,
            2
        ]
    ],
    "traffic": [
        [
            5201,
            22,
            3
        ],
        [
            5204,
            32,
            1
        ]
    ],
    "buildings": [
        57,
        149040.18466666664
    ],
    "landuse": [
        [
            7203,
            7,
            1,
            1.551265
        ],
        [
            7209,
            4,
            2,
            3.3553905833333326
        ],
        [
            7202,
            1,
            0,
            0.26164075
        ],
        [
            7211,
            5,
            0,
            0.173725
        ],
        [
            7212,
            2,
            0,
            0.8183175
        ],
        [
            7201,
            3,
            4,
            0.023906
        ],
        [
            7218,
            7,
            5,
            0.09227399999999998
        ]
    ],
    "road_inner": [
        [
            5113,
            11,
            2,
            2170.5333333333333
        ],
        [
            5152,
            7,
            0,
            5237.553
        ],
        [
            5114,
            31,
            2,
            4882.329499999999
        ],
        [
            5122,
            2,
            4,
            116.836
        ],
        [
            5115,
            10,
            3,
            3872.1393333333335
        ],
        [
            5124,
            3,
            5,
            1358.002
        ],
        [
            5141,
            50,
            5,
            5528.546499999998
        ],
        [
            5134,
            3,
            2,
            359.1015
        ],
        [
            5121,
            6,
            4,
            1300.392
        ],
        [
            5153,
            40,
            5,
            3759.4605
        ],
        [
            5155,
            3,
            0,
            54.592999999999996
        ]
    ],
    "road_connect": {
        "7744": {
            "0": 1,
            "5": 1
        },
        "7864": {
            "0": 3,
            "5": 1,
            "2": 1
        },
        "7984": {
            "0": 5,
            "5": 4,
            "2": 9,
            "3": 2
        },
        "7745": {
            "0": 1
        },
        "7865": {
            "0": 2,
            "3": 2,
            "2": 2,
            "5": 8
        },
        "7866": {
            "3": 1
        },
        "7986": {
            "3": 3,
            "2": 2,
            "0": 2,
            "5": 1
        },
        "7863": {
            "0": 1
        },
        "8104": {
            "5": 1
        },
        "8105": {
            "5": 3,
            "0": 2,
            "3": 4,
            "4": 1,
            "2": 2
        }
    },
    "population": [
        25430.45927429199
    ],
    "transport_embedding": [
        -2.489511251449585,
        0.47894930839538574,
        -1.393211841583252,
        -0.30150413513183594,
        1.2176828384399414,
        0.4487018585205078,
        0.3044605255126953,
        -0.06552934646606445,
        -0.14530563354492188,
        -4.1767988204956055
    ],
    "roadnet_embedding": [
        -1.1619880199432373,
        -1.1974272727966309,
        -2.942500352859497,
        0.009651902131736279,
        -0.3368983268737793,
        0.11955361068248749,
        0.03236733004450798,
        7.464138984680176,
        2.185267210006714,
        3.902886390686035
    ],
    "function_embedding": [
        -1.7399601936340332,
        0.11943185329437256,
        -2.535278797149658,
        2.2515525817871094,
        0.8138151168823242,
        0.3958399295806885,
        -0.6126594543457031,
        0.21364831924438477,
        -0.9365224838256836,
        -1.6095365285873413
    ],
    "city_embedding": [
        -1.039462685585022,
        2.028351068496704,
        -1.0206016302108765,
        2.7821998596191406,
        3.0642361640930176,
        -1.2626590728759766,
        -2.337979555130005,
        1.2548080682754517,
        4.65370512008667,
        0.39900875091552734
    ],
    "degree_embedding": [
        -1.0379468202590942,
        1.0830501317977905,
        -0.38965147733688354,
        0.37101316452026367,
        -2.4365575313568115,
        3.9018871784210205,
        -2.922318696975708,
        7.224722385406494,
        2.269535541534424,
        1.3925893306732178
    ]
}