{
    "id": 7993,
    "range": [
        121.516804,
        31.152716,
        121.526804,
        31.142716
    ],
    "image_path": "CitySatellite\\Shanghai\\7993.jpg",
    "poi": [
        [
            2302,
            3,
            4
        ],
        [
            2525,
            2,
            6
        ],
        [
            2501,
            4,
            6
        ],
        [
            2301,
            11,
            4
        ],
        [
            2303,
            3,
            4
        ],
        [
            2601,
            7,
            0
        ],
        [
            2016,
            1,
            2
        ],
        [
            2203,
            2,
            3
        ],
        [
            2523,
            1,
            6
        ],
        [
            2515,
            1,
            6
        ],
        [
            2511,
            1,
            6
        ],
        [
            2401,
            1,
            5
        ],
        [
            2012,
            1,
            2
        ],
        [
            2544,
            1,
            6
        ]
    ],
    "places": [
        [
            1010,
            1,
            5
        ]
    ],
    "transport": [
        [
            5601,
            1,
            2
        ],
        [
            5621,
            29,
            1
        ]
    ],
    "traffic": [
        [
            5201,
            12,
            3
        ]
    ],
    "buildings": [
        224,
        152432.81425000017
    ],
    "landuse": [
        [
            7203,
            13,
            1,
            5.43465025
        ],
        [
            7202,
            1,
            0,
            0.340979
        ],
        [
            7209,
            1,
            2,
            0.555204
        ],
        [
            7211,
            1,
            0,
            0.15787
        ]
    ],
    "road_inner": [
        [
            5114,
            9,
            2,
            3075.5675000000006
        ],
        [
            5122,
            9,
            4,
            2315.5170000000003
        ],
        [
            5124,
            4,
            5,
            937.432
        ],
        [
            5115,
            10,
            3,
            2306.9828333333335
        ],
        [
            5141,
            11,
            5,
            1087.506
        ],
        [
            5113,
            2,
            2,
            600.6049999999999
        ],
        [
            5132,
            1,
            1,
            230.938
        ],
        [
            5112,
            1.0,
            1,
            952.8245
        ]
    ],
    "road_connect": {
        "7874": {
            "3": 1
        },
        "7873": {
            "3": 2,
            "2": 3,
            "5": 1,
            "4": 1
        },
        "7994": {
            "3": 1,
            "4": 3,
            "2": 1
        },
        "8113": {
            "3": 2,
            "2": 4,
            "1": 2
        },
        "7992": {
            "1": 4,
            "5": 1,
            "2": 2
        }
    },
    "population": [
        18766.47323608398
    ],
    "transport_embedding": [
        -2.4894516468048096,
        0.47887229919433594,
        -1.3860843181610107,
        -0.2985203266143799,
        1.2130184173583984,
        0.4484996795654297,
        0.3055286407470703,
        -0.06556177139282227,
        -0.14625167846679688,
        2.4864954948425293
    ],
    "roadnet_embedding": [
        -0.7249942421913147,
        -1.1538705825805664,
        -0.0754278376698494,
        1.2386490106582642,
        0.07893528044223785,
        0.18885579705238342,
        0.6275491118431091,
        0.07047409564256668,
        -0.05481854826211929,
        0.2263651341199875
    ],
    "function_embedding": [
        -1.739959955215454,
        0.11943161487579346,
        -2.531792163848877,
        2.250688314437866,
        0.8136324882507324,
        0.39350956678390503,
        -0.6120758056640625,
        0.20851540565490723,
        -0.9355573654174805,
        -1.598211646080017
    ],
    "city_embedding": [
        -1.0159975290298462,
        2.3268535137176514,
        0.04978926107287407,
        3.762802839279175,
        4.204832077026367,
        -2.3524036407470703,
        -3.5506339073181152,
        3.4856560230255127,
        3.7273504734039307,
        2.409745931625366
    ],
    "degree_embedding": [
        -1.0048924684524536,
        0.04061506688594818,
        0.6521656513214111,
        -1.1125365495681763,
        -0.2660255432128906,
        0.1978151947259903,
        -0.8610138297080994,
        -1.1407533884048462,
        -0.9673776626586914,
        -1.0903801918029785
    ]
}