{
    "id": 800,
    "range": [
        120.916804,
        31.082716,
        120.926804,
        31.072716
    ],
    "image_path": "CitySatellite\\Shanghai\\800.jpg",
    "poi": [],
    "places": [],
    "transport": [],
    "traffic": [],
    "buildings": [],
    "landuse": [],
    "road_inner": [],
    "road_connect": {},
    "population": [
        0.0
    ],
    "transport_embedding": [
        -0.06871238350868225,
        -0.8529319167137146,
        0.33436524868011475,
        -0.5555843114852905,
        -0.09547528624534607,
        1.8169008493423462,
        0.7340801954269409,
        0.6759613752365112,
        1.1631169319152832,
        -0.290431410074234
    ],
    "roadnet_embedding": [
        1.055887222290039,
        -0.42868390679359436,
        0.09466839581727982,
        0.5137852430343628,
        -2.8754947185516357,
        -0.049739718437194824,
        0.02428787387907505,
        -0.07547061145305634,
        -0.06770531088113785,
        0.3637877404689789
    ],
    "function_embedding": [
        -0.6482169032096863,
        -0.2790371775627136,
        -0.08877136558294296,
        -0.006205894518643618,
        -1.4273109436035156,
        -0.06982479989528656,
        -0.030089978128671646,
        -0.12438613921403885,
        -0.1532544642686844,
        0.3508003354072571
    ],
    "city_embedding": [
        -0.983723521232605,
        0.0036167511716485023,
        0.6694934964179993,
        1.3806318044662476,
        -0.5934169292449951,
        1.2560120820999146,
        0.1646505445241928,
        2.77662992477417,
        2.3926258087158203,
        3.5471549034118652
    ],
    "degree_embedding": [
        -0.9859232902526855,
        -0.14980502426624298,
        1.1363672018051147,
        1.3890211582183838,
        1.9668338298797607,
        -0.10017327964305878,
        -0.9014211297035217,
        -0.5218036770820618,
        0.12516868114471436,
        0.34269973635673523
    ]
}