{
    "id": 8027,
    "range": [
        121.516804,
        30.812716,
        121.526804,
        30.802716
    ],
    "image_path": "CitySatellite\\Shanghai\\8027.jpg",
    "poi": [],
    "places": [],
    "transport": [],
    "traffic": [],
    "buildings": [],
    "landuse": [],
    "road_inner": [],
    "road_connect": {},
    "population": [
        0.0
    ],
    "transport_embedding": [
        -0.29960259795188904,
        -0.6297070980072021,
        0.7277287840843201,
        -0.7256962060928345,
        1.0291779041290283,
        -0.8025633096694946,
        -1.3853224515914917,
        1.1343449354171753,
        -1.2249938249588013,
        -0.31308266520500183
    ],
    "roadnet_embedding": [
        0.9761128425598145,
        -0.43915650248527527,
        0.12020409107208252,
        0.5511640906333923,
        -2.7950432300567627,
        -0.1119675263762474,
        0.06924886256456375,
        -0.06324539333581924,
        -0.04227163642644882,
        0.34541356563568115
    ],
    "function_embedding": [
        -0.620314359664917,
        -0.3032667636871338,
        -0.02977573312819004,
        0.01634969376027584,
        -1.4159486293792725,
        -0.06932245939970016,
        -0.023839714005589485,
        -0.10322239995002747,
        -0.17072907090187073,
        0.21418753266334534
    ],
    "city_embedding": [
        -0.983723521232605,
        0.0036167511716485023,
        0.6694934964179993,
        1.3806318044662476,
        -0.5934169292449951,
        1.2560120820999146,
        0.1646505445241928,
        2.77662992477417,
        2.3926258087158203,
        3.5471549034118652
    ],
    "degree_embedding": [
        -0.9859232902526855,
        -0.14980502426624298,
        1.1363672018051147,
        1.3890211582183838,
        1.9668338298797607,
        -0.10017327964305878,
        -0.9014211297035217,
        -0.5218036770820618,
        0.12516868114471436,
        0.34269973635673523
    ]
}