{
    "id": 8028,
    "range": [
        121.516804,
        30.802716,
        121.526804,
        30.792716
    ],
    "image_path": "CitySatellite\\Shanghai\\8028.jpg",
    "poi": [],
    "places": [],
    "transport": [],
    "traffic": [],
    "buildings": [],
    "landuse": [],
    "road_inner": [],
    "road_connect": {},
    "population": [
        0.0
    ],
    "transport_embedding": [
        -0.2315111607313156,
        -0.48217061161994934,
        0.6353893876075745,
        -1.061198115348816,
        -0.004764932673424482,
        -0.7165934443473816,
        0.06911484152078629,
        2.240736722946167,
        -1.2922426462173462,
        -0.48580700159072876
    ],
    "roadnet_embedding": [
        1.0626990795135498,
        -0.41590598225593567,
        0.048250459134578705,
        0.5343502163887024,
        -2.9863710403442383,
        -0.08958164602518082,
        0.023496225476264954,
        0.012914959341287613,
        -0.017486080527305603,
        0.2624315917491913
    ],
    "function_embedding": [
        -0.6463653445243835,
        -0.2814338803291321,
        -0.08017829060554504,
        0.050879836082458496,
        -1.4279311895370483,
        -0.06842444837093353,
        -0.032574594020843506,
        -0.08374761044979095,
        -0.11238273978233337,
        0.3351954221725464
    ],
    "city_embedding": [
        -0.983723521232605,
        0.0036167511716485023,
        0.6694934964179993,
        1.3806318044662476,
        -0.5934169292449951,
        1.2560120820999146,
        0.1646505445241928,
        2.77662992477417,
        2.3926258087158203,
        3.5471549034118652
    ],
    "degree_embedding": [
        -0.9859232902526855,
        -0.14980502426624298,
        1.1363672018051147,
        1.3890211582183838,
        1.9668338298797607,
        -0.10017327964305878,
        -0.9014211297035217,
        -0.5218036770820618,
        0.12516868114471436,
        0.34269973635673523
    ]
}