{
    "id": 8029,
    "range": [
        121.516804,
        30.792716,
        121.526804,
        30.782716
    ],
    "image_path": "CitySatellite\\Shanghai\\8029.jpg",
    "poi": [],
    "places": [],
    "transport": [],
    "traffic": [],
    "buildings": [],
    "landuse": [],
    "road_inner": [],
    "road_connect": {},
    "population": [
        0.0
    ],
    "transport_embedding": [
        -0.024350536987185478,
        -1.024347186088562,
        0.2599600851535797,
        -0.34914669394493103,
        0.23772288858890533,
        2.163332939147949,
        0.8418580293655396,
        -0.05593176186084747,
        1.3831160068511963,
        -0.0826830193400383
    ],
    "roadnet_embedding": [
        1.1087470054626465,
        -0.43555593490600586,
        0.04821974039077759,
        0.4701620042324066,
        -2.6221680641174316,
        -0.22385738790035248,
        -0.09057696163654327,
        -0.05659895017743111,
        0.05249939486384392,
        0.20700615644454956
    ],
    "function_embedding": [
        -0.6264458894729614,
        -0.2686023414134979,
        -0.03901970759034157,
        0.0652034655213356,
        -1.4762965440750122,
        -0.09172096103429794,
        -0.03932935371994972,
        -0.10375835746526718,
        -0.1528908759355545,
        0.24745802581310272
    ],
    "city_embedding": [
        -0.983723521232605,
        0.0036167511716485023,
        0.6694934964179993,
        1.3806318044662476,
        -0.5934169292449951,
        1.2560120820999146,
        0.1646505445241928,
        2.77662992477417,
        2.3926258087158203,
        3.5471549034118652
    ],
    "degree_embedding": [
        -0.9859232902526855,
        -0.14980502426624298,
        1.1363672018051147,
        1.3890211582183838,
        1.9668338298797607,
        -0.10017327964305878,
        -0.9014211297035217,
        -0.5218036770820618,
        0.12516868114471436,
        0.34269973635673523
    ]
}