{
    "id": 8055,
    "range": [
        121.526804,
        31.732716,
        121.536804,
        31.722716
    ],
    "image_path": "CitySatellite\\Shanghai\\8055.jpg",
    "poi": [],
    "places": [],
    "transport": [],
    "traffic": [],
    "buildings": [],
    "landuse": [],
    "road_inner": [],
    "road_connect": {},
    "population": [
        85.87343120574951
    ],
    "transport_embedding": [
        -0.158456489443779,
        -0.8528814911842346,
        0.5021008849143982,
        -0.5148134231567383,
        0.2633567750453949,
        -0.7539094686508179,
        -0.13656076788902283,
        0.5343878269195557,
        0.7835756540298462,
        -0.09135154634714127
    ],
    "roadnet_embedding": [
        1.0861318111419678,
        -0.4328496754169464,
        0.03026694990694523,
        0.6052865386009216,
        -2.9514968395233154,
        -0.07456791400909424,
        0.040029581636190414,
        -0.07856866717338562,
        -0.07166531682014465,
        0.19948488473892212
    ],
    "function_embedding": [
        -0.6005714535713196,
        -0.3280601501464844,
        -0.05131639167666435,
        0.07235285639762878,
        -1.4263978004455566,
        -0.047972965985536575,
        -0.04316963255405426,
        -0.06245461851358414,
        -0.10380660742521286,
        0.23433397710323334
    ],
    "city_embedding": [
        -0.9839980006217957,
        0.0029852089937776327,
        0.6580697894096375,
        1.3686751127243042,
        -0.5951492786407471,
        1.2477003335952759,
        0.1779872179031372,
        2.789267063140869,
        2.386340856552124,
        3.5239248275756836
    ],
    "degree_embedding": [
        -0.9859232902526855,
        -0.14980502426624298,
        1.1363672018051147,
        1.3890211582183838,
        1.9668338298797607,
        -0.10017327964305878,
        -0.9014211297035217,
        -0.5218036770820618,
        0.12516868114471436,
        0.34269973635673523
    ]
}