{
    "id": 8063,
    "range": [
        121.526804,
        31.652716,
        121.536804,
        31.642716
    ],
    "image_path": "CitySatellite\\Shanghai\\8063.jpg",
    "poi": [],
    "places": [],
    "transport": [],
    "traffic": [],
    "buildings": [],
    "landuse": [],
    "road_inner": [
        [
            5122,
            1.0,
            4,
            474.91900000000004
        ]
    ],
    "road_connect": {
        "7943": {
            "4": 1
        },
        "8183": {
            "4": 1
        }
    },
    "population": [
        321.0833296775818
    ],
    "transport_embedding": [
        -0.13914497196674347,
        -0.7995553612709045,
        0.5375056266784668,
        -0.5705932974815369,
        -0.2753255069255829,
        0.15269486606121063,
        0.5820688009262085,
        0.7394916415214539,
        0.8206503987312317,
        -0.1369112730026245
    ],
    "roadnet_embedding": [
        0.9113195538520813,
        -0.6606352925300598,
        0.08034195750951767,
        -0.4355159401893616,
        -0.5923181772232056,
        -2.0572681427001953,
        -0.18396443128585815,
        0.8369835019111633,
        0.5011835098266602,
        -0.7951238751411438
    ],
    "function_embedding": [
        -0.60444176197052,
        -0.3002636134624481,
        -0.026044372469186783,
        0.05978235602378845,
        -1.4272152185440063,
        -0.10470270365476608,
        0.07646634429693222,
        -0.12509772181510925,
        -0.17606841027736664,
        0.19264838099479675
    ],
    "city_embedding": [
        -0.9847485423088074,
        0.001292904489673674,
        0.6268458962440491,
        1.3359484672546387,
        -0.599734365940094,
        1.2249035835266113,
        0.21449601650238037,
        2.8238911628723145,
        2.3691561222076416,
        3.46099853515625
    ],
    "degree_embedding": [
        -0.9803432822227478,
        -0.4955008625984192,
        0.02320222556591034,
        0.8904775381088257,
        1.3509734869003296,
        0.22085069119930267,
        -0.2695158123970032,
        -1.039759874343872,
        0.8916219472885132,
        -1.264162540435791
    ]
}