{
    "id": 8096,
    "range": [
        121.526804,
        31.322716,
        121.536804,
        31.312716
    ],
    "image_path": "CitySatellite\\Shanghai\\8096.jpg",
    "poi": [
        [
            2302,
            2,
            4
        ],
        [
            2511,
            3,
            6
        ],
        [
            2901,
            1,
            0
        ],
        [
            2902,
            1,
            0
        ],
        [
            2005,
            1,
            1
        ],
        [
            2601,
            2,
            0
        ],
        [
            2007,
            1,
            2
        ],
        [
            2301,
            1,
            4
        ],
        [
            2203,
            1,
            3
        ]
    ],
    "places": [],
    "transport": [
        [
            5621,
            16,
            1
        ],
        [
            5601,
            1,
            2
        ]
    ],
    "traffic": [
        [
            5201,
            9,
            3
        ],
        [
            5204,
            13,
            1
        ],
        [
            5260,
            1,
            0
        ]
    ],
    "buildings": [
        59,
        63055.71750000002
    ],
    "landuse": [
        [
            7203,
            13,
            1,
            7.387631416666667
        ],
        [
            7202,
            3,
            0,
            0.336276
        ],
        [
            7212,
            1,
            0,
            0.213059
        ],
        [
            7209,
            2,
            2,
            0.11352100000000001
        ],
        [
            7218,
            3,
            5,
            0.0055639999999999995
        ]
    ],
    "road_inner": [
        [
            5122,
            1,
            4,
            11.126
        ],
        [
            5141,
            32,
            5,
            5798.075416666667
        ],
        [
            5115,
            8,
            3,
            3019.985
        ],
        [
            5113,
            1,
            2,
            1164.473
        ],
        [
            5114,
            7,
            2,
            1999.2529999999997
        ],
        [
            5153,
            6,
            5,
            2222.9230000000002
        ],
        [
            5152,
            1.0,
            0,
            1532.805
        ]
    ],
    "road_connect": {
        "8216": {
            "5": 3,
            "3": 2,
            "2": 1
        },
        "8215": {
            "5": 1
        },
        "7976": {
            "5": 16,
            "2": 1,
            "3": 1
        },
        "7975": {
            "5": 2
        },
        "8095": {
            "5": 10,
            "2": 2,
            "3": 1,
            "0": 2
        },
        "8097": {
            "3": 1,
            "2": 2
        }
    },
    "population": [
        21676.18086242676
    ],
    "transport_embedding": [
        -2.487750291824341,
        0.47667619585990906,
        -1.3351070880889893,
        -0.2763640880584717,
        1.1761521100997925,
        0.44606971740722656,
        0.31066131591796875,
        -0.06370210647583008,
        -0.15140533447265625,
        1.7195584774017334
    ],
    "roadnet_embedding": [
        0.6675267219543457,
        -1.0213534832000732,
        -1.8700659275054932,
        0.6137225031852722,
        0.36206957697868347,
        1.4075130224227905,
        0.13900189101696014,
        3.4277939796447754,
        1.202868938446045,
        0.6824654936790466
    ],
    "function_embedding": [
        -1.735100269317627,
        0.11365735530853271,
        -2.2763736248016357,
        2.157109022140503,
        0.8025426864624023,
        0.22477877140045166,
        -0.5752120018005371,
        -0.15635447204113007,
        -0.8641616106033325,
        0.3778017461299896
    ],
    "city_embedding": [
        -1.0460821390151978,
        0.29169777035713196,
        -1.8152118921279907,
        1.1072341203689575,
        -0.5072526931762695,
        -0.37182337045669556,
        2.3882408142089844,
        1.7790627479553223,
        3.524407386779785,
        4.312232971191406
    ],
    "degree_embedding": [
        -0.9969319105148315,
        -0.5943132638931274,
        3.2981510162353516,
        0.8722187280654907,
        -2.766144037246704,
        1.5597094297409058,
        -0.34029629826545715,
        -2.130882501602173,
        3.10980486869812,
        2.8749008178710938
    ]
}