{
    "id": 8106,
    "range": [
        121.526804,
        31.222716,
        121.536804,
        31.212716
    ],
    "image_path": "CitySatellite\\Shanghai\\8106.jpg",
    "poi": [
        [
            2301,
            1,
            4
        ],
        [
            2511,
            3,
            6
        ],
        [
            2401,
            2,
            5
        ],
        [
            2303,
            6,
            4
        ],
        [
            2601,
            2,
            0
        ],
        [
            2501,
            2,
            6
        ]
    ],
    "places": [],
    "transport": [
        [
            5621,
            5,
            1
        ]
    ],
    "traffic": [
        [
            5201,
            2,
            3
        ],
        [
            5204,
            4,
            1
        ]
    ],
    "buildings": [
        27,
        155351.5255
    ],
    "landuse": [
        [
            7211,
            3,
            0,
            0.12785925
        ],
        [
            7203,
            4,
            1,
            1.2344046666666666
        ],
        [
            7202,
            2,
            0,
            0.33172025
        ],
        [
            7209,
            3,
            2,
            2.5731783333333333
        ],
        [
            7201,
            1,
            4,
            0.030628
        ]
    ],
    "road_inner": [
        [
            5113,
            14,
            2,
            3203.993499999999
        ],
        [
            5122,
            12,
            4,
            2750.0269999999996
        ],
        [
            5115,
            6,
            3,
            1578.0178333333333
        ],
        [
            5141,
            12,
            5,
            1894.167
        ],
        [
            5153,
            7,
            5,
            1170.3353333333334
        ],
        [
            5124,
            4,
            5,
            184.36066666666667
        ],
        [
            5121,
            8,
            4,
            1887.7079999999999
        ],
        [
            5152,
            2,
            0,
            3912.9133333333334
        ],
        [
            5155,
            3,
            0,
            29.706999999999997
        ],
        [
            5132,
            4,
            1,
            572.392
        ],
        [
            5114,
            2,
            2,
            2205.563666666667
        ],
        [
            5112,
            1.0,
            1,
            1698.0020000000002
        ]
    ],
    "road_connect": {
        "8226": {
            "4": 2,
            "2": 4,
            "3": 2,
            "5": 5,
            "0": 4
        },
        "8107": {
            "2": 4,
            "0": 3,
            "1": 2,
            "4": 2
        },
        "8225": {
            "5": 2,
            "0": 1,
            "3": 2
        },
        "8105": {
            "0": 2,
            "3": 3,
            "5": 4,
            "1": 2,
            "4": 1,
            "2": 2
        },
        "7986": {
            "3": 3,
            "4": 2,
            "5": 4
        },
        "7987": {
            "0": 2
        },
        "7988": {
            "0": 2
        }
    },
    "population": [
        16333.24471282959
    ],
    "transport_embedding": [
        -1.6533522605895996,
        -0.5205675363540649,
        0.26271215081214905,
        0.7840269804000854,
        -0.6010799407958984,
        0.02151901088654995,
        -0.0432608500123024,
        0.10031725466251373,
        -0.2918663024902344,
        -0.48046261072158813
    ],
    "roadnet_embedding": [
        -2.0385451316833496,
        -1.2817665338516235,
        -0.7726684808731079,
        0.3385778069496155,
        -0.5569260716438293,
        -0.3892081081867218,
        0.8812157511711121,
        1.2215193510055542,
        1.2608579397201538,
        0.08801379054784775
    ],
    "function_embedding": [
        -1.7371777296066284,
        0.11612570285797119,
        -2.3260955810546875,
        2.1994054317474365,
        0.8024859428405762,
        0.27534928917884827,
        -0.5787179470062256,
        -0.07169955968856812,
        -0.8761800527572632,
        -1.1502715349197388
    ],
    "city_embedding": [
        -1.04885733127594,
        -0.10047383606433868,
        -2.050095558166504,
        2.394031047821045,
        -0.7712680697441101,
        1.357356071472168,
        1.9436249732971191,
        -1.2608163356781006,
        2.0542054176330566,
        1.1028246879577637
    ],
    "degree_embedding": [
        -1.0328962802886963,
        0.9195985198020935,
        0.5795504450798035,
        0.26403626799583435,
        -2.2957425117492676,
        1.9531540870666504,
        -3.5339813232421875,
        6.617065906524658,
        1.1669011116027832,
        -0.2060704082250595
    ]
}