{
    "id": 8132,
    "range": [
        121.526804,
        30.962716,
        121.536804,
        30.952716
    ],
    "image_path": "CitySatellite\\Shanghai\\8132.jpg",
    "poi": [],
    "places": [],
    "transport": [],
    "traffic": [],
    "buildings": [],
    "landuse": [],
    "road_inner": [],
    "road_connect": {},
    "population": [
        1020.02041053772
    ],
    "transport_embedding": [
        -0.1696414351463318,
        -0.5639698505401611,
        0.5103357434272766,
        -1.0086579322814941,
        -0.05572693794965744,
        -0.007457911502569914,
        -0.1222434863448143,
        1.406867265701294,
        -0.42440855503082275,
        -0.32780784368515015
    ],
    "roadnet_embedding": [
        1.105025291442871,
        -0.44386836886405945,
        0.04989366605877876,
        0.5718371868133545,
        -2.7434732913970947,
        -0.2017083466053009,
        -0.016102436929941177,
        -0.025893354788422585,
        -0.09935852885246277,
        0.15825368463993073
    ],
    "function_embedding": [
        -0.5677932500839233,
        -0.3285250663757324,
        -0.04408014565706253,
        0.07365873456001282,
        -1.451500415802002,
        -0.024051791056990623,
        -0.07248386740684509,
        -0.05302664637565613,
        -0.14797869324684143,
        0.18131238222122192
    ],
    "city_embedding": [
        -0.9869816899299622,
        -0.004106088541448116,
        0.5338824987411499,
        1.2379179000854492,
        -0.6114515066146851,
        1.1578269004821777,
        0.3225288689136505,
        2.927356719970703,
        2.3236796855926514,
        3.273355722427368
    ],
    "degree_embedding": [
        -0.9859232902526855,
        -0.14980502426624298,
        1.1363672018051147,
        1.3890211582183838,
        1.9668338298797607,
        -0.10017327964305878,
        -0.9014211297035217,
        -0.5218036770820618,
        0.12516868114471436,
        0.34269973635673523
    ]
}