{
    "id": 8147,
    "range": [
        121.526804,
        30.812716,
        121.536804,
        30.802716
    ],
    "image_path": "CitySatellite\\Shanghai\\8147.jpg",
    "poi": [],
    "places": [],
    "transport": [],
    "traffic": [],
    "buildings": [],
    "landuse": [],
    "road_inner": [],
    "road_connect": {},
    "population": [
        0.0
    ],
    "transport_embedding": [
        -0.1943422257900238,
        -0.4306585192680359,
        0.6669408679008484,
        -1.1223576068878174,
        0.17961308360099792,
        1.1005905866622925,
        0.19305938482284546,
        1.522384762763977,
        -1.4274544715881348,
        -0.5135368704795837
    ],
    "roadnet_embedding": [
        1.1011759042739868,
        -0.44350165128707886,
        0.07275255769491196,
        0.612587571144104,
        -2.862136125564575,
        -0.09034932404756546,
        -0.005946813151240349,
        -0.11605969071388245,
        -0.10999532043933868,
        0.292887419462204
    ],
    "function_embedding": [
        -0.5629296898841858,
        -0.3367094397544861,
        -0.058702252805233,
        0.008968660607933998,
        -1.3969954252243042,
        -0.04536634311079979,
        -0.02169371023774147,
        -0.08167289942502975,
        -0.143992617726326,
        0.192789688706398
    ],
    "city_embedding": [
        -0.983723521232605,
        0.0036167511716485023,
        0.6694934964179993,
        1.3806318044662476,
        -0.5934169292449951,
        1.2560120820999146,
        0.1646505445241928,
        2.77662992477417,
        2.3926258087158203,
        3.5471549034118652
    ],
    "degree_embedding": [
        -0.9859232902526855,
        -0.14980502426624298,
        1.1363672018051147,
        1.3890211582183838,
        1.9668338298797607,
        -0.10017327964305878,
        -0.9014211297035217,
        -0.5218036770820618,
        0.12516868114471436,
        0.34269973635673523
    ]
}