{
    "id": 8148,
    "range": [
        121.526804,
        30.802716,
        121.536804,
        30.792716
    ],
    "image_path": "CitySatellite\\Shanghai\\8148.jpg",
    "poi": [],
    "places": [],
    "transport": [],
    "traffic": [],
    "buildings": [],
    "landuse": [],
    "road_inner": [],
    "road_connect": {},
    "population": [
        0.0
    ],
    "transport_embedding": [
        -0.16376186907291412,
        -0.6143766045570374,
        0.5461232662200928,
        -0.886936366558075,
        0.09991350769996643,
        0.375409334897995,
        -0.14451365172863007,
        1.1485228538513184,
        -0.19711527228355408,
        -0.3014294505119324
    ],
    "roadnet_embedding": [
        1.117531657218933,
        -0.4102626442909241,
        0.044236455112695694,
        0.5674613118171692,
        -3.029423713684082,
        0.018230678513646126,
        -0.008409003727138042,
        -0.09584792703390121,
        -0.04829833656549454,
        0.305932879447937
    ],
    "function_embedding": [
        -0.584790825843811,
        -0.31501504778862,
        -0.03981432318687439,
        0.07896456867456436,
        -1.4319556951522827,
        -0.07953652739524841,
        -0.04452260211110115,
        -0.04506957158446312,
        -0.15010103583335876,
        0.19464628398418427
    ],
    "city_embedding": [
        -0.983723521232605,
        0.0036167511716485023,
        0.6694934964179993,
        1.3806318044662476,
        -0.5934169292449951,
        1.2560120820999146,
        0.1646505445241928,
        2.77662992477417,
        2.3926258087158203,
        3.5471549034118652
    ],
    "degree_embedding": [
        -0.9859232902526855,
        -0.14980502426624298,
        1.1363672018051147,
        1.3890211582183838,
        1.9668338298797607,
        -0.10017327964305878,
        -0.9014211297035217,
        -0.5218036770820618,
        0.12516868114471436,
        0.34269973635673523
    ]
}