{
    "id": 8177,
    "range": [
        121.536804,
        31.712716,
        121.546804,
        31.702716
    ],
    "image_path": "CitySatellite\\Shanghai\\8177.jpg",
    "poi": [],
    "places": [],
    "transport": [],
    "traffic": [],
    "buildings": [],
    "landuse": [
        [
            7215,
            1,
            5,
            0.61032775
        ]
    ],
    "road_inner": [],
    "road_connect": {},
    "population": [
        154.3736457824707
    ],
    "transport_embedding": [
        -0.20834583044052124,
        -0.7864205837249756,
        0.7194627523422241,
        -0.47306710481643677,
        0.4063984155654907,
        -0.6669245958328247,
        -0.3646000921726227,
        0.2730962336063385,
        0.6592437028884888,
        -0.02547181397676468
    ],
    "roadnet_embedding": [
        1.0689582824707031,
        -0.43941253423690796,
        0.06863471865653992,
        0.5065422058105469,
        -2.5946197509765625,
        -0.18973101675510406,
        -0.024652918800711632,
        -0.0915299504995346,
        -0.027033379301428795,
        0.15068145096302032
    ],
    "function_embedding": [
        -0.6134932637214661,
        -0.7216691374778748,
        0.2588055431842804,
        -0.704535186290741,
        -0.019127152860164642,
        -0.30845722556114197,
        0.28915804624557495,
        0.961385190486908,
        -0.4125347137451172,
        -0.5623554587364197
    ],
    "city_embedding": [
        -0.9842168092727661,
        0.002486351877450943,
        0.6489676833152771,
        1.3591361045837402,
        -0.5963546633720398,
        1.2410346269607544,
        0.18865899741649628,
        2.79935884475708,
        2.3812332153320312,
        3.505776882171631
    ],
    "degree_embedding": [
        -0.9859232902526855,
        -0.14980502426624298,
        1.1363672018051147,
        1.3890211582183838,
        1.9668338298797607,
        -0.10017327964305878,
        -0.9014211297035217,
        -0.5218036770820618,
        0.12516868114471436,
        0.34269973635673523
    ]
}