{
    "id": 8200,
    "range": [
        121.536804,
        31.482716,
        121.546804,
        31.472716
    ],
    "image_path": "CitySatellite\\Shanghai\\8200.jpg",
    "poi": [],
    "places": [],
    "transport": [],
    "traffic": [],
    "buildings": [],
    "landuse": [],
    "road_inner": [],
    "road_connect": {},
    "population": [
        31.70072841644287
    ],
    "transport_embedding": [
        -0.0706491768360138,
        -0.92868971824646,
        0.41790518164634705,
        -0.4465181529521942,
        -0.06843551248311996,
        0.7185618281364441,
        0.5250046253204346,
        0.6494060158729553,
        1.1970405578613281,
        -0.1874130666255951
    ],
    "roadnet_embedding": [
        1.0852713584899902,
        -0.4259936213493347,
        0.05956481024622917,
        0.4578448235988617,
        -2.8123157024383545,
        -0.17964203655719757,
        -0.03487642854452133,
        0.0433444008231163,
        -0.03756066784262657,
        0.2554212510585785
    ],
    "function_embedding": [
        -0.6033257842063904,
        -0.33745768666267395,
        -0.01833435893058777,
        0.018920594826340675,
        -1.3745272159576416,
        -0.057256825268268585,
        0.03172468766570091,
        -0.06123435124754906,
        -0.17284294962882996,
        0.18104200065135956
    ],
    "city_embedding": [
        -0.9838247895240784,
        0.0033780692610889673,
        0.6652798056602478,
        1.376230001449585,
        -0.5941416621208191,
        1.2529497146606445,
        0.16960783302783966,
        2.7812421321868896,
        2.390307903289795,
        3.5385661125183105
    ],
    "degree_embedding": [
        -0.9859232902526855,
        -0.14980502426624298,
        1.1363672018051147,
        1.3890211582183838,
        1.9668338298797607,
        -0.10017327964305878,
        -0.9014211297035217,
        -0.5218036770820618,
        0.12516868114471436,
        0.34269973635673523
    ]
}