{
    "id": 8226,
    "range": [
        121.536804,
        31.222716,
        121.546804,
        31.212716
    ],
    "image_path": "CitySatellite\\Shanghai\\8226.jpg",
    "poi": [
        [
            2301,
            4,
            4
        ],
        [
            2303,
            1,
            4
        ],
        [
            2501,
            1,
            6
        ],
        [
            2511,
            2,
            6
        ],
        [
            2302,
            1,
            4
        ],
        [
            2721,
            2,
            0
        ],
        [
            2901,
            1,
            0
        ],
        [
            2006,
            1,
            2
        ],
        [
            2725,
            1,
            0
        ]
    ],
    "places": [
        [
            1001,
            1,
            1
        ]
    ],
    "transport": [
        [
            5601,
            1,
            2
        ],
        [
            5641,
            1,
            0
        ],
        [
            5621,
            5,
            1
        ]
    ],
    "traffic": [
        [
            5204,
            10,
            1
        ]
    ],
    "buildings": [
        35,
        69473.90550000001
    ],
    "landuse": [
        [
            7202,
            3,
            0,
            3.6457735
        ],
        [
            7209,
            1,
            2,
            0.026209
        ],
        [
            7211,
            8,
            0,
            0.66535725
        ],
        [
            7218,
            5,
            5,
            0.113259
        ],
        [
            7208,
            1,
            5,
            0.112656
        ],
        [
            7203,
            2,
            1,
            0.7169023333333333
        ],
        [
            7201,
            4,
            4,
            0.096889
        ]
    ],
    "road_inner": [
        [
            5141,
            23,
            5,
            3371.9955
        ],
        [
            5122,
            2,
            4,
            1899.9750000000001
        ],
        [
            5115,
            7,
            3,
            1630.9819999999997
        ],
        [
            5153,
            38,
            5,
            6898.345833333334
        ],
        [
            5134,
            4,
            2,
            257.45399999999995
        ],
        [
            5152,
            15,
            0,
            9107.315983333332
        ],
        [
            5124,
            6,
            5,
            1409.8106666666665
        ],
        [
            5114,
            8,
            2,
            3612.5578666666665
        ],
        [
            5155,
            6,
            0,
            116.24699999999999
        ]
    ],
    "road_connect": {
        "8106": {
            "4": 2,
            "2": 4,
            "3": 2,
            "5": 5,
            "0": 4
        },
        "8225": {
            "3": 3,
            "4": 4,
            "5": 7,
            "0": 1
        },
        "8227": {
            "0": 2,
            "2": 2,
            "5": 6,
            "4": 2
        },
        "8107": {
            "0": 2,
            "2": 2
        },
        "8346": {
            "2": 4,
            "0": 8,
            "5": 11
        },
        "8466": {
            "2": 2,
            "0": 2,
            "5": 1
        },
        "8586": {
            "2": 2,
            "0": 2
        },
        "8347": {
            "5": 1
        },
        "8345": {
            "5": 1,
            "0": 2
        },
        "8465": {
            "0": 2
        },
        "8585": {
            "0": 1
        }
    },
    "population": [
        4147.663383483887
    ],
    "transport_embedding": [
        -2.4116859436035156,
        0.3844670355319977,
        -1.2591546773910522,
        -0.20629167556762695,
        0.9620586037635803,
        0.30730170011520386,
        0.25288376212120056,
        -0.048128992319107056,
        -0.0343475341796875,
        -4.069929599761963
    ],
    "roadnet_embedding": [
        -1.5031038522720337,
        -1.23025643825531,
        -4.018060207366943,
        -1.1878764629364014,
        -0.6799869537353516,
        0.0020371756982058287,
        0.15772131085395813,
        10.862552642822266,
        2.7111520767211914,
        6.905291557312012
    ],
    "function_embedding": [
        -1.7177033424377441,
        0.09298646450042725,
        -2.2200253009796143,
        2.1701221466064453,
        0.7945346832275391,
        0.21983519196510315,
        -0.5621270537376404,
        -0.20379705727100372,
        -0.8220800161361694,
        -1.1074068546295166
    ],
    "city_embedding": [
        -1.0630016326904297,
        2.421616554260254,
        -1.9994710683822632,
        2.118536949157715,
        -1.6737861633300781,
        -0.3998991847038269,
        5.717649936676025,
        -2.212022066116333,
        -14.91372013092041,
        -10.030529975891113
    ],
    "degree_embedding": [
        -1.0851064920425415,
        3.09914493560791,
        -2.0073657035827637,
        3.04164719581604,
        -2.353524684906006,
        6.172025680541992,
        -1.8613123893737793,
        5.164840221405029,
        5.058298587799072,
        2.620558261871338
    ]
}