{
    "id": 8253,
    "range": [
        121.536804,
        30.952716,
        121.546804,
        30.942716
    ],
    "image_path": "CitySatellite\\Shanghai\\8253.jpg",
    "poi": [],
    "places": [],
    "transport": [],
    "traffic": [],
    "buildings": [],
    "landuse": [],
    "road_inner": [
        [
            5121,
            4,
            4,
            1843.7885
        ],
        [
            5122,
            7,
            4,
            953.4780000000001
        ],
        [
            5141,
            1,
            5,
            297.31
        ],
        [
            5114,
            2,
            2,
            1393.8545000000001
        ]
    ],
    "road_connect": {
        "8133": {
            "4": 2,
            "2": 2
        },
        "8373": {
            "4": 1,
            "2": 2
        }
    },
    "population": [
        1079.311762809753
    ],
    "transport_embedding": [
        -0.34227699041366577,
        -0.6214166879653931,
        0.9633724689483643,
        -0.5421616435050964,
        1.0033645629882812,
        -0.461984246969223,
        -1.7099363803863525,
        -0.9078892469406128,
        0.03209027275443077,
        0.082829050719738
    ],
    "roadnet_embedding": [
        -0.21948793530464172,
        -1.0880494117736816,
        0.5889569520950317,
        -0.9052530527114868,
        0.06822534650564194,
        -0.37618783116340637,
        0.586574912071228,
        0.11731095612049103,
        -0.2668628692626953,
        0.06932681798934937
    ],
    "function_embedding": [
        -0.6135473847389221,
        -0.2742534875869751,
        -0.08333680778741837,
        0.03649188205599785,
        -1.4454244375228882,
        -0.0946374386548996,
        -0.1272454708814621,
        -0.08601971715688705,
        -0.05329686775803566,
        0.31228965520858765
    ],
    "city_embedding": [
        -0.9871699810028076,
        -0.004549763165414333,
        0.5260434746742249,
        1.2296509742736816,
        -0.6123278141021729,
        1.1521579027175903,
        0.331667959690094,
        2.936034917831421,
        2.3199622631073,
        3.257694959640503
    ],
    "degree_embedding": [
        -0.9774547219276428,
        -0.7745341658592224,
        -0.45180583000183105,
        0.144353985786438,
        0.6696228384971619,
        0.4133342504501343,
        0.11057991534471512,
        -1.4158539772033691,
        0.2748202979564667,
        -1.4513686895370483
    ]
}