{
    "id": 8267,
    "range": [
        121.536804,
        30.812716,
        121.546804,
        30.802716
    ],
    "image_path": "CitySatellite\\Shanghai\\8267.jpg",
    "poi": [],
    "places": [],
    "transport": [],
    "traffic": [],
    "buildings": [],
    "landuse": [],
    "road_inner": [],
    "road_connect": {},
    "population": [
        0.0
    ],
    "transport_embedding": [
        -0.13205423951148987,
        -0.8491178154945374,
        0.5381056070327759,
        -0.4171999394893646,
        0.009584209881722927,
        1.3060626983642578,
        0.3157626986503601,
        0.1429089456796646,
        1.370602011680603,
        -0.1922253966331482
    ],
    "roadnet_embedding": [
        1.0087965726852417,
        -0.4532689154148102,
        0.08706416934728622,
        0.5084853172302246,
        -2.5771162509918213,
        -0.36920273303985596,
        0.007745278999209404,
        0.10784793645143509,
        -0.052930813282728195,
        0.1313304603099823
    ],
    "function_embedding": [
        -0.6248482465744019,
        -0.2677402198314667,
        -0.07043159008026123,
        0.10530916601419449,
        -1.5098708868026733,
        -0.08076765388250351,
        -0.08868906646966934,
        -0.09842546284198761,
        -0.09976982325315475,
        0.33726370334625244
    ],
    "city_embedding": [
        -0.983723521232605,
        0.0036167511716485023,
        0.6694934964179993,
        1.3806318044662476,
        -0.5934169292449951,
        1.2560120820999146,
        0.1646505445241928,
        2.77662992477417,
        2.3926258087158203,
        3.5471549034118652
    ],
    "degree_embedding": [
        -0.9859232902526855,
        -0.14980502426624298,
        1.1363672018051147,
        1.3890211582183838,
        1.9668338298797607,
        -0.10017327964305878,
        -0.9014211297035217,
        -0.5218036770820618,
        0.12516868114471436,
        0.34269973635673523
    ]
}