{
    "id": 8268,
    "range": [
        121.536804,
        30.802716,
        121.546804,
        30.792716
    ],
    "image_path": "CitySatellite\\Shanghai\\8268.jpg",
    "poi": [],
    "places": [],
    "transport": [],
    "traffic": [],
    "buildings": [],
    "landuse": [],
    "road_inner": [],
    "road_connect": {},
    "population": [
        0.0
    ],
    "transport_embedding": [
        -0.23371773958206177,
        -0.5069621801376343,
        0.7322855591773987,
        -0.9479550719261169,
        0.26484355330467224,
        0.06132591515779495,
        0.056227248162031174,
        1.8092777729034424,
        -1.3321576118469238,
        -0.4376206398010254
    ],
    "roadnet_embedding": [
        1.0311954021453857,
        -0.42282652854919434,
        0.08159181475639343,
        0.5744596719741821,
        -3.0031023025512695,
        0.02291078306734562,
        0.06871794909238815,
        -0.0936829149723053,
        -0.035273198038339615,
        0.39046379923820496
    ],
    "function_embedding": [
        -0.5817319750785828,
        -0.3175032138824463,
        -0.08089376986026764,
        0.027102407068014145,
        -1.3962442874908447,
        -0.0802464559674263,
        0.009917553514242172,
        -0.0687684416770935,
        -0.1380949169397354,
        0.2654459476470947
    ],
    "city_embedding": [
        -0.983723521232605,
        0.0036167511716485023,
        0.6694934964179993,
        1.3806318044662476,
        -0.5934169292449951,
        1.2560120820999146,
        0.1646505445241928,
        2.77662992477417,
        2.3926258087158203,
        3.5471549034118652
    ],
    "degree_embedding": [
        -0.9859232902526855,
        -0.14980502426624298,
        1.1363672018051147,
        1.3890211582183838,
        1.9668338298797607,
        -0.10017327964305878,
        -0.9014211297035217,
        -0.5218036770820618,
        0.12516868114471436,
        0.34269973635673523
    ]
}