{
    "id": 8296,
    "range": [
        121.546804,
        31.722716,
        121.556804,
        31.712716
    ],
    "image_path": "CitySatellite\\Shanghai\\8296.jpg",
    "poi": [],
    "places": [],
    "transport": [],
    "traffic": [],
    "buildings": [],
    "landuse": [
        [
            7210,
            1,
            4,
            6.3663478809523815
        ],
        [
            7229,
            1,
            5,
            2.773913
        ]
    ],
    "road_inner": [
        [
            5115,
            1.0,
            3,
            557.1223333333334
        ]
    ],
    "road_connect": {
        "8298": {
            "3": 1
        },
        "8297": {
            "3": 1
        }
    },
    "population": [
        0.0
    ],
    "transport_embedding": [
        -0.21212178468704224,
        -0.6127798557281494,
        0.6616223454475403,
        -0.7551870346069336,
        0.0883607491850853,
        0.7731999754905701,
        -0.3806407153606415,
        0.32223841547966003,
        0.26939472556114197,
        -0.23708908259868622
    ],
    "roadnet_embedding": [
        1.1458840370178223,
        -0.5605039596557617,
        0.14263884723186493,
        0.47449105978012085,
        -1.5100007057189941,
        -0.9765219688415527,
        -0.24319599568843842,
        0.28784194588661194,
        -0.1987633854150772,
        -0.014716190285980701
    ],
    "function_embedding": [
        1.630753755569458,
        -3.885584592819214,
        -0.7073096036911011,
        1.5900537967681885,
        0.2751545310020447,
        0.4462556540966034,
        -0.37606531381607056,
        0.7467255592346191,
        -1.0104976892471313,
        4.317162990570068
    ],
    "city_embedding": [
        -0.983723521232605,
        0.0036167511716485023,
        0.6694934964179993,
        1.3806318044662476,
        -0.5934169292449951,
        1.2560120820999146,
        0.1646505445241928,
        2.77662992477417,
        2.3926258087158203,
        3.5471549034118652
    ],
    "degree_embedding": [
        -0.9858659505844116,
        -0.2600632905960083,
        0.5294933915138245,
        0.677148699760437,
        1.577477216720581,
        0.2665071189403534,
        0.08223344385623932,
        -0.5255464911460876,
        0.631521999835968,
        -1.5018965005874634
    ]
}