{
    "id": 8314,
    "range": [
        121.546804,
        31.54271600000001,
        121.556804,
        31.532716
    ],
    "image_path": "CitySatellite\\Shanghai\\8314.jpg",
    "poi": [],
    "places": [],
    "transport": [],
    "traffic": [],
    "buildings": [],
    "landuse": [],
    "road_inner": [],
    "road_connect": {},
    "population": [
        0.0
    ],
    "transport_embedding": [
        -0.16557884216308594,
        -0.5062559843063354,
        0.5987917184829712,
        -0.9934039115905762,
        -0.11793802678585052,
        1.442426323890686,
        0.9810286164283752,
        1.6510090827941895,
        -0.8336291909217834,
        -0.5176466107368469
    ],
    "roadnet_embedding": [
        1.091626763343811,
        -0.43913504481315613,
        0.04915823042392731,
        0.6374253630638123,
        -3.0389668941497803,
        0.08522742241621017,
        0.061205971986055374,
        -0.21062390506267548,
        -0.08697650581598282,
        0.38552090525627136
    ],
    "function_embedding": [
        -0.5787096619606018,
        -0.3375588059425354,
        -0.06816447526216507,
        0.0520629845559597,
        -1.4204028844833374,
        -0.054605334997177124,
        -0.08931528776884079,
        -0.006321332883089781,
        -0.058482106775045395,
        0.21589519083499908
    ],
    "city_embedding": [
        -0.983723521232605,
        0.0036167511716485023,
        0.6694934964179993,
        1.3806318044662476,
        -0.5934169292449951,
        1.2560120820999146,
        0.1646505445241928,
        2.77662992477417,
        2.3926258087158203,
        3.5471549034118652
    ],
    "degree_embedding": [
        -0.9859232902526855,
        -0.14980502426624298,
        1.1363672018051147,
        1.3890211582183838,
        1.9668338298797607,
        -0.10017327964305878,
        -0.9014211297035217,
        -0.5218036770820618,
        0.12516868114471436,
        0.34269973635673523
    ]
}