{
    "id": 8320,
    "range": [
        121.546804,
        31.482716,
        121.556804,
        31.472716
    ],
    "image_path": "CitySatellite\\Shanghai\\8320.jpg",
    "poi": [],
    "places": [],
    "transport": [],
    "traffic": [],
    "buildings": [],
    "landuse": [],
    "road_inner": [],
    "road_connect": {},
    "population": [
        0.0
    ],
    "transport_embedding": [
        -0.2577434480190277,
        -0.7153170108795166,
        0.7583682537078857,
        -0.561155378818512,
        1.1810150146484375,
        0.048481475561857224,
        -1.2229125499725342,
        0.1645394265651703,
        -0.5463412404060364,
        -0.13323509693145752
    ],
    "roadnet_embedding": [
        1.0720431804656982,
        -0.4291107654571533,
        0.07912666350603104,
        0.63994961977005,
        -3.0224523544311523,
        0.11111132800579071,
        0.044988468289375305,
        -0.23716327548027039,
        -0.05122898891568184,
        0.4161556661128998
    ],
    "function_embedding": [
        -0.6012663841247559,
        -0.31980928778648376,
        -0.0733134001493454,
        0.07477139681577682,
        -1.4455370903015137,
        -0.02420019544661045,
        -0.08580386638641357,
        -0.04048443213105202,
        -0.10107719898223877,
        0.27441734075546265
    ],
    "city_embedding": [
        -0.983723521232605,
        0.0036167511716485023,
        0.6694934964179993,
        1.3806318044662476,
        -0.5934169292449951,
        1.2560120820999146,
        0.1646505445241928,
        2.77662992477417,
        2.3926258087158203,
        3.5471549034118652
    ],
    "degree_embedding": [
        -0.9859232902526855,
        -0.14980502426624298,
        1.1363672018051147,
        1.3890211582183838,
        1.9668338298797607,
        -0.10017327964305878,
        -0.9014211297035217,
        -0.5218036770820618,
        0.12516868114471436,
        0.34269973635673523
    ]
}