{
    "id": 8347,
    "range": [
        121.546804,
        31.212716,
        121.556804,
        31.202716
    ],
    "image_path": "CitySatellite\\Shanghai\\8347.jpg",
    "poi": [
        [
            2542,
            2,
            6
        ],
        [
            2511,
            4,
            6
        ],
        [
            2302,
            4,
            4
        ],
        [
            2602,
            1,
            0
        ],
        [
            2421,
            1,
            5
        ],
        [
            2522,
            1,
            6
        ],
        [
            2301,
            2,
            4
        ],
        [
            2543,
            1,
            6
        ],
        [
            2528,
            2,
            6
        ],
        [
            2518,
            1,
            6
        ],
        [
            2303,
            2,
            4
        ],
        [
            2501,
            1,
            6
        ],
        [
            2901,
            2,
            0
        ],
        [
            2601,
            1,
            0
        ],
        [
            2513,
            1,
            6
        ],
        [
            2561,
            1,
            6
        ],
        [
            2129,
            1,
            0
        ],
        [
            2205,
            2,
            3
        ],
        [
            2502,
            1,
            6
        ]
    ],
    "places": [],
    "transport": [
        [
            5621,
            27,
            1
        ],
        [
            5641,
            1,
            0
        ],
        [
            5601,
            5,
            2
        ]
    ],
    "traffic": [
        [
            5201,
            9,
            3
        ],
        [
            5206,
            2,
            2
        ],
        [
            5260,
            1,
            0
        ],
        [
            5204,
            7,
            1
        ]
    ],
    "buildings": [
        26,
        88195.1165
    ],
    "landuse": [
        [
            7203,
            8,
            1,
            2.1404212499999997
        ],
        [
            7209,
            1,
            2,
            0.400361
        ],
        [
            7202,
            4,
            0,
            0.458382
        ],
        [
            7201,
            1,
            4,
            0.253676
        ]
    ],
    "road_inner": [
        [
            5141,
            43,
            5,
            4322.47825
        ],
        [
            5122,
            17,
            4,
            5288.943
        ],
        [
            5112,
            3,
            1,
            1902.033
        ],
        [
            5113,
            10,
            2,
            2647.9093333333335
        ],
        [
            5133,
            2,
            2,
            138.048
        ],
        [
            5152,
            1,
            0,
            1872.6721333333332
        ],
        [
            5132,
            7,
            1,
            943.7425000000001
        ],
        [
            5154,
            1,
            5,
            22.881
        ],
        [
            5153,
            19,
            5,
            2910.071166666667
        ],
        [
            5114,
            7,
            2,
            2160.2635
        ],
        [
            5115,
            1,
            3,
            8.692
        ],
        [
            5124,
            1.0,
            5,
            63.167
        ]
    ],
    "road_connect": {
        "8226": {
            "5": 1
        },
        "8227": {
            "5": 2,
            "1": 4,
            "4": 5,
            "2": 2,
            "0": 2
        },
        "8228": {
            "0": 1,
            "2": 1
        },
        "7988": {
            "0": 1
        },
        "8108": {
            "0": 1
        },
        "8346": {
            "4": 1,
            "5": 3,
            "2": 2
        },
        "8467": {
            "0": 2,
            "4": 4,
            "1": 4,
            "2": 4,
            "5": 2
        },
        "8587": {
            "0": 1,
            "5": 1
        },
        "8466": {
            "4": 1
        },
        "8348": {
            "4": 1,
            "2": 2,
            "5": 1
        },
        "8588": {
            "5": 1
        }
    },
    "population": [
        15204.30224609375
    ],
    "transport_embedding": [
        -2.4892280101776123,
        0.47858333587646484,
        -1.3758602142333984,
        -0.29415202140808105,
        1.205875039100647,
        0.4480934143066406,
        0.3067512512207031,
        -0.06533193588256836,
        -0.14739990234375,
        2.4831759929656982
    ],
    "roadnet_embedding": [
        -0.7544785141944885,
        -1.158207893371582,
        -1.2252728939056396,
        1.2600934505462646,
        0.03551144152879715,
        0.33304744958877563,
        -0.6784927845001221,
        3.4836742877960205,
        1.470825433731079,
        0.641401469707489
    ],
    "function_embedding": [
        -1.739935040473938,
        0.11940181255340576,
        -2.5204505920410156,
        2.247875690460205,
        0.8130340576171875,
        0.3859807252883911,
        -0.6101722717285156,
        0.1918749213218689,
        -0.9324198365211487,
        -1.5664889812469482
    ],
    "city_embedding": [
        -1.0357011556625366,
        0.036132730543613434,
        -1.465542197227478,
        2.050222635269165,
        -0.707603931427002,
        0.5500880479812622,
        2.0575850009918213,
        1.4805564880371094,
        3.449394702911377,
        2.9380009174346924
    ],
    "degree_embedding": [
        -1.0316858291625977,
        0.9934734106063843,
        0.6957631707191467,
        0.4176366925239563,
        -1.5125409364700317,
        0.17880243062973022,
        -2.9018819332122803,
        2.2210233211517334,
        -0.2650349736213684,
        -0.22579427063465118
    ]
}