{
    "id": 8379,
    "range": [
        121.546804,
        30.892716,
        121.556804,
        30.882716
    ],
    "image_path": "CitySatellite\\Shanghai\\8379.jpg",
    "poi": [],
    "places": [],
    "transport": [],
    "traffic": [],
    "buildings": [],
    "landuse": [
        [
            7203,
            2,
            1,
            1.85534475
        ]
    ],
    "road_inner": [],
    "road_connect": {},
    "population": [
        838.5056743621826
    ],
    "transport_embedding": [
        -0.07498328387737274,
        -0.8231617212295532,
        0.32936984300613403,
        -0.5834892392158508,
        -0.3543582260608673,
        1.741590976715088,
        1.1539735794067383,
        0.948133647441864,
        1.2484557628631592,
        -0.29371312260627747
    ],
    "roadnet_embedding": [
        1.073594570159912,
        -0.4212411344051361,
        0.07063676416873932,
        0.5796931385993958,
        -2.856128454208374,
        -0.05304362624883652,
        0.001047855126671493,
        -0.10690930485725403,
        -0.03550729155540466,
        0.25507938861846924
    ],
    "function_embedding": [
        -1.1433236598968506,
        -0.486823707818985,
        -0.759528398513794,
        -2.1140429973602295,
        0.8182398676872253,
        -0.6875689029693604,
        -0.6912600994110107,
        -1.0111392736434937,
        -0.44471636414527893,
        1.3760720491409302
    ],
    "city_embedding": [
        -0.9864040613174438,
        -0.002737018745392561,
        0.5579203963279724,
        1.2632678747177124,
        -0.6083623170852661,
        1.175156593322754,
        0.2945491671562195,
        2.900773048400879,
        2.3352019786834717,
        3.3217270374298096
    ],
    "degree_embedding": [
        -0.9859232902526855,
        -0.14980502426624298,
        1.1363672018051147,
        1.3890211582183838,
        1.9668338298797607,
        -0.10017327964305878,
        -0.9014211297035217,
        -0.5218036770820618,
        0.12516868114471436,
        0.34269973635673523
    ]
}