{
    "id": 8387,
    "range": [
        121.546804,
        30.812716,
        121.556804,
        30.802716
    ],
    "image_path": "CitySatellite\\Shanghai\\8387.jpg",
    "poi": [],
    "places": [],
    "transport": [],
    "traffic": [],
    "buildings": [],
    "landuse": [],
    "road_inner": [],
    "road_connect": {},
    "population": [
        0.0
    ],
    "transport_embedding": [
        -0.2532898187637329,
        -0.4796394407749176,
        0.7367355227470398,
        -1.0124690532684326,
        0.5634171962738037,
        -0.024256041273474693,
        -0.5286542773246765,
        1.655078649520874,
        -1.7840218544006348,
        -0.45011964440345764
    ],
    "roadnet_embedding": [
        1.1001826524734497,
        -0.4261212944984436,
        0.02955707535147667,
        0.43623217940330505,
        -2.7902331352233887,
        -0.21706141531467438,
        -0.02850852720439434,
        0.07702717930078506,
        -0.016874568536877632,
        0.1726558357477188
    ],
    "function_embedding": [
        -0.6130903959274292,
        -0.2719082236289978,
        -0.07352469861507416,
        0.10294677317142487,
        -1.502022624015808,
        -0.06755074113607407,
        -0.06658102571964264,
        -0.0844738557934761,
        -0.12732075154781342,
        0.3349003493785858
    ],
    "city_embedding": [
        -0.983723521232605,
        0.0036167511716485023,
        0.6694934964179993,
        1.3806318044662476,
        -0.5934169292449951,
        1.2560120820999146,
        0.1646505445241928,
        2.77662992477417,
        2.3926258087158203,
        3.5471549034118652
    ],
    "degree_embedding": [
        -0.9859232902526855,
        -0.14980502426624298,
        1.1363672018051147,
        1.3890211582183838,
        1.9668338298797607,
        -0.10017327964305878,
        -0.9014211297035217,
        -0.5218036770820618,
        0.12516868114471436,
        0.34269973635673523
    ]
}