{
    "id": 8388,
    "range": [
        121.546804,
        30.802716,
        121.556804,
        30.792716
    ],
    "image_path": "CitySatellite\\Shanghai\\8388.jpg",
    "poi": [],
    "places": [],
    "transport": [],
    "traffic": [],
    "buildings": [],
    "landuse": [],
    "road_inner": [],
    "road_connect": {},
    "population": [
        0.0
    ],
    "transport_embedding": [
        -0.3211542069911957,
        -0.6303843259811401,
        0.8229729533195496,
        -0.6462702751159668,
        0.8672429919242859,
        -1.2791416645050049,
        -1.263017177581787,
        0.7570807337760925,
        -0.6604688763618469,
        -0.14630483090877533
    ],
    "roadnet_embedding": [
        1.1115702390670776,
        -0.45201990008354187,
        0.035245656967163086,
        0.5893604755401611,
        -2.7968947887420654,
        -0.18431517481803894,
        -0.005336474161595106,
        -0.05666523426771164,
        -0.11125611513853073,
        0.17563024163246155
    ],
    "function_embedding": [
        -0.6162793636322021,
        -0.2880391776561737,
        -0.08293166011571884,
        0.05978492274880409,
        -1.4446099996566772,
        -0.09194329380989075,
        -0.0015021914150565863,
        -0.11978121846914291,
        -0.12746936082839966,
        0.3436327874660492
    ],
    "city_embedding": [
        -0.983723521232605,
        0.0036167511716485023,
        0.6694934964179993,
        1.3806318044662476,
        -0.5934169292449951,
        1.2560120820999146,
        0.1646505445241928,
        2.77662992477417,
        2.3926258087158203,
        3.5471549034118652
    ],
    "degree_embedding": [
        -0.9859232902526855,
        -0.14980502426624298,
        1.1363672018051147,
        1.3890211582183838,
        1.9668338298797607,
        -0.10017327964305878,
        -0.9014211297035217,
        -0.5218036770820618,
        0.12516868114471436,
        0.34269973635673523
    ]
}