{
    "id": 8440,
    "range": [
        121.556804,
        31.482716,
        121.566804,
        31.472716
    ],
    "image_path": "CitySatellite\\Shanghai\\8440.jpg",
    "poi": [],
    "places": [],
    "transport": [],
    "traffic": [],
    "buildings": [],
    "landuse": [],
    "road_inner": [
        [
            5141,
            1.0,
            5,
            657.298
        ]
    ],
    "road_connect": {
        "8441": {
            "5": 1
        }
    },
    "population": [
        11.20651281084494
    ],
    "transport_embedding": [
        -0.1865311861038208,
        -0.8614587187767029,
        0.7526959776878357,
        -0.30601534247398376,
        0.3142319321632385,
        1.0642458200454712,
        -0.5332996249198914,
        -0.9693645238876343,
        1.156337022781372,
        -0.06919124722480774
    ],
    "roadnet_embedding": [
        1.2799354791641235,
        -0.5978248715400696,
        -0.08200244605541229,
        0.14920872449874878,
        -0.852642297744751,
        -0.9104479551315308,
        0.03727683424949646,
        -0.02742796391248703,
        -0.35769400000572205,
        -0.9906795024871826
    ],
    "function_embedding": [
        -0.6137076616287231,
        -0.2765336036682129,
        -0.08877459913492203,
        0.11527007073163986,
        -1.519535779953003,
        -0.05951189249753952,
        -0.09604422003030777,
        -0.06648018956184387,
        -0.08349669724702835,
        0.38730090856552124
    ],
    "city_embedding": [
        -0.9837591648101807,
        0.0035350376274436712,
        0.6680105924606323,
        1.3790818452835083,
        -0.5936146974563599,
        1.2549341917037964,
        0.16638311743736267,
        2.7782223224639893,
        2.3917534351348877,
        3.5443215370178223
    ],
    "degree_embedding": [
        -0.9837243556976318,
        -0.280023455619812,
        1.1482605934143066,
        1.295678973197937,
        1.7516933679580688,
        -0.024124333634972572,
        -0.6183432340621948,
        -0.5882564187049866,
        0.31030943989753723,
        -0.11135394126176834
    ]
}