{
    "id": 8467,
    "range": [
        121.556804,
        31.212716,
        121.566804,
        31.202716
    ],
    "image_path": "CitySatellite\\Shanghai\\8467.jpg",
    "poi": [
        [
            2401,
            1,
            5
        ],
        [
            2502,
            1,
            6
        ],
        [
            2303,
            3,
            4
        ],
        [
            2722,
            1,
            0
        ],
        [
            2302,
            1,
            4
        ],
        [
            2901,
            1,
            0
        ]
    ],
    "places": [],
    "transport": [
        [
            5621,
            3,
            1
        ]
    ],
    "traffic": [
        [
            5201,
            3,
            3
        ],
        [
            5206,
            2,
            2
        ],
        [
            5204,
            37,
            1
        ]
    ],
    "buildings": [
        43,
        181069.81600000002
    ],
    "landuse": [
        [
            7202,
            2,
            0,
            0.168331
        ],
        [
            7201,
            2,
            4,
            1.1835063333333333
        ],
        [
            7203,
            2,
            1,
            0.5759865
        ],
        [
            7209,
            1,
            2,
            2.14710925
        ]
    ],
    "road_inner": [
        [
            5114,
            1,
            2,
            1018.7005
        ],
        [
            5141,
            10,
            5,
            3558.1830833333333
        ],
        [
            5132,
            3,
            1,
            1188.2685
        ],
        [
            5133,
            1,
            2,
            290.173
        ],
        [
            5113,
            4,
            2,
            3173.579833333333
        ],
        [
            5112,
            3,
            1,
            2740.7705000000005
        ],
        [
            5153,
            9,
            5,
            261.166
        ],
        [
            5155,
            6,
            0,
            107.956
        ],
        [
            5154,
            1,
            5,
            58.967
        ],
        [
            5122,
            1,
            4,
            1068.9285
        ],
        [
            5152,
            1.0,
            0,
            2518.5606666666663
        ],
        [
            5142,
            1.0,
            5,
            539.9855
        ]
    ],
    "road_connect": {
        "8346": {
            "0": 2
        },
        "8466": {
            "0": 2,
            "4": 1,
            "2": 2
        },
        "8347": {
            "0": 2,
            "4": 4,
            "1": 4,
            "2": 4,
            "5": 2
        },
        "8587": {
            "0": 1,
            "5": 7,
            "1": 6,
            "2": 4
        },
        "8588": {
            "5": 1
        },
        "8586": {
            "1": 1,
            "5": 1,
            "2": 1
        }
    },
    "population": [
        11488.6778717041
    ],
    "transport_embedding": [
        -2.4895107746124268,
        0.47894859313964844,
        -1.3932247161865234,
        -0.30150890350341797,
        1.2176895141601562,
        0.44863060116767883,
        0.3044891357421875,
        -0.065582275390625,
        -0.1452484130859375,
        -4.178676605224609
    ],
    "roadnet_embedding": [
        -1.1346697807312012,
        -1.1947485208511353,
        -1.6026020050048828,
        1.0271624326705933,
        -0.12718971073627472,
        0.02685483917593956,
        -0.41783830523490906,
        1.2820155620574951,
        1.1468956470489502,
        0.23008476197719574
    ],
    "function_embedding": [
        -1.635219693183899,
        -0.005016435403376818,
        -1.7419403791427612,
        2.0194694995880127,
        0.7612529993057251,
        0.1074434220790863,
        -0.48651835322380066,
        -0.6035268306732178,
        -0.5505364537239075,
        -0.08398202061653137
    ],
    "city_embedding": [
        -1.0424659252166748,
        -0.2700710892677307,
        -1.832852840423584,
        2.819645643234253,
        -0.685330331325531,
        2.0149152278900146,
        1.13683021068573,
        -1.3573414087295532,
        1.7608932256698608,
        0.2513165771961212
    ],
    "degree_embedding": [
        -1.022463083267212,
        0.5846783518791199,
        1.1561745405197144,
        -0.3591252863407135,
        -1.3324964046478271,
        1.0507724285125732,
        -2.7747561931610107,
        1.570467472076416,
        -0.18778109550476074,
        -0.6940725445747375
    ]
}