{
    "id": 8499,
    "range": [
        121.556804,
        30.892716,
        121.566804,
        30.882716
    ],
    "image_path": "CitySatellite\\Shanghai\\8499.jpg",
    "poi": [],
    "places": [],
    "transport": [],
    "traffic": [],
    "buildings": [],
    "landuse": [
        [
            7201,
            1,
            4,
            4.531064285714286
        ],
        [
            7203,
            1,
            1,
            1.03974075
        ]
    ],
    "road_inner": [
        [
            5114,
            2,
            2,
            1147.638
        ]
    ],
    "road_connect": {
        "8498": {
            "2": 1
        },
        "8500": {
            "2": 1
        }
    },
    "population": [
        1029.932879447937
    ],
    "transport_embedding": [
        -0.22364650666713715,
        -0.7463542819023132,
        0.7282840013504028,
        -0.5449336767196655,
        0.36829593777656555,
        -0.554638683795929,
        -0.6769315600395203,
        -0.37915441393852234,
        0.649928629398346,
        0.07179442048072815
    ],
    "roadnet_embedding": [
        -0.060202717781066895,
        -0.930618941783905,
        0.29620495438575745,
        0.5814133286476135,
        0.3715987801551819,
        -1.6272501945495605,
        0.7571409344673157,
        0.238495871424675,
        -0.49534547328948975,
        -0.33279305696487427
    ],
    "function_embedding": [
        1.4046688079833984,
        -3.615084648132324,
        -1.1604986190795898,
        1.6017704010009766,
        0.3426445722579956,
        0.7875059843063354,
        -0.4585722088813782,
        2.368762969970703,
        -1.035983920097351,
        6.130603313446045
    ],
    "city_embedding": [
        -0.9870131611824036,
        -0.00418639974668622,
        0.5325673222541809,
        1.2365328073501587,
        -0.6116586327552795,
        1.1568745374679565,
        0.32405197620391846,
        2.9288101196289062,
        2.3231611251831055,
        3.270796298980713
    ],
    "degree_embedding": [
        -0.9824398159980774,
        -0.405774861574173,
        0.6997080445289612,
        0.8250610828399658,
        1.488135814666748,
        0.25427624583244324,
        -0.19215181469917297,
        -0.8231723308563232,
        0.010657534934580326,
        -0.5656991600990295
    ]
}