{
    "id": 8507,
    "range": [
        121.556804,
        30.812716,
        121.566804,
        30.802716
    ],
    "image_path": "CitySatellite\\Shanghai\\8507.jpg",
    "poi": [],
    "places": [],
    "transport": [],
    "traffic": [],
    "buildings": [],
    "landuse": [],
    "road_inner": [],
    "road_connect": {},
    "population": [
        0.0
    ],
    "transport_embedding": [
        -0.14435751736164093,
        -0.6636227369308472,
        0.5057845115661621,
        -0.8129920363426208,
        -0.3591839671134949,
        0.08722154051065445,
        0.9024387001991272,
        1.6583164930343628,
        0.13033460080623627,
        -0.2914952039718628
    ],
    "roadnet_embedding": [
        1.0217738151550293,
        -0.4393596351146698,
        0.12246577441692352,
        0.5902724266052246,
        -2.8079113960266113,
        -0.014754793606698513,
        0.04897518828511238,
        -0.18972980976104736,
        -0.06246224045753479,
        0.38257572054862976
    ],
    "function_embedding": [
        -0.5856517553329468,
        -0.31799575686454773,
        -0.07641983032226562,
        0.06398285925388336,
        -1.451249599456787,
        -0.01533055305480957,
        -0.10286089032888412,
        -0.020450599491596222,
        -0.08625777065753937,
        0.24580860137939453
    ],
    "city_embedding": [
        -0.983723521232605,
        0.0036167511716485023,
        0.6694934964179993,
        1.3806318044662476,
        -0.5934169292449951,
        1.2560120820999146,
        0.1646505445241928,
        2.77662992477417,
        2.3926258087158203,
        3.5471549034118652
    ],
    "degree_embedding": [
        -0.9859232902526855,
        -0.14980502426624298,
        1.1363672018051147,
        1.3890211582183838,
        1.9668338298797607,
        -0.10017327964305878,
        -0.9014211297035217,
        -0.5218036770820618,
        0.12516868114471436,
        0.34269973635673523
    ]
}