{
    "id": 8562,
    "range": [
        121.566804,
        31.462716,
        121.576804,
        31.452716
    ],
    "image_path": "CitySatellite\\Shanghai\\8562.jpg",
    "poi": [],
    "places": [],
    "transport": [],
    "traffic": [],
    "buildings": [],
    "landuse": [
        [
            7208,
            1,
            5,
            0.35140600000000005
        ]
    ],
    "road_inner": [
        [
            5141,
            1,
            5,
            1016.3655
        ],
        [
            5121,
            1.0,
            4,
            751.8575
        ]
    ],
    "road_connect": {
        "8441": {
            "5": 1
        },
        "8563": {
            "4": 1
        }
    },
    "population": [
        20.41205978393555
    ],
    "transport_embedding": [
        -0.1221904307603836,
        -0.8047297596931458,
        0.4276731014251709,
        -0.5447311401367188,
        -0.07573354244232178,
        1.435556411743164,
        0.5557766556739807,
        0.4880346953868866,
        1.184000849723816,
        -0.24884764850139618
    ],
    "roadnet_embedding": [
        1.2221184968948364,
        -0.7730022668838501,
        -0.17530584335327148,
        -0.3596208095550537,
        0.2552046477794647,
        -1.1433639526367188,
        0.21372295916080475,
        0.15221621096134186,
        -0.3940001428127289,
        -1.3253458738327026
    ],
    "function_embedding": [
        -0.6092528104782104,
        -0.5301495790481567,
        0.1457870900630951,
        -0.3756701946258545,
        -0.6877314448356628,
        -0.1781293898820877,
        -0.005375800188630819,
        0.48978349566459656,
        -0.3001895248889923,
        -0.24060451984405518
    ],
    "city_embedding": [
        -0.9837887287139893,
        0.0034612752497196198,
        0.6667817831039429,
        1.3777952194213867,
        -0.5938217639923096,
        1.2540491819381714,
        0.16782927513122559,
        2.779600143432617,
        2.3911283016204834,
        3.5416274070739746
    ],
    "degree_embedding": [
        -0.980995237827301,
        -0.4414023160934448,
        0.6035708785057068,
        1.0769495964050293,
        1.4869283437728882,
        0.12683270871639252,
        -0.3238888680934906,
        -0.8377190828323364,
        0.6701561808586121,
        -0.8626604080200195
    ]
}