{
    "id": 8581,
    "range": [
        121.566804,
        31.272716,
        121.576804,
        31.262716
    ],
    "image_path": "CitySatellite\\Shanghai\\8581.jpg",
    "poi": [
        [
            2110,
            1,
            0
        ],
        [
            2101,
            1,
            0
        ],
        [
            2401,
            1,
            5
        ],
        [
            2519,
            1,
            6
        ],
        [
            2501,
            1,
            6
        ],
        [
            2301,
            3,
            4
        ],
        [
            2511,
            1,
            6
        ],
        [
            2529,
            1,
            6
        ]
    ],
    "places": [],
    "transport": [
        [
            5621,
            12,
            1
        ]
    ],
    "traffic": [
        [
            5204,
            2,
            1
        ],
        [
            5201,
            4,
            3
        ],
        [
            5206,
            1,
            2
        ]
    ],
    "buildings": [
        60,
        54227.92816666665
    ],
    "landuse": [
        [
            7204,
            1,
            3,
            1.5820076
        ],
        [
            7203,
            11,
            1,
            2.3313974999999996
        ],
        [
            7201,
            2,
            4,
            0.027061
        ],
        [
            7211,
            1,
            0,
            0.047893
        ]
    ],
    "road_inner": [
        [
            5122,
            3,
            4,
            2387.6789999999996
        ],
        [
            5141,
            5,
            5,
            1958.0420000000001
        ],
        [
            5132,
            5,
            1,
            994.9620000000001
        ],
        [
            5153,
            2,
            5,
            22.837
        ],
        [
            5112,
            3,
            1,
            2780.2218000000003
        ],
        [
            5121,
            1,
            4,
            50.8005
        ],
        [
            5113,
            1,
            2,
            1576.0370000000003
        ],
        [
            5152,
            1.0,
            0,
            751.9326666666667
        ],
        [
            5115,
            1.0,
            3,
            361.387
        ]
    ],
    "road_connect": {
        "8339": {
            "1": 4
        },
        "8340": {
            "1": 4
        },
        "8460": {
            "1": 4
        },
        "8461": {
            "1": 4,
            "0": 2,
            "2": 4,
            "4": 1,
            "5": 1
        },
        "8462": {
            "4": 1
        },
        "8582": {
            "4": 2,
            "0": 2,
            "1": 3,
            "2": 2,
            "5": 1
        },
        "8701": {
            "5": 3,
            "4": 4,
            "3": 1
        },
        "8580": {
            "4": 1,
            "2": 2,
            "0": 2,
            "3": 1
        }
    },
    "population": [
        18259.84383773804
    ],
    "transport_embedding": [
        -2.3542675971984863,
        0.3047293424606323,
        -0.7627535462379456,
        0.04527735710144043,
        0.40655407309532166,
        0.3249797821044922,
        0.12338447570800781,
        0.17134618759155273,
        -0.041194915771484375,
        1.9937671422958374
    ],
    "roadnet_embedding": [
        -0.33297058939933777,
        -1.1158263683319092,
        -1.3073694705963135,
        0.7836095094680786,
        0.13208122551441193,
        0.22891128063201904,
        -1.0801886320114136,
        -1.3622243404388428,
        1.2530766725540161,
        -0.0988561287522316
    ],
    "function_embedding": [
        -1.7000991106033325,
        0.07206951081752777,
        -1.8993563652038574,
        2.0658116340637207,
        0.777729868888855,
        0.0866902619600296,
        -0.5146776437759399,
        -0.557618260383606,
        -0.7350596785545349,
        0.37453871965408325
    ],
    "city_embedding": [
        -1.0366036891937256,
        0.2457675039768219,
        -1.4373427629470825,
        1.2023307085037231,
        -0.547174870967865,
        -0.3036770820617676,
        2.0613319873809814,
        2.7359766960144043,
        3.2178072929382324,
        3.8295485973358154
    ],
    "degree_embedding": [
        -1.057300090789795,
        2.1048550605773926,
        0.8895739912986755,
        -0.19386248290538788,
        -0.4744266867637634,
        0.7393789887428284,
        -3.2594661712646484,
        -0.005661133211106062,
        0.1772885024547577,
        -1.7083362340927124
    ]
}