{
    "id": 8582,
    "range": [
        121.566804,
        31.262716,
        121.576804,
        31.252716
    ],
    "image_path": "CitySatellite\\Shanghai\\8582.jpg",
    "poi": [
        [
            2303,
            2,
            4
        ],
        [
            2601,
            1,
            0
        ],
        [
            2513,
            1,
            6
        ],
        [
            2529,
            1,
            6
        ],
        [
            2511,
            1,
            6
        ],
        [
            2502,
            2,
            6
        ],
        [
            2305,
            1,
            4
        ],
        [
            2501,
            1,
            6
        ],
        [
            2301,
            1,
            4
        ],
        [
            2302,
            1,
            4
        ]
    ],
    "places": [
        [
            1010,
            1,
            5
        ]
    ],
    "transport": [
        [
            5621,
            16,
            1
        ],
        [
            5601,
            1,
            2
        ]
    ],
    "traffic": [
        [
            5204,
            11,
            1
        ]
    ],
    "buildings": [
        56,
        54276.78550000001
    ],
    "landuse": [
        [
            7203,
            10,
            1,
            5.598923
        ],
        [
            7209,
            1,
            2,
            0.0527515
        ],
        [
            7218,
            5,
            5,
            0.16515300000000002
        ],
        [
            7202,
            1,
            0,
            0.101923
        ]
    ],
    "road_inner": [
        [
            5115,
            5,
            3,
            1991.0798333333335
        ],
        [
            5114,
            2,
            2,
            1972.5113333333334
        ],
        [
            5122,
            3,
            4,
            1644.996
        ],
        [
            5152,
            4,
            0,
            5441.136666666666
        ],
        [
            5141,
            21,
            5,
            6640.436
        ],
        [
            5153,
            6,
            5,
            933.654
        ],
        [
            5142,
            1,
            5,
            81.981
        ],
        [
            5112,
            4,
            1,
            1705.6422499999999
        ],
        [
            5113,
            5,
            2,
            1308.2495000000001
        ],
        [
            5132,
            1,
            1,
            90.72099999999999
        ],
        [
            5121,
            1,
            4,
            346.77750000000003
        ],
        [
            5133,
            2,
            2,
            398.94899999999996
        ],
        [
            5155,
            1.0,
            0,
            25.633499999999998
        ]
    ],
    "road_connect": {
        "8822": {
            "0": 1
        },
        "8823": {
            "0": 1,
            "1": 2
        },
        "8702": {
            "0": 5,
            "1": 2,
            "2": 6,
            "5": 4,
            "4": 1,
            "3": 1
        },
        "8703": {
            "1": 2,
            "0": 2,
            "4": 1
        },
        "8704": {
            "0": 2
        },
        "8705": {
            "0": 2
        },
        "8462": {
            "0": 4,
            "4": 3,
            "5": 3,
            "3": 1,
            "2": 2
        },
        "8584": {
            "0": 2
        },
        "8583": {
            "0": 6,
            "2": 4,
            "3": 3,
            "4": 1
        },
        "8581": {
            "4": 2,
            "0": 2,
            "1": 3,
            "2": 2,
            "5": 1
        },
        "8463": {
            "2": 1,
            "0": 2
        },
        "8461": {
            "0": 1
        }
    },
    "population": [
        18911.15596008301
    ],
    "transport_embedding": [
        -2.466519594192505,
        0.44927915930747986,
        -1.244545578956604,
        -0.22531914710998535,
        1.056788444519043,
        0.4271717071533203,
        0.2820606231689453,
        -0.02805948257446289,
        -0.13514328002929688,
        2.07999324798584
    ],
    "roadnet_embedding": [
        -0.5304743051528931,
        -1.1366496086120605,
        -2.5953330993652344,
        -0.2435961365699768,
        -0.18745137751102448,
        0.648019015789032,
        0.6678791642189026,
        4.782695770263672,
        2.126856803894043,
        2.256023645401001
    ],
    "function_embedding": [
        -1.737079381942749,
        0.11600887775421143,
        -2.307913064956665,
        2.1927151679992676,
        0.8017330169677734,
        0.25752079486846924,
        -0.5757500529289246,
        -0.1020159050822258,
        -0.8728930950164795,
        -0.3984369933605194
    ],
    "city_embedding": [
        -1.0085101127624512,
        2.1832165718078613,
        0.3319125473499298,
        1.98248291015625,
        4.462809085845947,
        -2.0491063594818115,
        -3.0450944900512695,
        3.2521400451660156,
        6.625253200531006,
        2.0426933765411377
    ],
    "degree_embedding": [
        -1.0946366786956787,
        3.5408599376678467,
        -2.9419004917144775,
        2.261112928390503,
        -1.8699023723602295,
        6.214188098907471,
        -2.8525829315185547,
        10.916601181030273,
        4.862241268157959,
        -0.44633904099464417
    ]
}