{
    "id": 8594,
    "range": [
        121.566804,
        31.142716,
        121.576804,
        31.132716
    ],
    "image_path": "CitySatellite\\Shanghai\\8594.jpg",
    "poi": [
        [
            2501,
            1,
            6
        ],
        [
            2602,
            4,
            0
        ],
        [
            2601,
            3,
            0
        ],
        [
            2302,
            2,
            4
        ],
        [
            2301,
            7,
            4
        ],
        [
            2203,
            1,
            3
        ],
        [
            2101,
            1,
            0
        ],
        [
            2561,
            1,
            6
        ],
        [
            2514,
            1,
            6
        ],
        [
            2511,
            2,
            6
        ],
        [
            2007,
            1,
            2
        ],
        [
            2516,
            1,
            6
        ],
        [
            2502,
            1,
            6
        ],
        [
            2304,
            1,
            4
        ],
        [
            2401,
            1,
            5
        ],
        [
            2205,
            2,
            3
        ]
    ],
    "places": [],
    "transport": [
        [
            5621,
            12,
            1
        ]
    ],
    "traffic": [
        [
            5260,
            3,
            0
        ],
        [
            5263,
            1,
            0
        ]
    ],
    "buildings": [
        865,
        184368.7389999997
    ],
    "landuse": [
        [
            7203,
            10,
            1,
            5.985303166666665
        ],
        [
            7202,
            19,
            0,
            0.41044200000000003
        ],
        [
            7213,
            1,
            3,
            0.33232825
        ]
    ],
    "road_inner": [
        [
            5123,
            95,
            5,
            11846.555500000002
        ],
        [
            5114,
            3,
            2,
            1042.2995
        ],
        [
            5122,
            9,
            4,
            3547.7905
        ],
        [
            5121,
            4,
            4,
            985.9435000000001
        ],
        [
            5153,
            32,
            5,
            3933.8865
        ],
        [
            5115,
            2,
            3,
            754.3145
        ]
    ],
    "road_connect": {
        "8714": {
            "4": 4,
            "5": 13,
            "2": 1
        },
        "8715": {
            "5": 1,
            "4": 1
        },
        "8713": {
            "5": 1
        },
        "8595": {
            "4": 3,
            "5": 6,
            "3": 1
        },
        "8474": {
            "2": 1,
            "4": 1,
            "3": 1,
            "5": 3
        },
        "8473": {
            "3": 1
        },
        "8593": {
            "5": 8,
            "4": 3
        }
    },
    "population": [
        8944.13678741455
    ],
    "transport_embedding": [
        -2.2240476608276367,
        0.1368330717086792,
        -1.2022027969360352,
        -0.05297255516052246,
        0.26534634828567505,
        0.22571754455566406,
        -0.23623085021972656,
        0.4327359199523926,
        0.22119903564453125,
        1.8430848121643066
    ],
    "roadnet_embedding": [
        0.36576709151268005,
        -1.0503956079483032,
        -2.720025062561035,
        0.052147891372442245,
        0.15722942352294922,
        1.2212146520614624,
        -1.3217945098876953,
        8.705826759338379,
        2.3581435680389404,
        4.791624546051025
    ],
    "function_embedding": [
        -1.7399177551269531,
        0.11938154697418213,
        -2.509120464324951,
        2.2450661659240723,
        0.8124375343322754,
        0.37851452827453613,
        -0.6082763671875,
        0.17531780898571014,
        -0.9292721748352051,
        -1.4936764240264893
    ],
    "city_embedding": [
        -1.0382206439971924,
        2.0985400676727295,
        -0.9472135305404663,
        2.972231864929199,
        3.0383074283599854,
        -4.1432414054870605,
        -4.0698628425598145,
        12.787543296813965,
        -11.591572761535645,
        6.147404193878174
    ],
    "degree_embedding": [
        -1.014263391494751,
        0.1476464718580246,
        2.6114554405212402,
        1.7896232604980469,
        -2.9079368114471436,
        0.40764161944389343,
        -0.28078678250312805,
        -2.4831316471099854,
        2.895505666732788,
        2.5187885761260986
    ]
}