{
    "id": 8660,
    "range": [
        121.576804,
        31.682716,
        121.586804,
        31.672716
    ],
    "image_path": "CitySatellite\\Shanghai\\8660.jpg",
    "poi": [],
    "places": [],
    "transport": [],
    "traffic": [],
    "buildings": [],
    "landuse": [
        [
            7229,
            2,
            5,
            5.8762938787878785
        ]
    ],
    "road_inner": [
        [
            5121,
            1,
            4,
            760.1714999999999
        ]
    ],
    "road_connect": {
        "8780": {
            "4": 1
        },
        "8661": {
            "4": 1
        }
    },
    "population": [
        0.0
    ],
    "transport_embedding": [
        -0.0808672234416008,
        -0.9434520602226257,
        0.38658103346824646,
        -0.3639777600765228,
        0.08502877503633499,
        2.045545816421509,
        0.4978216290473938,
        -0.12155840545892715,
        1.4633032083511353,
        -0.21722416579723358
    ],
    "roadnet_embedding": [
        0.848710298538208,
        -0.7711575031280518,
        0.08557400852441788,
        -0.9333879947662354,
        0.04956943914294243,
        -2.455881118774414,
        -0.20630712807178497,
        1.1645771265029907,
        0.6204767227172852,
        -0.7390832304954529
    ],
    "function_embedding": [
        -1.260835886001587,
        -0.4497852623462677,
        1.7250176668167114,
        0.8724121451377869,
        0.5569538474082947,
        -2.266610622406006,
        0.03691590204834938,
        0.9847623109817505,
        -0.21377211809158325,
        0.24237500131130219
    ],
    "city_embedding": [
        -0.983723521232605,
        0.0036167511716485023,
        0.6694934964179993,
        1.3806318044662476,
        -0.5934169292449951,
        1.2560120820999146,
        0.1646505445241928,
        2.77662992477417,
        2.3926258087158203,
        3.5471549034118652
    ],
    "degree_embedding": [
        -0.9803432822227478,
        -0.4955008625984192,
        0.02320222556591034,
        0.8904775381088257,
        1.3509734869003296,
        0.22085069119930267,
        -0.2695158123970032,
        -1.039759874343872,
        0.8916219472885132,
        -1.264162540435791
    ]
}