{
    "id": 8675,
    "range": [
        121.576804,
        31.532716,
        121.586804,
        31.522716
    ],
    "image_path": "CitySatellite\\Shanghai\\8675.jpg",
    "poi": [],
    "places": [],
    "transport": [],
    "traffic": [],
    "buildings": [],
    "landuse": [],
    "road_inner": [],
    "road_connect": {},
    "population": [
        0.0
    ],
    "transport_embedding": [
        -0.23185917735099792,
        -0.6326597929000854,
        0.6539815664291382,
        -0.7977305054664612,
        0.565862774848938,
        -0.4078241288661957,
        -1.1027768850326538,
        0.8159744739532471,
        -0.5302376747131348,
        -0.25957176089286804
    ],
    "roadnet_embedding": [
        1.0930417776107788,
        -0.42488011717796326,
        0.050849612802267075,
        0.591796338558197,
        -2.95681095123291,
        -0.07382266968488693,
        0.004936972167342901,
        -0.05442230403423309,
        -0.07554572075605392,
        0.25454846024513245
    ],
    "function_embedding": [
        -0.5946336984634399,
        -0.3207024931907654,
        -0.06950590759515762,
        0.02976011298596859,
        -1.3980036973953247,
        -0.035001300275325775,
        0.05258166044950485,
        -0.0941401794552803,
        -0.13438551127910614,
        0.26328516006469727
    ],
    "city_embedding": [
        -0.983723521232605,
        0.0036167511716485023,
        0.6694934964179993,
        1.3806318044662476,
        -0.5934169292449951,
        1.2560120820999146,
        0.1646505445241928,
        2.77662992477417,
        2.3926258087158203,
        3.5471549034118652
    ],
    "degree_embedding": [
        -0.9859232902526855,
        -0.14980502426624298,
        1.1363672018051147,
        1.3890211582183838,
        1.9668338298797607,
        -0.10017327964305878,
        -0.9014211297035217,
        -0.5218036770820618,
        0.12516868114471436,
        0.34269973635673523
    ]
}