{
    "id": 8702,
    "range": [
        121.576804,
        31.262716,
        121.586804,
        31.252716
    ],
    "image_path": "CitySatellite\\Shanghai\\8702.jpg",
    "poi": [
        [
            2401,
            1,
            5
        ],
        [
            2303,
            1,
            4
        ],
        [
            2301,
            2,
            4
        ],
        [
            2110,
            1,
            0
        ],
        [
            2525,
            1,
            6
        ]
    ],
    "places": [],
    "transport": [
        [
            5621,
            16,
            1
        ],
        [
            5601,
            1,
            2
        ]
    ],
    "traffic": [
        [
            5206,
            1,
            2
        ],
        [
            5204,
            2,
            1
        ]
    ],
    "buildings": [
        92,
        66035.6075
    ],
    "landuse": [
        [
            7202,
            1,
            0,
            0.5363165
        ],
        [
            7203,
            22,
            1,
            4.6418331666666655
        ],
        [
            7209,
            1,
            2,
            0.0527515
        ]
    ],
    "road_inner": [
        [
            5113,
            16,
            2,
            3069.1485000000002
        ],
        [
            5114,
            5,
            2,
            1696.2425
        ],
        [
            5141,
            13,
            5,
            2446.3080000000004
        ],
        [
            5122,
            6,
            4,
            1862.308166666667
        ],
        [
            5153,
            4,
            5,
            462.1465
        ],
        [
            5115,
            7,
            3,
            2008.6103333333333
        ],
        [
            5132,
            10,
            1,
            2324.9546666666665
        ],
        [
            5133,
            7,
            2,
            851.1850000000002
        ],
        [
            5152,
            1,
            0,
            1985.2896666666666
        ],
        [
            5112,
            1.0,
            1,
            1278.12725
        ],
        [
            5155,
            1.0,
            0,
            25.633499999999998
        ]
    ],
    "road_connect": {
        "8822": {
            "4": 5,
            "5": 2,
            "0": 1,
            "1": 1,
            "3": 1
        },
        "8823": {
            "4": 1,
            "0": 2,
            "1": 5,
            "2": 3
        },
        "8582": {
            "0": 5,
            "1": 2,
            "2": 6,
            "5": 4,
            "4": 1,
            "3": 1
        },
        "8703": {
            "2": 3,
            "1": 4,
            "0": 1,
            "4": 1,
            "5": 4
        },
        "8821": {
            "3": 1
        },
        "8701": {
            "3": 2,
            "5": 1,
            "2": 2
        },
        "8463": {
            "0": 1
        },
        "8583": {
            "0": 1,
            "3": 1
        }
    },
    "population": [
        21739.22316741943
    ],
    "transport_embedding": [
        -2.4127283096313477,
        0.3798156678676605,
        -1.2718104124069214,
        -0.2019786834716797,
        0.8933680653572083,
        0.38165283203125,
        0.1548786163330078,
        0.08245992660522461,
        -0.044647216796875,
        2.2814218997955322
    ],
    "roadnet_embedding": [
        -1.7936409711837769,
        -1.2581535577774048,
        -1.199041485786438,
        1.4565560817718506,
        -0.2518019378185272,
        -0.49333348870277405,
        -0.14069943130016327,
        0.5436863303184509,
        0.8624212741851807,
        -0.20120742917060852
    ],
    "function_embedding": [
        -1.696996808052063,
        0.06839795410633087,
        -1.7907377481460571,
        1.7381788492202759,
        0.801173746585846,
        -0.05749240145087242,
        -0.5491280555725098,
        -0.7222358584403992,
        -0.7131558060646057,
        1.7564326524734497
    ],
    "city_embedding": [
        -1.0439199209213257,
        0.3917054235935211,
        -1.6978240013122559,
        1.2474702596664429,
        -0.4516092836856842,
        -0.6560071706771851,
        2.049478530883789,
        2.3095221519470215,
        2.944894313812256,
        4.536236763000488
    ],
    "degree_embedding": [
        -1.046423316001892,
        1.542003870010376,
        0.591886043548584,
        0.27908214926719666,
        -1.611798644065857,
        1.8492448329925537,
        -3.4975779056549072,
        3.598719358444214,
        0.4426100552082062,
        -0.5422159433364868
    ]
}