{
    "id": 8703,
    "range": [
        121.576804,
        31.252716,
        121.586804,
        31.24271599999999
    ],
    "image_path": "CitySatellite\\Shanghai\\8703.jpg",
    "poi": [
        [
            2303,
            2,
            4
        ],
        [
            2083,
            2,
            2
        ],
        [
            2732,
            2,
            0
        ],
        [
            2544,
            1,
            6
        ],
        [
            2301,
            5,
            4
        ],
        [
            2522,
            1,
            6
        ],
        [
            2251,
            3,
            3
        ],
        [
            2110,
            1,
            0
        ],
        [
            2512,
            1,
            6
        ],
        [
            2501,
            2,
            6
        ],
        [
            2601,
            1,
            0
        ],
        [
            2511,
            1,
            6
        ],
        [
            2404,
            1,
            5
        ],
        [
            2401,
            1,
            5
        ]
    ],
    "places": [],
    "transport": [
        [
            5621,
            13,
            1
        ]
    ],
    "traffic": [
        [
            5204,
            7,
            1
        ],
        [
            5201,
            6,
            3
        ],
        [
            5263,
            4,
            0
        ]
    ],
    "buildings": [
        38,
        70445.2495
    ],
    "landuse": [
        [
            7212,
            3,
            0,
            0.331307
        ],
        [
            7203,
            16,
            1,
            4.869271
        ],
        [
            7202,
            1,
            0,
            0.33835966666666667
        ],
        [
            7208,
            3,
            5,
            0.102576
        ]
    ],
    "road_inner": [
        [
            5122,
            4,
            4,
            3422.409
        ],
        [
            5141,
            28,
            5,
            3896.664
        ],
        [
            5115,
            10,
            3,
            3475.2354999999993
        ],
        [
            5113,
            7,
            2,
            2692.101
        ],
        [
            5153,
            12,
            5,
            2014.415
        ],
        [
            5152,
            7,
            0,
            6176.914499999999
        ],
        [
            5132,
            8,
            1,
            2161.6560000000004
        ],
        [
            5112,
            1.0,
            1,
            3077.7361666666666
        ],
        [
            5133,
            1.0,
            2,
            88.168
        ]
    ],
    "road_connect": {
        "8824": {
            "3": 2,
            "4": 1,
            "0": 2
        },
        "8823": {
            "3": 4,
            "0": 7,
            "1": 10,
            "5": 4,
            "4": 1,
            "2": 6
        },
        "8704": {
            "4": 2,
            "0": 2,
            "5": 2,
            "3": 2
        },
        "8822": {
            "1": 2
        },
        "8702": {
            "2": 3,
            "1": 4,
            "0": 1,
            "4": 1,
            "5": 4
        },
        "8582": {
            "1": 2,
            "0": 2,
            "4": 1
        },
        "8584": {
            "0": 3,
            "3": 2,
            "1": 2,
            "4": 1
        },
        "8464": {
            "0": 2,
            "1": 1
        },
        "8583": {
            "0": 4,
            "1": 2,
            "4": 3,
            "2": 3,
            "5": 1,
            "3": 2
        }
    },
    "population": [
        17660.62518310547
    ],
    "transport_embedding": [
        -2.463698148727417,
        0.44570353627204895,
        -0.9869845509529114,
        -0.11719751358032227,
        0.8895794153213501,
        0.4198455810546875,
        0.3211822509765625,
        -0.03036355972290039,
        -0.17044448852539062,
        2.11906099319458
    ],
    "roadnet_embedding": [
        -1.1741769313812256,
        -1.1985987424850464,
        -3.1156578063964844,
        -1.4396802186965942,
        -0.628478467464447,
        0.35923153162002563,
        0.05955398455262184,
        1.199939250946045,
        0.9404774308204651,
        1.1128822565078735
    ],
    "function_embedding": [
        -1.739395022392273,
        0.11876022815704346,
        -2.44105863571167,
        2.228120803833008,
        0.8088011741638184,
        0.3361007869243622,
        -0.5970420837402344,
        0.07877612113952637,
        -0.9101894497871399,
        -1.1681764125823975
    ],
    "city_embedding": [
        -1.0387377738952637,
        0.14135630428791046,
        -1.5581632852554321,
        1.5611281394958496,
        -0.6532067060470581,
        0.08981294184923172,
        2.2292721271514893,
        1.9127286672592163,
        3.5198042392730713,
        3.523277759552002
    ],
    "degree_embedding": [
        -1.1145281791687012,
        4.467482089996338,
        -2.216433525085449,
        2.313547134399414,
        -0.8871907591819763,
        5.608251571655273,
        -2.9234883785247803,
        5.131251335144043,
        4.517943859100342,
        -0.30246928334236145
    ]
}