{
    "id": 8713,
    "range": [
        121.576804,
        31.152716,
        121.586804,
        31.142716
    ],
    "image_path": "CitySatellite\\Shanghai\\8713.jpg",
    "poi": [
        [
            2511,
            1,
            6
        ],
        [
            2501,
            1,
            6
        ],
        [
            2602,
            2,
            0
        ],
        [
            2722,
            2,
            0
        ]
    ],
    "places": [],
    "transport": [
        [
            5621,
            2,
            1
        ]
    ],
    "traffic": [
        [
            5201,
            2,
            3
        ],
        [
            5206,
            1,
            2
        ]
    ],
    "buildings": [
        231,
        85370.87599999999
    ],
    "landuse": [
        [
            7203,
            3,
            1,
            2.971062
        ],
        [
            7201,
            6,
            4,
            1.9156422499999997
        ],
        [
            7202,
            4,
            0,
            0.127401
        ],
        [
            7208,
            29,
            5,
            0.5708104999999999
        ]
    ],
    "road_inner": [
        [
            5122,
            3,
            4,
            827.5671666666666
        ],
        [
            5123,
            16,
            5,
            2303.1235000000006
        ],
        [
            5142,
            4,
            5,
            713.693
        ],
        [
            5121,
            2,
            4,
            1086.1374999999998
        ],
        [
            5153,
            27,
            5,
            2223.492666666667
        ],
        [
            5114,
            2,
            2,
            1277.537
        ],
        [
            5141,
            45,
            5,
            4985.5595
        ],
        [
            5111,
            10,
            1,
            2054.7249999999995
        ],
        [
            5115,
            2,
            3,
            391.1465
        ],
        [
            5131,
            1.0,
            1,
            232.19650000000001
        ],
        [
            5133,
            1.0,
            2,
            74.863
        ]
    ],
    "road_connect": {
        "8714": {
            "3": 1,
            "4": 1,
            "5": 5
        },
        "8833": {
            "5": 7,
            "1": 4,
            "4": 1,
            "2": 2
        },
        "8594": {
            "5": 1
        },
        "8712": {
            "5": 2,
            "4": 2
        },
        "8832": {
            "5": 1,
            "2": 2
        },
        "8592": {
            "4": 1
        },
        "8593": {
            "5": 8,
            "4": 1,
            "2": 1,
            "1": 2
        },
        "8473": {
            "2": 1
        }
    },
    "population": [
        3830.131044387817
    ],
    "transport_embedding": [
        -1.1972750425338745,
        -0.8637612462043762,
        2.2642016410827637,
        1.4961110353469849,
        -1.4439561367034912,
        0.008234417997300625,
        0.4036006033420563,
        -0.7256197333335876,
        -1.0743591785430908,
        -0.6615628004074097
    ],
    "roadnet_embedding": [
        0.7379733324050903,
        -1.0145742893218994,
        -2.0203707218170166,
        0.5617752075195312,
        0.37462112307548523,
        1.4556618928909302,
        -0.4015503227710724,
        4.321861743927002,
        1.5348588228225708,
        1.2288700342178345
    ],
    "function_embedding": [
        -1.4489045143127441,
        -0.226370170712471,
        -1.703789472579956,
        1.825482726097107,
        0.7517607808113098,
        0.05370447412133217,
        -0.5013400316238403,
        -0.5490842461585999,
        -0.5446403622627258,
        0.7148317694664001
    ],
    "city_embedding": [
        -0.9851342439651489,
        0.6887646317481995,
        0.8105322122573853,
        3.766937732696533,
        -0.02760995738208294,
        -1.0965526103973389,
        -1.2107480764389038,
        6.305911064147949,
        -0.3258492648601532,
        3.8554115295410156
    ],
    "degree_embedding": [
        -1.0001208782196045,
        -0.3986489772796631,
        2.836174488067627,
        0.46533626317977905,
        -2.23457932472229,
        0.3129532039165497,
        -1.0126270055770874,
        -1.5977879762649536,
        1.544201374053955,
        0.7884601354598999
    ]
}