{
    "id": 8714,
    "range": [
        121.576804,
        31.142716,
        121.586804,
        31.132716
    ],
    "image_path": "CitySatellite\\Shanghai\\8714.jpg",
    "poi": [
        [
            2301,
            7,
            4
        ],
        [
            2304,
            2,
            4
        ],
        [
            2518,
            1,
            6
        ],
        [
            2564,
            1,
            6
        ],
        [
            2516,
            1,
            6
        ],
        [
            2502,
            1,
            6
        ],
        [
            2205,
            2,
            3
        ],
        [
            2568,
            1,
            6
        ],
        [
            2303,
            1,
            4
        ],
        [
            2901,
            1,
            0
        ],
        [
            2251,
            1,
            3
        ],
        [
            2305,
            1,
            4
        ]
    ],
    "places": [],
    "transport": [
        [
            5621,
            4,
            1
        ]
    ],
    "traffic": [
        [
            5201,
            1,
            3
        ],
        [
            5260,
            1,
            0
        ],
        [
            5263,
            1,
            0
        ]
    ],
    "buildings": [
        671,
        128325.76849999996
    ],
    "landuse": [
        [
            7203,
            5,
            1,
            3.3120001666666665
        ],
        [
            7202,
            3,
            0,
            0.12900499999999998
        ],
        [
            7201,
            3,
            4,
            1.0590045
        ]
    ],
    "road_inner": [
        [
            5115,
            2,
            3,
            934.6445000000001
        ],
        [
            5121,
            1,
            4,
            384.545
        ],
        [
            5123,
            78,
            5,
            7876.987999999998
        ],
        [
            5122,
            11,
            4,
            1711.6924999999999
        ],
        [
            5142,
            4,
            5,
            830.6490000000001
        ],
        [
            5153,
            18,
            5,
            1792.9559999999997
        ],
        [
            5114,
            4,
            2,
            925.3885
        ],
        [
            5141,
            10,
            5,
            263.75800000000004
        ]
    ],
    "road_connect": {
        "8713": {
            "3": 1,
            "4": 1,
            "5": 5
        },
        "8594": {
            "4": 4,
            "5": 13,
            "2": 1
        },
        "8715": {
            "5": 9,
            "4": 2,
            "3": 1
        },
        "8834": {
            "5": 1,
            "2": 1
        },
        "8833": {
            "5": 1
        }
    },
    "population": [
        3850.291244506836
    ],
    "transport_embedding": [
        -0.8481485247612,
        -1.4698023796081543,
        -0.21378158032894135,
        0.9520536661148071,
        -1.7409628629684448,
        -0.4069826900959015,
        -1.0632585287094116,
        0.759458065032959,
        0.20141220092773438,
        -0.3510608971118927
    ],
    "roadnet_embedding": [
        0.9457709193229675,
        -0.9945757985115051,
        -2.0231876373291016,
        0.5298131704330444,
        0.4344353675842285,
        1.6096667051315308,
        -0.33268606662750244,
        4.780406951904297,
        1.4877729415893555,
        1.417473316192627
    ],
    "function_embedding": [
        -1.73971688747406,
        0.11914265155792236,
        -2.4556756019592285,
        2.2318062782287598,
        0.8096070289611816,
        0.34858065843582153,
        -0.5996551513671875,
        0.10330688208341599,
        -0.914740800857544,
        -1.335850715637207
    ],
    "city_embedding": [
        -1.0036903619766235,
        1.6459025144577026,
        0.3635075092315674,
        3.715419292449951,
        3.083918333053589,
        -3.919424057006836,
        -3.7206389904022217,
        13.003649711608887,
        -8.422086715698242,
        6.445193767547607
    ],
    "degree_embedding": [
        -0.9920714497566223,
        -0.7515493631362915,
        3.114781379699707,
        1.1130077838897705,
        -2.766378402709961,
        0.2497917264699936,
        -0.48870041966438293,
        -2.0399982929229736,
        2.544142484664917,
        1.9163532257080078
    ]
}