{
    "id": 8746,
    "range": [
        121.576804,
        30.822716,
        121.586804,
        30.812716
    ],
    "image_path": "CitySatellite\\Shanghai\\8746.jpg",
    "poi": [],
    "places": [],
    "transport": [],
    "traffic": [],
    "buildings": [],
    "landuse": [],
    "road_inner": [],
    "road_connect": {},
    "population": [
        0.0
    ],
    "transport_embedding": [
        -0.21125030517578125,
        -0.7335265278816223,
        0.6144140362739563,
        -0.5752325654029846,
        0.939064085483551,
        1.0780450105667114,
        -0.7690161466598511,
        -0.11742241680622101,
        -0.005344003904610872,
        -0.26177361607551575
    ],
    "roadnet_embedding": [
        1.127819538116455,
        -0.43703675270080566,
        0.05039466172456741,
        0.6241098046302795,
        -2.914184331893921,
        0.01163375936448574,
        -0.021717175841331482,
        -0.19572168588638306,
        -0.038136180490255356,
        0.340643048286438
    ],
    "function_embedding": [
        -0.6428338289260864,
        -0.2866787314414978,
        -0.046328987926244736,
        0.026165658608078957,
        -1.4294222593307495,
        -0.06486457586288452,
        -0.07309737801551819,
        -0.08305592834949493,
        -0.1405612975358963,
        0.27289438247680664
    ],
    "city_embedding": [
        -0.983723521232605,
        0.0036167511716485023,
        0.6694934964179993,
        1.3806318044662476,
        -0.5934169292449951,
        1.2560120820999146,
        0.1646505445241928,
        2.77662992477417,
        2.3926258087158203,
        3.5471549034118652
    ],
    "degree_embedding": [
        -0.9859232902526855,
        -0.14980502426624298,
        1.1363672018051147,
        1.3890211582183838,
        1.9668338298797607,
        -0.10017327964305878,
        -0.9014211297035217,
        -0.5218036770820618,
        0.12516868114471436,
        0.34269973635673523
    ]
}