{
    "id": 8778,
    "range": [
        121.586804,
        31.702716,
        121.596804,
        31.692716
    ],
    "image_path": "CitySatellite\\Shanghai\\8778.jpg",
    "poi": [],
    "places": [],
    "transport": [],
    "traffic": [],
    "buildings": [],
    "landuse": [
        [
            7210,
            1,
            4,
            6.3663478809523815
        ],
        [
            7229,
            2,
            5,
            4.832483666666667
        ]
    ],
    "road_inner": [],
    "road_connect": {},
    "population": [
        0.0
    ],
    "transport_embedding": [
        -0.16205866634845734,
        -0.6780232787132263,
        0.5232491493225098,
        -0.7619122266769409,
        0.2159585952758789,
        0.9277912378311157,
        0.3277956247329712,
        1.2814840078353882,
        -0.3860907256603241,
        -0.45383304357528687
    ],
    "roadnet_embedding": [
        1.0438504219055176,
        -0.440724641084671,
        0.055439554154872894,
        0.680877149105072,
        -2.9467225074768066,
        -0.014310590922832489,
        0.024341601878404617,
        -0.17373447120189667,
        -0.014305450022220612,
        0.3194734752178192
    ],
    "function_embedding": [
        1.6355879306793213,
        -3.8913674354553223,
        -0.4873100519180298,
        1.5421922206878662,
        0.2620496153831482,
        0.28924599289894104,
        -0.33752188086509705,
        0.5745509266853333,
        -0.975310742855072,
        2.4126718044281006
    ],
    "city_embedding": [
        -0.983723521232605,
        0.0036167511716485023,
        0.6694934964179993,
        1.3806318044662476,
        -0.5934169292449951,
        1.2560120820999146,
        0.1646505445241928,
        2.77662992477417,
        2.3926258087158203,
        3.5471549034118652
    ],
    "degree_embedding": [
        -0.9859232902526855,
        -0.14980502426624298,
        1.1363672018051147,
        1.3890211582183838,
        1.9668338298797607,
        -0.10017327964305878,
        -0.9014211297035217,
        -0.5218036770820618,
        0.12516868114471436,
        0.34269973635673523
    ]
}