{
    "id": 8781,
    "range": [
        121.586804,
        31.672716,
        121.596804,
        31.662716
    ],
    "image_path": "CitySatellite\\Shanghai\\8781.jpg",
    "poi": [],
    "places": [],
    "transport": [],
    "traffic": [],
    "buildings": [],
    "landuse": [
        [
            7229,
            1,
            5,
            4.0795995454545455
        ]
    ],
    "road_inner": [],
    "road_connect": {},
    "population": [
        13.09256076812744
    ],
    "transport_embedding": [
        -0.2866738438606262,
        -0.6593981385231018,
        0.8077200055122375,
        -0.6155277490615845,
        0.5886134505271912,
        -1.1801817417144775,
        -0.7401586771011353,
        0.8144861459732056,
        -0.29816412925720215,
        -0.12968453764915466
    ],
    "roadnet_embedding": [
        1.0102729797363281,
        -0.4284661114215851,
        0.09880048036575317,
        0.6513162851333618,
        -3.018279552459717,
        0.052809081971645355,
        0.08482476323843002,
        -0.1814267337322235,
        -0.061372190713882446,
        0.3821498453617096
    ],
    "function_embedding": [
        -1.0701682567596436,
        -0.6748762130737305,
        1.4418792724609375,
        0.48491647839546204,
        0.5974795818328857,
        -1.9258476495742798,
        -0.08357711136341095,
        1.0984351634979248,
        -0.3039310574531555,
        -0.2641158103942871
    ],
    "city_embedding": [
        -0.9837652444839478,
        0.00352335418574512,
        0.667761504650116,
        1.3788217306137085,
        -0.5937275290489197,
        1.2547575235366821,
        0.16666972637176514,
        2.778510570526123,
        2.3916192054748535,
        3.543646812438965
    ],
    "degree_embedding": [
        -0.9859232902526855,
        -0.14980502426624298,
        1.1363672018051147,
        1.3890211582183838,
        1.9668338298797607,
        -0.10017327964305878,
        -0.9014211297035217,
        -0.5218036770820618,
        0.12516868114471436,
        0.34269973635673523
    ]
}