{
    "id": 8830,
    "range": [
        121.586804,
        31.182716,
        121.596804,
        31.172716
    ],
    "image_path": "CitySatellite\\Shanghai\\8830.jpg",
    "poi": [
        [
            2111,
            1,
            0
        ],
        [
            2511,
            1,
            6
        ],
        [
            2303,
            1,
            4
        ],
        [
            2601,
            1,
            0
        ],
        [
            2005,
            1,
            1
        ],
        [
            2561,
            1,
            6
        ],
        [
            2306,
            3,
            4
        ]
    ],
    "places": [],
    "transport": [
        [
            5621,
            3,
            1
        ]
    ],
    "traffic": [
        [
            5206,
            1,
            2
        ],
        [
            5201,
            4,
            3
        ],
        [
            5260,
            2,
            0
        ],
        [
            5204,
            2,
            1
        ]
    ],
    "buildings": [
        92,
        158018.24099999995
    ],
    "landuse": [
        [
            7204,
            1,
            3,
            0.0521235
        ],
        [
            7208,
            1,
            5,
            0.375916
        ],
        [
            7211,
            20,
            0,
            1.8208904999999997
        ],
        [
            7201,
            13,
            4,
            0.39399550000000005
        ],
        [
            7218,
            10,
            5,
            0.23926
        ],
        [
            7202,
            1,
            0,
            0.280795
        ]
    ],
    "road_inner": [
        [
            5132,
            4,
            1,
            969.6255
        ],
        [
            5115,
            11,
            3,
            5110.1410000000005
        ],
        [
            5122,
            35,
            4,
            4995.909500000001
        ],
        [
            5112,
            1,
            1,
            2639.330916666667
        ],
        [
            5141,
            16,
            5,
            1540.2395
        ],
        [
            5153,
            137,
            5,
            12791.094999999994
        ],
        [
            5123,
            3,
            5,
            58.944
        ],
        [
            5113,
            1.0,
            2,
            1483.5605
        ]
    ],
    "road_connect": {
        "8710": {
            "2": 2,
            "1": 3,
            "3": 4,
            "4": 6,
            "5": 4
        },
        "8950": {
            "1": 4,
            "2": 4,
            "3": 2,
            "4": 3,
            "5": 5
        },
        "9070": {
            "1": 1
        },
        "8829": {
            "3": 4,
            "5": 5
        },
        "8711": {
            "1": 2
        },
        "8591": {
            "1": 2
        },
        "8831": {
            "3": 2,
            "4": 2
        },
        "8949": {
            "5": 1
        }
    },
    "population": [
        4993.669200897217
    ],
    "transport_embedding": [
        -1.9714268445968628,
        -0.09706752002239227,
        2.387070894241333,
        1.4356263875961304,
        -1.4956344366073608,
        0.15023097395896912,
        0.6750620603561401,
        -0.20732904970645905,
        -0.7581996917724609,
        -0.5710437297821045
    ],
    "roadnet_embedding": [
        0.04748082160949707,
        -1.081027626991272,
        -2.6631641387939453,
        0.15762540698051453,
        0.07666683197021484,
        0.9797821640968323,
        -1.4841538667678833,
        7.564745903015137,
        2.106437921524048,
        4.043899059295654
    ],
    "function_embedding": [
        -1.6362859010696411,
        -0.0037512206472456455,
        -1.7438994646072388,
        2.0102531909942627,
        0.7624630331993103,
        0.056685011833906174,
        -0.4888148009777069,
        -0.6326693296432495,
        -0.5595613718032837,
        -0.23157255351543427
    ],
    "city_embedding": [
        -1.0169093608856201,
        -0.12363717705011368,
        -0.7350303530693054,
        3.7038211822509766,
        -0.47085490822792053,
        1.6907645463943481,
        0.11076115071773529,
        0.40278366208076477,
        2.5011072158813477,
        1.8934177160263062
    ],
    "degree_embedding": [
        -1.0436015129089355,
        1.4775630235671997,
        1.3687505722045898,
        -0.3842363655567169,
        -0.9618549346923828,
        -0.04027514532208443,
        -1.5773135423660278,
        -1.5114673376083374,
        0.9989011883735657,
        0.10583548992872238
    ]
}