{
    "id": 8898,
    "range": [
        121.596804,
        31.702716,
        121.606804,
        31.692716
    ],
    "image_path": "CitySatellite\\Shanghai\\8898.jpg",
    "poi": [],
    "places": [],
    "transport": [],
    "traffic": [],
    "buildings": [],
    "landuse": [
        [
            7210,
            1,
            4,
            6.3663478809523815
        ],
        [
            7229,
            2,
            5,
            2.7444136666666665
        ]
    ],
    "road_inner": [
        [
            5141,
            1,
            5,
            658.035
        ]
    ],
    "road_connect": {},
    "population": [
        0.0
    ],
    "transport_embedding": [
        -0.24401603639125824,
        -0.46725794672966003,
        0.621224582195282,
        -1.0718960762023926,
        -0.3016500771045685,
        -1.5620248317718506,
        0.860731840133667,
        2.533977746963501,
        -1.0705171823501587,
        -0.39922794699668884
    ],
    "roadnet_embedding": [
        1.3164520263671875,
        -0.6225681304931641,
        -0.1079179123044014,
        0.21068242192268372,
        -0.6823790073394775,
        -0.9031842350959778,
        0.08018516004085541,
        -0.1204572394490242,
        -0.4604600965976715,
        -1.1648547649383545
    ],
    "function_embedding": [
        1.6335206031799316,
        -3.8888702392578125,
        -0.7099838852882385,
        1.590926170349121,
        0.2749493420124054,
        0.44908806681632996,
        -0.37639120221138,
        0.7553227543830872,
        -1.0132238864898682,
        4.396535396575928
    ],
    "city_embedding": [
        -0.983723521232605,
        0.0036167511716485023,
        0.6694934964179993,
        1.3806318044662476,
        -0.5934169292449951,
        1.2560120820999146,
        0.1646505445241928,
        2.77662992477417,
        2.3926258087158203,
        3.5471549034118652
    ],
    "degree_embedding": [
        -0.9859232902526855,
        -0.14980502426624298,
        1.1363672018051147,
        1.3890211582183838,
        1.9668338298797607,
        -0.10017327964305878,
        -0.9014211297035217,
        -0.5218036770820618,
        0.12516868114471436,
        0.34269973635673523
    ]
}