{
    "id": 8902,
    "range": [
        121.596804,
        31.662716,
        121.606804,
        31.652716
    ],
    "image_path": "CitySatellite\\Shanghai\\8902.jpg",
    "poi": [],
    "places": [],
    "transport": [],
    "traffic": [],
    "buildings": [],
    "landuse": [
        [
            7229,
            3,
            5,
            7.969066545454545
        ]
    ],
    "road_inner": [],
    "road_connect": {},
    "population": [
        43.64233207702637
    ],
    "transport_embedding": [
        -0.2062019258737564,
        -0.644580602645874,
        0.6204228401184082,
        -0.7191041111946106,
        0.3171826899051666,
        1.1842341423034668,
        -0.897767186164856,
        -0.36469507217407227,
        0.5279569625854492,
        -0.22163866460323334
    ],
    "roadnet_embedding": [
        1.076296329498291,
        -0.4158121347427368,
        0.0799240991473198,
        0.6210896968841553,
        -2.992663621902466,
        0.03667373210191727,
        0.01670612394809723,
        -0.1474987119436264,
        -0.060476258397102356,
        0.3317290246486664
    ],
    "function_embedding": [
        -1.4235258102416992,
        -0.2565522789955139,
        1.91069495677948,
        1.0351427793502808,
        0.5482972860336304,
        -2.4731638431549072,
        0.10980761796236038,
        0.943699300289154,
        -0.14811807870864868,
        0.5358505249023438
    ],
    "city_embedding": [
        -0.9838629961013794,
        0.0032910937443375587,
        0.6636914610862732,
        1.3745630979537964,
        -0.5943394899368286,
        1.2517945766448975,
        0.17147564888000488,
        2.782971143722534,
        2.389422655105591,
        3.5354154109954834
    ],
    "degree_embedding": [
        -0.9859232902526855,
        -0.14980502426624298,
        1.1363672018051147,
        1.3890211582183838,
        1.9668338298797607,
        -0.10017327964305878,
        -0.9014211297035217,
        -0.5218036770820618,
        0.12516868114471436,
        0.34269973635673523
    ]
}