{
    "id": 8916,
    "range": [
        121.596804,
        31.522716,
        121.606804,
        31.512716
    ],
    "image_path": "CitySatellite\\Shanghai\\8916.jpg",
    "poi": [],
    "places": [],
    "transport": [],
    "traffic": [],
    "buildings": [],
    "landuse": [],
    "road_inner": [],
    "road_connect": {},
    "population": [
        11.76695879708668
    ],
    "transport_embedding": [
        -0.2586842179298401,
        -0.2554968297481537,
        0.7391136884689331,
        -1.3837826251983643,
        -0.11506535112857819,
        -0.23586922883987427,
        0.9158972501754761,
        3.217348337173462,
        -2.845670461654663,
        -0.6619772911071777
    ],
    "roadnet_embedding": [
        0.9977174401283264,
        -0.4311491549015045,
        0.11079281568527222,
        0.6264758706092834,
        -2.9890029430389404,
        0.033109091222286224,
        0.10536256432533264,
        -0.16776522994041443,
        -0.08333206176757812,
        0.3697563111782074
    ],
    "function_embedding": [
        -0.5873839855194092,
        -0.30633971095085144,
        -0.06271564215421677,
        0.09549098461866379,
        -1.4779953956604004,
        -0.06086258962750435,
        -0.025357745587825775,
        -0.11033051460981369,
        -0.09022888541221619,
        0.27817395329475403
    ],
    "city_embedding": [
        -0.9837610125541687,
        0.0035285302437841892,
        0.6679368615150452,
        1.3790019750595093,
        -0.5936146974563599,
        1.2548692226409912,
        0.16647639870643616,
        2.7783234119415283,
        2.391726493835449,
        3.5439517498016357
    ],
    "degree_embedding": [
        -0.9859232902526855,
        -0.14980502426624298,
        1.1363672018051147,
        1.3890211582183838,
        1.9668338298797607,
        -0.10017327964305878,
        -0.9014211297035217,
        -0.5218036770820618,
        0.12516868114471436,
        0.34269973635673523
    ]
}