{
    "id": 8921,
    "range": [
        121.596804,
        31.472716,
        121.606804,
        31.462716
    ],
    "image_path": "CitySatellite\\Shanghai\\8921.jpg",
    "poi": [],
    "places": [],
    "transport": [],
    "traffic": [],
    "buildings": [],
    "landuse": [
        [
            7201,
            1,
            4,
            0.042359
        ]
    ],
    "road_inner": [],
    "road_connect": {},
    "population": [
        0.0
    ],
    "transport_embedding": [
        -0.23976385593414307,
        -0.49390658736228943,
        0.7316123247146606,
        -0.983205258846283,
        0.612531304359436,
        0.3865748345851898,
        -0.6066846251487732,
        1.190439224243164,
        -1.465729832649231,
        -0.39632463455200195
    ],
    "roadnet_embedding": [
        1.1214759349822998,
        -0.4152725338935852,
        0.019015466794371605,
        0.5784863233566284,
        -3.042809247970581,
        0.012997429817914963,
        0.0120259840041399,
        -0.10572807490825653,
        -0.033060260117053986,
        0.25242552161216736
    ],
    "function_embedding": [
        -0.5931113958358765,
        -0.33844295144081116,
        -0.05767872557044029,
        0.060500722378492355,
        -1.4139726161956787,
        -0.042376358062028885,
        -0.01894727163016796,
        -0.05329281836748123,
        -0.1086362674832344,
        0.25114431977272034
    ],
    "city_embedding": [
        -0.983723521232605,
        0.0036167511716485023,
        0.6694934964179993,
        1.3806318044662476,
        -0.5934169292449951,
        1.2560120820999146,
        0.1646505445241928,
        2.77662992477417,
        2.3926258087158203,
        3.5471549034118652
    ],
    "degree_embedding": [
        -0.9859232902526855,
        -0.14980502426624298,
        1.1363672018051147,
        1.3890211582183838,
        1.9668338298797607,
        -0.10017327964305878,
        -0.9014211297035217,
        -0.5218036770820618,
        0.12516868114471436,
        0.34269973635673523
    ]
}