{
    "id": 8986,
    "range": [
        121.596804,
        30.822716,
        121.606804,
        30.812716
    ],
    "image_path": "CitySatellite\\Shanghai\\8986.jpg",
    "poi": [],
    "places": [],
    "transport": [],
    "traffic": [],
    "buildings": [],
    "landuse": [],
    "road_inner": [],
    "road_connect": {},
    "population": [
        0.0
    ],
    "transport_embedding": [
        -0.12817074358463287,
        -0.8193553686141968,
        0.4513111710548401,
        -0.5469517707824707,
        0.3006329834461212,
        1.1570391654968262,
        0.08520547300577164,
        0.4507109224796295,
        0.7250664234161377,
        -0.2801654040813446
    ],
    "roadnet_embedding": [
        1.0831620693206787,
        -0.4335497319698334,
        0.07286212593317032,
        0.5476404428482056,
        -2.9515557289123535,
        0.03982110694050789,
        0.038730867207050323,
        -0.16872820258140564,
        -0.09369408339262009,
        0.39827054738998413
    ],
    "function_embedding": [
        -0.6175418496131897,
        -0.28454798460006714,
        -0.034697797149419785,
        0.05283072963356972,
        -1.4723875522613525,
        -0.07834649085998535,
        -0.07624194025993347,
        -0.11036384105682373,
        -0.141448974609375,
        0.20679768919944763
    ],
    "city_embedding": [
        -0.983723521232605,
        0.0036167511716485023,
        0.6694934964179993,
        1.3806318044662476,
        -0.5934169292449951,
        1.2560120820999146,
        0.1646505445241928,
        2.77662992477417,
        2.3926258087158203,
        3.5471549034118652
    ],
    "degree_embedding": [
        -0.9859232902526855,
        -0.14980502426624298,
        1.1363672018051147,
        1.3890211582183838,
        1.9668338298797607,
        -0.10017327964305878,
        -0.9014211297035217,
        -0.5218036770820618,
        0.12516868114471436,
        0.34269973635673523
    ]
}