{
    "id": 9019,
    "range": [
        121.606804,
        31.692716,
        121.616804,
        31.682716
    ],
    "image_path": "CitySatellite\\Shanghai\\9019.jpg",
    "poi": [],
    "places": [],
    "transport": [],
    "traffic": [],
    "buildings": [],
    "landuse": [
        [
            7210,
            1,
            4,
            6.3663478809523815
        ]
    ],
    "road_inner": [],
    "road_connect": {},
    "population": [
        0.0
    ],
    "transport_embedding": [
        -0.24855712056159973,
        -0.6859034895896912,
        0.6625391840934753,
        -0.6589933037757874,
        1.1940072774887085,
        0.7950447797775269,
        -0.5804493427276611,
        0.48481330275535583,
        -1.2750837802886963,
        -0.3728201389312744
    ],
    "roadnet_embedding": [
        1.081695556640625,
        -0.42009446024894714,
        0.0803854838013649,
        0.5578292012214661,
        -2.905514717102051,
        0.02802727185189724,
        -0.005585812497884035,
        -0.1611473262310028,
        -0.030687708407640457,
        0.370367169380188
    ],
    "function_embedding": [
        1.5750274658203125,
        -3.819331645965576,
        -0.990437388420105,
        1.6671470403671265,
        0.2968090772628784,
        0.6488484740257263,
        -0.4225730001926422,
        1.4631797075271606,
        -1.0837336778640747,
        5.866692066192627
    ],
    "city_embedding": [
        -0.983723521232605,
        0.0036167511716485023,
        0.6694934964179993,
        1.3806318044662476,
        -0.5934169292449951,
        1.2560120820999146,
        0.1646505445241928,
        2.77662992477417,
        2.3926258087158203,
        3.5471549034118652
    ],
    "degree_embedding": [
        -0.9859232902526855,
        -0.14980502426624298,
        1.1363672018051147,
        1.3890211582183838,
        1.9668338298797607,
        -0.10017327964305878,
        -0.9014211297035217,
        -0.5218036770820618,
        0.12516868114471436,
        0.34269973635673523
    ]
}