{
    "id": 9029,
    "range": [
        121.606804,
        31.592716,
        121.616804,
        31.58271599999999
    ],
    "image_path": "CitySatellite\\Shanghai\\9029.jpg",
    "poi": [],
    "places": [],
    "transport": [],
    "traffic": [],
    "buildings": [],
    "landuse": [],
    "road_inner": [
        [
            5122,
            1.0,
            4,
            656.2413333333333
        ]
    ],
    "road_connect": {
        "9030": {
            "4": 1
        },
        "9031": {
            "4": 1
        }
    },
    "population": [
        870.5526456832886
    ],
    "transport_embedding": [
        -0.26135173439979553,
        -0.5936137437820435,
        0.7673956751823425,
        -0.7511159181594849,
        -0.15425658226013184,
        -1.505465030670166,
        0.36486729979515076,
        1.4367409944534302,
        -0.08421941101551056,
        -0.17136245965957642
    ],
    "roadnet_embedding": [
        0.8403453826904297,
        -0.6974775791168213,
        0.1306408941745758,
        -0.5387150049209595,
        -0.36196455359458923,
        -2.2485125064849854,
        -0.16559827327728271,
        1.011703610420227,
        0.46698981523513794,
        -0.6814836859703064
    ],
    "function_embedding": [
        -0.6245085000991821,
        -0.28683918714523315,
        -0.05599434673786163,
        0.02547084353864193,
        -1.3986525535583496,
        -0.11384911835193634,
        0.0798204094171524,
        -0.11549236625432968,
        -0.1861325353384018,
        0.28209584951400757
    ],
    "city_embedding": [
        -0.9865063428878784,
        -0.0029764038044959307,
        0.5536596775054932,
        1.2587755918502808,
        -0.608974277973175,
        1.1720983982086182,
        0.2995314300060272,
        2.9055047035217285,
        2.3331351280212402,
        3.3132309913635254
    ],
    "degree_embedding": [
        -0.9803432822227478,
        -0.4955008625984192,
        0.02320222556591034,
        0.8904775381088257,
        1.3509734869003296,
        0.22085069119930267,
        -0.2695158123970032,
        -1.039759874343872,
        0.8916219472885132,
        -1.264162540435791
    ]
}