{
    "id": 9030,
    "range": [
        121.606804,
        31.582716,
        121.616804,
        31.572716
    ],
    "image_path": "CitySatellite\\Shanghai\\9030.jpg",
    "poi": [],
    "places": [],
    "transport": [],
    "traffic": [],
    "buildings": [],
    "landuse": [],
    "road_inner": [
        [
            5122,
            1.0,
            4,
            656.2413333333333
        ]
    ],
    "road_connect": {
        "9031": {
            "4": 1
        },
        "9029": {
            "4": 1
        }
    },
    "population": [
        818.0357670783997
    ],
    "transport_embedding": [
        -0.2715359032154083,
        -0.5524861216545105,
        0.6999748945236206,
        -0.8998504281044006,
        1.0939791202545166,
        0.07003519684076309,
        -1.0861173868179321,
        1.2202084064483643,
        -1.8746973276138306,
        -0.37733474373817444
    ],
    "roadnet_embedding": [
        0.87127286195755,
        -0.7272796630859375,
        0.11895693838596344,
        -0.6877457499504089,
        -0.16057489812374115,
        -2.2991178035736084,
        -0.2056463658809662,
        1.0244126319885254,
        0.5200143456459045,
        -0.6724843382835388
    ],
    "function_embedding": [
        -0.6188939809799194,
        -0.2934480905532837,
        -0.07018686830997467,
        0.015769774094223976,
        -1.3889193534851074,
        -0.10361417382955551,
        0.037639319896698,
        -0.08407903462648392,
        -0.14636896550655365,
        0.28541478514671326
    ],
    "city_embedding": [
        -0.9863387942314148,
        -0.002573995618149638,
        0.5606396794319153,
        1.2661365270614624,
        -0.6080701947212219,
        1.1771043539047241,
        0.29140201210975647,
        2.8977184295654297,
        2.336514472961426,
        3.3271870613098145
    ],
    "degree_embedding": [
        -0.9803432822227478,
        -0.4955008625984192,
        0.02320222556591034,
        0.8904775381088257,
        1.3509734869003296,
        0.22085069119930267,
        -0.2695158123970032,
        -1.039759874343872,
        0.8916219472885132,
        -1.264162540435791
    ]
}