{
    "id": 9036,
    "range": [
        121.606804,
        31.522716,
        121.616804,
        31.512716
    ],
    "image_path": "CitySatellite\\Shanghai\\9036.jpg",
    "poi": [],
    "places": [],
    "transport": [],
    "traffic": [],
    "buildings": [],
    "landuse": [],
    "road_inner": [],
    "road_connect": {},
    "population": [
        24.82866096496582
    ],
    "transport_embedding": [
        -0.21141813695430756,
        -0.6391274333000183,
        0.6344598531723022,
        -0.7080598473548889,
        -0.03971972316503525,
        0.9972646832466125,
        -0.3746398389339447,
        -0.05308878421783447,
        0.6049834489822388,
        -0.21066458523273468
    ],
    "roadnet_embedding": [
        1.1015492677688599,
        -0.43104735016822815,
        0.06675466895103455,
        0.630557656288147,
        -2.8613638877868652,
        0.008182414807379246,
        -0.01145696546882391,
        -0.23362644016742706,
        -0.06427214294672012,
        0.27158868312835693
    ],
    "function_embedding": [
        -0.6164500117301941,
        -0.29346752166748047,
        -0.07990597933530807,
        0.08305477350950241,
        -1.460279107093811,
        -0.061643026769161224,
        0.0031980592757463455,
        -0.09274740517139435,
        -0.08329988270998001,
        0.3377041518688202
    ],
    "city_embedding": [
        -0.983802855014801,
        0.0034252223558723927,
        0.6661884188652039,
        1.3771837949752808,
        -0.5939253568649292,
        1.2536234855651855,
        0.16850997507572174,
        2.7802538871765137,
        2.3908185958862305,
        3.540464162826538
    ],
    "degree_embedding": [
        -0.9859232902526855,
        -0.14980502426624298,
        1.1363672018051147,
        1.3890211582183838,
        1.9668338298797607,
        -0.10017327964305878,
        -0.9014211297035217,
        -0.5218036770820618,
        0.12516868114471436,
        0.34269973635673523
    ]
}