{
    "id": 9042,
    "range": [
        121.606804,
        31.462716,
        121.616804,
        31.452716
    ],
    "image_path": "CitySatellite\\Shanghai\\9042.jpg",
    "poi": [],
    "places": [],
    "transport": [],
    "traffic": [],
    "buildings": [],
    "landuse": [],
    "road_inner": [],
    "road_connect": {},
    "population": [
        0.0
    ],
    "transport_embedding": [
        -0.07927609235048294,
        -0.70746910572052,
        0.36218690872192383,
        -0.887814998626709,
        -0.7599059343338013,
        0.11424387246370316,
        1.5958467721939087,
        2.1257410049438477,
        0.02528502233326435,
        -0.33565956354141235
    ],
    "roadnet_embedding": [
        1.0464798212051392,
        -0.4316312074661255,
        0.07191872596740723,
        0.6607298851013184,
        -3.0174899101257324,
        0.06558886170387268,
        0.07742729038000107,
        -0.23393645882606506,
        -0.07127024233341217,
        0.3158178925514221
    ],
    "function_embedding": [
        -0.5649443864822388,
        -0.35393765568733215,
        -0.05945460870862007,
        0.07147902995347977,
        -1.3991791009902954,
        -0.041796427220106125,
        0.03190332278609276,
        -0.044013861566782,
        -0.0926370844244957,
        0.15615211427211761
    ],
    "city_embedding": [
        -0.983723521232605,
        0.0036167511716485023,
        0.6694934964179993,
        1.3806318044662476,
        -0.5934169292449951,
        1.2560120820999146,
        0.1646505445241928,
        2.77662992477417,
        2.3926258087158203,
        3.5471549034118652
    ],
    "degree_embedding": [
        -0.9859232902526855,
        -0.14980502426624298,
        1.1363672018051147,
        1.3890211582183838,
        1.9668338298797607,
        -0.10017327964305878,
        -0.9014211297035217,
        -0.5218036770820618,
        0.12516868114471436,
        0.34269973635673523
    ]
}