{
    "id": 9092,
    "range": [
        121.606804,
        30.962716,
        121.616804,
        30.952716
    ],
    "image_path": "CitySatellite\\Shanghai\\9092.jpg",
    "poi": [],
    "places": [],
    "transport": [],
    "traffic": [],
    "buildings": [],
    "landuse": [],
    "road_inner": [
        [
            5141,
            1.0,
            5,
            790.229
        ]
    ],
    "road_connect": {
        "8972": {
            "5": 1
        },
        "9212": {
            "5": 1
        }
    },
    "population": [
        208.0068254470825
    ],
    "transport_embedding": [
        -0.2593057155609131,
        -0.6971215009689331,
        0.7665233016014099,
        -0.5951265692710876,
        1.2527440786361694,
        0.1785481572151184,
        -1.1604151725769043,
        0.22572576999664307,
        -0.8263564705848694,
        -0.1449873298406601
    ],
    "roadnet_embedding": [
        1.3879873752593994,
        -0.6672778129577637,
        -0.19555166363716125,
        0.0840810239315033,
        -0.34649229049682617,
        -0.9049346446990967,
        0.12713837623596191,
        -0.22051729261875153,
        -0.4786776304244995,
        -1.3901771306991577
    ],
    "function_embedding": [
        -0.642803430557251,
        -0.2654061019420624,
        -0.044977497309446335,
        0.06163356825709343,
        -1.4437530040740967,
        -0.12901537120342255,
        0.0005041993572376668,
        -0.12560735642910004,
        -0.1600738912820816,
        0.31366750597953796
    ],
    "city_embedding": [
        -0.984387993812561,
        0.002101947320625186,
        0.6418440937995911,
        1.3516724109649658,
        -0.597606360912323,
        1.235854983329773,
        0.19694551825523376,
        2.80715012550354,
        2.3773186206817627,
        3.4912822246551514
    ],
    "degree_embedding": [
        -0.9813666343688965,
        -0.4224967956542969,
        1.1640962362289429,
        1.1915993690490723,
        1.5031216144561768,
        0.06068969517946243,
        -0.3323799669742584,
        -0.6514042615890503,
        0.49402618408203125,
        -0.5870565176010132
    ]
}