{
    "id": 9139,
    "range": [
        121.616804,
        31.692716,
        121.626804,
        31.682716
    ],
    "image_path": "CitySatellite\\Shanghai\\9139.jpg",
    "poi": [],
    "places": [],
    "transport": [],
    "traffic": [],
    "buildings": [],
    "landuse": [
        [
            7210,
            1,
            4,
            6.3663478809523815
        ]
    ],
    "road_inner": [],
    "road_connect": {},
    "population": [
        0.0
    ],
    "transport_embedding": [
        -0.1359206885099411,
        -0.6789231300354004,
        0.4617629945278168,
        -0.7637511491775513,
        0.06395932286977768,
        1.5398478507995605,
        0.023778410628437996,
        0.45738551020622253,
        0.5971776843070984,
        -0.3081645369529724
    ],
    "roadnet_embedding": [
        1.0726892948150635,
        -0.42448854446411133,
        0.07693417370319366,
        0.5894767045974731,
        -2.9417524337768555,
        -0.0672459751367569,
        0.007092723157256842,
        -0.05238484963774681,
        -0.07233811914920807,
        0.30828461050987244
    ],
    "function_embedding": [
        1.5727380514144897,
        -3.816601514816284,
        -1.0066325664520264,
        1.669569492340088,
        0.29815876483917236,
        0.6588935852050781,
        -0.4254941940307617,
        1.5392459630966187,
        -1.0867305994033813,
        5.866647720336914
    ],
    "city_embedding": [
        -0.983723521232605,
        0.0036167511716485023,
        0.6694934964179993,
        1.3806318044662476,
        -0.5934169292449951,
        1.2560120820999146,
        0.1646505445241928,
        2.77662992477417,
        2.3926258087158203,
        3.5471549034118652
    ],
    "degree_embedding": [
        -0.9859232902526855,
        -0.14980502426624298,
        1.1363672018051147,
        1.3890211582183838,
        1.9668338298797607,
        -0.10017327964305878,
        -0.9014211297035217,
        -0.5218036770820618,
        0.12516868114471436,
        0.34269973635673523
    ]
}