{
    "id": 9140,
    "range": [
        121.616804,
        31.682716,
        121.626804,
        31.672716
    ],
    "image_path": "CitySatellite\\Shanghai\\9140.jpg",
    "poi": [],
    "places": [],
    "transport": [],
    "traffic": [],
    "buildings": [],
    "landuse": [
        [
            7210,
            1,
            4,
            6.3663478809523815
        ]
    ],
    "road_inner": [],
    "road_connect": {},
    "population": [
        0.0
    ],
    "transport_embedding": [
        -0.2949083149433136,
        -0.6565092206001282,
        0.8985028266906738,
        -0.5684066414833069,
        1.185186505317688,
        0.22005467116832733,
        -1.4241496324539185,
        -0.19082111120224,
        -0.7022220492362976,
        -0.11123862862586975
    ],
    "roadnet_embedding": [
        1.08828866481781,
        -0.43619975447654724,
        0.04657233878970146,
        0.6391174793243408,
        -3.0392658710479736,
        0.004902457352727652,
        0.04695910960435867,
        -0.14674915373325348,
        -0.10342400521039963,
        0.303240567445755
    ],
    "function_embedding": [
        1.577365517616272,
        -3.822114944458008,
        -1.0144810676574707,
        1.673712134361267,
        0.2976464331150055,
        0.663744330406189,
        -0.42661505937576294,
        1.5240216255187988,
        -1.0924468040466309,
        5.9316935539245605
    ],
    "city_embedding": [
        -0.983723521232605,
        0.0036167511716485023,
        0.6694934964179993,
        1.3806318044662476,
        -0.5934169292449951,
        1.2560120820999146,
        0.1646505445241928,
        2.77662992477417,
        2.3926258087158203,
        3.5471549034118652
    ],
    "degree_embedding": [
        -0.9859232902526855,
        -0.14980502426624298,
        1.1363672018051147,
        1.3890211582183838,
        1.9668338298797607,
        -0.10017327964305878,
        -0.9014211297035217,
        -0.5218036770820618,
        0.12516868114471436,
        0.34269973635673523
    ]
}