{
    "id": 9150,
    "range": [
        121.616804,
        31.582716,
        121.626804,
        31.572716
    ],
    "image_path": "CitySatellite\\Shanghai\\9150.jpg",
    "poi": [],
    "places": [],
    "transport": [],
    "traffic": [],
    "buildings": [],
    "landuse": [],
    "road_inner": [],
    "road_connect": {},
    "population": [
        684.3221735954285
    ],
    "transport_embedding": [
        -0.206774041056633,
        -0.37034112215042114,
        0.6898022890090942,
        -1.194318175315857,
        -0.5998009443283081,
        -0.28458458185195923,
        1.410093069076538,
        2.824404239654541,
        -1.3048629760742188,
        -0.49730679392814636
    ],
    "roadnet_embedding": [
        1.0934683084487915,
        -0.4119648337364197,
        0.048662059009075165,
        0.5620518922805786,
        -3.039687156677246,
        -0.005418120883405209,
        0.005087594967335463,
        -0.05571293830871582,
        -0.03935208171606064,
        0.32096534967422485
    ],
    "function_embedding": [
        -0.576134979724884,
        -0.337225079536438,
        -0.07669313997030258,
        0.06135840341448784,
        -1.4065433740615845,
        -0.014501462690532207,
        -0.041027702391147614,
        -0.009040486067533493,
        -0.09207884222269058,
        0.24116626381874084
    ],
    "city_embedding": [
        -0.9859121441841125,
        -0.0015514633851125836,
        0.5783990621566772,
        1.284869909286499,
        -0.6058943271636963,
        1.1899385452270508,
        0.27076083421707153,
        2.8779799938201904,
        2.3451943397521973,
        3.3628945350646973
    ],
    "degree_embedding": [
        -0.9859232902526855,
        -0.14980502426624298,
        1.1363672018051147,
        1.3890211582183838,
        1.9668338298797607,
        -0.10017327964305878,
        -0.9014211297035217,
        -0.5218036770820618,
        0.12516868114471436,
        0.34269973635673523
    ]
}