{
    "id": 9156,
    "range": [
        121.616804,
        31.522716,
        121.626804,
        31.512716
    ],
    "image_path": "CitySatellite\\Shanghai\\9156.jpg",
    "poi": [],
    "places": [],
    "transport": [],
    "traffic": [],
    "buildings": [],
    "landuse": [],
    "road_inner": [
        [
            5122,
            1.0,
            4,
            196.7715
        ]
    ],
    "road_connect": {
        "9155": {
            "4": 1
        }
    },
    "population": [
        75.67067527770996
    ],
    "transport_embedding": [
        -0.25362497568130493,
        -0.641193151473999,
        0.7184935212135315,
        -0.7339403033256531,
        1.2023169994354248,
        0.2655108869075775,
        -1.2482768297195435,
        0.5843279361724854,
        -1.2187052965164185,
        -0.26010313630104065
    ],
    "roadnet_embedding": [
        1.0858409404754639,
        -0.4416199326515198,
        0.04383783042430878,
        0.3968629240989685,
        -2.615753650665283,
        -0.3946014940738678,
        -0.06764688342809677,
        0.17509342730045319,
        0.022808749228715897,
        0.13591504096984863
    ],
    "function_embedding": [
        -0.6050347089767456,
        -0.3061208724975586,
        -0.08735589683055878,
        0.061600811779499054,
        -1.4408658742904663,
        -0.03730619698762894,
        -0.05769350379705429,
        -0.050736501812934875,
        -0.027057837694883347,
        0.2533065974712372
    ],
    "city_embedding": [
        -0.9839654564857483,
        0.00305730733089149,
        0.6594269275665283,
        1.370100498199463,
        -0.5948293805122375,
        1.2486798763275146,
        0.17643631994724274,
        2.7878129482269287,
        2.3870279788970947,
        3.5269880294799805
    ],
    "degree_embedding": [
        -0.9831920266151428,
        -0.3173981308937073,
        0.5776484608650208,
        1.1417187452316284,
        1.6773102283477783,
        0.05792992189526558,
        -0.5776814818382263,
        -0.7830755114555359,
        0.5181704163551331,
        -0.4565789997577667
    ]
}