{
    "id": 918,
    "range": [
        120.926804,
        31.102716,
        120.936804,
        31.092716
    ],
    "image_path": "CitySatellite\\Shanghai\\918.jpg",
    "poi": [],
    "places": [],
    "transport": [],
    "traffic": [],
    "buildings": [],
    "landuse": [],
    "road_inner": [],
    "road_connect": {},
    "population": [
        0.0
    ],
    "transport_embedding": [
        -0.2054387927055359,
        -0.7660270929336548,
        0.6725680232048035,
        -0.5022997260093689,
        0.6509618759155273,
        0.3104294240474701,
        -0.6288594603538513,
        0.13820599019527435,
        0.46445831656455994,
        -0.13965247571468353
    ],
    "roadnet_embedding": [
        1.1332063674926758,
        -0.41870200634002686,
        0.01243967842310667,
        0.47423553466796875,
        -2.870758295059204,
        -0.10823176056146622,
        -0.01936890371143818,
        -0.010185682214796543,
        -0.027861779555678368,
        0.18178938329219818
    ],
    "function_embedding": [
        -0.5991367697715759,
        -0.3082483112812042,
        -0.05557641014456749,
        0.07731355726718903,
        -1.4488905668258667,
        -0.06336446106433868,
        -0.07998402416706085,
        -0.06308067589998245,
        -0.11000830680131912,
        0.23309846222400665
    ],
    "city_embedding": [
        -0.983723521232605,
        0.0036167511716485023,
        0.6694934964179993,
        1.3806318044662476,
        -0.5934169292449951,
        1.2560120820999146,
        0.1646505445241928,
        2.77662992477417,
        2.3926258087158203,
        3.5471549034118652
    ],
    "degree_embedding": [
        -0.9859232902526855,
        -0.14980502426624298,
        1.1363672018051147,
        1.3890211582183838,
        1.9668338298797607,
        -0.10017327964305878,
        -0.9014211297035217,
        -0.5218036770820618,
        0.12516868114471436,
        0.34269973635673523
    ]
}