{
    "id": 9186,
    "range": [
        121.616804,
        31.222716,
        121.626804,
        31.212716
    ],
    "image_path": "CitySatellite\\Shanghai\\9186.jpg",
    "poi": [
        [
            2301,
            1,
            4
        ],
        [
            2303,
            2,
            4
        ]
    ],
    "places": [],
    "transport": [
        [
            5601,
            1,
            2
        ],
        [
            5621,
            13,
            1
        ]
    ],
    "traffic": [
        [
            5206,
            2,
            2
        ],
        [
            5204,
            3,
            1
        ]
    ],
    "buildings": [
        55,
        20972.174499999994
    ],
    "landuse": [
        [
            7203,
            5,
            1,
            2.4551993333333333
        ],
        [
            7211,
            1,
            0,
            0.0387985
        ],
        [
            7218,
            1,
            5,
            0.10670825
        ],
        [
            7209,
            2,
            2,
            0.23742200000000002
        ],
        [
            7202,
            2,
            0,
            1.0584675
        ]
    ],
    "road_inner": [
        [
            5141,
            40,
            5,
            4719.3505000000005
        ],
        [
            5113,
            6,
            2,
            2888.1005
        ],
        [
            5122,
            35,
            4,
            6438.9890000000005
        ],
        [
            5114,
            8,
            2,
            2053.1205
        ],
        [
            5153,
            3,
            5,
            608.036
        ],
        [
            5132,
            2,
            1,
            2004.6645
        ],
        [
            5115,
            4,
            3,
            1603.4885000000002
        ],
        [
            5121,
            1,
            4,
            3.564
        ],
        [
            5154,
            1,
            5,
            123.106
        ],
        [
            5142,
            1.0,
            5,
            381.1625
        ],
        [
            5112,
            1.0,
            1,
            2825.5871666666667
        ]
    ],
    "road_connect": {
        "9066": {
            "4": 3,
            "3": 2,
            "5": 12,
            "2": 2
        },
        "9185": {
            "3": 2,
            "2": 4,
            "1": 9,
            "5": 1
        },
        "9305": {
            "3": 1
        },
        "9187": {
            "4": 2,
            "1": 2,
            "2": 2
        },
        "9306": {
            "5": 1,
            "4": 4,
            "2": 2
        },
        "9188": {
            "1": 2
        }
    },
    "population": [
        12837.25051879883
    ],
    "transport_embedding": [
        -2.228337287902832,
        0.1423647701740265,
        -1.237549901008606,
        -0.07032442092895508,
        0.30045169591903687,
        0.2299365997314453,
        -0.2331829071044922,
        0.42570066452026367,
        0.22025680541992188,
        1.8525301218032837
    ],
    "roadnet_embedding": [
        -1.5375269651412964,
        -1.2335684299468994,
        -1.4258047342300415,
        1.3309574127197266,
        -0.1988891363143921,
        -0.2599523067474365,
        -1.6607660055160522,
        1.7397760152816772,
        0.43828073143959045,
        -0.04682363569736481
    ],
    "function_embedding": [
        -1.5511915683746338,
        -0.10421061515808105,
        -1.4047961235046387,
        1.5358539819717407,
        0.7695746421813965,
        0.10368303954601288,
        -0.3754342198371887,
        -0.4640101492404938,
        -0.3725591003894806,
        1.3031665086746216
    ],
    "city_embedding": [
        -1.0184013843536377,
        0.20089666545391083,
        -0.6974090337753296,
        0.6859800815582275,
        -0.6011326909065247,
        -0.26290541887283325,
        1.4661935567855835,
        4.3752570152282715,
        1.965952754020691,
        2.5612218379974365
    ],
    "degree_embedding": [
        -1.0307550430297852,
        0.9358798861503601,
        1.478539228439331,
        -0.2718803286552429,
        -1.1752233505249023,
        0.2730754017829895,
        -2.150609254837036,
        -1.406756043434143,
        0.11878136545419693,
        -0.3887294828891754
    ]
}