{
    "id": 9187,
    "range": [
        121.616804,
        31.212716,
        121.626804,
        31.202716
    ],
    "image_path": "CitySatellite\\Shanghai\\9187.jpg",
    "poi": [
        [
            2421,
            1,
            5
        ],
        [
            2902,
            1,
            0
        ],
        [
            2511,
            1,
            6
        ],
        [
            2401,
            1,
            5
        ],
        [
            2593,
            1,
            6
        ],
        [
            2101,
            1,
            0
        ],
        [
            2301,
            2,
            4
        ],
        [
            2528,
            1,
            6
        ],
        [
            2121,
            1,
            0
        ],
        [
            2303,
            4,
            4
        ]
    ],
    "places": [],
    "transport": [
        [
            5621,
            9,
            1
        ]
    ],
    "traffic": [
        [
            5201,
            5,
            3
        ],
        [
            5206,
            1,
            2
        ]
    ],
    "buildings": [
        31,
        27324.64
    ],
    "landuse": [
        [
            7203,
            5,
            1,
            1.8179395
        ],
        [
            7209,
            5,
            2,
            0.63657
        ],
        [
            7202,
            2,
            0,
            0.224454
        ],
        [
            7201,
            2,
            4,
            0.13975300000000002
        ],
        [
            7218,
            1,
            5,
            0.036624
        ]
    ],
    "road_inner": [
        [
            5113,
            14,
            2,
            4511.0935
        ],
        [
            5122,
            5,
            4,
            1787.7248333333332
        ],
        [
            5115,
            2,
            3,
            1681.1865000000003
        ],
        [
            5141,
            13,
            5,
            1596.197
        ],
        [
            5142,
            2,
            5,
            211.166
        ],
        [
            5154,
            3,
            5,
            117.48299999999999
        ],
        [
            5132,
            4,
            1,
            955.96
        ],
        [
            5133,
            1,
            2,
            28.294
        ],
        [
            5124,
            1.0,
            5,
            75.3455
        ],
        [
            5112,
            1.0,
            1,
            1633.8876666666665
        ]
    ],
    "road_connect": {
        "9067": {
            "3": 3,
            "5": 1
        },
        "9186": {
            "4": 2,
            "1": 2,
            "2": 2
        },
        "9188": {
            "1": 2,
            "2": 4,
            "4": 2
        },
        "9307": {
            "3": 2,
            "2": 2,
            "4": 1
        },
        "9308": {
            "4": 1
        }
    },
    "population": [
        14452.0604095459
    ],
    "transport_embedding": [
        -2.353379249572754,
        0.304676353931427,
        0.06826099753379822,
        0.38735437393188477,
        -0.07737064361572266,
        0.3128643035888672,
        0.28534653782844543,
        0.12678766250610352,
        -0.18516921997070312,
        1.7032151222229004
    ],
    "roadnet_embedding": [
        -1.1983685493469238,
        -1.2002171277999878,
        -0.736670732498169,
        1.4401296377182007,
        -0.04720564931631088,
        -0.1720937341451645,
        0.060124192386865616,
        -0.1283722221851349,
        0.7137383222579956,
        0.056522857397794724
    ],
    "function_embedding": [
        -1.7330565452575684,
        0.1112290620803833,
        -2.190103054046631,
        2.164621114730835,
        0.794888973236084,
        0.2013564258813858,
        -0.5569525361061096,
        -0.25041043758392334,
        -0.8331813812255859,
        -0.7710738778114319
    ],
    "city_embedding": [
        -1.0259288549423218,
        0.1209753230214119,
        -1.0297694206237793,
        0.6891289949417114,
        -0.5754225254058838,
        -0.0379660427570343,
        1.91102135181427,
        3.579538345336914,
        2.863116979598999,
        2.8279054164886475
    ],
    "degree_embedding": [
        -0.9988609552383423,
        -0.14813096821308136,
        0.08841515332460403,
        -0.7829961776733398,
        -0.20735754072666168,
        -0.07072112709283829,
        -1.0242475271224976,
        -1.1896055936813354,
        -0.48787516355514526,
        -1.0815024375915527
    ]
}