{
    "id": 9226,
    "range": [
        121.616804,
        30.822716,
        121.626804,
        30.812716
    ],
    "image_path": "CitySatellite\\Shanghai\\9226.jpg",
    "poi": [],
    "places": [],
    "transport": [],
    "traffic": [],
    "buildings": [],
    "landuse": [],
    "road_inner": [],
    "road_connect": {},
    "population": [
        0.0
    ],
    "transport_embedding": [
        -0.14330828189849854,
        -0.7408866286277771,
        0.42604976892471313,
        -0.6131870150566101,
        -0.18374747037887573,
        1.6968752145767212,
        0.8514345288276672,
        0.5242900848388672,
        1.048494815826416,
        -0.28752994537353516
    ],
    "roadnet_embedding": [
        1.1026593446731567,
        -0.41902124881744385,
        0.05215241014957428,
        0.5881935954093933,
        -3.0029289722442627,
        0.026386059820652008,
        0.022841598838567734,
        -0.14667253196239471,
        -0.08984597027301788,
        0.2901011109352112
    ],
    "function_embedding": [
        -0.6340696215629578,
        -0.27679893374443054,
        -0.04093852639198303,
        0.06459122151136398,
        -1.4742050170898438,
        -0.06693178415298462,
        -0.07057906687259674,
        -0.08241494745016098,
        -0.1616242378950119,
        0.25964540243148804
    ],
    "city_embedding": [
        -0.983723521232605,
        0.0036167511716485023,
        0.6694934964179993,
        1.3806318044662476,
        -0.5934169292449951,
        1.2560120820999146,
        0.1646505445241928,
        2.77662992477417,
        2.3926258087158203,
        3.5471549034118652
    ],
    "degree_embedding": [
        -0.9859232902526855,
        -0.14980502426624298,
        1.1363672018051147,
        1.3890211582183838,
        1.9668338298797607,
        -0.10017327964305878,
        -0.9014211297035217,
        -0.5218036770820618,
        0.12516868114471436,
        0.34269973635673523
    ]
}