{
    "id": 923,
    "range": [
        120.926804,
        31.052716,
        120.936804,
        31.042716
    ],
    "image_path": "CitySatellite\\Shanghai\\923.jpg",
    "poi": [],
    "places": [],
    "transport": [],
    "traffic": [
        [
            5331,
            1,
            0
        ]
    ],
    "buildings": [],
    "landuse": [
        [
            7203,
            2,
            1,
            0.16397050000000002
        ]
    ],
    "road_inner": [
        [
            5121,
            1,
            4,
            1103.364
        ],
        [
            5142,
            3,
            5,
            352.24949999999995
        ],
        [
            5122,
            1.0,
            4,
            88.743
        ]
    ],
    "road_connect": {
        "803": {
            "4": 3,
            "5": 1
        },
        "922": {
            "4": 2
        }
    },
    "population": [
        29.88632965087891
    ],
    "transport_embedding": [
        -0.20777608454227448,
        -0.6270086765289307,
        0.5938088893890381,
        -0.7998418807983398,
        0.5133509039878845,
        0.982475221157074,
        0.19842858612537384,
        1.1613134145736694,
        -1.1083186864852905,
        -0.5049561262130737
    ],
    "roadnet_embedding": [
        0.80440753698349,
        -0.8775915503501892,
        0.054722901433706284,
        -1.164023995399475,
        0.4176075756549835,
        -1.8574572801589966,
        0.03329745680093765,
        0.7860152721405029,
        0.20791012048721313,
        -0.7869061231613159
    ],
    "function_embedding": [
        -0.6550645232200623,
        -0.25799164175987244,
        -0.0961591824889183,
        -0.022792542353272438,
        -1.439702033996582,
        -0.12057654559612274,
        -0.12139318883419037,
        -0.14846378564834595,
        -0.11707088351249695,
        0.3861585855484009
    ],
    "city_embedding": [
        -0.9838190078735352,
        0.003384984564036131,
        0.6655212640762329,
        1.376483678817749,
        -0.594028890132904,
        1.2531253099441528,
        0.1693449765443802,
        2.781010627746582,
        2.390423059463501,
        3.5392093658447266
    ],
    "degree_embedding": [
        -0.9756904244422913,
        -0.8122209310531616,
        -0.8445614576339722,
        0.5355610847473145,
        0.628839910030365,
        0.1009642630815506,
        -0.542744517326355,
        -1.4392354488372803,
        1.3469516038894653,
        -1.5805580615997314
    ]
}