{
    "id": 9259,
    "range": [
        121.626804,
        31.692716,
        121.636804,
        31.682716
    ],
    "image_path": "CitySatellite\\Shanghai\\9259.jpg",
    "poi": [],
    "places": [],
    "transport": [],
    "traffic": [],
    "buildings": [],
    "landuse": [
        [
            7210,
            1,
            4,
            6.3663478809523815
        ]
    ],
    "road_inner": [],
    "road_connect": {},
    "population": [
        0.0
    ],
    "transport_embedding": [
        -0.2798343002796173,
        -0.5743365287780762,
        0.733869731426239,
        -0.8096898198127747,
        0.3314451575279236,
        -1.2903777360916138,
        -0.14167632162570953,
        1.9281277656555176,
        -1.0461503267288208,
        -0.3728097677230835
    ],
    "roadnet_embedding": [
        1.0630698204040527,
        -0.43591567873954773,
        0.08514252305030823,
        0.5286566615104675,
        -2.808178186416626,
        -0.17675012350082397,
        -0.006426385138183832,
        0.00898025557398796,
        -0.08041661232709885,
        0.27568963170051575
    ],
    "function_embedding": [
        1.5743237733840942,
        -3.8184900283813477,
        -1.0416735410690308,
        1.6789366006851196,
        0.29965436458587646,
        0.6824982762336731,
        -0.4313981533050537,
        1.6114859580993652,
        -1.1006875038146973,
        6.016744613647461
    ],
    "city_embedding": [
        -0.983723521232605,
        0.0036167511716485023,
        0.6694934964179993,
        1.3806318044662476,
        -0.5934169292449951,
        1.2560120820999146,
        0.1646505445241928,
        2.77662992477417,
        2.3926258087158203,
        3.5471549034118652
    ],
    "degree_embedding": [
        -0.9859232902526855,
        -0.14980502426624298,
        1.1363672018051147,
        1.3890211582183838,
        1.9668338298797607,
        -0.10017327964305878,
        -0.9014211297035217,
        -0.5218036770820618,
        0.12516868114471436,
        0.34269973635673523
    ]
}