{
    "id": 9260,
    "range": [
        121.626804,
        31.682716,
        121.636804,
        31.672716
    ],
    "image_path": "CitySatellite\\Shanghai\\9260.jpg",
    "poi": [],
    "places": [],
    "transport": [],
    "traffic": [],
    "buildings": [],
    "landuse": [
        [
            7210,
            1,
            4,
            6.3663478809523815
        ]
    ],
    "road_inner": [],
    "road_connect": {},
    "population": [
        0.0
    ],
    "transport_embedding": [
        -0.3496464788913727,
        -0.471808522939682,
        0.9599161744117737,
        -0.8479675650596619,
        0.9989849328994751,
        -0.14910708367824554,
        -1.6166294813156128,
        0.4664018154144287,
        -1.6509311199188232,
        -0.2628041207790375
    ],
    "roadnet_embedding": [
        1.1224188804626465,
        -0.4329463243484497,
        0.05077430605888367,
        0.607492208480835,
        -3.0074355602264404,
        0.09426171332597733,
        0.020444875583052635,
        -0.24896685779094696,
        -0.07880301773548126,
        0.3714362680912018
    ],
    "function_embedding": [
        1.5839219093322754,
        -3.829916477203369,
        -1.0338096618652344,
        1.6805320978164673,
        0.29751479625701904,
        0.6758065819740295,
        -0.42950668931007385,
        1.5454225540161133,
        -1.1006526947021484,
        5.97596549987793
    ],
    "city_embedding": [
        -0.983723521232605,
        0.0036167511716485023,
        0.6694934964179993,
        1.3806318044662476,
        -0.5934169292449951,
        1.2560120820999146,
        0.1646505445241928,
        2.77662992477417,
        2.3926258087158203,
        3.5471549034118652
    ],
    "degree_embedding": [
        -0.9859232902526855,
        -0.14980502426624298,
        1.1363672018051147,
        1.3890211582183838,
        1.9668338298797607,
        -0.10017327964305878,
        -0.9014211297035217,
        -0.5218036770820618,
        0.12516868114471436,
        0.34269973635673523
    ]
}