{
    "id": 9276,
    "range": [
        121.626804,
        31.522716,
        121.636804,
        31.512716
    ],
    "image_path": "CitySatellite\\Shanghai\\9276.jpg",
    "poi": [],
    "places": [],
    "transport": [],
    "traffic": [],
    "buildings": [],
    "landuse": [],
    "road_inner": [],
    "road_connect": {},
    "population": [
        110.2595729827881
    ],
    "transport_embedding": [
        -0.12733584642410278,
        -0.7239141464233398,
        0.4529365599155426,
        -0.715701162815094,
        0.0857127457857132,
        1.3965809345245361,
        -0.16480331122875214,
        0.20128461718559265,
        0.754063069820404,
        -0.23384231328964233
    ],
    "roadnet_embedding": [
        0.9978844523429871,
        -0.45676371455192566,
        0.11264645308256149,
        0.5497368574142456,
        -2.6867711544036865,
        -0.27236703038215637,
        0.03293674439191818,
        0.051165781915187836,
        -0.07450051605701447,
        0.2722439169883728
    ],
    "function_embedding": [
        -0.6438425183296204,
        -0.29036420583724976,
        -0.067730613052845,
        -0.0025445965584367514,
        -1.3965576887130737,
        -0.07503211498260498,
        -0.00620212871581316,
        -0.10179257392883301,
        -0.13534806668758392,
        0.2724092900753021
    ],
    "city_embedding": [
        -0.9840757846832275,
        0.002805786207318306,
        0.6548320055007935,
        1.3652821779251099,
        -0.5956669449806213,
        1.2453185319900513,
        0.1817762404680252,
        2.7927753925323486,
        2.384585380554199,
        3.5175302028656006
    ],
    "degree_embedding": [
        -0.9859232902526855,
        -0.14980502426624298,
        1.1363672018051147,
        1.3890211582183838,
        1.9668338298797607,
        -0.10017327964305878,
        -0.9014211297035217,
        -0.5218036770820618,
        0.12516868114471436,
        0.34269973635673523
    ]
}