{
    "id": 9332,
    "range": [
        121.626804,
        30.962716,
        121.636804,
        30.952716
    ],
    "image_path": "CitySatellite\\Shanghai\\9332.jpg",
    "poi": [],
    "places": [],
    "transport": [],
    "traffic": [],
    "buildings": [],
    "landuse": [],
    "road_inner": [
        [
            5121,
            5,
            4,
            2907.6850000000004
        ],
        [
            5122,
            1,
            4,
            131.708
        ]
    ],
    "road_connect": {
        "9452": {
            "4": 3
        },
        "9333": {
            "4": 3
        }
    },
    "population": [
        697.7130193710327
    ],
    "transport_embedding": [
        -0.20233722031116486,
        -0.6481572985649109,
        0.6084991097450256,
        -0.7686514258384705,
        0.5753083825111389,
        0.6092322468757629,
        -0.22973977029323578,
        0.9736823439598083,
        -0.7042930722236633,
        -0.3526645302772522
    ],
    "roadnet_embedding": [
        0.22781968116760254,
        -1.0529816150665283,
        0.5916082262992859,
        -1.7179195880889893,
        0.02804500237107277,
        0.13027800619602203,
        0.016660641878843307,
        0.1369493454694748,
        0.116036057472229,
        0.24819771945476532
    ],
    "function_embedding": [
        -0.623732328414917,
        -0.29160377383232117,
        -0.10106712579727173,
        0.08770325034856796,
        -1.4618721008300781,
        -0.062366001307964325,
        -0.10397950559854507,
        -0.020191295072436333,
        0.008407946676015854,
        0.35470232367515564
    ],
    "city_embedding": [
        -0.9859549403190613,
        -0.0016540233045816422,
        0.5766162276268005,
        1.282986044883728,
        -0.606092095375061,
        1.188667893409729,
        0.2728208899497986,
        2.879967212677002,
        2.3442978858947754,
        3.359300374984741
    ],
    "degree_embedding": [
        -0.976119339466095,
        -0.822567880153656,
        -1.1164923906326294,
        0.44871872663497925,
        0.46098533272743225,
        -0.011880395002663136,
        -0.8791272640228271,
        -1.470016598701477,
        1.3509424924850464,
        -1.3754570484161377
    ]
}