{
    "id": 9345,
    "range": [
        121.626804,
        30.832716,
        121.636804,
        30.822716
    ],
    "image_path": "CitySatellite\\Shanghai\\9345.jpg",
    "poi": [],
    "places": [],
    "transport": [],
    "traffic": [],
    "buildings": [],
    "landuse": [],
    "road_inner": [],
    "road_connect": {},
    "population": [
        0.0
    ],
    "transport_embedding": [
        -0.3007871210575104,
        -0.75948566198349,
        0.9465896487236023,
        -0.3353879153728485,
        1.0566396713256836,
        -0.628624677658081,
        -1.0183157920837402,
        -0.15494386851787567,
        0.10231324285268784,
        -0.00336853857152164
    ],
    "roadnet_embedding": [
        1.0262168645858765,
        -0.4661765992641449,
        0.09228794276714325,
        0.6318317651748657,
        -2.6882195472717285,
        -0.24304120242595673,
        0.038597092032432556,
        -0.024460606276988983,
        -0.1107175275683403,
        0.21183833479881287
    ],
    "function_embedding": [
        -0.5723199844360352,
        -0.350241482257843,
        -0.045812033116817474,
        0.036371998488903046,
        -1.393610954284668,
        -0.020730340853333473,
        -0.15848767757415771,
        0.01941746659576893,
        -0.10886401683092117,
        0.17470452189445496
    ],
    "city_embedding": [
        -0.983723521232605,
        0.0036167511716485023,
        0.6694934964179993,
        1.3806318044662476,
        -0.5934169292449951,
        1.2560120820999146,
        0.1646505445241928,
        2.77662992477417,
        2.3926258087158203,
        3.5471549034118652
    ],
    "degree_embedding": [
        -0.9859232902526855,
        -0.14980502426624298,
        1.1363672018051147,
        1.3890211582183838,
        1.9668338298797607,
        -0.10017327964305878,
        -0.9014211297035217,
        -0.5218036770820618,
        0.12516868114471436,
        0.34269973635673523
    ]
}