{
    "id": 9465,
    "range": [
        121.636804,
        30.832716,
        121.646804,
        30.822716
    ],
    "image_path": "CitySatellite\\Shanghai\\9465.jpg",
    "poi": [],
    "places": [],
    "transport": [],
    "traffic": [],
    "buildings": [],
    "landuse": [],
    "road_inner": [],
    "road_connect": {},
    "population": [
        0.0
    ],
    "transport_embedding": [
        -0.22082114219665527,
        -0.692481517791748,
        0.6665170788764954,
        -0.6627786159515381,
        1.0185385942459106,
        0.5978062748908997,
        -1.3104091882705688,
        0.029948364943265915,
        -0.34482333064079285,
        -0.21440456807613373
    ],
    "roadnet_embedding": [
        1.0416439771652222,
        -0.4393438696861267,
        0.0787373036146164,
        0.5906087160110474,
        -2.9870707988739014,
        -0.014179152436554432,
        0.08472651988267899,
        -0.1237608939409256,
        -0.09896485507488251,
        0.34329238533973694
    ],
    "function_embedding": [
        -0.5930703282356262,
        -0.32478272914886475,
        -0.055828966200351715,
        0.08930832892656326,
        -1.4322606325149536,
        -0.05879481881856918,
        0.023142125457525253,
        -0.07386975735425949,
        -0.1368081420660019,
        0.2585890293121338
    ],
    "city_embedding": [
        -0.983723521232605,
        0.0036167511716485023,
        0.6694934964179993,
        1.3806318044662476,
        -0.5934169292449951,
        1.2560120820999146,
        0.1646505445241928,
        2.77662992477417,
        2.3926258087158203,
        3.5471549034118652
    ],
    "degree_embedding": [
        -0.9859232902526855,
        -0.14980502426624298,
        1.1363672018051147,
        1.3890211582183838,
        1.9668338298797607,
        -0.10017327964305878,
        -0.9014211297035217,
        -0.5218036770820618,
        0.12516868114471436,
        0.34269973635673523
    ]
}