{
    "id": 9553,
    "range": [
        121.646804,
        31.152716,
        121.656804,
        31.142716
    ],
    "image_path": "CitySatellite\\Shanghai\\9553.jpg",
    "poi": [
        [
            2721,
            13,
            0
        ],
        [
            2302,
            5,
            4
        ],
        [
            2301,
            2,
            4
        ],
        [
            2303,
            1,
            4
        ],
        [
            2201,
            4,
            3
        ],
        [
            2901,
            5,
            0
        ],
        [
            2503,
            6,
            6
        ],
        [
            2521,
            4,
            6
        ],
        [
            2512,
            3,
            6
        ],
        [
            2111,
            1,
            0
        ],
        [
            2602,
            1,
            0
        ],
        [
            2517,
            1,
            6
        ],
        [
            2725,
            1,
            0
        ],
        [
            2904,
            14,
            0
        ],
        [
            2903,
            1,
            0
        ]
    ],
    "places": [
        [
            1050,
            4,
            0
        ]
    ],
    "transport": [
        [
            5621,
            7,
            1
        ]
    ],
    "traffic": [
        [
            5201,
            10,
            3
        ],
        [
            5204,
            19,
            1
        ]
    ],
    "buildings": [
        123,
        128754.91566666668
    ],
    "landuse": [
        [
            7201,
            16,
            4,
            0.8875654999999999
        ],
        [
            7218,
            51,
            5,
            1.5506185
        ],
        [
            7212,
            1,
            0,
            0.0875375
        ]
    ],
    "road_inner": [
        [
            5141,
            28,
            5,
            8009.269333333335
        ],
        [
            5153,
            46,
            5,
            5207.853071428571
        ],
        [
            5124,
            53,
            5,
            3935.271999999999
        ],
        [
            5154,
            17,
            5,
            424.21
        ],
        [
            5115,
            1.0,
            3,
            2032.2849999999999
        ]
    ],
    "road_connect": {
        "9792": {
            "5": 1
        },
        "9672": {
            "5": 2
        },
        "9673": {
            "5": 16,
            "3": 2
        },
        "9434": {
            "5": 1
        },
        "9433": {
            "5": 4
        },
        "9554": {
            "5": 8,
            "3": 2
        },
        "9555": {
            "5": 1
        },
        "9674": {
            "5": 3
        },
        "9675": {
            "5": 1
        }
    },
    "population": [
        4025.54861831665
    ],
    "transport_embedding": [
        -2.4891462326049805,
        0.4784829318523407,
        -1.389563798904419,
        -0.2997703552246094,
        1.2143261432647705,
        0.4473167657852173,
        0.30478858947753906,
        -0.06576156616210938,
        -0.14456939697265625,
        -4.171375751495361
    ],
    "roadnet_embedding": [
        -0.05474831163883209,
        -1.090866208076477,
        -3.3628904819488525,
        -0.5314550399780273,
        -0.09049320220947266,
        0.9714746475219727,
        -1.3183069229125977,
        10.508895874023438,
        2.3306915760040283,
        6.403835296630859
    ],
    "function_embedding": [
        -1.7399601936340332,
        0.11943185329437256,
        -2.5352883338928223,
        2.2515547275543213,
        0.8138155937194824,
        0.3958466053009033,
        -0.6126594543457031,
        0.21366214752197266,
        -0.9365253448486328,
        -1.6095787286758423
    ],
    "city_embedding": [
        -1.1191599369049072,
        -6.678479194641113,
        -6.576722145080566,
        -1.1676744222640991,
        0.7569279670715332,
        4.852140426635742,
        -4.643801212310791,
        3.607759952545166,
        -1.632038950920105,
        2.689701795578003
    ],
    "degree_embedding": [
        -1.000165581703186,
        -0.48186370730400085,
        3.5646960735321045,
        1.3571773767471313,
        -3.006819009780884,
        1.7248289585113525,
        0.3956371247768402,
        -3.7678539752960205,
        4.273931503295898,
        3.843410015106201
    ]
}