{
    "id": 9554,
    "range": [
        121.646804,
        31.142716,
        121.656804,
        31.132716
    ],
    "image_path": "CitySatellite\\Shanghai\\9554.jpg",
    "poi": [
        [
            2601,
            1,
            0
        ],
        [
            2521,
            2,
            6
        ],
        [
            2302,
            2,
            4
        ],
        [
            2301,
            4,
            4
        ]
    ],
    "places": [],
    "transport": [
        [
            5621,
            8,
            1
        ],
        [
            5641,
            1,
            0
        ]
    ],
    "traffic": [
        [
            5206,
            4,
            2
        ],
        [
            5201,
            6,
            3
        ],
        [
            5204,
            21,
            1
        ]
    ],
    "buildings": [
        38,
        30867.40983333334
    ],
    "landuse": [
        [
            7202,
            3,
            0,
            1.2138530666666667
        ],
        [
            7201,
            2,
            4,
            1.0352018333333333
        ],
        [
            7218,
            47,
            5,
            1.3512269999999997
        ],
        [
            7212,
            1,
            0,
            0.0875375
        ],
        [
            7217,
            5,
            5,
            0.361255
        ]
    ],
    "road_inner": [
        [
            5112,
            10,
            1,
            3029.3775
        ],
        [
            5115,
            3,
            3,
            2020.3885
        ],
        [
            5131,
            8,
            1,
            1866.6808333333336
        ],
        [
            5141,
            114,
            5,
            18427.319499999998
        ],
        [
            5153,
            24,
            5,
            2947.374071428572
        ],
        [
            5122,
            5,
            4,
            1535.4935
        ],
        [
            5111,
            4,
            1,
            2498.879833333333
        ],
        [
            5124,
            3,
            5,
            383.74600000000004
        ],
        [
            5154,
            2,
            5,
            1303.6385
        ]
    ],
    "road_connect": {
        "9434": {
            "1": 12,
            "5": 3
        },
        "9555": {
            "1": 5,
            "5": 2,
            "4": 1
        },
        "9433": {
            "5": 2,
            "1": 4
        },
        "9553": {
            "5": 8,
            "3": 2
        },
        "9674": {
            "5": 4,
            "3": 2,
            "4": 2
        },
        "9675": {
            "5": 1
        }
    },
    "population": [
        3034.834548950195
    ],
    "transport_embedding": [
        -2.4892237186431885,
        0.4785829782485962,
        -1.3914103507995605,
        -0.3005828857421875,
        1.2156769037246704,
        0.4476531744003296,
        0.30451202392578125,
        -0.06564855575561523,
        -0.14457321166992188,
        -4.177426338195801
    ],
    "roadnet_embedding": [
        -1.7863671779632568,
        -1.2575178146362305,
        -4.1421284675598145,
        -1.030759572982788,
        -0.7384243011474609,
        -0.24141597747802734,
        -2.6878769397735596,
        14.260815620422363,
        0.747058093547821,
        9.254534721374512
    ],
    "function_embedding": [
        -1.7043545246124268,
        0.07712531089782715,
        -1.911546230316162,
        2.090463638305664,
        0.7768259048461914,
        0.10405784100294113,
        -0.5148621797561646,
        -0.5354570150375366,
        -0.740320086479187,
        -0.5058216452598572
    ],
    "city_embedding": [
        -0.992500364780426,
        0.055573903024196625,
        0.3188265264034271,
        2.084552526473999,
        -0.821345865726471,
        0.7311729192733765,
        0.31126314401626587,
        4.248404502868652,
        2.024404287338257,
        2.626909017562866
    ],
    "degree_embedding": [
        -1.048362135887146,
        1.6552722454071045,
        2.173520565032959,
        0.08653610199689865,
        -0.9903376698493958,
        1.3900362253189087,
        -1.518007755279541,
        -2.9118664264678955,
        1.8565326929092407,
        -0.5773879885673523
    ]
}