{
    "id": 9585,
    "range": [
        121.646804,
        30.832716,
        121.656804,
        30.822716
    ],
    "image_path": "CitySatellite\\Shanghai\\9585.jpg",
    "poi": [],
    "places": [],
    "transport": [],
    "traffic": [],
    "buildings": [],
    "landuse": [],
    "road_inner": [],
    "road_connect": {},
    "population": [
        0.0
    ],
    "transport_embedding": [
        -0.14073090255260468,
        -0.7928168177604675,
        0.5417854189872742,
        -0.5941249132156372,
        -0.2502139210700989,
        -0.5751522183418274,
        0.6864142417907715,
        1.2389603853225708,
        0.7038999199867249,
        -0.17201322317123413
    ],
    "roadnet_embedding": [
        1.0916388034820557,
        -0.4240265190601349,
        0.0660826787352562,
        0.6083834171295166,
        -2.8955318927764893,
        -0.05222099646925926,
        -0.008094587363302708,
        -0.09956638514995575,
        -0.049431879073381424,
        0.265659898519516
    ],
    "function_embedding": [
        -0.5988903045654297,
        -0.2862468957901001,
        -0.0891384556889534,
        0.0511263832449913,
        -1.4566905498504639,
        -0.05813944339752197,
        -0.0744454562664032,
        -0.09119894355535507,
        -0.09510426223278046,
        0.3103174567222595
    ],
    "city_embedding": [
        -0.983723521232605,
        0.0036167511716485023,
        0.6694934964179993,
        1.3806318044662476,
        -0.5934169292449951,
        1.2560120820999146,
        0.1646505445241928,
        2.77662992477417,
        2.3926258087158203,
        3.5471549034118652
    ],
    "degree_embedding": [
        -0.9859232902526855,
        -0.14980502426624298,
        1.1363672018051147,
        1.3890211582183838,
        1.9668338298797607,
        -0.10017327964305878,
        -0.9014211297035217,
        -0.5218036770820618,
        0.12516868114471436,
        0.34269973635673523
    ]
}