{
    "id": 9622,
    "range": [
        121.656804,
        31.662716,
        121.666804,
        31.652716
    ],
    "image_path": "CitySatellite\\Shanghai\\9622.jpg",
    "poi": [],
    "places": [],
    "transport": [],
    "traffic": [],
    "buildings": [],
    "landuse": [
        [
            7210,
            1,
            4,
            6.3663478809523815
        ],
        [
            7229,
            1,
            5,
            4.98594225
        ]
    ],
    "road_inner": [],
    "road_connect": {},
    "population": [
        0.0
    ],
    "transport_embedding": [
        -0.24421648681163788,
        -0.5815334916114807,
        0.6862438321113586,
        -0.8570736050605774,
        0.7468411326408386,
        0.283658891916275,
        -0.20723959803581238,
        1.5985310077667236,
        -1.803824782371521,
        -0.47889915108680725
    ],
    "roadnet_embedding": [
        1.0710920095443726,
        -0.4239667057991028,
        0.04400986433029175,
        0.5078204274177551,
        -2.931445837020874,
        -0.07622294872999191,
        0.022163523361086845,
        -0.006692290771752596,
        -0.0011517682578414679,
        0.31042614579200745
    ],
    "function_embedding": [
        1.6370761394500732,
        -3.8931407928466797,
        -0.42272162437438965,
        1.5283946990966797,
        0.2581619322299957,
        0.2450723797082901,
        -0.3262649476528168,
        0.4643743336200714,
        -0.959220826625824,
        1.9408265352249146
    ],
    "city_embedding": [
        -0.983723521232605,
        0.0036167511716485023,
        0.6694934964179993,
        1.3806318044662476,
        -0.5934169292449951,
        1.2560120820999146,
        0.1646505445241928,
        2.77662992477417,
        2.3926258087158203,
        3.5471549034118652
    ],
    "degree_embedding": [
        -0.9859232902526855,
        -0.14980502426624298,
        1.1363672018051147,
        1.3890211582183838,
        1.9668338298797607,
        -0.10017327964305878,
        -0.9014211297035217,
        -0.5218036770820618,
        0.12516868114471436,
        0.34269973635673523
    ]
}