{
    "id": 9673,
    "range": [
        121.656804,
        31.152716,
        121.666804,
        31.142716
    ],
    "image_path": "CitySatellite\\Shanghai\\9673.jpg",
    "poi": [
        [
            2721,
            7,
            0
        ],
        [
            2302,
            5,
            4
        ],
        [
            2303,
            3,
            4
        ],
        [
            2901,
            5,
            0
        ],
        [
            2521,
            3,
            6
        ],
        [
            2503,
            2,
            6
        ],
        [
            2701,
            1,
            0
        ],
        [
            2602,
            2,
            0
        ],
        [
            2111,
            1,
            0
        ],
        [
            2725,
            1,
            0
        ],
        [
            2520,
            1,
            6
        ],
        [
            2519,
            1,
            6
        ],
        [
            2201,
            3,
            3
        ]
    ],
    "places": [
        [
            1050,
            2,
            0
        ]
    ],
    "transport": [
        [
            5621,
            10,
            1
        ]
    ],
    "traffic": [
        [
            5201,
            4,
            3
        ],
        [
            5204,
            23,
            1
        ]
    ],
    "buildings": [
        126,
        109506.0003333333
    ],
    "landuse": [
        [
            7202,
            2,
            0,
            1.821920775
        ],
        [
            7211,
            1,
            0,
            0.910013375
        ],
        [
            7201,
            27,
            4,
            1.2508270000000001
        ],
        [
            7218,
            74,
            5,
            1.3268039999999997
        ],
        [
            7212,
            1,
            0,
            0.0875375
        ],
        [
            7208,
            1,
            5,
            0.055368
        ]
    ],
    "road_inner": [
        [
            5115,
            14,
            3,
            4909.945833333333
        ],
        [
            5141,
            57,
            5,
            10183.002999999997
        ],
        [
            5153,
            36,
            5,
            5031.971999999999
        ],
        [
            5124,
            27,
            5,
            2579.7715
        ],
        [
            5154,
            2,
            5,
            392.442
        ]
    ],
    "road_connect": {
        "9794": {
            "5": 2
        },
        "9793": {
            "5": 9,
            "3": 2
        },
        "9792": {
            "3": 2,
            "5": 4
        },
        "9672": {
            "3": 2,
            "5": 8
        },
        "9553": {
            "5": 16,
            "3": 2
        },
        "9433": {
            "5": 1
        },
        "9674": {
            "5": 6
        }
    },
    "population": [
        3369.202365875244
    ],
    "transport_embedding": [
        -2.489403486251831,
        0.4788106381893158,
        -1.392560601234436,
        -0.3011667728424072,
        1.2169396877288818,
        0.44851693511009216,
        0.30437660217285156,
        -0.06540584564208984,
        -0.14517974853515625,
        -4.1782426834106445
    ],
    "roadnet_embedding": [
        -0.18461427092552185,
        -1.1033644676208496,
        -3.593893051147461,
        -0.7548540830612183,
        -0.17547225952148438,
        0.899470329284668,
        -1.4628770351409912,
        11.218355178833008,
        2.225201368331909,
        7.041294097900391
    ],
    "function_embedding": [
        -1.7398440837860107,
        0.11929404735565186,
        -2.5240893363952637,
        2.2487728595733643,
        0.8132128715515137,
        0.3883829414844513,
        -0.6107826232910156,
        0.19718429446220398,
        -0.933427631855011,
        -1.5941510200500488
    ],
    "city_embedding": [
        -1.0634480714797974,
        -3.8146750926971436,
        -3.59674334526062,
        0.9237023591995239,
        -1.1005568504333496,
        3.4548957347869873,
        -2.51302170753479,
        3.243302822113037,
        1.8898851871490479,
        4.095699787139893
    ],
    "degree_embedding": [
        -1.0313283205032349,
        0.7988795638084412,
        2.863485813140869,
        2.0696799755096436,
        -2.8801138401031494,
        2.9804859161376953,
        0.6983613967895508,
        -5.736934185028076,
        6.1890645027160645,
        6.6444926261901855
    ]
}