{
    "id": 9674,
    "range": [
        121.656804,
        31.142716,
        121.666804,
        31.132716
    ],
    "image_path": "CitySatellite\\Shanghai\\9674.jpg",
    "poi": [
        [
            2301,
            8,
            4
        ],
        [
            2302,
            2,
            4
        ],
        [
            2305,
            1,
            4
        ],
        [
            2521,
            1,
            6
        ],
        [
            2602,
            1,
            0
        ],
        [
            2502,
            1,
            6
        ],
        [
            2303,
            1,
            4
        ],
        [
            2522,
            1,
            6
        ],
        [
            2512,
            4,
            6
        ],
        [
            2520,
            1,
            6
        ],
        [
            2526,
            1,
            6
        ],
        [
            2517,
            3,
            6
        ],
        [
            2901,
            5,
            0
        ],
        [
            2201,
            1,
            3
        ],
        [
            2111,
            1,
            0
        ],
        [
            2904,
            1,
            0
        ],
        [
            2002,
            1,
            2
        ],
        [
            2405,
            1,
            5
        ]
    ],
    "places": [],
    "transport": [
        [
            5621,
            9,
            1
        ],
        [
            5661,
            2,
            0
        ]
    ],
    "traffic": [
        [
            5201,
            12,
            3
        ],
        [
            5204,
            34,
            1
        ]
    ],
    "buildings": [
        52,
        46138.213666666685
    ],
    "landuse": [
        [
            7218,
            53,
            5,
            1.184491
        ],
        [
            7201,
            7,
            4,
            1.000149
        ],
        [
            7202,
            1,
            0,
            0.9119073999999999
        ],
        [
            7212,
            2,
            0,
            0.1407095
        ],
        [
            7217,
            2,
            5,
            0.008832
        ]
    ],
    "road_inner": [
        [
            5115,
            16,
            3,
            3023.8149999999996
        ],
        [
            5114,
            4,
            2,
            1230.9325000000001
        ],
        [
            5153,
            113,
            5,
            7199.778571428571
        ],
        [
            5154,
            16,
            5,
            1588.314
        ],
        [
            5141,
            83,
            5,
            8752.078333333333
        ],
        [
            5122,
            4,
            4,
            1620.1045
        ],
        [
            5121,
            1,
            4,
            28.666
        ],
        [
            5124,
            2,
            5,
            838.7505
        ],
        [
            5155,
            5,
            0,
            55.673
        ]
    ],
    "road_connect": {
        "9794": {
            "3": 2,
            "2": 2,
            "5": 18
        },
        "9434": {
            "5": 1
        },
        "9433": {
            "5": 1
        },
        "9554": {
            "5": 4,
            "3": 2,
            "4": 2
        },
        "9555": {
            "5": 1,
            "4": 1
        },
        "9553": {
            "5": 3
        },
        "9675": {
            "5": 1,
            "4": 1,
            "2": 4
        },
        "9673": {
            "5": 6
        }
    },
    "population": [
        2034.974384307861
    ],
    "transport_embedding": [
        -2.4895107746124268,
        0.47894883155822754,
        -1.3932232856750488,
        -0.30150842666625977,
        1.2176885604858398,
        0.44869354367256165,
        0.3044624328613281,
        -0.0655355453491211,
        -0.145294189453125,
        -4.178704738616943
    ],
    "roadnet_embedding": [
        -0.08902718126773834,
        -1.0941652059555054,
        -3.3255131244659424,
        -0.48248758912086487,
        -0.0917978286743164,
        0.9412927627563477,
        -1.49203360080719,
        10.872565269470215,
        2.3891782760620117,
        6.664235591888428
    ],
    "function_embedding": [
        -1.7399520874023438,
        0.1194223165512085,
        -2.523608684539795,
        2.248659372329712,
        0.813201904296875,
        0.38804522156715393,
        -0.6106986999511719,
        0.196472629904747,
        -0.9332919716835022,
        -1.5871315002441406
    ],
    "city_embedding": [
        -0.989988386631012,
        0.08108466118574142,
        0.4273834526538849,
        2.6694819927215576,
        -0.8243589401245117,
        0.7932090759277344,
        0.034825943410396576,
        4.32532262802124,
        2.1246178150177,
        2.762047529220581
    ],
    "degree_embedding": [
        -1.0021594762802124,
        -0.39324483275413513,
        3.2862322330474854,
        1.332787275314331,
        -2.980173110961914,
        1.392253041267395,
        -0.4076870381832123,
        -2.92822265625,
        3.441241979598999,
        3.4300220012664795
    ]
}