{
    "id": 9704,
    "range": [
        121.656804,
        30.842716,
        121.666804,
        30.83271599999999
    ],
    "image_path": "CitySatellite\\Shanghai\\9704.jpg",
    "poi": [],
    "places": [],
    "transport": [],
    "traffic": [],
    "buildings": [],
    "landuse": [],
    "road_inner": [],
    "road_connect": {},
    "population": [
        0.0
    ],
    "transport_embedding": [
        -0.05591662973165512,
        -0.8948062658309937,
        0.3775923252105713,
        -0.5600046515464783,
        -0.1662147492170334,
        1.2010424137115479,
        0.34063196182250977,
        0.02506803162395954,
        1.077467441558838,
        -0.11127734184265137
    ],
    "roadnet_embedding": [
        1.0850930213928223,
        -0.4333111047744751,
        0.06260107457637787,
        0.5949494242668152,
        -3.006129026412964,
        -0.008748993277549744,
        0.03437948599457741,
        -0.1257065087556839,
        -0.10401254892349243,
        0.33663883805274963
    ],
    "function_embedding": [
        -0.5795274376869202,
        -0.3235396146774292,
        -0.08093862235546112,
        0.09037867188453674,
        -1.4760977029800415,
        -0.040632039308547974,
        -0.06559422612190247,
        -0.045429036021232605,
        -0.0708741620182991,
        0.3022764325141907
    ],
    "city_embedding": [
        -0.983723521232605,
        0.0036167511716485023,
        0.6694934964179993,
        1.3806318044662476,
        -0.5934169292449951,
        1.2560120820999146,
        0.1646505445241928,
        2.77662992477417,
        2.3926258087158203,
        3.5471549034118652
    ],
    "degree_embedding": [
        -0.9859232902526855,
        -0.14980502426624298,
        1.1363672018051147,
        1.3890211582183838,
        1.9668338298797607,
        -0.10017327964305878,
        -0.9014211297035217,
        -0.5218036770820618,
        0.12516868114471436,
        0.34269973635673523
    ]
}