{
    "id": 9705,
    "range": [
        121.656804,
        30.832716,
        121.666804,
        30.822716
    ],
    "image_path": "CitySatellite\\Shanghai\\9705.jpg",
    "poi": [],
    "places": [],
    "transport": [],
    "traffic": [],
    "buildings": [],
    "landuse": [],
    "road_inner": [],
    "road_connect": {},
    "population": [
        0.0
    ],
    "transport_embedding": [
        -0.18778982758522034,
        -0.7840697169303894,
        0.5556949377059937,
        -0.5899468660354614,
        0.26734018325805664,
        -1.109695553779602,
        -0.08558131009340286,
        0.9018295407295227,
        0.44028759002685547,
        -0.13008148968219757
    ],
    "roadnet_embedding": [
        1.1346395015716553,
        -0.41765984892845154,
        0.026436278596520424,
        0.5404200553894043,
        -2.8887288570404053,
        -0.023037686944007874,
        -0.026930708438158035,
        -0.14258353412151337,
        0.003717911196872592,
        0.2111051231622696
    ],
    "function_embedding": [
        -0.5907637476921082,
        -0.29519447684288025,
        -0.09303474426269531,
        0.08511396497488022,
        -1.4747860431671143,
        -0.07217015326023102,
        -0.10284504294395447,
        -0.05135281756520271,
        -0.011282403022050858,
        0.2699361741542816
    ],
    "city_embedding": [
        -0.983723521232605,
        0.0036167511716485023,
        0.6694934964179993,
        1.3806318044662476,
        -0.5934169292449951,
        1.2560120820999146,
        0.1646505445241928,
        2.77662992477417,
        2.3926258087158203,
        3.5471549034118652
    ],
    "degree_embedding": [
        -0.9859232902526855,
        -0.14980502426624298,
        1.1363672018051147,
        1.3890211582183838,
        1.9668338298797607,
        -0.10017327964305878,
        -0.9014211297035217,
        -0.5218036770820618,
        0.12516868114471436,
        0.34269973635673523
    ]
}