{
    "id": 9740,
    "range": [
        121.666804,
        31.682716,
        121.676804,
        31.672716
    ],
    "image_path": "CitySatellite\\Shanghai\\9740.jpg",
    "poi": [],
    "places": [],
    "transport": [],
    "traffic": [],
    "buildings": [],
    "landuse": [],
    "road_inner": [],
    "road_connect": {},
    "population": [
        0.0
    ],
    "transport_embedding": [
        -0.06105200946331024,
        -0.9181376695632935,
        0.3469942808151245,
        -0.4552019238471985,
        -0.020425831899046898,
        1.6125987768173218,
        0.707254946231842,
        0.5382618308067322,
        1.3121793270111084,
        -0.2248779982328415
    ],
    "roadnet_embedding": [
        1.0989211797714233,
        -0.4168260097503662,
        0.05935624986886978,
        0.5905709862709045,
        -2.9217734336853027,
        -0.013900627382099628,
        0.003480473067611456,
        -0.12398917973041534,
        -0.05306708440184593,
        0.25285035371780396
    ],
    "function_embedding": [
        -0.6330520510673523,
        -0.25446218252182007,
        -0.0660267099738121,
        0.10942140966653824,
        -1.5250089168548584,
        -0.09466560184955597,
        -0.08125633001327515,
        -0.09648456424474716,
        -0.10215968638658524,
        0.3535884618759155
    ],
    "city_embedding": [
        -0.983723521232605,
        0.0036167511716485023,
        0.6694934964179993,
        1.3806318044662476,
        -0.5934169292449951,
        1.2560120820999146,
        0.1646505445241928,
        2.77662992477417,
        2.3926258087158203,
        3.5471549034118652
    ],
    "degree_embedding": [
        -0.9859232902526855,
        -0.14980502426624298,
        1.1363672018051147,
        1.3890211582183838,
        1.9668338298797607,
        -0.10017327964305878,
        -0.9014211297035217,
        -0.5218036770820618,
        0.12516868114471436,
        0.34269973635673523
    ]
}