{
    "id": 9742,
    "range": [
        121.666804,
        31.662716,
        121.676804,
        31.652716
    ],
    "image_path": "CitySatellite\\Shanghai\\9742.jpg",
    "poi": [],
    "places": [],
    "transport": [],
    "traffic": [],
    "buildings": [],
    "landuse": [
        [
            7210,
            1,
            4,
            6.3663478809523815
        ],
        [
            7229,
            1,
            5,
            4.98594225
        ]
    ],
    "road_inner": [],
    "road_connect": {},
    "population": [
        0.0
    ],
    "transport_embedding": [
        -0.11945372819900513,
        -0.9041264057159424,
        0.5305611491203308,
        -0.4164581596851349,
        -0.28749310970306396,
        -0.15992534160614014,
        0.9360606074333191,
        0.4013451933860779,
        1.2174664735794067,
        -0.03014151193201542
    ],
    "roadnet_embedding": [
        1.105020523071289,
        -0.41990572214126587,
        0.05184894800186157,
        0.6270798444747925,
        -2.9964993000030518,
        0.018495338037610054,
        0.010044035501778126,
        -0.14544807374477386,
        -0.06385351717472076,
        0.2806220054626465
    ],
    "function_embedding": [
        1.6295676231384277,
        -3.8842146396636963,
        -0.45106759667396545,
        1.5316202640533447,
        0.2611500322818756,
        0.26215001940727234,
        -0.33165469765663147,
        0.5802088975906372,
        -0.968443751335144,
        2.0975265502929688
    ],
    "city_embedding": [
        -0.983723521232605,
        0.0036167511716485023,
        0.6694934964179993,
        1.3806318044662476,
        -0.5934169292449951,
        1.2560120820999146,
        0.1646505445241928,
        2.77662992477417,
        2.3926258087158203,
        3.5471549034118652
    ],
    "degree_embedding": [
        -0.9859232902526855,
        -0.14980502426624298,
        1.1363672018051147,
        1.3890211582183838,
        1.9668338298797607,
        -0.10017327964305878,
        -0.9014211297035217,
        -0.5218036770820618,
        0.12516868114471436,
        0.34269973635673523
    ]
}