{
    "id": 9824,
    "range": [
        121.666804,
        30.842716,
        121.676804,
        30.83271599999999
    ],
    "image_path": "CitySatellite\\Shanghai\\9824.jpg",
    "poi": [],
    "places": [],
    "transport": [],
    "traffic": [],
    "buildings": [],
    "landuse": [],
    "road_inner": [],
    "road_connect": {},
    "population": [
        0.0
    ],
    "transport_embedding": [
        -0.22891610860824585,
        -0.7522776126861572,
        0.7040709257125854,
        -0.5176803469657898,
        0.8401468992233276,
        0.13049671053886414,
        -0.6201770305633545,
        0.4572097063064575,
        -0.16572575271129608,
        -0.1913437396287918
    ],
    "roadnet_embedding": [
        1.1196590662002563,
        -0.4379345774650574,
        0.01811312884092331,
        0.6320048570632935,
        -3.031630754470825,
        0.014424947090446949,
        0.03370732441544533,
        -0.16357704997062683,
        -0.06055985391139984,
        0.27565887570381165
    ],
    "function_embedding": [
        -0.5813320875167847,
        -0.34015074372291565,
        -0.0714683011174202,
        0.043426137417554855,
        -1.3519145250320435,
        -0.0611257366836071,
        0.06228971108794212,
        -0.04057854041457176,
        -0.13297560811042786,
        0.2333734780550003
    ],
    "city_embedding": [
        -0.983723521232605,
        0.0036167511716485023,
        0.6694934964179993,
        1.3806318044662476,
        -0.5934169292449951,
        1.2560120820999146,
        0.1646505445241928,
        2.77662992477417,
        2.3926258087158203,
        3.5471549034118652
    ],
    "degree_embedding": [
        -0.9859232902526855,
        -0.14980502426624298,
        1.1363672018051147,
        1.3890211582183838,
        1.9668338298797607,
        -0.10017327964305878,
        -0.9014211297035217,
        -0.5218036770820618,
        0.12516868114471436,
        0.34269973635673523
    ]
}