{
    "id": 9825,
    "range": [
        121.666804,
        30.832716,
        121.676804,
        30.822716
    ],
    "image_path": "CitySatellite\\Shanghai\\9825.jpg",
    "poi": [],
    "places": [],
    "transport": [],
    "traffic": [],
    "buildings": [],
    "landuse": [],
    "road_inner": [],
    "road_connect": {},
    "population": [
        0.0
    ],
    "transport_embedding": [
        -0.2268509566783905,
        -0.6491060853004456,
        0.683063805103302,
        -0.7379735112190247,
        0.38500335812568665,
        -0.3976242244243622,
        -0.7916390299797058,
        0.5817508101463318,
        -0.09607861936092377,
        -0.15318967401981354
    ],
    "roadnet_embedding": [
        1.1064542531967163,
        -0.4305707812309265,
        0.06835844367742538,
        0.5046597123146057,
        -2.715071201324463,
        -0.10850825160741806,
        -0.06172100454568863,
        -0.11185180395841599,
        -0.011881148442626,
        0.29242947697639465
    ],
    "function_embedding": [
        -0.5771493315696716,
        -0.339108407497406,
        -0.0893666073679924,
        0.010736287571489811,
        -1.4079227447509766,
        0.0031433787662535906,
        -0.11565887928009033,
        -0.05216507613658905,
        -0.0585685558617115,
        0.3037719130516052
    ],
    "city_embedding": [
        -0.983723521232605,
        0.0036167511716485023,
        0.6694934964179993,
        1.3806318044662476,
        -0.5934169292449951,
        1.2560120820999146,
        0.1646505445241928,
        2.77662992477417,
        2.3926258087158203,
        3.5471549034118652
    ],
    "degree_embedding": [
        -0.9859232902526855,
        -0.14980502426624298,
        1.1363672018051147,
        1.3890211582183838,
        1.9668338298797607,
        -0.10017327964305878,
        -0.9014211297035217,
        -0.5218036770820618,
        0.12516868114471436,
        0.34269973635673523
    ]
}