{
    "id": 9860,
    "range": [
        121.676804,
        31.682716,
        121.686804,
        31.672716
    ],
    "image_path": "CitySatellite\\Shanghai\\9860.jpg",
    "poi": [],
    "places": [],
    "transport": [],
    "traffic": [],
    "buildings": [],
    "landuse": [],
    "road_inner": [],
    "road_connect": {},
    "population": [
        0.0
    ],
    "transport_embedding": [
        -0.15107737481594086,
        -0.7803388833999634,
        0.551051914691925,
        -0.5480290055274963,
        0.011207636445760727,
        1.2687705755233765,
        -0.20675386488437653,
        -0.14096657931804657,
        1.0641677379608154,
        -0.19523420929908752
    ],
    "roadnet_embedding": [
        1.0782839059829712,
        -0.4164851903915405,
        0.0646132156252861,
        0.6136777997016907,
        -3.105186939239502,
        0.0841643363237381,
        0.048271190375089645,
        -0.1536058932542801,
        -0.07565877586603165,
        0.3688264787197113
    ],
    "function_embedding": [
        -0.622728705406189,
        -0.2741432189941406,
        -0.055254366248846054,
        -0.01341867633163929,
        -1.451554536819458,
        -0.06836922466754913,
        -0.10230215638875961,
        -0.13526254892349243,
        -0.11686301231384277,
        0.2501431107521057
    ],
    "city_embedding": [
        -0.983723521232605,
        0.0036167511716485023,
        0.6694934964179993,
        1.3806318044662476,
        -0.5934169292449951,
        1.2560120820999146,
        0.1646505445241928,
        2.77662992477417,
        2.3926258087158203,
        3.5471549034118652
    ],
    "degree_embedding": [
        -0.9859232902526855,
        -0.14980502426624298,
        1.1363672018051147,
        1.3890211582183838,
        1.9668338298797607,
        -0.10017327964305878,
        -0.9014211297035217,
        -0.5218036770820618,
        0.12516868114471436,
        0.34269973635673523
    ]
}