{
    "id": 9944,
    "range": [
        121.676804,
        30.842716,
        121.686804,
        30.83271599999999
    ],
    "image_path": "CitySatellite\\Shanghai\\9944.jpg",
    "poi": [],
    "places": [],
    "transport": [],
    "traffic": [],
    "buildings": [],
    "landuse": [],
    "road_inner": [],
    "road_connect": {},
    "population": [
        0.0
    ],
    "transport_embedding": [
        -0.11531839519739151,
        -0.7280101180076599,
        0.4622918367385864,
        -0.7396479249000549,
        -0.09913028031587601,
        0.9358202815055847,
        0.40307456254959106,
        1.2623242139816284,
        0.21569328010082245,
        -0.40094655752182007
    ],
    "roadnet_embedding": [
        1.032588005065918,
        -0.44048961997032166,
        0.084880530834198,
        0.6692314147949219,
        -2.8859336376190186,
        -0.047595907002687454,
        0.02750786580145359,
        -0.13945671916007996,
        -0.049133241176605225,
        0.3253769278526306
    ],
    "function_embedding": [
        -0.5813204646110535,
        -0.34254759550094604,
        -0.035228144377470016,
        0.04700729250907898,
        -1.3988929986953735,
        -0.033692482858896255,
        -0.004934122785925865,
        -0.034812234342098236,
        -0.18330925703048706,
        0.17557644844055176
    ],
    "city_embedding": [
        -0.983723521232605,
        0.0036167511716485023,
        0.6694934964179993,
        1.3806318044662476,
        -0.5934169292449951,
        1.2560120820999146,
        0.1646505445241928,
        2.77662992477417,
        2.3926258087158203,
        3.5471549034118652
    ],
    "degree_embedding": [
        -0.9859232902526855,
        -0.14980502426624298,
        1.1363672018051147,
        1.3890211582183838,
        1.9668338298797607,
        -0.10017327964305878,
        -0.9014211297035217,
        -0.5218036770820618,
        0.12516868114471436,
        0.34269973635673523
    ]
}