{
    "id": 9945,
    "range": [
        121.676804,
        30.832716,
        121.686804,
        30.822716
    ],
    "image_path": "CitySatellite\\Shanghai\\9945.jpg",
    "poi": [],
    "places": [],
    "transport": [],
    "traffic": [],
    "buildings": [],
    "landuse": [],
    "road_inner": [],
    "road_connect": {},
    "population": [
        0.0
    ],
    "transport_embedding": [
        -0.09817066788673401,
        -0.8320111036300659,
        0.4136977195739746,
        -0.5156491994857788,
        0.24288034439086914,
        2.1712865829467773,
        0.34808146953582764,
        0.09347645938396454,
        1.1305309534072876,
        -0.2710815370082855
    ],
    "roadnet_embedding": [
        1.06368887424469,
        -0.42410460114479065,
        0.07037583738565445,
        0.6087716817855835,
        -3.0447471141815186,
        0.07527439296245575,
        0.055135298520326614,
        -0.15124548971652985,
        -0.05016569420695305,
        0.4051893353462219
    ],
    "function_embedding": [
        -0.5692523717880249,
        -0.3379076421260834,
        -0.07350233197212219,
        0.05471690744161606,
        -1.4276710748672485,
        0.018934350460767746,
        -0.05334894731640816,
        -0.03185033053159714,
        -0.0940341055393219,
        0.24814194440841675
    ],
    "city_embedding": [
        -0.983723521232605,
        0.0036167511716485023,
        0.6694934964179993,
        1.3806318044662476,
        -0.5934169292449951,
        1.2560120820999146,
        0.1646505445241928,
        2.77662992477417,
        2.3926258087158203,
        3.5471549034118652
    ],
    "degree_embedding": [
        -0.9859232902526855,
        -0.14980502426624298,
        1.1363672018051147,
        1.3890211582183838,
        1.9668338298797607,
        -0.10017327964305878,
        -0.9014211297035217,
        -0.5218036770820618,
        0.12516868114471436,
        0.34269973635673523
    ]
}