{
    "id": 9981,
    "range": [
        121.686804,
        31.672716,
        121.696804,
        31.662716
    ],
    "image_path": "CitySatellite\\Shanghai\\9981.jpg",
    "poi": [],
    "places": [],
    "transport": [],
    "traffic": [],
    "buildings": [],
    "landuse": [],
    "road_inner": [],
    "road_connect": {},
    "population": [
        0.0
    ],
    "transport_embedding": [
        -0.09592185914516449,
        -0.7886576056480408,
        0.39208921790122986,
        -0.6313455104827881,
        -0.447874516248703,
        1.0585196018218994,
        1.1308168172836304,
        1.1154751777648926,
        1.0230916738510132,
        -0.25465667247772217
    ],
    "roadnet_embedding": [
        1.0766133069992065,
        -0.42602717876434326,
        0.04796565696597099,
        0.49976468086242676,
        -2.9765677452087402,
        -0.015210459008812904,
        0.03883873671293259,
        -0.09521302580833435,
        -0.05535240098834038,
        0.31277674436569214
    ],
    "function_embedding": [
        -0.5936091542243958,
        -0.3294273912906647,
        -0.06382766366004944,
        0.05522102490067482,
        -1.4086055755615234,
        -0.061612725257873535,
        -0.10630372911691666,
        -0.006026781164109707,
        -0.06528405845165253,
        0.23752732574939728
    ],
    "city_embedding": [
        -0.983723521232605,
        0.0036167511716485023,
        0.6694934964179993,
        1.3806318044662476,
        -0.5934169292449951,
        1.2560120820999146,
        0.1646505445241928,
        2.77662992477417,
        2.3926258087158203,
        3.5471549034118652
    ],
    "degree_embedding": [
        -0.9859232902526855,
        -0.14980502426624298,
        1.1363672018051147,
        1.3890211582183838,
        1.9668338298797607,
        -0.10017327964305878,
        -0.9014211297035217,
        -0.5218036770820618,
        0.12516868114471436,
        0.34269973635673523
    ]
}