{
    "id": 9998,
    "range": [
        121.686804,
        31.502716,
        121.696804,
        31.49271599999999
    ],
    "image_path": "CitySatellite\\Shanghai\\9998.jpg",
    "poi": [],
    "places": [],
    "transport": [],
    "traffic": [],
    "buildings": [],
    "landuse": [],
    "road_inner": [],
    "road_connect": {},
    "population": [
        0.0
    ],
    "transport_embedding": [
        -0.15278103947639465,
        -0.6850193738937378,
        0.49175024032592773,
        -0.7420538067817688,
        0.21309363842010498,
        1.4130250215530396,
        0.37689411640167236,
        0.90101158618927,
        -0.07399064302444458,
        -0.44656482338905334
    ],
    "roadnet_embedding": [
        1.0966169834136963,
        -0.44442588090896606,
        0.019738880917429924,
        0.5857986211776733,
        -2.982046365737915,
        -0.013134235516190529,
        0.04919512942433357,
        -0.10960560292005539,
        -0.060219068080186844,
        0.33437758684158325
    ],
    "function_embedding": [
        -0.6293694376945496,
        -0.27864882349967957,
        -0.06636180728673935,
        0.05722488462924957,
        -1.4462512731552124,
        -0.08618565648794174,
        -0.07631503790616989,
        -0.09063377976417542,
        -0.11003044247627258,
        0.29518285393714905
    ],
    "city_embedding": [
        -0.983723521232605,
        0.0036167511716485023,
        0.6694934964179993,
        1.3806318044662476,
        -0.5934169292449951,
        1.2560120820999146,
        0.1646505445241928,
        2.77662992477417,
        2.3926258087158203,
        3.5471549034118652
    ],
    "degree_embedding": [
        -0.9859232902526855,
        -0.14980502426624298,
        1.1363672018051147,
        1.3890211582183838,
        1.9668338298797607,
        -0.10017327964305878,
        -0.9014211297035217,
        -0.5218036770820618,
        0.12516868114471436,
        0.34269973635673523
    ]
}